id,rule,state,puzzle,question,correct_answer,params
sudoku_baseline_0001,sudoku_baseline,baseline,"[[4, 9, 0, 0, 0, 0, 6, 0, 7], [3, 6, 5, 0, 0, 4, 0, 8, 0], [0, 2, 7, 0, 0, 0, 0, 0, 0], [0, 0, 6, 0, 0, 3, 0, 7, 9], [0, 8, 0, 0, 9, 0, 0, 4, 0], [0, 4, 0, 6, 8, 0, 0, 3, 0], [8, 7, 0, 0, 0, 6, 0, 0, 0], [0, 0, 0, 0, 1, 2, 0, 0, 0], [0, 1, 0, 0, 0, 0, 0, 2, 5]]","Solve the following standard Sudoku puzzle.
Rules: Fill the 9×9 grid so that each row, column, and 3×3 box contains each of the digits 1 through 9 exactly once.

Puzzle (. = empty cell):
4 9 . | . . . | 6 . 7
3 6 5 | . . 4 | . 8 .
. 2 7 | . . . | . . .
---------------------
. . 6 | . . 3 | . 7 9
. 8 . | . 9 . | . 4 .
. 4 . | 6 8 . | . 3 .
---------------------
8 7 . | . . 6 | . . .
. . . | . 1 2 | . . .
. 1 . | . . . | . 2 5","[[4, 9, 8, 3, 2, 1, 6, 5, 7], [3, 6, 5, 9, 7, 4, 2, 8, 1], [1, 2, 7, 5, 6, 8, 3, 9, 4], [2, 5, 6, 1, 4, 3, 8, 7, 9], [7, 8, 3, 2, 9, 5, 1, 4, 6], [9, 4, 1, 6, 8, 7, 5, 3, 2], [8, 7, 2, 4, 5, 6, 9, 1, 3], [5, 3, 9, 7, 1, 2, 4, 6, 8], [6, 1, 4, 8, 3, 9, 7, 2, 5]]","{""num_givens"": 30, ""grid_size"": 9}"
sudoku_baseline_0002,sudoku_baseline,baseline,"[[0, 6, 0, 4, 0, 0, 0, 0, 7], [9, 0, 0, 0, 7, 8, 0, 6, 2], [2, 0, 8, 5, 0, 0, 0, 0, 0], [6, 0, 0, 0, 8, 0, 2, 0, 1], [3, 0, 9, 0, 0, 0, 0, 0, 5], [0, 0, 5, 0, 0, 3, 4, 0, 0], [0, 0, 2, 0, 0, 0, 0, 0, 0], [8, 0, 0, 0, 5, 0, 7, 4, 9], [0, 0, 0, 0, 9, 4, 0, 0, 8]]","Solve the following standard Sudoku puzzle.
Rules: Fill the 9×9 grid so that each row, column, and 3×3 box contains each of the digits 1 through 9 exactly once.

Puzzle (. = empty cell):
. 6 . | 4 . . | . . 7
9 . . | . 7 8 | . 6 2
2 . 8 | 5 . . | . . .
---------------------
6 . . | . 8 . | 2 . 1
3 . 9 | . . . | . . 5
. . 5 | . . 3 | 4 . .
---------------------
. . 2 | . . . | . . .
8 . . | . 5 . | 7 4 9
. . . | . 9 4 | . . 8","[[5, 6, 1, 4, 3, 2, 9, 8, 7], [9, 3, 4, 1, 7, 8, 5, 6, 2], [2, 7, 8, 5, 6, 9, 3, 1, 4], [6, 4, 7, 9, 8, 5, 2, 3, 1], [3, 2, 9, 6, 4, 1, 8, 7, 5], [1, 8, 5, 7, 2, 3, 4, 9, 6], [4, 9, 2, 8, 1, 7, 6, 5, 3], [8, 1, 3, 2, 5, 6, 7, 4, 9], [7, 5, 6, 3, 9, 4, 1, 2, 8]]","{""num_givens"": 30, ""grid_size"": 9}"
sudoku_baseline_0003,sudoku_baseline,baseline,"[[0, 0, 0, 0, 0, 2, 0, 0, 0], [0, 0, 0, 0, 0, 0, 5, 0, 6], [6, 0, 4, 7, 0, 0, 0, 0, 0], [0, 4, 0, 0, 7, 0, 9, 2, 3], [0, 0, 0, 0, 8, 0, 0, 0, 5], [3, 0, 0, 4, 0, 0, 0, 0, 0], [9, 0, 6, 8, 0, 7, 3, 0, 1], [0, 3, 0, 0, 2, 9, 0, 5, 8], [0, 0, 0, 1, 3, 4, 0, 0, 2]]","Solve the following standard Sudoku puzzle.
Rules: Fill the 9×9 grid so that each row, column, and 3×3 box contains each of the digits 1 through 9 exactly once.

Puzzle (. = empty cell):
. . . | . . 2 | . . .
. . . | . . . | 5 . 6
6 . 4 | 7 . . | . . .
---------------------
. 4 . | . 7 . | 9 2 3
. . . | . 8 . | . . 5
3 . . | 4 . . | . . .
---------------------
9 . 6 | 8 . 7 | 3 . 1
. 3 . | . 2 9 | . 5 8
. . . | 1 3 4 | . . 2","[[5, 9, 7, 3, 6, 2, 1, 8, 4], [2, 1, 3, 9, 4, 8, 5, 7, 6], [6, 8, 4, 7, 1, 5, 2, 3, 9], [1, 4, 8, 5, 7, 6, 9, 2, 3], [7, 6, 9, 2, 8, 3, 4, 1, 5], [3, 5, 2, 4, 9, 1, 8, 6, 7], [9, 2, 6, 8, 5, 7, 3, 4, 1], [4, 3, 1, 6, 2, 9, 7, 5, 8], [8, 7, 5, 1, 3, 4, 6, 9, 2]]","{""num_givens"": 30, ""grid_size"": 9}"
sudoku_baseline_0004,sudoku_baseline,baseline,"[[6, 0, 0, 0, 0, 0, 3, 0, 1], [0, 0, 8, 7, 0, 5, 9, 0, 0], [7, 0, 0, 0, 0, 9, 2, 0, 0], [5, 0, 9, 0, 0, 1, 8, 3, 7], [0, 2, 0, 9, 7, 0, 4, 0, 0], [3, 4, 0, 6, 0, 0, 0, 0, 0], [0, 0, 2, 0, 1, 0, 0, 9, 0], [0, 0, 0, 0, 0, 7, 0, 8, 4], [9, 0, 0, 0, 0, 0, 0, 0, 0]]","Solve the following standard Sudoku puzzle.
Rules: Fill the 9×9 grid so that each row, column, and 3×3 box contains each of the digits 1 through 9 exactly once.

Puzzle (. = empty cell):
6 . . | . . . | 3 . 1
. . 8 | 7 . 5 | 9 . .
7 . . | . . 9 | 2 . .
---------------------
5 . 9 | . . 1 | 8 3 7
. 2 . | 9 7 . | 4 . .
3 4 . | 6 . . | . . .
---------------------
. . 2 | . 1 . | . 9 .
. . . | . . 7 | . 8 4
9 . . | . . . | . . .","[[6, 9, 5, 8, 4, 2, 3, 7, 1], [2, 1, 8, 7, 3, 5, 9, 4, 6], [7, 3, 4, 1, 6, 9, 2, 5, 8], [5, 6, 9, 4, 2, 1, 8, 3, 7], [8, 2, 1, 9, 7, 3, 4, 6, 5], [3, 4, 7, 6, 5, 8, 1, 2, 9], [4, 8, 2, 5, 1, 6, 7, 9, 3], [1, 5, 3, 2, 9, 7, 6, 8, 4], [9, 7, 6, 3, 8, 4, 5, 1, 2]]","{""num_givens"": 30, ""grid_size"": 9}"
sudoku_baseline_0005,sudoku_baseline,baseline,"[[5, 0, 0, 0, 0, 0, 0, 0, 7], [0, 0, 0, 9, 0, 0, 0, 0, 2], [1, 0, 8, 5, 0, 0, 3, 0, 0], [0, 4, 3, 0, 9, 0, 0, 7, 5], [0, 7, 0, 0, 0, 0, 8, 4, 0], [0, 0, 0, 0, 8, 0, 0, 0, 1], [0, 0, 6, 0, 2, 0, 7, 5, 0], [3, 0, 2, 0, 0, 0, 0, 6, 0], [0, 5, 0, 8, 0, 0, 4, 2, 3]]","Solve the following standard Sudoku puzzle.
Rules: Fill the 9×9 grid so that each row, column, and 3×3 box contains each of the digits 1 through 9 exactly once.

Puzzle (. = empty cell):
5 . . | . . . | . . 7
. . . | 9 . . | . . 2
1 . 8 | 5 . . | 3 . .
---------------------
. 4 3 | . 9 . | . 7 5
. 7 . | . . . | 8 4 .
. . . | . 8 . | . . 1
---------------------
. . 6 | . 2 . | 7 5 .
3 . 2 | . . . | . 6 .
. 5 . | 8 . . | 4 2 3","[[5, 9, 4, 1, 3, 2, 6, 8, 7], [6, 3, 7, 9, 4, 8, 5, 1, 2], [1, 2, 8, 5, 6, 7, 3, 9, 4], [8, 4, 3, 6, 9, 1, 2, 7, 5], [9, 7, 1, 2, 5, 3, 8, 4, 6], [2, 6, 5, 7, 8, 4, 9, 3, 1], [4, 1, 6, 3, 2, 9, 7, 5, 8], [3, 8, 2, 4, 7, 5, 1, 6, 9], [7, 5, 9, 8, 1, 6, 4, 2, 3]]","{""num_givens"": 30, ""grid_size"": 9}"
sudoku_baseline_0006,sudoku_baseline,baseline,"[[0, 0, 4, 3, 0, 0, 2, 9, 5], [0, 0, 0, 0, 5, 7, 3, 0, 8], [0, 3, 0, 0, 0, 0, 0, 0, 0], [0, 8, 7, 0, 9, 0, 4, 0, 0], [0, 0, 3, 0, 0, 4, 9, 0, 0], [0, 0, 5, 2, 0, 0, 0, 8, 0], [2, 0, 0, 0, 0, 3, 5, 0, 9], [0, 0, 0, 0, 0, 0, 0, 0, 1], [0, 4, 9, 5, 7, 0, 0, 0, 3]]","Solve the following standard Sudoku puzzle.
Rules: Fill the 9×9 grid so that each row, column, and 3×3 box contains each of the digits 1 through 9 exactly once.

Puzzle (. = empty cell):
. . 4 | 3 . . | 2 9 5
. . . | . 5 7 | 3 . 8
. 3 . | . . . | . . .
---------------------
. 8 7 | . 9 . | 4 . .
. . 3 | . . 4 | 9 . .
. . 5 | 2 . . | . 8 .
---------------------
2 . . | . . 3 | 5 . 9
. . . | . . . | . . 1
. 4 9 | 5 7 . | . . 3","[[7, 6, 4, 3, 1, 8, 2, 9, 5], [9, 1, 2, 4, 5, 7, 3, 6, 8], [5, 3, 8, 6, 2, 9, 7, 1, 4], [6, 8, 7, 1, 9, 5, 4, 3, 2], [1, 2, 3, 7, 8, 4, 9, 5, 6], [4, 9, 5, 2, 3, 6, 1, 8, 7], [2, 7, 1, 8, 6, 3, 5, 4, 9], [3, 5, 6, 9, 4, 2, 8, 7, 1], [8, 4, 9, 5, 7, 1, 6, 2, 3]]","{""num_givens"": 30, ""grid_size"": 9}"
sudoku_baseline_0007,sudoku_baseline,baseline,"[[0, 0, 0, 3, 0, 7, 8, 0, 9], [0, 3, 2, 0, 0, 0, 0, 0, 7], [9, 7, 8, 0, 0, 0, 0, 5, 0], [3, 8, 0, 0, 1, 0, 0, 0, 0], [0, 0, 0, 4, 0, 5, 2, 8, 0], [0, 4, 6, 8, 0, 0, 0, 0, 1], [0, 0, 0, 0, 9, 0, 0, 0, 0], [0, 0, 0, 0, 5, 8, 0, 7, 4], [0, 0, 1, 7, 0, 0, 9, 0, 0]]","Solve the following standard Sudoku puzzle.
Rules: Fill the 9×9 grid so that each row, column, and 3×3 box contains each of the digits 1 through 9 exactly once.

Puzzle (. = empty cell):
. . . | 3 . 7 | 8 . 9
. 3 2 | . . . | . . 7
9 7 8 | . . . | . 5 .
---------------------
3 8 . | . 1 . | . . .
. . . | 4 . 5 | 2 8 .
. 4 6 | 8 . . | . . 1
---------------------
. . . | . 9 . | . . .
. . . | . 5 8 | . 7 4
. . 1 | 7 . . | 9 . .","[[5, 6, 4, 3, 2, 7, 8, 1, 9], [1, 3, 2, 5, 8, 9, 4, 6, 7], [9, 7, 8, 6, 4, 1, 3, 5, 2], [3, 8, 5, 9, 1, 2, 7, 4, 6], [7, 1, 9, 4, 6, 5, 2, 8, 3], [2, 4, 6, 8, 7, 3, 5, 9, 1], [8, 2, 7, 1, 9, 4, 6, 3, 5], [6, 9, 3, 2, 5, 8, 1, 7, 4], [4, 5, 1, 7, 3, 6, 9, 2, 8]]","{""num_givens"": 30, ""grid_size"": 9}"
sudoku_baseline_0008,sudoku_baseline,baseline,"[[0, 0, 5, 0, 2, 0, 0, 0, 0], [9, 7, 6, 4, 0, 0, 0, 5, 2], [0, 1, 3, 0, 0, 5, 8, 0, 0], [0, 5, 1, 0, 0, 0, 0, 0, 0], [0, 2, 0, 8, 0, 0, 0, 3, 7], [0, 8, 0, 6, 5, 0, 9, 0, 1], [0, 0, 0, 0, 0, 0, 0, 0, 6], [0, 3, 0, 0, 9, 0, 4, 0, 0], [0, 0, 0, 7, 0, 8, 0, 0, 3]]","Solve the following standard Sudoku puzzle.
Rules: Fill the 9×9 grid so that each row, column, and 3×3 box contains each of the digits 1 through 9 exactly once.

Puzzle (. = empty cell):
. . 5 | . 2 . | . . .
9 7 6 | 4 . . | . 5 2
. 1 3 | . . 5 | 8 . .
---------------------
. 5 1 | . . . | . . .
. 2 . | 8 . . | . 3 7
. 8 . | 6 5 . | 9 . 1
---------------------
. . . | . . . | . . 6
. 3 . | . 9 . | 4 . .
. . . | 7 . 8 | . . 3","[[8, 4, 5, 1, 2, 7, 3, 6, 9], [9, 7, 6, 4, 8, 3, 1, 5, 2], [2, 1, 3, 9, 6, 5, 8, 7, 4], [4, 5, 1, 3, 7, 9, 6, 2, 8], [6, 2, 9, 8, 4, 1, 5, 3, 7], [3, 8, 7, 6, 5, 2, 9, 4, 1], [1, 9, 2, 5, 3, 4, 7, 8, 6], [7, 3, 8, 2, 9, 6, 4, 1, 5], [5, 6, 4, 7, 1, 8, 2, 9, 3]]","{""num_givens"": 30, ""grid_size"": 9}"
sudoku_baseline_0009,sudoku_baseline,baseline,"[[0, 0, 7, 0, 0, 0, 0, 0, 0], [8, 2, 0, 0, 9, 0, 0, 0, 7], [0, 0, 0, 7, 5, 8, 0, 9, 0], [4, 7, 0, 0, 1, 0, 0, 0, 0], [0, 6, 1, 3, 0, 4, 0, 0, 8], [0, 3, 0, 0, 0, 0, 0, 0, 0], [7, 1, 3, 4, 2, 0, 0, 0, 6], [0, 0, 0, 0, 0, 0, 3, 0, 0], [0, 8, 4, 0, 0, 6, 0, 5, 1]]","Solve the following standard Sudoku puzzle.
Rules: Fill the 9×9 grid so that each row, column, and 3×3 box contains each of the digits 1 through 9 exactly once.

Puzzle (. = empty cell):
. . 7 | . . . | . . .
8 2 . | . 9 . | . . 7
. . . | 7 5 8 | . 9 .
---------------------
4 7 . | . 1 . | . . .
. 6 1 | 3 . 4 | . . 8
. 3 . | . . . | . . .
---------------------
7 1 3 | 4 2 . | . . 6
. . . | . . . | 3 . .
. 8 4 | . . 6 | . 5 1","[[3, 9, 7, 2, 4, 1, 8, 6, 5], [8, 2, 5, 6, 9, 3, 4, 1, 7], [1, 4, 6, 7, 5, 8, 2, 9, 3], [4, 7, 8, 5, 1, 2, 6, 3, 9], [9, 6, 1, 3, 7, 4, 5, 2, 8], [5, 3, 2, 8, 6, 9, 1, 7, 4], [7, 1, 3, 4, 2, 5, 9, 8, 6], [6, 5, 9, 1, 8, 7, 3, 4, 2], [2, 8, 4, 9, 3, 6, 7, 5, 1]]","{""num_givens"": 30, ""grid_size"": 9}"
sudoku_baseline_0010,sudoku_baseline,baseline,"[[0, 0, 5, 7, 0, 0, 6, 0, 0], [0, 0, 1, 0, 3, 0, 5, 0, 0], [9, 0, 2, 0, 0, 0, 7, 3, 0], [0, 0, 0, 0, 8, 0, 0, 0, 0], [0, 9, 0, 3, 5, 6, 0, 2, 0], [0, 0, 0, 0, 4, 0, 0, 7, 3], [5, 0, 0, 0, 0, 3, 1, 0, 0], [4, 0, 9, 0, 7, 0, 0, 8, 0], [0, 1, 0, 0, 9, 4, 3, 0, 0]]","Solve the following standard Sudoku puzzle.
Rules: Fill the 9×9 grid so that each row, column, and 3×3 box contains each of the digits 1 through 9 exactly once.

Puzzle (. = empty cell):
. . 5 | 7 . . | 6 . .
. . 1 | . 3 . | 5 . .
9 . 2 | . . . | 7 3 .
---------------------
. . . | . 8 . | . . .
. 9 . | 3 5 6 | . 2 .
. . . | . 4 . | . 7 3
---------------------
5 . . | . . 3 | 1 . .
4 . 9 | . 7 . | . 8 .
. 1 . | . 9 4 | 3 . .","[[3, 4, 5, 7, 2, 8, 6, 1, 9], [8, 7, 1, 6, 3, 9, 5, 4, 2], [9, 6, 2, 4, 1, 5, 7, 3, 8], [1, 2, 3, 9, 8, 7, 4, 6, 5], [7, 9, 4, 3, 5, 6, 8, 2, 1], [6, 5, 8, 1, 4, 2, 9, 7, 3], [5, 8, 7, 2, 6, 3, 1, 9, 4], [4, 3, 9, 5, 7, 1, 2, 8, 6], [2, 1, 6, 8, 9, 4, 3, 5, 7]]","{""num_givens"": 30, ""grid_size"": 9}"
sudoku_baseline_0011,sudoku_baseline,baseline,"[[0, 4, 0, 0, 8, 0, 1, 6, 0], [0, 0, 2, 0, 0, 0, 0, 0, 7], [3, 6, 0, 1, 5, 7, 0, 0, 0], [0, 0, 3, 0, 1, 5, 4, 0, 0], [5, 2, 4, 0, 0, 8, 0, 0, 0], [0, 9, 0, 0, 0, 4, 0, 0, 8], [0, 0, 0, 0, 0, 0, 0, 0, 0], [9, 0, 0, 0, 0, 2, 8, 0, 0], [2, 8, 0, 4, 9, 0, 0, 3, 0]]","Solve the following standard Sudoku puzzle.
Rules: Fill the 9×9 grid so that each row, column, and 3×3 box contains each of the digits 1 through 9 exactly once.

Puzzle (. = empty cell):
. 4 . | . 8 . | 1 6 .
. . 2 | . . . | . . 7
3 6 . | 1 5 7 | . . .
---------------------
. . 3 | . 1 5 | 4 . .
5 2 4 | . . 8 | . . .
. 9 . | . . 4 | . . 8
---------------------
. . . | . . . | . . .
9 . . | . . 2 | 8 . .
2 8 . | 4 9 . | . 3 .","[[7, 4, 9, 2, 8, 3, 1, 6, 5], [1, 5, 2, 6, 4, 9, 3, 8, 7], [3, 6, 8, 1, 5, 7, 2, 4, 9], [8, 7, 3, 9, 1, 5, 4, 2, 6], [5, 2, 4, 7, 6, 8, 9, 1, 3], [6, 9, 1, 3, 2, 4, 7, 5, 8], [4, 3, 5, 8, 7, 1, 6, 9, 2], [9, 1, 6, 5, 3, 2, 8, 7, 4], [2, 8, 7, 4, 9, 6, 5, 3, 1]]","{""num_givens"": 30, ""grid_size"": 9}"
sudoku_baseline_0012,sudoku_baseline,baseline,"[[0, 0, 0, 4, 0, 0, 0, 7, 0], [0, 0, 3, 0, 0, 0, 5, 0, 2], [8, 0, 0, 0, 0, 0, 3, 0, 0], [7, 1, 8, 5, 9, 0, 0, 0, 3], [0, 4, 2, 0, 3, 8, 0, 1, 0], [0, 0, 0, 0, 0, 0, 0, 6, 0], [3, 0, 7, 0, 0, 0, 0, 0, 0], [0, 2, 0, 3, 0, 1, 6, 0, 9], [0, 8, 0, 9, 0, 0, 0, 3, 4]]","Solve the following standard Sudoku puzzle.
Rules: Fill the 9×9 grid so that each row, column, and 3×3 box contains each of the digits 1 through 9 exactly once.

Puzzle (. = empty cell):
. . . | 4 . . | . 7 .
. . 3 | . . . | 5 . 2
8 . . | . . . | 3 . .
---------------------
7 1 8 | 5 9 . | . . 3
. 4 2 | . 3 8 | . 1 .
. . . | . . . | . 6 .
---------------------
3 . 7 | . . . | . . .
. 2 . | 3 . 1 | 6 . 9
. 8 . | 9 . . | . 3 4","[[2, 5, 9, 4, 6, 3, 1, 7, 8], [4, 6, 3, 8, 1, 7, 5, 9, 2], [8, 7, 1, 2, 5, 9, 3, 4, 6], [7, 1, 8, 5, 9, 6, 4, 2, 3], [6, 4, 2, 7, 3, 8, 9, 1, 5], [9, 3, 5, 1, 4, 2, 8, 6, 7], [3, 9, 7, 6, 8, 4, 2, 5, 1], [5, 2, 4, 3, 7, 1, 6, 8, 9], [1, 8, 6, 9, 2, 5, 7, 3, 4]]","{""num_givens"": 30, ""grid_size"": 9}"
sudoku_baseline_0013,sudoku_baseline,baseline,"[[0, 0, 7, 0, 1, 4, 0, 0, 3], [9, 0, 0, 0, 0, 0, 0, 0, 0], [3, 0, 1, 7, 2, 0, 5, 0, 8], [0, 0, 0, 5, 0, 8, 0, 2, 4], [0, 0, 3, 0, 6, 0, 0, 7, 5], [0, 0, 2, 1, 4, 3, 0, 0, 0], [0, 0, 0, 2, 0, 0, 0, 0, 0], [0, 0, 0, 0, 0, 6, 9, 0, 0], [2, 0, 0, 0, 0, 0, 4, 8, 7]]","Solve the following standard Sudoku puzzle.
Rules: Fill the 9×9 grid so that each row, column, and 3×3 box contains each of the digits 1 through 9 exactly once.

Puzzle (. = empty cell):
. . 7 | . 1 4 | . . 3
9 . . | . . . | . . .
3 . 1 | 7 2 . | 5 . 8
---------------------
. . . | 5 . 8 | . 2 4
. . 3 | . 6 . | . 7 5
. . 2 | 1 4 3 | . . .
---------------------
. . . | 2 . . | . . .
. . . | . . 6 | 9 . .
2 . . | . . . | 4 8 7","[[5, 8, 7, 6, 1, 4, 2, 9, 3], [9, 2, 4, 8, 3, 5, 7, 1, 6], [3, 6, 1, 7, 2, 9, 5, 4, 8], [6, 1, 9, 5, 7, 8, 3, 2, 4], [8, 4, 3, 9, 6, 2, 1, 7, 5], [7, 5, 2, 1, 4, 3, 8, 6, 9], [4, 3, 8, 2, 9, 7, 6, 5, 1], [1, 7, 5, 4, 8, 6, 9, 3, 2], [2, 9, 6, 3, 5, 1, 4, 8, 7]]","{""num_givens"": 30, ""grid_size"": 9}"
sudoku_baseline_0014,sudoku_baseline,baseline,"[[0, 0, 0, 1, 0, 0, 2, 0, 0], [0, 2, 0, 0, 9, 8, 0, 0, 0], [1, 3, 0, 0, 6, 0, 0, 0, 0], [0, 6, 2, 8, 0, 0, 1, 0, 0], [0, 1, 0, 2, 0, 0, 0, 9, 3], [0, 5, 9, 0, 0, 1, 0, 0, 2], [5, 0, 0, 0, 8, 4, 0, 2, 0], [0, 4, 0, 0, 0, 0, 0, 0, 5], [0, 0, 3, 7, 0, 0, 9, 6, 0]]","Solve the following standard Sudoku puzzle.
Rules: Fill the 9×9 grid so that each row, column, and 3×3 box contains each of the digits 1 through 9 exactly once.

Puzzle (. = empty cell):
. . . | 1 . . | 2 . .
. 2 . | . 9 8 | . . .
1 3 . | . 6 . | . . .
---------------------
. 6 2 | 8 . . | 1 . .
. 1 . | 2 . . | . 9 3
. 5 9 | . . 1 | . . 2
---------------------
5 . . | . 8 4 | . 2 .
. 4 . | . . . | . . 5
. . 3 | 7 . . | 9 6 .","[[6, 9, 5, 1, 4, 7, 2, 3, 8], [7, 2, 4, 3, 9, 8, 5, 1, 6], [1, 3, 8, 5, 6, 2, 7, 4, 9], [4, 6, 2, 8, 3, 9, 1, 5, 7], [8, 1, 7, 2, 5, 6, 4, 9, 3], [3, 5, 9, 4, 7, 1, 6, 8, 2], [5, 7, 6, 9, 8, 4, 3, 2, 1], [9, 4, 1, 6, 2, 3, 8, 7, 5], [2, 8, 3, 7, 1, 5, 9, 6, 4]]","{""num_givens"": 30, ""grid_size"": 9}"
sudoku_baseline_0015,sudoku_baseline,baseline,"[[6, 5, 0, 0, 0, 0, 0, 0, 9], [4, 0, 2, 0, 0, 0, 0, 0, 3], [7, 0, 3, 8, 0, 0, 0, 0, 0], [3, 0, 0, 0, 1, 0, 0, 7, 8], [9, 0, 0, 0, 0, 4, 0, 2, 0], [5, 0, 6, 0, 0, 8, 9, 0, 1], [8, 0, 0, 6, 5, 0, 0, 0, 7], [0, 0, 7, 0, 0, 0, 0, 0, 0], [0, 0, 5, 0, 9, 7, 0, 1, 0]]","Solve the following standard Sudoku puzzle.
Rules: Fill the 9×9 grid so that each row, column, and 3×3 box contains each of the digits 1 through 9 exactly once.

Puzzle (. = empty cell):
6 5 . | . . . | . . 9
4 . 2 | . . . | . . 3
7 . 3 | 8 . . | . . .
---------------------
3 . . | . 1 . | . 7 8
9 . . | . . 4 | . 2 .
5 . 6 | . . 8 | 9 . 1
---------------------
8 . . | 6 5 . | . . 7
. . 7 | . . . | . . .
. . 5 | . 9 7 | . 1 .","[[6, 5, 1, 7, 2, 3, 4, 8, 9], [4, 8, 2, 1, 6, 9, 7, 5, 3], [7, 9, 3, 8, 4, 5, 1, 6, 2], [3, 2, 4, 9, 1, 6, 5, 7, 8], [9, 1, 8, 5, 7, 4, 3, 2, 6], [5, 7, 6, 2, 3, 8, 9, 4, 1], [8, 4, 9, 6, 5, 1, 2, 3, 7], [1, 3, 7, 4, 8, 2, 6, 9, 5], [2, 6, 5, 3, 9, 7, 8, 1, 4]]","{""num_givens"": 30, ""grid_size"": 9}"
sudoku_baseline_0016,sudoku_baseline,baseline,"[[0, 0, 0, 9, 0, 0, 8, 1, 2], [8, 4, 0, 0, 0, 2, 9, 3, 0], [0, 0, 0, 1, 0, 0, 0, 0, 0], [3, 0, 0, 0, 0, 0, 7, 2, 0], [4, 0, 0, 0, 0, 0, 5, 6, 0], [0, 1, 7, 0, 9, 5, 0, 0, 0], [1, 0, 0, 7, 5, 0, 0, 0, 0], [7, 0, 2, 4, 3, 0, 0, 5, 0], [0, 0, 9, 0, 0, 0, 0, 0, 7]]","Solve the following standard Sudoku puzzle.
Rules: Fill the 9×9 grid so that each row, column, and 3×3 box contains each of the digits 1 through 9 exactly once.

Puzzle (. = empty cell):
. . . | 9 . . | 8 1 2
8 4 . | . . 2 | 9 3 .
. . . | 1 . . | . . .
---------------------
3 . . | . . . | 7 2 .
4 . . | . . . | 5 6 .
. 1 7 | . 9 5 | . . .
---------------------
1 . . | 7 5 . | . . .
7 . 2 | 4 3 . | . 5 .
. . 9 | . . . | . . 7","[[6, 7, 5, 9, 4, 3, 8, 1, 2], [8, 4, 1, 5, 7, 2, 9, 3, 6], [9, 2, 3, 1, 6, 8, 4, 7, 5], [3, 5, 6, 8, 1, 4, 7, 2, 9], [4, 9, 8, 3, 2, 7, 5, 6, 1], [2, 1, 7, 6, 9, 5, 3, 8, 4], [1, 8, 4, 7, 5, 6, 2, 9, 3], [7, 6, 2, 4, 3, 9, 1, 5, 8], [5, 3, 9, 2, 8, 1, 6, 4, 7]]","{""num_givens"": 30, ""grid_size"": 9}"
sudoku_baseline_0017,sudoku_baseline,baseline,"[[0, 0, 0, 1, 3, 0, 7, 0, 5], [0, 0, 0, 0, 0, 0, 4, 0, 3], [7, 3, 0, 9, 8, 5, 0, 0, 6], [8, 0, 0, 0, 4, 0, 0, 0, 1], [0, 0, 0, 6, 0, 9, 0, 0, 0], [5, 0, 0, 8, 0, 1, 0, 0, 0], [2, 8, 0, 3, 0, 0, 0, 6, 4], [1, 0, 0, 4, 9, 0, 0, 0, 0], [0, 5, 7, 0, 0, 0, 0, 0, 0]]","Solve the following standard Sudoku puzzle.
Rules: Fill the 9×9 grid so that each row, column, and 3×3 box contains each of the digits 1 through 9 exactly once.

Puzzle (. = empty cell):
. . . | 1 3 . | 7 . 5
. . . | . . . | 4 . 3
7 3 . | 9 8 5 | . . 6
---------------------
8 . . | . 4 . | . . 1
. . . | 6 . 9 | . . .
5 . . | 8 . 1 | . . .
---------------------
2 8 . | 3 . . | . 6 4
1 . . | 4 9 . | . . .
. 5 7 | . . . | . . .","[[6, 2, 8, 1, 3, 4, 7, 9, 5], [9, 1, 5, 7, 6, 2, 4, 8, 3], [7, 3, 4, 9, 8, 5, 2, 1, 6], [8, 9, 2, 5, 4, 3, 6, 7, 1], [3, 4, 1, 6, 7, 9, 8, 5, 2], [5, 7, 6, 8, 2, 1, 3, 4, 9], [2, 8, 9, 3, 5, 7, 1, 6, 4], [1, 6, 3, 4, 9, 8, 5, 2, 7], [4, 5, 7, 2, 1, 6, 9, 3, 8]]","{""num_givens"": 30, ""grid_size"": 9}"
sudoku_baseline_0018,sudoku_baseline,baseline,"[[7, 0, 0, 0, 0, 8, 2, 0, 0], [0, 0, 0, 6, 0, 0, 0, 0, 0], [8, 1, 0, 0, 0, 3, 6, 0, 7], [4, 0, 0, 5, 0, 0, 3, 0, 0], [6, 0, 7, 0, 8, 0, 5, 0, 0], [0, 0, 0, 0, 0, 9, 0, 6, 0], [0, 0, 0, 0, 0, 1, 0, 0, 6], [9, 2, 0, 0, 6, 0, 1, 3, 0], [0, 0, 4, 9, 0, 0, 7, 8, 2]]","Solve the following standard Sudoku puzzle.
Rules: Fill the 9×9 grid so that each row, column, and 3×3 box contains each of the digits 1 through 9 exactly once.

Puzzle (. = empty cell):
7 . . | . . 8 | 2 . .
. . . | 6 . . | . . .
8 1 . | . . 3 | 6 . 7
---------------------
4 . . | 5 . . | 3 . .
6 . 7 | . 8 . | 5 . .
. . . | . . 9 | . 6 .
---------------------
. . . | . . 1 | . . 6
9 2 . | . 6 . | 1 3 .
. . 4 | 9 . . | 7 8 2","[[7, 3, 6, 1, 9, 8, 2, 4, 5], [5, 4, 9, 6, 7, 2, 8, 1, 3], [8, 1, 2, 4, 5, 3, 6, 9, 7], [4, 8, 1, 5, 2, 6, 3, 7, 9], [6, 9, 7, 3, 8, 4, 5, 2, 1], [2, 5, 3, 7, 1, 9, 4, 6, 8], [3, 7, 8, 2, 4, 1, 9, 5, 6], [9, 2, 5, 8, 6, 7, 1, 3, 4], [1, 6, 4, 9, 3, 5, 7, 8, 2]]","{""num_givens"": 30, ""grid_size"": 9}"
sudoku_baseline_0019,sudoku_baseline,baseline,"[[8, 5, 1, 0, 0, 0, 0, 0, 0], [0, 0, 0, 0, 0, 0, 0, 3, 8], [0, 0, 9, 0, 4, 0, 0, 7, 1], [2, 4, 7, 0, 0, 3, 0, 1, 0], [0, 0, 0, 8, 0, 4, 0, 0, 0], [3, 0, 0, 0, 1, 0, 0, 5, 0], [0, 8, 0, 0, 0, 0, 3, 4, 5], [0, 0, 2, 0, 0, 9, 0, 8, 0], [0, 1, 0, 0, 8, 5, 2, 0, 0]]","Solve the following standard Sudoku puzzle.
Rules: Fill the 9×9 grid so that each row, column, and 3×3 box contains each of the digits 1 through 9 exactly once.

Puzzle (. = empty cell):
8 5 1 | . . . | . . .
. . . | . . . | . 3 8
. . 9 | . 4 . | . 7 1
---------------------
2 4 7 | . . 3 | . 1 .
. . . | 8 . 4 | . . .
3 . . | . 1 . | . 5 .
---------------------
. 8 . | . . . | 3 4 5
. . 2 | . . 9 | . 8 .
. 1 . | . 8 5 | 2 . .","[[8, 5, 1, 3, 9, 7, 4, 6, 2], [7, 2, 4, 1, 5, 6, 9, 3, 8], [6, 3, 9, 2, 4, 8, 5, 7, 1], [2, 4, 7, 5, 6, 3, 8, 1, 9], [1, 9, 5, 8, 7, 4, 6, 2, 3], [3, 6, 8, 9, 1, 2, 7, 5, 4], [9, 8, 6, 7, 2, 1, 3, 4, 5], [5, 7, 2, 4, 3, 9, 1, 8, 6], [4, 1, 3, 6, 8, 5, 2, 9, 7]]","{""num_givens"": 30, ""grid_size"": 9}"
sudoku_baseline_0020,sudoku_baseline,baseline,"[[0, 7, 4, 0, 0, 0, 5, 0, 6], [0, 0, 0, 0, 1, 5, 2, 0, 7], [3, 5, 0, 0, 0, 0, 0, 0, 9], [0, 0, 0, 0, 5, 4, 9, 0, 0], [0, 0, 0, 2, 0, 0, 6, 0, 0], [0, 0, 0, 1, 0, 9, 0, 0, 3], [0, 0, 7, 0, 0, 0, 1, 0, 0], [0, 1, 9, 6, 0, 8, 0, 0, 0], [0, 3, 0, 0, 4, 1, 8, 0, 5]]","Solve the following standard Sudoku puzzle.
Rules: Fill the 9×9 grid so that each row, column, and 3×3 box contains each of the digits 1 through 9 exactly once.

Puzzle (. = empty cell):
. 7 4 | . . . | 5 . 6
. . . | . 1 5 | 2 . 7
3 5 . | . . . | . . 9
---------------------
. . . | . 5 4 | 9 . .
. . . | 2 . . | 6 . .
. . . | 1 . 9 | . . 3
---------------------
. . 7 | . . . | 1 . .
. 1 9 | 6 . 8 | . . .
. 3 . | . 4 1 | 8 . 5","[[1, 7, 4, 9, 3, 2, 5, 8, 6], [6, 9, 8, 4, 1, 5, 2, 3, 7], [3, 5, 2, 8, 7, 6, 4, 1, 9], [7, 6, 1, 3, 5, 4, 9, 2, 8], [9, 4, 3, 2, 8, 7, 6, 5, 1], [8, 2, 5, 1, 6, 9, 7, 4, 3], [4, 8, 7, 5, 9, 3, 1, 6, 2], [5, 1, 9, 6, 2, 8, 3, 7, 4], [2, 3, 6, 7, 4, 1, 8, 9, 5]]","{""num_givens"": 30, ""grid_size"": 9}"
sudoku_baseline_0021,sudoku_baseline,baseline,"[[0, 0, 0, 0, 0, 8, 0, 0, 6], [0, 0, 2, 0, 7, 0, 4, 0, 5], [0, 0, 0, 3, 0, 0, 2, 1, 0], [9, 4, 5, 0, 6, 2, 8, 0, 0], [0, 3, 0, 0, 0, 0, 0, 7, 0], [0, 0, 0, 0, 5, 3, 0, 2, 9], [0, 0, 0, 9, 2, 0, 0, 0, 0], [4, 0, 0, 0, 0, 7, 0, 0, 0], [8, 7, 0, 5, 3, 0, 9, 0, 0]]","Solve the following standard Sudoku puzzle.
Rules: Fill the 9×9 grid so that each row, column, and 3×3 box contains each of the digits 1 through 9 exactly once.

Puzzle (. = empty cell):
. . . | . . 8 | . . 6
. . 2 | . 7 . | 4 . 5
. . . | 3 . . | 2 1 .
---------------------
9 4 5 | . 6 2 | 8 . .
. 3 . | . . . | . 7 .
. . . | . 5 3 | . 2 9
---------------------
. . . | 9 2 . | . . .
4 . . | . . 7 | . . .
8 7 . | 5 3 . | 9 . .","[[1, 5, 7, 2, 4, 8, 3, 9, 6], [3, 9, 2, 1, 7, 6, 4, 8, 5], [6, 8, 4, 3, 9, 5, 2, 1, 7], [9, 4, 5, 7, 6, 2, 8, 3, 1], [2, 3, 6, 8, 1, 9, 5, 7, 4], [7, 1, 8, 4, 5, 3, 6, 2, 9], [5, 6, 3, 9, 2, 1, 7, 4, 8], [4, 2, 9, 6, 8, 7, 1, 5, 3], [8, 7, 1, 5, 3, 4, 9, 6, 2]]","{""num_givens"": 30, ""grid_size"": 9}"
sudoku_baseline_0022,sudoku_baseline,baseline,"[[4, 0, 6, 8, 5, 9, 0, 0, 3], [7, 9, 0, 6, 2, 0, 0, 0, 0], [0, 8, 0, 3, 0, 0, 0, 0, 6], [9, 0, 4, 0, 0, 0, 0, 6, 0], [0, 0, 0, 0, 0, 3, 0, 5, 0], [3, 0, 0, 0, 0, 7, 0, 0, 4], [1, 4, 0, 0, 0, 0, 8, 0, 0], [6, 0, 8, 0, 0, 5, 0, 0, 7], [0, 0, 0, 2, 4, 0, 0, 0, 0]]","Solve the following standard Sudoku puzzle.
Rules: Fill the 9×9 grid so that each row, column, and 3×3 box contains each of the digits 1 through 9 exactly once.

Puzzle (. = empty cell):
4 . 6 | 8 5 9 | . . 3
7 9 . | 6 2 . | . . .
. 8 . | 3 . . | . . 6
---------------------
9 . 4 | . . . | . 6 .
. . . | . . 3 | . 5 .
3 . . | . . 7 | . . 4
---------------------
1 4 . | . . . | 8 . .
6 . 8 | . . 5 | . . 7
. . . | 2 4 . | . . .","[[4, 1, 6, 8, 5, 9, 2, 7, 3], [7, 9, 3, 6, 2, 1, 5, 4, 8], [2, 8, 5, 3, 7, 4, 1, 9, 6], [9, 7, 4, 5, 8, 2, 3, 6, 1], [8, 6, 1, 4, 9, 3, 7, 5, 2], [3, 5, 2, 1, 6, 7, 9, 8, 4], [1, 4, 9, 7, 3, 6, 8, 2, 5], [6, 2, 8, 9, 1, 5, 4, 3, 7], [5, 3, 7, 2, 4, 8, 6, 1, 9]]","{""num_givens"": 30, ""grid_size"": 9}"
sudoku_baseline_0023,sudoku_baseline,baseline,"[[0, 0, 0, 0, 0, 2, 0, 0, 6], [6, 0, 0, 0, 7, 9, 0, 2, 0], [0, 0, 0, 0, 5, 0, 0, 9, 1], [0, 0, 0, 8, 4, 0, 2, 0, 7], [0, 0, 0, 0, 0, 7, 0, 0, 0], [0, 7, 0, 2, 6, 5, 0, 8, 0], [0, 9, 0, 0, 2, 0, 8, 0, 4], [0, 0, 0, 9, 0, 4, 0, 7, 0], [3, 0, 2, 0, 0, 0, 9, 6, 0]]","Solve the following standard Sudoku puzzle.
Rules: Fill the 9×9 grid so that each row, column, and 3×3 box contains each of the digits 1 through 9 exactly once.

Puzzle (. = empty cell):
. . . | . . 2 | . . 6
6 . . | . 7 9 | . 2 .
. . . | . 5 . | . 9 1
---------------------
. . . | 8 4 . | 2 . 7
. . . | . . 7 | . . .
. 7 . | 2 6 5 | . 8 .
---------------------
. 9 . | . 2 . | 8 . 4
. . . | 9 . 4 | . 7 .
3 . 2 | . . . | 9 6 .","[[9, 8, 7, 3, 1, 2, 5, 4, 6], [6, 1, 5, 4, 7, 9, 3, 2, 8], [2, 3, 4, 6, 5, 8, 7, 9, 1], [5, 6, 9, 8, 4, 3, 2, 1, 7], [4, 2, 8, 1, 9, 7, 6, 5, 3], [1, 7, 3, 2, 6, 5, 4, 8, 9], [7, 9, 1, 5, 2, 6, 8, 3, 4], [8, 5, 6, 9, 3, 4, 1, 7, 2], [3, 4, 2, 7, 8, 1, 9, 6, 5]]","{""num_givens"": 30, ""grid_size"": 9}"
sudoku_baseline_0024,sudoku_baseline,baseline,"[[0, 8, 4, 0, 5, 7, 0, 9, 0], [0, 7, 0, 4, 0, 0, 0, 0, 0], [0, 0, 0, 0, 8, 0, 3, 4, 0], [0, 0, 6, 0, 0, 0, 2, 0, 0], [7, 0, 0, 8, 0, 4, 0, 5, 0], [0, 0, 5, 0, 3, 0, 9, 0, 0], [0, 5, 9, 0, 0, 0, 0, 0, 0], [2, 0, 0, 9, 7, 0, 0, 0, 0], [4, 0, 7, 3, 0, 8, 5, 0, 9]]","Solve the following standard Sudoku puzzle.
Rules: Fill the 9×9 grid so that each row, column, and 3×3 box contains each of the digits 1 through 9 exactly once.

Puzzle (. = empty cell):
. 8 4 | . 5 7 | . 9 .
. 7 . | 4 . . | . . .
. . . | . 8 . | 3 4 .
---------------------
. . 6 | . . . | 2 . .
7 . . | 8 . 4 | . 5 .
. . 5 | . 3 . | 9 . .
---------------------
. 5 9 | . . . | . . .
2 . . | 9 7 . | . . .
4 . 7 | 3 . 8 | 5 . 9","[[3, 8, 4, 6, 5, 7, 1, 9, 2], [9, 7, 2, 4, 1, 3, 8, 6, 5], [5, 6, 1, 2, 8, 9, 3, 4, 7], [8, 4, 6, 5, 9, 1, 2, 7, 3], [7, 9, 3, 8, 2, 4, 6, 5, 1], [1, 2, 5, 7, 3, 6, 9, 8, 4], [6, 5, 9, 1, 4, 2, 7, 3, 8], [2, 3, 8, 9, 7, 5, 4, 1, 6], [4, 1, 7, 3, 6, 8, 5, 2, 9]]","{""num_givens"": 30, ""grid_size"": 9}"
sudoku_baseline_0025,sudoku_baseline,baseline,"[[0, 6, 0, 0, 0, 0, 1, 3, 0], [0, 0, 0, 5, 0, 0, 0, 6, 0], [0, 0, 2, 6, 0, 8, 0, 0, 0], [4, 8, 0, 0, 0, 6, 0, 0, 3], [3, 0, 9, 0, 8, 0, 0, 5, 0], [0, 0, 7, 0, 0, 4, 9, 0, 0], [0, 0, 8, 0, 1, 0, 6, 0, 7], [0, 0, 0, 2, 0, 3, 8, 0, 4], [1, 0, 4, 0, 0, 0, 0, 0, 5]]","Solve the following standard Sudoku puzzle.
Rules: Fill the 9×9 grid so that each row, column, and 3×3 box contains each of the digits 1 through 9 exactly once.

Puzzle (. = empty cell):
. 6 . | . . . | 1 3 .
. . . | 5 . . | . 6 .
. . 2 | 6 . 8 | . . .
---------------------
4 8 . | . . 6 | . . 3
3 . 9 | . 8 . | . 5 .
. . 7 | . . 4 | 9 . .
---------------------
. . 8 | . 1 . | 6 . 7
. . . | 2 . 3 | 8 . 4
1 . 4 | . . . | . . 5","[[9, 6, 5, 7, 4, 2, 1, 3, 8], [8, 4, 3, 5, 9, 1, 7, 6, 2], [7, 1, 2, 6, 3, 8, 5, 4, 9], [4, 8, 1, 9, 5, 6, 2, 7, 3], [3, 2, 9, 1, 8, 7, 4, 5, 6], [6, 5, 7, 3, 2, 4, 9, 8, 1], [2, 3, 8, 4, 1, 5, 6, 9, 7], [5, 9, 6, 2, 7, 3, 8, 1, 4], [1, 7, 4, 8, 6, 9, 3, 2, 5]]","{""num_givens"": 30, ""grid_size"": 9}"
sudoku_baseline_0026,sudoku_baseline,baseline,"[[0, 4, 0, 0, 2, 0, 0, 8, 0], [2, 9, 3, 6, 8, 0, 0, 1, 0], [6, 8, 0, 0, 0, 0, 2, 0, 0], [4, 6, 0, 3, 0, 0, 0, 7, 0], [0, 0, 0, 8, 0, 0, 4, 5, 0], [0, 0, 5, 0, 0, 4, 0, 0, 2], [0, 0, 0, 1, 0, 5, 0, 0, 0], [7, 0, 8, 0, 0, 9, 0, 0, 1], [0, 0, 0, 2, 0, 0, 6, 0, 0]]","Solve the following standard Sudoku puzzle.
Rules: Fill the 9×9 grid so that each row, column, and 3×3 box contains each of the digits 1 through 9 exactly once.

Puzzle (. = empty cell):
. 4 . | . 2 . | . 8 .
2 9 3 | 6 8 . | . 1 .
6 8 . | . . . | 2 . .
---------------------
4 6 . | 3 . . | . 7 .
. . . | 8 . . | 4 5 .
. . 5 | . . 4 | . . 2
---------------------
. . . | 1 . 5 | . . .
7 . 8 | . . 9 | . . 1
. . . | 2 . . | 6 . .","[[5, 4, 1, 9, 2, 3, 7, 8, 6], [2, 9, 3, 6, 8, 7, 5, 1, 4], [6, 8, 7, 5, 4, 1, 2, 3, 9], [4, 6, 9, 3, 5, 2, 1, 7, 8], [1, 7, 2, 8, 9, 6, 4, 5, 3], [8, 3, 5, 7, 1, 4, 9, 6, 2], [9, 2, 6, 1, 3, 5, 8, 4, 7], [7, 5, 8, 4, 6, 9, 3, 2, 1], [3, 1, 4, 2, 7, 8, 6, 9, 5]]","{""num_givens"": 30, ""grid_size"": 9}"
sudoku_baseline_0027,sudoku_baseline,baseline,"[[9, 1, 0, 0, 0, 0, 0, 0, 0], [0, 0, 0, 0, 0, 0, 0, 6, 0], [7, 0, 6, 0, 0, 3, 2, 0, 0], [6, 5, 0, 3, 0, 4, 0, 0, 9], [0, 0, 4, 0, 6, 7, 0, 8, 0], [3, 0, 1, 0, 5, 0, 6, 2, 0], [0, 4, 2, 0, 0, 1, 0, 0, 0], [0, 6, 0, 0, 0, 5, 1, 4, 0], [0, 0, 0, 6, 0, 0, 0, 5, 0]]","Solve the following standard Sudoku puzzle.
Rules: Fill the 9×9 grid so that each row, column, and 3×3 box contains each of the digits 1 through 9 exactly once.

Puzzle (. = empty cell):
9 1 . | . . . | . . .
. . . | . . . | . 6 .
7 . 6 | . . 3 | 2 . .
---------------------
6 5 . | 3 . 4 | . . 9
. . 4 | . 6 7 | . 8 .
3 . 1 | . 5 . | 6 2 .
---------------------
. 4 2 | . . 1 | . . .
. 6 . | . . 5 | 1 4 .
. . . | 6 . . | . 5 .","[[9, 1, 5, 2, 8, 6, 4, 3, 7], [4, 2, 3, 5, 7, 9, 8, 6, 1], [7, 8, 6, 4, 1, 3, 2, 9, 5], [6, 5, 8, 3, 2, 4, 7, 1, 9], [2, 9, 4, 1, 6, 7, 5, 8, 3], [3, 7, 1, 9, 5, 8, 6, 2, 4], [5, 4, 2, 8, 9, 1, 3, 7, 6], [8, 6, 9, 7, 3, 5, 1, 4, 2], [1, 3, 7, 6, 4, 2, 9, 5, 8]]","{""num_givens"": 30, ""grid_size"": 9}"
sudoku_baseline_0028,sudoku_baseline,baseline,"[[0, 7, 8, 0, 0, 5, 0, 0, 1], [0, 9, 5, 3, 0, 0, 2, 0, 0], [0, 0, 0, 0, 9, 7, 0, 8, 0], [7, 0, 0, 0, 6, 0, 0, 0, 0], [0, 0, 0, 4, 5, 0, 9, 2, 0], [0, 0, 4, 7, 0, 9, 5, 0, 0], [0, 0, 0, 5, 1, 6, 0, 0, 2], [0, 3, 6, 0, 0, 4, 0, 0, 0], [0, 0, 0, 8, 7, 0, 0, 0, 0]]","Solve the following standard Sudoku puzzle.
Rules: Fill the 9×9 grid so that each row, column, and 3×3 box contains each of the digits 1 through 9 exactly once.

Puzzle (. = empty cell):
. 7 8 | . . 5 | . . 1
. 9 5 | 3 . . | 2 . .
. . . | . 9 7 | . 8 .
---------------------
7 . . | . 6 . | . . .
. . . | 4 5 . | 9 2 .
. . 4 | 7 . 9 | 5 . .
---------------------
. . . | 5 1 6 | . . 2
. 3 6 | . . 4 | . . .
. . . | 8 7 . | . . .","[[2, 7, 8, 6, 4, 5, 3, 9, 1], [6, 9, 5, 3, 8, 1, 2, 7, 4], [4, 1, 3, 2, 9, 7, 6, 8, 5], [7, 5, 9, 1, 6, 2, 8, 4, 3], [3, 6, 1, 4, 5, 8, 9, 2, 7], [8, 2, 4, 7, 3, 9, 5, 1, 6], [9, 8, 7, 5, 1, 6, 4, 3, 2], [1, 3, 6, 9, 2, 4, 7, 5, 8], [5, 4, 2, 8, 7, 3, 1, 6, 9]]","{""num_givens"": 30, ""grid_size"": 9}"
sudoku_baseline_0029,sudoku_baseline,baseline,"[[1, 3, 0, 0, 0, 0, 4, 0, 0], [0, 0, 0, 0, 0, 0, 2, 8, 5], [4, 0, 0, 0, 7, 6, 0, 1, 0], [0, 9, 0, 8, 4, 2, 0, 5, 0], [2, 6, 4, 1, 0, 0, 0, 0, 0], [0, 0, 0, 0, 0, 0, 1, 0, 4], [0, 8, 9, 2, 6, 0, 0, 0, 0], [7, 4, 0, 0, 0, 1, 0, 0, 8], [0, 0, 0, 0, 8, 0, 0, 0, 0]]","Solve the following standard Sudoku puzzle.
Rules: Fill the 9×9 grid so that each row, column, and 3×3 box contains each of the digits 1 through 9 exactly once.

Puzzle (. = empty cell):
1 3 . | . . . | 4 . .
. . . | . . . | 2 8 5
4 . . | . 7 6 | . 1 .
---------------------
. 9 . | 8 4 2 | . 5 .
2 6 4 | 1 . . | . . .
. . . | . . . | 1 . 4
---------------------
. 8 9 | 2 6 . | . . .
7 4 . | . . 1 | . . 8
. . . | . 8 . | . . .","[[1, 3, 5, 9, 2, 8, 4, 7, 6], [9, 7, 6, 4, 1, 3, 2, 8, 5], [4, 2, 8, 5, 7, 6, 3, 1, 9], [3, 9, 1, 8, 4, 2, 6, 5, 7], [2, 6, 4, 1, 5, 7, 8, 9, 3], [8, 5, 7, 6, 3, 9, 1, 2, 4], [5, 8, 9, 2, 6, 4, 7, 3, 1], [7, 4, 2, 3, 9, 1, 5, 6, 8], [6, 1, 3, 7, 8, 5, 9, 4, 2]]","{""num_givens"": 30, ""grid_size"": 9}"
sudoku_baseline_0030,sudoku_baseline,baseline,"[[1, 0, 0, 0, 4, 7, 3, 8, 0], [0, 0, 8, 1, 0, 3, 0, 2, 0], [4, 0, 6, 2, 0, 0, 0, 0, 5], [0, 0, 1, 0, 0, 0, 4, 0, 0], [0, 0, 0, 5, 9, 2, 1, 0, 0], [5, 0, 0, 4, 1, 0, 0, 0, 0], [0, 0, 4, 0, 2, 0, 0, 3, 0], [0, 0, 0, 3, 7, 0, 5, 0, 0], [0, 0, 3, 0, 0, 0, 2, 0, 0]]","Solve the following standard Sudoku puzzle.
Rules: Fill the 9×9 grid so that each row, column, and 3×3 box contains each of the digits 1 through 9 exactly once.

Puzzle (. = empty cell):
1 . . | . 4 7 | 3 8 .
. . 8 | 1 . 3 | . 2 .
4 . 6 | 2 . . | . . 5
---------------------
. . 1 | . . . | 4 . .
. . . | 5 9 2 | 1 . .
5 . . | 4 1 . | . . .
---------------------
. . 4 | . 2 . | . 3 .
. . . | 3 7 . | 5 . .
. . 3 | . . . | 2 . .","[[1, 2, 5, 6, 4, 7, 3, 8, 9], [9, 7, 8, 1, 5, 3, 6, 2, 4], [4, 3, 6, 2, 8, 9, 7, 1, 5], [8, 9, 1, 7, 3, 6, 4, 5, 2], [3, 4, 7, 5, 9, 2, 1, 6, 8], [5, 6, 2, 4, 1, 8, 9, 7, 3], [6, 1, 4, 9, 2, 5, 8, 3, 7], [2, 8, 9, 3, 7, 1, 5, 4, 6], [7, 5, 3, 8, 6, 4, 2, 9, 1]]","{""num_givens"": 30, ""grid_size"": 9}"
sudoku_baseline_0031,sudoku_baseline,baseline,"[[0, 6, 8, 0, 0, 0, 0, 0, 0], [4, 2, 0, 0, 0, 0, 0, 1, 7], [3, 7, 0, 0, 0, 0, 6, 0, 2], [7, 0, 1, 0, 3, 0, 0, 0, 9], [8, 0, 0, 2, 0, 0, 0, 0, 5], [0, 3, 0, 0, 1, 9, 0, 0, 8], [0, 8, 0, 9, 0, 0, 0, 5, 1], [0, 0, 0, 7, 5, 0, 0, 0, 3], [0, 1, 0, 0, 0, 3, 0, 0, 0]]","Solve the following standard Sudoku puzzle.
Rules: Fill the 9×9 grid so that each row, column, and 3×3 box contains each of the digits 1 through 9 exactly once.

Puzzle (. = empty cell):
. 6 8 | . . . | . . .
4 2 . | . . . | . 1 7
3 7 . | . . . | 6 . 2
---------------------
7 . 1 | . 3 . | . . 9
8 . . | 2 . . | . . 5
. 3 . | . 1 9 | . . 8
---------------------
. 8 . | 9 . . | . 5 1
. . . | 7 5 . | . . 3
. 1 . | . . 3 | . . .","[[1, 6, 8, 3, 7, 2, 5, 9, 4], [4, 2, 9, 6, 8, 5, 3, 1, 7], [3, 7, 5, 1, 9, 4, 6, 8, 2], [7, 5, 1, 4, 3, 8, 2, 6, 9], [8, 9, 4, 2, 6, 7, 1, 3, 5], [6, 3, 2, 5, 1, 9, 4, 7, 8], [2, 8, 3, 9, 4, 6, 7, 5, 1], [9, 4, 6, 7, 5, 1, 8, 2, 3], [5, 1, 7, 8, 2, 3, 9, 4, 6]]","{""num_givens"": 30, ""grid_size"": 9}"
sudoku_baseline_0032,sudoku_baseline,baseline,"[[0, 0, 0, 0, 9, 0, 0, 3, 0], [3, 5, 9, 0, 0, 7, 1, 2, 0], [0, 0, 6, 0, 0, 2, 0, 0, 0], [8, 0, 0, 0, 0, 6, 0, 0, 1], [0, 1, 0, 0, 0, 0, 2, 0, 6], [0, 0, 0, 2, 0, 0, 7, 0, 0], [0, 0, 4, 6, 2, 8, 0, 0, 3], [0, 0, 0, 1, 0, 0, 0, 0, 2], [0, 6, 0, 0, 5, 3, 4, 1, 0]]","Solve the following standard Sudoku puzzle.
Rules: Fill the 9×9 grid so that each row, column, and 3×3 box contains each of the digits 1 through 9 exactly once.

Puzzle (. = empty cell):
. . . | . 9 . | . 3 .
3 5 9 | . . 7 | 1 2 .
. . 6 | . . 2 | . . .
---------------------
8 . . | . . 6 | . . 1
. 1 . | . . . | 2 . 6
. . . | 2 . . | 7 . .
---------------------
. . 4 | 6 2 8 | . . 3
. . . | 1 . . | . . 2
. 6 . | . 5 3 | 4 1 .","[[4, 2, 1, 8, 9, 5, 6, 3, 7], [3, 5, 9, 4, 6, 7, 1, 2, 8], [7, 8, 6, 3, 1, 2, 9, 4, 5], [8, 4, 2, 9, 7, 6, 3, 5, 1], [9, 1, 7, 5, 3, 4, 2, 8, 6], [6, 3, 5, 2, 8, 1, 7, 9, 4], [1, 9, 4, 6, 2, 8, 5, 7, 3], [5, 7, 3, 1, 4, 9, 8, 6, 2], [2, 6, 8, 7, 5, 3, 4, 1, 9]]","{""num_givens"": 30, ""grid_size"": 9}"
sudoku_baseline_0033,sudoku_baseline,baseline,"[[4, 0, 0, 0, 9, 0, 5, 0, 0], [8, 0, 2, 0, 0, 1, 9, 7, 0], [9, 0, 0, 0, 7, 2, 0, 0, 4], [0, 0, 1, 2, 0, 0, 0, 5, 6], [0, 0, 9, 7, 5, 0, 0, 0, 2], [0, 0, 0, 0, 3, 0, 0, 9, 8], [0, 0, 0, 9, 0, 0, 3, 0, 0], [3, 0, 4, 6, 0, 0, 2, 0, 0], [0, 0, 0, 0, 0, 0, 0, 0, 5]]","Solve the following standard Sudoku puzzle.
Rules: Fill the 9×9 grid so that each row, column, and 3×3 box contains each of the digits 1 through 9 exactly once.

Puzzle (. = empty cell):
4 . . | . 9 . | 5 . .
8 . 2 | . . 1 | 9 7 .
9 . . | . 7 2 | . . 4
---------------------
. . 1 | 2 . . | . 5 6
. . 9 | 7 5 . | . . 2
. . . | . 3 . | . 9 8
---------------------
. . . | 9 . . | 3 . .
3 . 4 | 6 . . | 2 . .
. . . | . . . | . . 5","[[4, 6, 7, 8, 9, 3, 5, 2, 1], [8, 5, 2, 4, 6, 1, 9, 7, 3], [9, 1, 3, 5, 7, 2, 8, 6, 4], [7, 3, 1, 2, 8, 9, 4, 5, 6], [6, 8, 9, 7, 5, 4, 1, 3, 2], [2, 4, 5, 1, 3, 6, 7, 9, 8], [5, 2, 6, 9, 4, 8, 3, 1, 7], [3, 7, 4, 6, 1, 5, 2, 8, 9], [1, 9, 8, 3, 2, 7, 6, 4, 5]]","{""num_givens"": 30, ""grid_size"": 9}"
sudoku_baseline_0034,sudoku_baseline,baseline,"[[0, 0, 0, 6, 5, 0, 0, 9, 2], [0, 0, 0, 0, 0, 1, 0, 0, 4], [8, 0, 0, 0, 3, 9, 0, 0, 7], [0, 1, 2, 8, 6, 0, 7, 4, 0], [0, 0, 0, 0, 0, 7, 5, 2, 0], [6, 0, 0, 0, 0, 0, 0, 0, 0], [4, 0, 0, 0, 0, 0, 0, 6, 0], [0, 6, 7, 0, 0, 0, 2, 0, 9], [0, 8, 0, 3, 1, 0, 0, 7, 0]]","Solve the following standard Sudoku puzzle.
Rules: Fill the 9×9 grid so that each row, column, and 3×3 box contains each of the digits 1 through 9 exactly once.

Puzzle (. = empty cell):
. . . | 6 5 . | . 9 2
. . . | . . 1 | . . 4
8 . . | . 3 9 | . . 7
---------------------
. 1 2 | 8 6 . | 7 4 .
. . . | . . 7 | 5 2 .
6 . . | . . . | . . .
---------------------
4 . . | . . . | . 6 .
. 6 7 | . . . | 2 . 9
. 8 . | 3 1 . | . 7 .","[[7, 3, 4, 6, 5, 8, 1, 9, 2], [5, 9, 6, 7, 2, 1, 3, 8, 4], [8, 2, 1, 4, 3, 9, 6, 5, 7], [9, 1, 2, 8, 6, 5, 7, 4, 3], [3, 4, 8, 1, 9, 7, 5, 2, 6], [6, 7, 5, 2, 4, 3, 9, 1, 8], [4, 5, 3, 9, 7, 2, 8, 6, 1], [1, 6, 7, 5, 8, 4, 2, 3, 9], [2, 8, 9, 3, 1, 6, 4, 7, 5]]","{""num_givens"": 30, ""grid_size"": 9}"
sudoku_baseline_0035,sudoku_baseline,baseline,"[[4, 0, 9, 0, 0, 0, 0, 0, 3], [0, 0, 3, 0, 0, 0, 0, 0, 6], [1, 6, 0, 0, 3, 4, 0, 9, 5], [0, 0, 0, 8, 2, 0, 0, 6, 4], [0, 1, 8, 0, 0, 0, 9, 0, 0], [0, 0, 0, 1, 0, 0, 0, 8, 2], [0, 9, 1, 0, 5, 7, 6, 0, 0], [0, 0, 0, 0, 4, 0, 5, 0, 9], [0, 0, 5, 0, 0, 0, 0, 0, 0]]","Solve the following standard Sudoku puzzle.
Rules: Fill the 9×9 grid so that each row, column, and 3×3 box contains each of the digits 1 through 9 exactly once.

Puzzle (. = empty cell):
4 . 9 | . . . | . . 3
. . 3 | . . . | . . 6
1 6 . | . 3 4 | . 9 5
---------------------
. . . | 8 2 . | . 6 4
. 1 8 | . . . | 9 . .
. . . | 1 . . | . 8 2
---------------------
. 9 1 | . 5 7 | 6 . .
. . . | . 4 . | 5 . 9
. . 5 | . . . | . . .","[[4, 8, 9, 5, 1, 6, 7, 2, 3], [5, 7, 3, 9, 8, 2, 4, 1, 6], [1, 6, 2, 7, 3, 4, 8, 9, 5], [9, 3, 7, 8, 2, 5, 1, 6, 4], [2, 1, 8, 4, 6, 3, 9, 5, 7], [6, 5, 4, 1, 7, 9, 3, 8, 2], [3, 9, 1, 2, 5, 7, 6, 4, 8], [8, 2, 6, 3, 4, 1, 5, 7, 9], [7, 4, 5, 6, 9, 8, 2, 3, 1]]","{""num_givens"": 30, ""grid_size"": 9}"
sudoku_baseline_0036,sudoku_baseline,baseline,"[[0, 0, 0, 0, 1, 2, 0, 0, 0], [0, 9, 3, 0, 0, 7, 2, 0, 4], [2, 7, 0, 0, 0, 0, 8, 0, 3], [0, 8, 6, 7, 0, 0, 0, 0, 0], [9, 0, 0, 0, 4, 3, 0, 0, 0], [0, 3, 4, 0, 0, 0, 0, 9, 7], [0, 0, 0, 0, 0, 5, 0, 6, 0], [7, 5, 9, 4, 8, 0, 0, 2, 0], [0, 0, 0, 0, 0, 9, 0, 0, 0]]","Solve the following standard Sudoku puzzle.
Rules: Fill the 9×9 grid so that each row, column, and 3×3 box contains each of the digits 1 through 9 exactly once.

Puzzle (. = empty cell):
. . . | . 1 2 | . . .
. 9 3 | . . 7 | 2 . 4
2 7 . | . . . | 8 . 3
---------------------
. 8 6 | 7 . . | . . .
9 . . | . 4 3 | . . .
. 3 4 | . . . | . 9 7
---------------------
. . . | . . 5 | . 6 .
7 5 9 | 4 8 . | . 2 .
. . . | . . 9 | . . .","[[8, 4, 5, 3, 1, 2, 9, 7, 6], [6, 9, 3, 8, 5, 7, 2, 1, 4], [2, 7, 1, 9, 6, 4, 8, 5, 3], [5, 8, 6, 7, 9, 1, 4, 3, 2], [9, 2, 7, 6, 4, 3, 1, 8, 5], [1, 3, 4, 5, 2, 8, 6, 9, 7], [4, 1, 8, 2, 3, 5, 7, 6, 9], [7, 5, 9, 4, 8, 6, 3, 2, 1], [3, 6, 2, 1, 7, 9, 5, 4, 8]]","{""num_givens"": 30, ""grid_size"": 9}"
sudoku_baseline_0037,sudoku_baseline,baseline,"[[0, 0, 0, 0, 0, 2, 6, 0, 0], [2, 0, 0, 8, 0, 6, 0, 0, 9], [0, 6, 0, 7, 0, 0, 0, 8, 1], [6, 0, 0, 4, 0, 0, 9, 0, 0], [3, 0, 4, 9, 0, 0, 0, 2, 0], [0, 2, 5, 0, 0, 0, 4, 0, 8], [0, 9, 0, 0, 0, 0, 0, 0, 7], [7, 8, 6, 1, 0, 0, 5, 0, 0], [0, 0, 0, 0, 7, 8, 0, 0, 0]]","Solve the following standard Sudoku puzzle.
Rules: Fill the 9×9 grid so that each row, column, and 3×3 box contains each of the digits 1 through 9 exactly once.

Puzzle (. = empty cell):
. . . | . . 2 | 6 . .
2 . . | 8 . 6 | . . 9
. 6 . | 7 . . | . 8 1
---------------------
6 . . | 4 . . | 9 . .
3 . 4 | 9 . . | . 2 .
. 2 5 | . . . | 4 . 8
---------------------
. 9 . | . . . | . . 7
7 8 6 | 1 . . | 5 . .
. . . | . 7 8 | . . .","[[8, 3, 1, 5, 9, 2, 6, 7, 4], [2, 4, 7, 8, 1, 6, 3, 5, 9], [5, 6, 9, 7, 4, 3, 2, 8, 1], [6, 7, 8, 4, 2, 1, 9, 3, 5], [3, 1, 4, 9, 8, 5, 7, 2, 6], [9, 2, 5, 3, 6, 7, 4, 1, 8], [1, 9, 3, 2, 5, 4, 8, 6, 7], [7, 8, 6, 1, 3, 9, 5, 4, 2], [4, 5, 2, 6, 7, 8, 1, 9, 3]]","{""num_givens"": 30, ""grid_size"": 9}"
sudoku_baseline_0038,sudoku_baseline,baseline,"[[3, 0, 0, 7, 0, 9, 1, 0, 8], [0, 2, 0, 1, 0, 0, 3, 0, 4], [0, 9, 1, 0, 0, 6, 0, 2, 0], [0, 4, 0, 8, 0, 0, 7, 0, 0], [0, 0, 0, 0, 1, 4, 2, 0, 0], [5, 0, 0, 0, 0, 0, 0, 1, 3], [6, 0, 7, 0, 3, 0, 0, 0, 0], [0, 3, 0, 0, 0, 8, 0, 7, 0], [0, 0, 0, 0, 7, 1, 0, 0, 0]]","Solve the following standard Sudoku puzzle.
Rules: Fill the 9×9 grid so that each row, column, and 3×3 box contains each of the digits 1 through 9 exactly once.

Puzzle (. = empty cell):
3 . . | 7 . 9 | 1 . 8
. 2 . | 1 . . | 3 . 4
. 9 1 | . . 6 | . 2 .
---------------------
. 4 . | 8 . . | 7 . .
. . . | . 1 4 | 2 . .
5 . . | . . . | . 1 3
---------------------
6 . 7 | . 3 . | . . .
. 3 . | . . 8 | . 7 .
. . . | . 7 1 | . . .","[[3, 5, 4, 7, 2, 9, 1, 6, 8], [7, 2, 6, 1, 8, 5, 3, 9, 4], [8, 9, 1, 3, 4, 6, 5, 2, 7], [1, 4, 2, 8, 6, 3, 7, 5, 9], [9, 7, 3, 5, 1, 4, 2, 8, 6], [5, 6, 8, 2, 9, 7, 4, 1, 3], [6, 1, 7, 9, 3, 2, 8, 4, 5], [2, 3, 9, 4, 5, 8, 6, 7, 1], [4, 8, 5, 6, 7, 1, 9, 3, 2]]","{""num_givens"": 30, ""grid_size"": 9}"
sudoku_baseline_0039,sudoku_baseline,baseline,"[[3, 0, 0, 2, 0, 0, 9, 4, 0], [5, 0, 0, 4, 0, 0, 0, 0, 7], [7, 0, 0, 6, 0, 3, 0, 2, 0], [1, 0, 0, 0, 7, 0, 0, 8, 0], [4, 0, 3, 0, 0, 0, 6, 7, 0], [0, 0, 0, 0, 0, 0, 0, 0, 9], [0, 0, 0, 0, 0, 0, 0, 6, 0], [8, 0, 4, 0, 6, 1, 3, 9, 0], [2, 0, 1, 7, 0, 0, 0, 5, 0]]","Solve the following standard Sudoku puzzle.
Rules: Fill the 9×9 grid so that each row, column, and 3×3 box contains each of the digits 1 through 9 exactly once.

Puzzle (. = empty cell):
3 . . | 2 . . | 9 4 .
5 . . | 4 . . | . . 7
7 . . | 6 . 3 | . 2 .
---------------------
1 . . | . 7 . | . 8 .
4 . 3 | . . . | 6 7 .
. . . | . . . | . . 9
---------------------
. . . | . . . | . 6 .
8 . 4 | . 6 1 | 3 9 .
2 . 1 | 7 . . | . 5 .","[[3, 1, 8, 2, 5, 7, 9, 4, 6], [5, 2, 6, 4, 9, 8, 1, 3, 7], [7, 4, 9, 6, 1, 3, 5, 2, 8], [1, 5, 2, 9, 7, 6, 4, 8, 3], [4, 9, 3, 1, 8, 2, 6, 7, 5], [6, 8, 7, 3, 4, 5, 2, 1, 9], [9, 3, 5, 8, 2, 4, 7, 6, 1], [8, 7, 4, 5, 6, 1, 3, 9, 2], [2, 6, 1, 7, 3, 9, 8, 5, 4]]","{""num_givens"": 30, ""grid_size"": 9}"
sudoku_baseline_0040,sudoku_baseline,baseline,"[[0, 4, 0, 8, 3, 0, 5, 0, 0], [0, 0, 0, 0, 6, 5, 0, 0, 0], [0, 0, 0, 0, 1, 0, 0, 6, 0], [0, 0, 0, 0, 2, 6, 0, 0, 0], [6, 2, 0, 5, 0, 0, 3, 9, 0], [0, 3, 0, 0, 0, 8, 6, 0, 4], [0, 5, 0, 0, 0, 0, 0, 0, 3], [3, 0, 2, 7, 4, 0, 1, 5, 0], [4, 0, 1, 0, 0, 3, 0, 0, 0]]","Solve the following standard Sudoku puzzle.
Rules: Fill the 9×9 grid so that each row, column, and 3×3 box contains each of the digits 1 through 9 exactly once.

Puzzle (. = empty cell):
. 4 . | 8 3 . | 5 . .
. . . | . 6 5 | . . .
. . . | . 1 . | . 6 .
---------------------
. . . | . 2 6 | . . .
6 2 . | 5 . . | 3 9 .
. 3 . | . . 8 | 6 . 4
---------------------
. 5 . | . . . | . . 3
3 . 2 | 7 4 . | 1 5 .
4 . 1 | . . 3 | . . .","[[2, 4, 6, 8, 3, 7, 5, 1, 9], [8, 1, 9, 4, 6, 5, 7, 3, 2], [5, 7, 3, 9, 1, 2, 4, 6, 8], [1, 9, 4, 3, 2, 6, 8, 7, 5], [6, 2, 8, 5, 7, 4, 3, 9, 1], [7, 3, 5, 1, 9, 8, 6, 2, 4], [9, 5, 7, 6, 8, 1, 2, 4, 3], [3, 8, 2, 7, 4, 9, 1, 5, 6], [4, 6, 1, 2, 5, 3, 9, 8, 7]]","{""num_givens"": 30, ""grid_size"": 9}"
sudoku_baseline_0041,sudoku_baseline,baseline,"[[0, 4, 9, 0, 3, 0, 0, 5, 0], [0, 8, 3, 0, 0, 0, 7, 2, 0], [0, 0, 5, 1, 0, 0, 0, 0, 0], [4, 0, 0, 0, 0, 6, 5, 7, 0], [3, 5, 6, 7, 0, 0, 1, 4, 0], [0, 0, 0, 0, 1, 4, 0, 9, 0], [0, 0, 2, 4, 0, 0, 0, 0, 0], [0, 0, 7, 9, 0, 1, 8, 0, 0], [0, 6, 0, 0, 0, 0, 0, 0, 0]]","Solve the following standard Sudoku puzzle.
Rules: Fill the 9×9 grid so that each row, column, and 3×3 box contains each of the digits 1 through 9 exactly once.

Puzzle (. = empty cell):
. 4 9 | . 3 . | . 5 .
. 8 3 | . . . | 7 2 .
. . 5 | 1 . . | . . .
---------------------
4 . . | . . 6 | 5 7 .
3 5 6 | 7 . . | 1 4 .
. . . | . 1 4 | . 9 .
---------------------
. . 2 | 4 . . | . . .
. . 7 | 9 . 1 | 8 . .
. 6 . | . . . | . . .","[[7, 4, 9, 2, 3, 8, 6, 5, 1], [1, 8, 3, 6, 4, 5, 7, 2, 9], [6, 2, 5, 1, 7, 9, 4, 8, 3], [4, 9, 1, 3, 8, 6, 5, 7, 2], [3, 5, 6, 7, 9, 2, 1, 4, 8], [2, 7, 8, 5, 1, 4, 3, 9, 6], [8, 1, 2, 4, 6, 7, 9, 3, 5], [5, 3, 7, 9, 2, 1, 8, 6, 4], [9, 6, 4, 8, 5, 3, 2, 1, 7]]","{""num_givens"": 30, ""grid_size"": 9}"
sudoku_baseline_0042,sudoku_baseline,baseline,"[[0, 0, 0, 1, 0, 0, 0, 2, 0], [0, 0, 4, 3, 0, 0, 0, 5, 0], [9, 6, 5, 7, 0, 4, 1, 0, 3], [0, 0, 0, 0, 0, 1, 0, 0, 0], [0, 0, 6, 5, 4, 7, 0, 0, 0], [0, 0, 1, 2, 9, 0, 0, 3, 4], [0, 0, 0, 9, 6, 0, 2, 0, 0], [0, 0, 0, 0, 0, 0, 0, 0, 0], [6, 0, 3, 4, 0, 0, 0, 7, 9]]","Solve the following standard Sudoku puzzle.
Rules: Fill the 9×9 grid so that each row, column, and 3×3 box contains each of the digits 1 through 9 exactly once.

Puzzle (. = empty cell):
. . . | 1 . . | . 2 .
. . 4 | 3 . . | . 5 .
9 6 5 | 7 . 4 | 1 . 3
---------------------
. . . | . . 1 | . . .
. . 6 | 5 4 7 | . . .
. . 1 | 2 9 . | . 3 4
---------------------
. . . | 9 6 . | 2 . .
. . . | . . . | . . .
6 . 3 | 4 . . | . 7 9","[[7, 3, 8, 1, 5, 9, 4, 2, 6], [2, 1, 4, 3, 8, 6, 9, 5, 7], [9, 6, 5, 7, 2, 4, 1, 8, 3], [8, 4, 2, 6, 3, 1, 7, 9, 5], [3, 9, 6, 5, 4, 7, 8, 1, 2], [5, 7, 1, 2, 9, 8, 6, 3, 4], [1, 5, 7, 9, 6, 3, 2, 4, 8], [4, 2, 9, 8, 7, 5, 3, 6, 1], [6, 8, 3, 4, 1, 2, 5, 7, 9]]","{""num_givens"": 30, ""grid_size"": 9}"
sudoku_baseline_0043,sudoku_baseline,baseline,"[[9, 1, 0, 0, 7, 4, 5, 0, 0], [0, 0, 0, 9, 0, 5, 4, 0, 0], [0, 0, 0, 3, 0, 0, 0, 0, 0], [0, 2, 0, 0, 0, 0, 0, 0, 5], [5, 0, 0, 0, 2, 1, 0, 0, 0], [0, 8, 9, 0, 0, 3, 7, 4, 2], [0, 5, 4, 1, 0, 2, 0, 0, 3], [8, 0, 0, 7, 0, 0, 0, 0, 6], [0, 0, 0, 0, 3, 0, 8, 0, 0]]","Solve the following standard Sudoku puzzle.
Rules: Fill the 9×9 grid so that each row, column, and 3×3 box contains each of the digits 1 through 9 exactly once.

Puzzle (. = empty cell):
9 1 . | . 7 4 | 5 . .
. . . | 9 . 5 | 4 . .
. . . | 3 . . | . . .
---------------------
. 2 . | . . . | . . 5
5 . . | . 2 1 | . . .
. 8 9 | . . 3 | 7 4 2
---------------------
. 5 4 | 1 . 2 | . . 3
8 . . | 7 . . | . . 6
. . . | . 3 . | 8 . .","[[9, 1, 6, 2, 7, 4, 5, 3, 8], [3, 7, 8, 9, 6, 5, 4, 2, 1], [2, 4, 5, 3, 1, 8, 6, 9, 7], [4, 2, 3, 8, 9, 7, 1, 6, 5], [5, 6, 7, 4, 2, 1, 3, 8, 9], [1, 8, 9, 6, 5, 3, 7, 4, 2], [6, 5, 4, 1, 8, 2, 9, 7, 3], [8, 3, 1, 7, 4, 9, 2, 5, 6], [7, 9, 2, 5, 3, 6, 8, 1, 4]]","{""num_givens"": 30, ""grid_size"": 9}"
sudoku_baseline_0044,sudoku_baseline,baseline,"[[0, 0, 1, 0, 0, 0, 0, 0, 0], [0, 2, 0, 7, 0, 8, 0, 0, 3], [0, 0, 3, 0, 5, 6, 0, 4, 7], [6, 0, 0, 4, 8, 0, 7, 0, 0], [0, 0, 0, 6, 0, 0, 8, 2, 5], [1, 0, 5, 9, 0, 0, 0, 0, 0], [0, 0, 0, 0, 1, 0, 0, 7, 4], [0, 0, 0, 0, 0, 0, 0, 5, 0], [4, 6, 0, 5, 0, 3, 0, 0, 2]]","Solve the following standard Sudoku puzzle.
Rules: Fill the 9×9 grid so that each row, column, and 3×3 box contains each of the digits 1 through 9 exactly once.

Puzzle (. = empty cell):
. . 1 | . . . | . . .
. 2 . | 7 . 8 | . . 3
. . 3 | . 5 6 | . 4 7
---------------------
6 . . | 4 8 . | 7 . .
. . . | 6 . . | 8 2 5
1 . 5 | 9 . . | . . .
---------------------
. . . | . 1 . | . 7 4
. . . | . . . | . 5 .
4 6 . | 5 . 3 | . . 2","[[7, 4, 1, 3, 9, 2, 5, 6, 8], [5, 2, 6, 7, 4, 8, 9, 1, 3], [8, 9, 3, 1, 5, 6, 2, 4, 7], [6, 3, 2, 4, 8, 5, 7, 9, 1], [9, 7, 4, 6, 3, 1, 8, 2, 5], [1, 8, 5, 9, 2, 7, 4, 3, 6], [3, 5, 8, 2, 1, 9, 6, 7, 4], [2, 1, 7, 8, 6, 4, 3, 5, 9], [4, 6, 9, 5, 7, 3, 1, 8, 2]]","{""num_givens"": 30, ""grid_size"": 9}"
sudoku_baseline_0045,sudoku_baseline,baseline,"[[8, 0, 0, 5, 9, 0, 0, 0, 3], [0, 0, 5, 7, 6, 8, 0, 0, 0], [7, 0, 0, 2, 1, 0, 5, 0, 4], [0, 0, 8, 0, 0, 0, 0, 5, 0], [0, 0, 6, 0, 0, 0, 3, 0, 0], [0, 0, 0, 0, 8, 9, 0, 0, 0], [0, 0, 0, 9, 3, 0, 1, 0, 7], [0, 0, 1, 0, 7, 6, 4, 0, 0], [9, 5, 0, 1, 0, 0, 0, 0, 0]]","Solve the following standard Sudoku puzzle.
Rules: Fill the 9×9 grid so that each row, column, and 3×3 box contains each of the digits 1 through 9 exactly once.

Puzzle (. = empty cell):
8 . . | 5 9 . | . . 3
. . 5 | 7 6 8 | . . .
7 . . | 2 1 . | 5 . 4
---------------------
. . 8 | . . . | . 5 .
. . 6 | . . . | 3 . .
. . . | . 8 9 | . . .
---------------------
. . . | 9 3 . | 1 . 7
. . 1 | . 7 6 | 4 . .
9 5 . | 1 . . | . . .","[[8, 1, 2, 5, 9, 4, 7, 6, 3], [4, 3, 5, 7, 6, 8, 9, 1, 2], [7, 6, 9, 2, 1, 3, 5, 8, 4], [1, 4, 8, 3, 2, 7, 6, 5, 9], [2, 9, 6, 4, 5, 1, 3, 7, 8], [5, 7, 3, 6, 8, 9, 2, 4, 1], [6, 8, 4, 9, 3, 5, 1, 2, 7], [3, 2, 1, 8, 7, 6, 4, 9, 5], [9, 5, 7, 1, 4, 2, 8, 3, 6]]","{""num_givens"": 30, ""grid_size"": 9}"
sudoku_baseline_0046,sudoku_baseline,baseline,"[[6, 0, 0, 0, 4, 1, 0, 0, 0], [0, 0, 5, 0, 7, 3, 6, 0, 0], [0, 0, 7, 0, 0, 0, 3, 1, 5], [9, 0, 3, 0, 0, 0, 0, 0, 0], [0, 0, 0, 0, 0, 8, 2, 0, 0], [1, 0, 0, 0, 0, 2, 0, 0, 4], [7, 0, 0, 0, 0, 0, 0, 5, 0], [8, 0, 1, 0, 2, 0, 7, 0, 3], [0, 4, 0, 1, 5, 7, 8, 0, 0]]","Solve the following standard Sudoku puzzle.
Rules: Fill the 9×9 grid so that each row, column, and 3×3 box contains each of the digits 1 through 9 exactly once.

Puzzle (. = empty cell):
6 . . | . 4 1 | . . .
. . 5 | . 7 3 | 6 . .
. . 7 | . . . | 3 1 5
---------------------
9 . 3 | . . . | . . .
. . . | . . 8 | 2 . .
1 . . | . . 2 | . . 4
---------------------
7 . . | . . . | . 5 .
8 . 1 | . 2 . | 7 . 3
. 4 . | 1 5 7 | 8 . .","[[6, 3, 8, 5, 4, 1, 9, 7, 2], [2, 1, 5, 9, 7, 3, 6, 4, 8], [4, 9, 7, 2, 8, 6, 3, 1, 5], [9, 2, 3, 4, 6, 5, 1, 8, 7], [5, 7, 4, 3, 1, 8, 2, 6, 9], [1, 8, 6, 7, 9, 2, 5, 3, 4], [7, 6, 2, 8, 3, 9, 4, 5, 1], [8, 5, 1, 6, 2, 4, 7, 9, 3], [3, 4, 9, 1, 5, 7, 8, 2, 6]]","{""num_givens"": 30, ""grid_size"": 9}"
sudoku_baseline_0047,sudoku_baseline,baseline,"[[0, 9, 1, 4, 7, 0, 0, 0, 0], [8, 6, 0, 0, 0, 0, 1, 0, 0], [0, 0, 7, 0, 0, 0, 4, 0, 0], [4, 0, 0, 7, 0, 1, 0, 0, 0], [0, 0, 0, 2, 0, 6, 0, 0, 1], [0, 0, 3, 0, 5, 0, 0, 4, 0], [0, 8, 2, 0, 0, 0, 0, 0, 3], [1, 0, 9, 6, 0, 0, 2, 0, 0], [7, 0, 0, 3, 0, 0, 8, 1, 6]]","Solve the following standard Sudoku puzzle.
Rules: Fill the 9×9 grid so that each row, column, and 3×3 box contains each of the digits 1 through 9 exactly once.

Puzzle (. = empty cell):
. 9 1 | 4 7 . | . . .
8 6 . | . . . | 1 . .
. . 7 | . . . | 4 . .
---------------------
4 . . | 7 . 1 | . . .
. . . | 2 . 6 | . . 1
. . 3 | . 5 . | . 4 .
---------------------
. 8 2 | . . . | . . 3
1 . 9 | 6 . . | 2 . .
7 . . | 3 . . | 8 1 6","[[5, 9, 1, 4, 7, 8, 3, 6, 2], [8, 6, 4, 9, 2, 3, 1, 7, 5], [3, 2, 7, 1, 6, 5, 4, 8, 9], [4, 5, 6, 7, 3, 1, 9, 2, 8], [9, 7, 8, 2, 4, 6, 5, 3, 1], [2, 1, 3, 8, 5, 9, 6, 4, 7], [6, 8, 2, 5, 1, 4, 7, 9, 3], [1, 3, 9, 6, 8, 7, 2, 5, 4], [7, 4, 5, 3, 9, 2, 8, 1, 6]]","{""num_givens"": 30, ""grid_size"": 9}"
sudoku_baseline_0048,sudoku_baseline,baseline,"[[0, 0, 0, 9, 8, 0, 0, 0, 0], [0, 0, 2, 0, 3, 4, 7, 0, 8], [0, 0, 8, 6, 0, 0, 0, 0, 0], [1, 2, 0, 0, 9, 3, 0, 0, 4], [3, 0, 6, 0, 0, 5, 0, 0, 9], [5, 0, 0, 0, 6, 1, 0, 0, 0], [0, 3, 0, 0, 0, 0, 4, 0, 2], [0, 0, 0, 0, 5, 0, 0, 0, 6], [4, 0, 0, 3, 0, 9, 1, 0, 0]]","Solve the following standard Sudoku puzzle.
Rules: Fill the 9×9 grid so that each row, column, and 3×3 box contains each of the digits 1 through 9 exactly once.

Puzzle (. = empty cell):
. . . | 9 8 . | . . .
. . 2 | . 3 4 | 7 . 8
. . 8 | 6 . . | . . .
---------------------
1 2 . | . 9 3 | . . 4
3 . 6 | . . 5 | . . 9
5 . . | . 6 1 | . . .
---------------------
. 3 . | . . . | 4 . 2
. . . | . 5 . | . . 6
4 . . | 3 . 9 | 1 . .","[[7, 5, 3, 9, 8, 2, 6, 4, 1], [6, 1, 2, 5, 3, 4, 7, 9, 8], [9, 4, 8, 6, 1, 7, 3, 2, 5], [1, 2, 7, 8, 9, 3, 5, 6, 4], [3, 8, 6, 7, 4, 5, 2, 1, 9], [5, 9, 4, 2, 6, 1, 8, 7, 3], [8, 3, 9, 1, 7, 6, 4, 5, 2], [2, 7, 1, 4, 5, 8, 9, 3, 6], [4, 6, 5, 3, 2, 9, 1, 8, 7]]","{""num_givens"": 30, ""grid_size"": 9}"
sudoku_baseline_0049,sudoku_baseline,baseline,"[[4, 0, 9, 0, 0, 0, 0, 2, 7], [0, 7, 0, 0, 0, 0, 6, 0, 0], [0, 0, 2, 0, 0, 4, 0, 0, 1], [0, 1, 0, 0, 0, 0, 0, 0, 6], [5, 0, 0, 0, 0, 8, 0, 0, 0], [0, 0, 0, 1, 0, 5, 4, 0, 0], [0, 0, 0, 0, 0, 0, 0, 0, 5], [0, 0, 5, 4, 6, 3, 2, 0, 9], [2, 0, 3, 5, 0, 1, 8, 7, 4]]","Solve the following standard Sudoku puzzle.
Rules: Fill the 9×9 grid so that each row, column, and 3×3 box contains each of the digits 1 through 9 exactly once.

Puzzle (. = empty cell):
4 . 9 | . . . | . 2 7
. 7 . | . . . | 6 . .
. . 2 | . . 4 | . . 1
---------------------
. 1 . | . . . | . . 6
5 . . | . . 8 | . . .
. . . | 1 . 5 | 4 . .
---------------------
. . . | . . . | . . 5
. . 5 | 4 6 3 | 2 . 9
2 . 3 | 5 . 1 | 8 7 4","[[4, 3, 9, 8, 1, 6, 5, 2, 7], [1, 7, 8, 9, 5, 2, 6, 4, 3], [6, 5, 2, 7, 3, 4, 9, 8, 1], [8, 1, 4, 3, 2, 9, 7, 5, 6], [5, 9, 7, 6, 4, 8, 1, 3, 2], [3, 2, 6, 1, 7, 5, 4, 9, 8], [9, 4, 1, 2, 8, 7, 3, 6, 5], [7, 8, 5, 4, 6, 3, 2, 1, 9], [2, 6, 3, 5, 9, 1, 8, 7, 4]]","{""num_givens"": 30, ""grid_size"": 9}"
sudoku_baseline_0050,sudoku_baseline,baseline,"[[8, 0, 0, 0, 0, 0, 2, 3, 0], [3, 0, 0, 0, 0, 8, 0, 9, 7], [9, 7, 0, 3, 4, 0, 0, 0, 0], [0, 9, 0, 2, 5, 0, 0, 8, 0], [0, 0, 0, 0, 3, 0, 0, 2, 0], [2, 3, 5, 7, 0, 0, 0, 0, 1], [5, 0, 1, 0, 0, 0, 4, 0, 0], [7, 0, 3, 0, 9, 0, 0, 0, 0], [0, 0, 0, 0, 0, 0, 0, 7, 2]]","Solve the following standard Sudoku puzzle.
Rules: Fill the 9×9 grid so that each row, column, and 3×3 box contains each of the digits 1 through 9 exactly once.

Puzzle (. = empty cell):
8 . . | . . . | 2 3 .
3 . . | . . 8 | . 9 7
9 7 . | 3 4 . | . . .
---------------------
. 9 . | 2 5 . | . 8 .
. . . | . 3 . | . 2 .
2 3 5 | 7 . . | . . 1
---------------------
5 . 1 | . . . | 4 . .
7 . 3 | . 9 . | . . .
. . . | . . . | . 7 2","[[8, 5, 6, 9, 1, 7, 2, 3, 4], [3, 1, 4, 6, 2, 8, 5, 9, 7], [9, 7, 2, 3, 4, 5, 8, 1, 6], [1, 9, 7, 2, 5, 4, 6, 8, 3], [6, 4, 8, 1, 3, 9, 7, 2, 5], [2, 3, 5, 7, 8, 6, 9, 4, 1], [5, 2, 1, 8, 7, 3, 4, 6, 9], [7, 6, 3, 4, 9, 2, 1, 5, 8], [4, 8, 9, 5, 6, 1, 3, 7, 2]]","{""num_givens"": 30, ""grid_size"": 9}"
sudoku_baseline_0051,sudoku_baseline,baseline,"[[0, 8, 2, 0, 0, 7, 6, 1, 5], [0, 0, 0, 2, 0, 1, 0, 3, 0], [0, 0, 0, 0, 0, 0, 0, 0, 2], [0, 0, 0, 6, 0, 0, 0, 0, 4], [0, 9, 6, 0, 1, 8, 2, 0, 0], [3, 2, 5, 0, 7, 0, 0, 0, 0], [0, 0, 3, 0, 0, 0, 0, 0, 8], [0, 0, 0, 0, 9, 5, 0, 6, 0], [0, 4, 0, 0, 0, 2, 3, 5, 0]]","Solve the following standard Sudoku puzzle.
Rules: Fill the 9×9 grid so that each row, column, and 3×3 box contains each of the digits 1 through 9 exactly once.

Puzzle (. = empty cell):
. 8 2 | . . 7 | 6 1 5
. . . | 2 . 1 | . 3 .
. . . | . . . | . . 2
---------------------
. . . | 6 . . | . . 4
. 9 6 | . 1 8 | 2 . .
3 2 5 | . 7 . | . . .
---------------------
. . 3 | . . . | . . 8
. . . | . 9 5 | . 6 .
. 4 . | . . 2 | 3 5 .","[[9, 8, 2, 4, 3, 7, 6, 1, 5], [7, 6, 4, 2, 5, 1, 8, 3, 9], [5, 3, 1, 8, 6, 9, 7, 4, 2], [8, 1, 7, 6, 2, 3, 5, 9, 4], [4, 9, 6, 5, 1, 8, 2, 7, 3], [3, 2, 5, 9, 7, 4, 1, 8, 6], [1, 5, 3, 7, 4, 6, 9, 2, 8], [2, 7, 8, 3, 9, 5, 4, 6, 1], [6, 4, 9, 1, 8, 2, 3, 5, 7]]","{""num_givens"": 30, ""grid_size"": 9}"
sudoku_baseline_0052,sudoku_baseline,baseline,"[[8, 3, 5, 0, 0, 9, 0, 6, 0], [0, 0, 0, 0, 8, 2, 4, 0, 0], [1, 4, 2, 0, 0, 0, 9, 0, 0], [7, 0, 0, 0, 3, 0, 0, 5, 0], [0, 5, 0, 9, 0, 0, 8, 1, 0], [0, 2, 0, 0, 0, 0, 0, 0, 7], [0, 0, 9, 0, 1, 0, 5, 2, 0], [0, 0, 0, 0, 7, 6, 3, 0, 0], [0, 6, 8, 0, 0, 0, 0, 0, 0]]","Solve the following standard Sudoku puzzle.
Rules: Fill the 9×9 grid so that each row, column, and 3×3 box contains each of the digits 1 through 9 exactly once.

Puzzle (. = empty cell):
8 3 5 | . . 9 | . 6 .
. . . | . 8 2 | 4 . .
1 4 2 | . . . | 9 . .
---------------------
7 . . | . 3 . | . 5 .
. 5 . | 9 . . | 8 1 .
. 2 . | . . . | . . 7
---------------------
. . 9 | . 1 . | 5 2 .
. . . | . 7 6 | 3 . .
. 6 8 | . . . | . . .","[[8, 3, 5, 1, 4, 9, 7, 6, 2], [6, 9, 7, 5, 8, 2, 4, 3, 1], [1, 4, 2, 7, 6, 3, 9, 8, 5], [7, 8, 1, 6, 3, 4, 2, 5, 9], [4, 5, 6, 9, 2, 7, 8, 1, 3], [9, 2, 3, 8, 5, 1, 6, 4, 7], [3, 7, 9, 4, 1, 8, 5, 2, 6], [5, 1, 4, 2, 7, 6, 3, 9, 8], [2, 6, 8, 3, 9, 5, 1, 7, 4]]","{""num_givens"": 30, ""grid_size"": 9}"
sudoku_baseline_0053,sudoku_baseline,baseline,"[[1, 0, 0, 7, 6, 0, 8, 0, 0], [7, 0, 0, 2, 3, 0, 0, 0, 0], [0, 9, 2, 8, 0, 0, 7, 0, 0], [0, 0, 0, 4, 0, 0, 0, 7, 8], [8, 0, 7, 0, 9, 0, 1, 0, 0], [0, 1, 6, 5, 0, 0, 9, 3, 0], [9, 0, 0, 0, 0, 0, 0, 0, 0], [0, 0, 0, 0, 0, 8, 0, 9, 7], [6, 0, 0, 0, 2, 0, 0, 0, 4]]","Solve the following standard Sudoku puzzle.
Rules: Fill the 9×9 grid so that each row, column, and 3×3 box contains each of the digits 1 through 9 exactly once.

Puzzle (. = empty cell):
1 . . | 7 6 . | 8 . .
7 . . | 2 3 . | . . .
. 9 2 | 8 . . | 7 . .
---------------------
. . . | 4 . . | . 7 8
8 . 7 | . 9 . | 1 . .
. 1 6 | 5 . . | 9 3 .
---------------------
9 . . | . . . | . . .
. . . | . . 8 | . 9 7
6 . . | . 2 . | . . 4","[[1, 4, 5, 7, 6, 9, 8, 2, 3], [7, 6, 8, 2, 3, 1, 4, 5, 9], [3, 9, 2, 8, 5, 4, 7, 6, 1], [2, 3, 9, 4, 1, 6, 5, 7, 8], [8, 5, 7, 3, 9, 2, 1, 4, 6], [4, 1, 6, 5, 8, 7, 9, 3, 2], [9, 8, 4, 6, 7, 3, 2, 1, 5], [5, 2, 3, 1, 4, 8, 6, 9, 7], [6, 7, 1, 9, 2, 5, 3, 8, 4]]","{""num_givens"": 30, ""grid_size"": 9}"
sudoku_baseline_0054,sudoku_baseline,baseline,"[[0, 0, 0, 0, 0, 0, 3, 0, 4], [0, 4, 3, 8, 0, 0, 7, 0, 0], [7, 8, 0, 0, 2, 4, 0, 0, 0], [4, 0, 0, 9, 0, 0, 8, 2, 5], [0, 0, 8, 0, 0, 0, 0, 7, 0], [0, 0, 0, 2, 0, 0, 4, 0, 6], [3, 9, 0, 4, 0, 8, 0, 5, 0], [0, 0, 0, 0, 5, 0, 6, 0, 0], [0, 0, 5, 0, 0, 0, 0, 4, 3]]","Solve the following standard Sudoku puzzle.
Rules: Fill the 9×9 grid so that each row, column, and 3×3 box contains each of the digits 1 through 9 exactly once.

Puzzle (. = empty cell):
. . . | . . . | 3 . 4
. 4 3 | 8 . . | 7 . .
7 8 . | . 2 4 | . . .
---------------------
4 . . | 9 . . | 8 2 5
. . 8 | . . . | . 7 .
. . . | 2 . . | 4 . 6
---------------------
3 9 . | 4 . 8 | . 5 .
. . . | . 5 . | 6 . .
. . 5 | . . . | . 4 3","[[6, 5, 2, 1, 7, 9, 3, 8, 4], [9, 4, 3, 8, 6, 5, 7, 1, 2], [7, 8, 1, 3, 2, 4, 5, 6, 9], [4, 6, 7, 9, 3, 1, 8, 2, 5], [2, 3, 8, 5, 4, 6, 9, 7, 1], [5, 1, 9, 2, 8, 7, 4, 3, 6], [3, 9, 6, 4, 1, 8, 2, 5, 7], [1, 2, 4, 7, 5, 3, 6, 9, 8], [8, 7, 5, 6, 9, 2, 1, 4, 3]]","{""num_givens"": 30, ""grid_size"": 9}"
sudoku_baseline_0055,sudoku_baseline,baseline,"[[0, 0, 8, 0, 4, 3, 9, 0, 0], [0, 1, 9, 0, 2, 7, 8, 0, 0], [7, 0, 0, 0, 0, 0, 2, 5, 4], [0, 0, 0, 0, 6, 0, 7, 0, 2], [9, 0, 0, 0, 3, 0, 0, 0, 0], [0, 0, 6, 2, 0, 1, 0, 0, 9], [5, 0, 0, 7, 1, 0, 0, 0, 0], [0, 0, 0, 0, 0, 9, 0, 7, 0], [3, 0, 0, 0, 8, 0, 1, 0, 0]]","Solve the following standard Sudoku puzzle.
Rules: Fill the 9×9 grid so that each row, column, and 3×3 box contains each of the digits 1 through 9 exactly once.

Puzzle (. = empty cell):
. . 8 | . 4 3 | 9 . .
. 1 9 | . 2 7 | 8 . .
7 . . | . . . | 2 5 4
---------------------
. . . | . 6 . | 7 . 2
9 . . | . 3 . | . . .
. . 6 | 2 . 1 | . . 9
---------------------
5 . . | 7 1 . | . . .
. . . | . . 9 | . 7 .
3 . . | . 8 . | 1 . .","[[2, 5, 8, 6, 4, 3, 9, 1, 7], [4, 1, 9, 5, 2, 7, 8, 6, 3], [7, 6, 3, 1, 9, 8, 2, 5, 4], [1, 3, 5, 9, 6, 4, 7, 8, 2], [9, 7, 2, 8, 3, 5, 6, 4, 1], [8, 4, 6, 2, 7, 1, 5, 3, 9], [5, 8, 4, 7, 1, 2, 3, 9, 6], [6, 2, 1, 3, 5, 9, 4, 7, 8], [3, 9, 7, 4, 8, 6, 1, 2, 5]]","{""num_givens"": 30, ""grid_size"": 9}"
sudoku_baseline_0056,sudoku_baseline,baseline,"[[2, 9, 0, 5, 0, 0, 3, 0, 0], [0, 0, 1, 0, 6, 0, 2, 0, 4], [0, 0, 0, 1, 0, 7, 5, 0, 0], [0, 8, 0, 0, 0, 0, 0, 2, 0], [0, 0, 7, 0, 0, 5, 0, 0, 3], [0, 6, 4, 0, 0, 3, 7, 5, 0], [0, 4, 0, 6, 5, 0, 0, 7, 0], [8, 0, 0, 0, 0, 0, 0, 0, 0], [0, 7, 5, 4, 0, 0, 8, 0, 0]]","Solve the following standard Sudoku puzzle.
Rules: Fill the 9×9 grid so that each row, column, and 3×3 box contains each of the digits 1 through 9 exactly once.

Puzzle (. = empty cell):
2 9 . | 5 . . | 3 . .
. . 1 | . 6 . | 2 . 4
. . . | 1 . 7 | 5 . .
---------------------
. 8 . | . . . | . 2 .
. . 7 | . . 5 | . . 3
. 6 4 | . . 3 | 7 5 .
---------------------
. 4 . | 6 5 . | . 7 .
8 . . | . . . | . . .
. 7 5 | 4 . . | 8 . .","[[2, 9, 6, 5, 8, 4, 3, 1, 7], [7, 5, 1, 3, 6, 9, 2, 8, 4], [4, 3, 8, 1, 2, 7, 5, 9, 6], [5, 8, 3, 9, 7, 6, 4, 2, 1], [1, 2, 7, 8, 4, 5, 9, 6, 3], [9, 6, 4, 2, 1, 3, 7, 5, 8], [3, 4, 2, 6, 5, 8, 1, 7, 9], [8, 1, 9, 7, 3, 2, 6, 4, 5], [6, 7, 5, 4, 9, 1, 8, 3, 2]]","{""num_givens"": 30, ""grid_size"": 9}"
sudoku_baseline_0057,sudoku_baseline,baseline,"[[9, 0, 7, 0, 0, 8, 0, 0, 0], [0, 0, 0, 6, 0, 2, 0, 8, 0], [6, 8, 0, 7, 3, 4, 0, 0, 0], [0, 0, 3, 0, 6, 0, 0, 5, 0], [0, 6, 9, 0, 0, 0, 8, 0, 1], [0, 1, 0, 0, 0, 0, 0, 2, 0], [0, 0, 0, 4, 0, 0, 6, 1, 7], [0, 9, 0, 8, 7, 0, 5, 0, 0], [7, 0, 5, 0, 0, 0, 0, 0, 0]]","Solve the following standard Sudoku puzzle.
Rules: Fill the 9×9 grid so that each row, column, and 3×3 box contains each of the digits 1 through 9 exactly once.

Puzzle (. = empty cell):
9 . 7 | . . 8 | . . .
. . . | 6 . 2 | . 8 .
6 8 . | 7 3 4 | . . .
---------------------
. . 3 | . 6 . | . 5 .
. 6 9 | . . . | 8 . 1
. 1 . | . . . | . 2 .
---------------------
. . . | 4 . . | 6 1 7
. 9 . | 8 7 . | 5 . .
7 . 5 | . . . | . . .","[[9, 3, 7, 5, 1, 8, 2, 6, 4], [4, 5, 1, 6, 9, 2, 7, 8, 3], [6, 8, 2, 7, 3, 4, 1, 9, 5], [8, 7, 3, 2, 6, 1, 4, 5, 9], [2, 6, 9, 3, 4, 5, 8, 7, 1], [5, 1, 4, 9, 8, 7, 3, 2, 6], [3, 2, 8, 4, 5, 9, 6, 1, 7], [1, 9, 6, 8, 7, 3, 5, 4, 2], [7, 4, 5, 1, 2, 6, 9, 3, 8]]","{""num_givens"": 30, ""grid_size"": 9}"
sudoku_baseline_0058,sudoku_baseline,baseline,"[[5, 0, 0, 7, 0, 0, 1, 3, 2], [4, 0, 0, 0, 0, 2, 6, 0, 9], [1, 3, 0, 0, 0, 0, 0, 4, 7], [0, 1, 0, 6, 0, 8, 4, 9, 0], [0, 0, 4, 1, 0, 0, 0, 0, 0], [0, 0, 0, 0, 0, 0, 0, 0, 0], [0, 0, 7, 0, 0, 0, 0, 0, 3], [6, 0, 1, 9, 2, 0, 5, 0, 8], [0, 0, 9, 0, 0, 0, 2, 0, 0]]","Solve the following standard Sudoku puzzle.
Rules: Fill the 9×9 grid so that each row, column, and 3×3 box contains each of the digits 1 through 9 exactly once.

Puzzle (. = empty cell):
5 . . | 7 . . | 1 3 2
4 . . | . . 2 | 6 . 9
1 3 . | . . . | . 4 7
---------------------
. 1 . | 6 . 8 | 4 9 .
. . 4 | 1 . . | . . .
. . . | . . . | . . .
---------------------
. . 7 | . . . | . . 3
6 . 1 | 9 2 . | 5 . 8
. . 9 | . . . | 2 . .","[[5, 9, 6, 7, 8, 4, 1, 3, 2], [4, 7, 8, 3, 1, 2, 6, 5, 9], [1, 3, 2, 5, 9, 6, 8, 4, 7], [2, 1, 3, 6, 7, 8, 4, 9, 5], [9, 8, 4, 1, 3, 5, 7, 2, 6], [7, 6, 5, 2, 4, 9, 3, 8, 1], [8, 2, 7, 4, 5, 1, 9, 6, 3], [6, 4, 1, 9, 2, 3, 5, 7, 8], [3, 5, 9, 8, 6, 7, 2, 1, 4]]","{""num_givens"": 30, ""grid_size"": 9}"
sudoku_baseline_0059,sudoku_baseline,baseline,"[[0, 4, 6, 0, 0, 0, 0, 7, 8], [5, 0, 0, 6, 1, 8, 0, 0, 0], [0, 0, 8, 3, 0, 0, 0, 0, 5], [0, 0, 0, 1, 0, 3, 7, 0, 0], [4, 3, 0, 5, 0, 2, 0, 0, 0], [6, 0, 0, 0, 7, 0, 5, 0, 3], [0, 0, 0, 0, 0, 1, 8, 0, 0], [0, 8, 0, 4, 0, 5, 6, 0, 9], [0, 0, 4, 0, 0, 0, 0, 0, 0]]","Solve the following standard Sudoku puzzle.
Rules: Fill the 9×9 grid so that each row, column, and 3×3 box contains each of the digits 1 through 9 exactly once.

Puzzle (. = empty cell):
. 4 6 | . . . | . 7 8
5 . . | 6 1 8 | . . .
. . 8 | 3 . . | . . 5
---------------------
. . . | 1 . 3 | 7 . .
4 3 . | 5 . 2 | . . .
6 . . | . 7 . | 5 . 3
---------------------
. . . | . . 1 | 8 . .
. 8 . | 4 . 5 | 6 . 9
. . 4 | . . . | . . .","[[1, 4, 6, 2, 5, 9, 3, 7, 8], [5, 7, 3, 6, 1, 8, 4, 9, 2], [2, 9, 8, 3, 4, 7, 1, 6, 5], [8, 2, 5, 1, 9, 3, 7, 4, 6], [4, 3, 7, 5, 6, 2, 9, 8, 1], [6, 1, 9, 8, 7, 4, 5, 2, 3], [9, 6, 2, 7, 3, 1, 8, 5, 4], [7, 8, 1, 4, 2, 5, 6, 3, 9], [3, 5, 4, 9, 8, 6, 2, 1, 7]]","{""num_givens"": 30, ""grid_size"": 9}"
sudoku_baseline_0060,sudoku_baseline,baseline,"[[3, 5, 0, 0, 2, 0, 0, 7, 0], [0, 6, 8, 0, 0, 0, 0, 1, 0], [0, 0, 1, 0, 0, 8, 0, 0, 0], [0, 0, 0, 3, 4, 5, 0, 8, 2], [1, 4, 0, 0, 7, 0, 6, 3, 0], [0, 8, 0, 0, 0, 1, 0, 4, 0], [0, 0, 0, 6, 0, 3, 0, 0, 0], [0, 0, 0, 0, 1, 0, 3, 0, 0], [0, 0, 0, 5, 9, 4, 7, 0, 0]]","Solve the following standard Sudoku puzzle.
Rules: Fill the 9×9 grid so that each row, column, and 3×3 box contains each of the digits 1 through 9 exactly once.

Puzzle (. = empty cell):
3 5 . | . 2 . | . 7 .
. 6 8 | . . . | . 1 .
. . 1 | . . 8 | . . .
---------------------
. . . | 3 4 5 | . 8 2
1 4 . | . 7 . | 6 3 .
. 8 . | . . 1 | . 4 .
---------------------
. . . | 6 . 3 | . . .
. . . | . 1 . | 3 . .
. . . | 5 9 4 | 7 . .","[[3, 5, 4, 1, 2, 6, 8, 7, 9], [9, 6, 8, 4, 5, 7, 2, 1, 3], [7, 2, 1, 9, 3, 8, 4, 5, 6], [6, 7, 9, 3, 4, 5, 1, 8, 2], [1, 4, 2, 8, 7, 9, 6, 3, 5], [5, 8, 3, 2, 6, 1, 9, 4, 7], [2, 1, 7, 6, 8, 3, 5, 9, 4], [4, 9, 5, 7, 1, 2, 3, 6, 8], [8, 3, 6, 5, 9, 4, 7, 2, 1]]","{""num_givens"": 30, ""grid_size"": 9}"
sudoku_baseline_0061,sudoku_baseline,baseline,"[[7, 0, 0, 0, 0, 3, 0, 0, 0], [4, 0, 0, 0, 6, 0, 9, 0, 3], [0, 0, 0, 0, 0, 1, 2, 0, 0], [0, 0, 0, 1, 0, 5, 0, 0, 0], [0, 3, 0, 0, 0, 2, 0, 8, 0], [1, 2, 0, 0, 3, 0, 0, 6, 0], [0, 7, 0, 8, 1, 0, 0, 9, 0], [9, 0, 0, 2, 0, 6, 1, 3, 7], [0, 5, 0, 0, 9, 0, 8, 0, 0]]","Solve the following standard Sudoku puzzle.
Rules: Fill the 9×9 grid so that each row, column, and 3×3 box contains each of the digits 1 through 9 exactly once.

Puzzle (. = empty cell):
7 . . | . . 3 | . . .
4 . . | . 6 . | 9 . 3
. . . | . . 1 | 2 . .
---------------------
. . . | 1 . 5 | . . .
. 3 . | . . 2 | . 8 .
1 2 . | . 3 . | . 6 .
---------------------
. 7 . | 8 1 . | . 9 .
9 . . | 2 . 6 | 1 3 7
. 5 . | . 9 . | 8 . .","[[7, 9, 5, 4, 2, 3, 6, 1, 8], [4, 1, 2, 5, 6, 8, 9, 7, 3], [8, 6, 3, 9, 7, 1, 2, 5, 4], [6, 4, 7, 1, 8, 5, 3, 2, 9], [5, 3, 9, 6, 4, 2, 7, 8, 1], [1, 2, 8, 7, 3, 9, 4, 6, 5], [3, 7, 6, 8, 1, 4, 5, 9, 2], [9, 8, 4, 2, 5, 6, 1, 3, 7], [2, 5, 1, 3, 9, 7, 8, 4, 6]]","{""num_givens"": 30, ""grid_size"": 9}"
sudoku_baseline_0062,sudoku_baseline,baseline,"[[0, 0, 0, 0, 0, 7, 2, 5, 0], [0, 6, 0, 0, 8, 2, 0, 0, 0], [0, 0, 0, 0, 0, 0, 0, 0, 7], [2, 1, 0, 0, 0, 0, 8, 4, 0], [6, 0, 3, 8, 4, 1, 0, 7, 0], [0, 0, 0, 0, 9, 5, 1, 3, 0], [1, 0, 8, 0, 0, 0, 0, 0, 4], [3, 0, 0, 4, 0, 0, 0, 0, 5], [0, 7, 0, 0, 5, 3, 0, 0, 0]]","Solve the following standard Sudoku puzzle.
Rules: Fill the 9×9 grid so that each row, column, and 3×3 box contains each of the digits 1 through 9 exactly once.

Puzzle (. = empty cell):
. . . | . . 7 | 2 5 .
. 6 . | . 8 2 | . . .
. . . | . . . | . . 7
---------------------
2 1 . | . . . | 8 4 .
6 . 3 | 8 4 1 | . 7 .
. . . | . 9 5 | 1 3 .
---------------------
1 . 8 | . . . | . . 4
3 . . | 4 . . | . . 5
. 7 . | . 5 3 | . . .","[[9, 8, 4, 6, 3, 7, 2, 5, 1], [7, 6, 1, 5, 8, 2, 4, 9, 3], [5, 3, 2, 9, 1, 4, 6, 8, 7], [2, 1, 5, 3, 7, 6, 8, 4, 9], [6, 9, 3, 8, 4, 1, 5, 7, 2], [8, 4, 7, 2, 9, 5, 1, 3, 6], [1, 5, 8, 7, 2, 9, 3, 6, 4], [3, 2, 9, 4, 6, 8, 7, 1, 5], [4, 7, 6, 1, 5, 3, 9, 2, 8]]","{""num_givens"": 30, ""grid_size"": 9}"
sudoku_baseline_0063,sudoku_baseline,baseline,"[[0, 0, 0, 0, 3, 0, 0, 0, 0], [0, 4, 2, 0, 0, 0, 0, 0, 8], [9, 0, 1, 4, 0, 0, 0, 0, 6], [0, 0, 0, 1, 0, 5, 6, 8, 0], [0, 5, 0, 0, 0, 9, 1, 0, 3], [6, 0, 8, 0, 0, 0, 2, 0, 9], [0, 0, 0, 8, 0, 1, 4, 0, 0], [0, 0, 0, 3, 0, 0, 0, 0, 2], [4, 0, 0, 0, 5, 7, 3, 0, 1]]","Solve the following standard Sudoku puzzle.
Rules: Fill the 9×9 grid so that each row, column, and 3×3 box contains each of the digits 1 through 9 exactly once.

Puzzle (. = empty cell):
. . . | . 3 . | . . .
. 4 2 | . . . | . . 8
9 . 1 | 4 . . | . . 6
---------------------
. . . | 1 . 5 | 6 8 .
. 5 . | . . 9 | 1 . 3
6 . 8 | . . . | 2 . 9
---------------------
. . . | 8 . 1 | 4 . .
. . . | 3 . . | . . 2
4 . . | . 5 7 | 3 . 1","[[8, 7, 6, 5, 3, 2, 9, 1, 4], [5, 4, 2, 9, 1, 6, 7, 3, 8], [9, 3, 1, 4, 7, 8, 5, 2, 6], [3, 9, 4, 1, 2, 5, 6, 8, 7], [2, 5, 7, 6, 8, 9, 1, 4, 3], [6, 1, 8, 7, 4, 3, 2, 5, 9], [7, 2, 3, 8, 6, 1, 4, 9, 5], [1, 6, 5, 3, 9, 4, 8, 7, 2], [4, 8, 9, 2, 5, 7, 3, 6, 1]]","{""num_givens"": 30, ""grid_size"": 9}"
sudoku_baseline_0064,sudoku_baseline,baseline,"[[9, 0, 0, 0, 0, 5, 0, 4, 0], [0, 5, 4, 0, 0, 0, 9, 0, 0], [0, 3, 6, 0, 2, 0, 0, 5, 0], [0, 0, 0, 0, 0, 0, 0, 0, 8], [0, 6, 0, 7, 4, 0, 0, 2, 3], [0, 1, 0, 0, 0, 0, 0, 9, 0], [0, 0, 7, 0, 8, 1, 6, 0, 5], [5, 4, 1, 0, 0, 0, 0, 0, 0], [0, 0, 3, 0, 5, 7, 0, 1, 0]]","Solve the following standard Sudoku puzzle.
Rules: Fill the 9×9 grid so that each row, column, and 3×3 box contains each of the digits 1 through 9 exactly once.

Puzzle (. = empty cell):
9 . . | . . 5 | . 4 .
. 5 4 | . . . | 9 . .
. 3 6 | . 2 . | . 5 .
---------------------
. . . | . . . | . . 8
. 6 . | 7 4 . | . 2 3
. 1 . | . . . | . 9 .
---------------------
. . 7 | . 8 1 | 6 . 5
5 4 1 | . . . | . . .
. . 3 | . 5 7 | . 1 .","[[9, 2, 8, 1, 7, 5, 3, 4, 6], [1, 5, 4, 8, 3, 6, 9, 7, 2], [7, 3, 6, 9, 2, 4, 8, 5, 1], [4, 7, 9, 3, 1, 2, 5, 6, 8], [8, 6, 5, 7, 4, 9, 1, 2, 3], [3, 1, 2, 5, 6, 8, 7, 9, 4], [2, 9, 7, 4, 8, 1, 6, 3, 5], [5, 4, 1, 6, 9, 3, 2, 8, 7], [6, 8, 3, 2, 5, 7, 4, 1, 9]]","{""num_givens"": 30, ""grid_size"": 9}"
sudoku_baseline_0065,sudoku_baseline,baseline,"[[3, 0, 6, 4, 1, 0, 0, 0, 8], [2, 0, 0, 3, 0, 5, 0, 0, 0], [5, 8, 0, 0, 6, 0, 0, 0, 7], [0, 5, 0, 8, 4, 0, 0, 0, 0], [1, 0, 0, 0, 0, 3, 0, 9, 2], [0, 3, 7, 0, 0, 9, 0, 0, 0], [8, 0, 0, 0, 3, 0, 0, 0, 5], [0, 2, 0, 0, 0, 8, 3, 0, 0], [0, 0, 0, 0, 2, 4, 0, 0, 0]]","Solve the following standard Sudoku puzzle.
Rules: Fill the 9×9 grid so that each row, column, and 3×3 box contains each of the digits 1 through 9 exactly once.

Puzzle (. = empty cell):
3 . 6 | 4 1 . | . . 8
2 . . | 3 . 5 | . . .
5 8 . | . 6 . | . . 7
---------------------
. 5 . | 8 4 . | . . .
1 . . | . . 3 | . 9 2
. 3 7 | . . 9 | . . .
---------------------
8 . . | . 3 . | . . 5
. 2 . | . . 8 | 3 . .
. . . | . 2 4 | . . .","[[3, 9, 6, 4, 1, 7, 2, 5, 8], [2, 7, 1, 3, 8, 5, 6, 4, 9], [5, 8, 4, 9, 6, 2, 1, 3, 7], [9, 5, 2, 8, 4, 1, 7, 6, 3], [1, 4, 8, 6, 7, 3, 5, 9, 2], [6, 3, 7, 2, 5, 9, 8, 1, 4], [8, 1, 9, 7, 3, 6, 4, 2, 5], [4, 2, 5, 1, 9, 8, 3, 7, 6], [7, 6, 3, 5, 2, 4, 9, 8, 1]]","{""num_givens"": 30, ""grid_size"": 9}"
sudoku_baseline_0066,sudoku_baseline,baseline,"[[0, 7, 0, 0, 0, 0, 0, 0, 1], [0, 3, 0, 0, 9, 0, 0, 2, 0], [0, 2, 0, 0, 0, 4, 9, 0, 0], [0, 8, 6, 0, 5, 0, 1, 0, 0], [4, 0, 0, 0, 8, 0, 5, 9, 7], [0, 0, 9, 0, 7, 0, 0, 0, 6], [2, 0, 7, 0, 4, 0, 8, 0, 0], [0, 0, 1, 0, 2, 3, 4, 0, 0], [0, 0, 0, 8, 0, 0, 7, 0, 0]]","Solve the following standard Sudoku puzzle.
Rules: Fill the 9×9 grid so that each row, column, and 3×3 box contains each of the digits 1 through 9 exactly once.

Puzzle (. = empty cell):
. 7 . | . . . | . . 1
. 3 . | . 9 . | . 2 .
. 2 . | . . 4 | 9 . .
---------------------
. 8 6 | . 5 . | 1 . .
4 . . | . 8 . | 5 9 7
. . 9 | . 7 . | . . 6
---------------------
2 . 7 | . 4 . | 8 . .
. . 1 | . 2 3 | 4 . .
. . . | 8 . . | 7 . .","[[9, 7, 5, 2, 6, 8, 3, 4, 1], [1, 3, 4, 5, 9, 7, 6, 2, 8], [6, 2, 8, 1, 3, 4, 9, 7, 5], [7, 8, 6, 9, 5, 2, 1, 3, 4], [4, 1, 2, 3, 8, 6, 5, 9, 7], [3, 5, 9, 4, 7, 1, 2, 8, 6], [2, 9, 7, 6, 4, 5, 8, 1, 3], [8, 6, 1, 7, 2, 3, 4, 5, 9], [5, 4, 3, 8, 1, 9, 7, 6, 2]]","{""num_givens"": 30, ""grid_size"": 9}"
sudoku_baseline_0067,sudoku_baseline,baseline,"[[0, 0, 0, 7, 5, 0, 0, 0, 0], [0, 4, 0, 0, 0, 0, 0, 0, 9], [2, 1, 0, 0, 0, 0, 5, 4, 0], [0, 3, 0, 6, 0, 0, 1, 0, 5], [5, 8, 0, 0, 3, 0, 4, 6, 0], [1, 6, 9, 0, 0, 0, 0, 0, 0], [0, 0, 4, 3, 0, 0, 2, 0, 8], [0, 0, 0, 1, 2, 0, 3, 0, 0], [3, 0, 0, 0, 0, 7, 0, 0, 6]]","Solve the following standard Sudoku puzzle.
Rules: Fill the 9×9 grid so that each row, column, and 3×3 box contains each of the digits 1 through 9 exactly once.

Puzzle (. = empty cell):
. . . | 7 5 . | . . .
. 4 . | . . . | . . 9
2 1 . | . . . | 5 4 .
---------------------
. 3 . | 6 . . | 1 . 5
5 8 . | . 3 . | 4 6 .
1 6 9 | . . . | . . .
---------------------
. . 4 | 3 . . | 2 . 8
. . . | 1 2 . | 3 . .
3 . . | . . 7 | . . 6","[[8, 9, 3, 7, 5, 4, 6, 2, 1], [7, 4, 5, 2, 1, 6, 8, 3, 9], [2, 1, 6, 8, 9, 3, 5, 4, 7], [4, 3, 2, 6, 7, 8, 1, 9, 5], [5, 8, 7, 9, 3, 1, 4, 6, 2], [1, 6, 9, 5, 4, 2, 7, 8, 3], [9, 7, 4, 3, 6, 5, 2, 1, 8], [6, 5, 8, 1, 2, 9, 3, 7, 4], [3, 2, 1, 4, 8, 7, 9, 5, 6]]","{""num_givens"": 30, ""grid_size"": 9}"
sudoku_baseline_0068,sudoku_baseline,baseline,"[[3, 0, 0, 0, 0, 0, 0, 0, 0], [0, 0, 0, 2, 0, 0, 0, 0, 0], [1, 0, 2, 7, 3, 0, 4, 0, 9], [0, 0, 1, 0, 0, 0, 6, 3, 0], [9, 0, 5, 1, 0, 3, 0, 0, 0], [0, 3, 8, 0, 0, 4, 1, 0, 5], [0, 0, 0, 0, 7, 0, 5, 0, 0], [0, 0, 3, 4, 0, 0, 0, 0, 1], [8, 0, 0, 0, 6, 1, 2, 0, 7]]","Solve the following standard Sudoku puzzle.
Rules: Fill the 9×9 grid so that each row, column, and 3×3 box contains each of the digits 1 through 9 exactly once.

Puzzle (. = empty cell):
3 . . | . . . | . . .
. . . | 2 . . | . . .
1 . 2 | 7 3 . | 4 . 9
---------------------
. . 1 | . . . | 6 3 .
9 . 5 | 1 . 3 | . . .
. 3 8 | . . 4 | 1 . 5
---------------------
. . . | . 7 . | 5 . .
. . 3 | 4 . . | . . 1
8 . . | . 6 1 | 2 . 7","[[3, 4, 6, 9, 1, 5, 8, 7, 2], [5, 9, 7, 2, 4, 8, 3, 1, 6], [1, 8, 2, 7, 3, 6, 4, 5, 9], [4, 2, 1, 5, 9, 7, 6, 3, 8], [9, 6, 5, 1, 8, 3, 7, 2, 4], [7, 3, 8, 6, 2, 4, 1, 9, 5], [2, 1, 4, 8, 7, 9, 5, 6, 3], [6, 7, 3, 4, 5, 2, 9, 8, 1], [8, 5, 9, 3, 6, 1, 2, 4, 7]]","{""num_givens"": 30, ""grid_size"": 9}"
sudoku_baseline_0069,sudoku_baseline,baseline,"[[0, 0, 0, 7, 0, 0, 0, 0, 0], [0, 0, 0, 9, 2, 0, 8, 0, 5], [0, 0, 4, 0, 0, 0, 2, 7, 3], [2, 8, 9, 0, 0, 0, 0, 3, 0], [0, 0, 6, 0, 9, 1, 0, 0, 0], [3, 0, 5, 2, 0, 0, 0, 0, 0], [7, 2, 8, 0, 0, 9, 4, 0, 1], [9, 0, 0, 0, 0, 6, 0, 0, 0], [0, 6, 0, 0, 1, 0, 9, 0, 0]]","Solve the following standard Sudoku puzzle.
Rules: Fill the 9×9 grid so that each row, column, and 3×3 box contains each of the digits 1 through 9 exactly once.

Puzzle (. = empty cell):
. . . | 7 . . | . . .
. . . | 9 2 . | 8 . 5
. . 4 | . . . | 2 7 3
---------------------
2 8 9 | . . . | . 3 .
. . 6 | . 9 1 | . . .
3 . 5 | 2 . . | . . .
---------------------
7 2 8 | . . 9 | 4 . 1
9 . . | . . 6 | . . .
. 6 . | . 1 . | 9 . .","[[1, 5, 2, 7, 8, 3, 6, 4, 9], [6, 3, 7, 9, 2, 4, 8, 1, 5], [8, 9, 4, 1, 6, 5, 2, 7, 3], [2, 8, 9, 6, 5, 7, 1, 3, 4], [4, 7, 6, 3, 9, 1, 5, 2, 8], [3, 1, 5, 2, 4, 8, 7, 9, 6], [7, 2, 8, 5, 3, 9, 4, 6, 1], [9, 4, 1, 8, 7, 6, 3, 5, 2], [5, 6, 3, 4, 1, 2, 9, 8, 7]]","{""num_givens"": 30, ""grid_size"": 9}"
sudoku_baseline_0070,sudoku_baseline,baseline,"[[0, 9, 0, 0, 8, 0, 6, 0, 1], [0, 0, 0, 9, 0, 6, 3, 0, 0], [0, 0, 0, 0, 5, 1, 0, 0, 0], [6, 0, 0, 0, 0, 9, 7, 2, 3], [0, 0, 0, 0, 0, 2, 0, 8, 0], [0, 0, 0, 0, 0, 4, 0, 0, 0], [0, 0, 5, 0, 4, 0, 0, 0, 7], [0, 0, 6, 0, 0, 5, 2, 3, 8], [2, 0, 3, 0, 0, 0, 1, 5, 4]]","Solve the following standard Sudoku puzzle.
Rules: Fill the 9×9 grid so that each row, column, and 3×3 box contains each of the digits 1 through 9 exactly once.

Puzzle (. = empty cell):
. 9 . | . 8 . | 6 . 1
. . . | 9 . 6 | 3 . .
. . . | . 5 1 | . . .
---------------------
6 . . | . . 9 | 7 2 3
. . . | . . 2 | . 8 .
. . . | . . 4 | . . .
---------------------
. . 5 | . 4 . | . . 7
. . 6 | . . 5 | 2 3 8
2 . 3 | . . . | 1 5 4","[[5, 9, 2, 3, 8, 7, 6, 4, 1], [4, 1, 8, 9, 2, 6, 3, 7, 5], [3, 6, 7, 4, 5, 1, 8, 9, 2], [6, 5, 4, 8, 1, 9, 7, 2, 3], [7, 3, 1, 5, 6, 2, 4, 8, 9], [8, 2, 9, 7, 3, 4, 5, 1, 6], [1, 8, 5, 2, 4, 3, 9, 6, 7], [9, 4, 6, 1, 7, 5, 2, 3, 8], [2, 7, 3, 6, 9, 8, 1, 5, 4]]","{""num_givens"": 30, ""grid_size"": 9}"
sudoku_baseline_0071,sudoku_baseline,baseline,"[[0, 0, 0, 9, 0, 0, 8, 0, 0], [0, 9, 0, 4, 8, 0, 0, 6, 0], [0, 0, 4, 0, 0, 7, 0, 5, 0], [0, 0, 9, 0, 1, 3, 0, 0, 8], [0, 3, 0, 6, 4, 8, 2, 0, 1], [4, 0, 0, 0, 5, 0, 0, 3, 0], [3, 0, 0, 5, 7, 0, 0, 0, 0], [0, 0, 0, 0, 0, 0, 4, 7, 0], [8, 0, 0, 0, 0, 0, 6, 0, 3]]","Solve the following standard Sudoku puzzle.
Rules: Fill the 9×9 grid so that each row, column, and 3×3 box contains each of the digits 1 through 9 exactly once.

Puzzle (. = empty cell):
. . . | 9 . . | 8 . .
. 9 . | 4 8 . | . 6 .
. . 4 | . . 7 | . 5 .
---------------------
. . 9 | . 1 3 | . . 8
. 3 . | 6 4 8 | 2 . 1
4 . . | . 5 . | . 3 .
---------------------
3 . . | 5 7 . | . . .
. . . | . . . | 4 7 .
8 . . | . . . | 6 . 3","[[6, 7, 3, 9, 2, 5, 8, 1, 4], [5, 9, 2, 4, 8, 1, 3, 6, 7], [1, 8, 4, 3, 6, 7, 9, 5, 2], [2, 6, 9, 7, 1, 3, 5, 4, 8], [7, 3, 5, 6, 4, 8, 2, 9, 1], [4, 1, 8, 2, 5, 9, 7, 3, 6], [3, 4, 6, 5, 7, 2, 1, 8, 9], [9, 2, 1, 8, 3, 6, 4, 7, 5], [8, 5, 7, 1, 9, 4, 6, 2, 3]]","{""num_givens"": 30, ""grid_size"": 9}"
sudoku_baseline_0072,sudoku_baseline,baseline,"[[0, 6, 0, 1, 0, 0, 5, 0, 0], [0, 0, 2, 6, 0, 7, 0, 9, 1], [0, 0, 0, 0, 8, 5, 0, 6, 0], [0, 0, 0, 0, 0, 4, 0, 0, 0], [0, 0, 5, 3, 0, 8, 0, 1, 0], [2, 0, 0, 9, 5, 0, 7, 3, 0], [0, 3, 0, 0, 0, 0, 9, 0, 0], [7, 2, 0, 0, 9, 3, 0, 4, 0], [0, 8, 0, 0, 0, 0, 0, 0, 5]]","Solve the following standard Sudoku puzzle.
Rules: Fill the 9×9 grid so that each row, column, and 3×3 box contains each of the digits 1 through 9 exactly once.

Puzzle (. = empty cell):
. 6 . | 1 . . | 5 . .
. . 2 | 6 . 7 | . 9 1
. . . | . 8 5 | . 6 .
---------------------
. . . | . . 4 | . . .
. . 5 | 3 . 8 | . 1 .
2 . . | 9 5 . | 7 3 .
---------------------
. 3 . | . . . | 9 . .
7 2 . | . 9 3 | . 4 .
. 8 . | . . . | . . 5","[[3, 6, 4, 1, 2, 9, 5, 8, 7], [8, 5, 2, 6, 3, 7, 4, 9, 1], [1, 9, 7, 4, 8, 5, 2, 6, 3], [6, 7, 3, 2, 1, 4, 8, 5, 9], [9, 4, 5, 3, 7, 8, 6, 1, 2], [2, 1, 8, 9, 5, 6, 7, 3, 4], [5, 3, 1, 8, 4, 2, 9, 7, 6], [7, 2, 6, 5, 9, 3, 1, 4, 8], [4, 8, 9, 7, 6, 1, 3, 2, 5]]","{""num_givens"": 30, ""grid_size"": 9}"
sudoku_baseline_0073,sudoku_baseline,baseline,"[[0, 2, 0, 0, 0, 6, 9, 0, 4], [1, 0, 0, 0, 0, 4, 0, 2, 0], [8, 0, 6, 5, 0, 9, 0, 7, 0], [0, 3, 0, 0, 0, 8, 2, 0, 0], [6, 0, 0, 0, 0, 1, 0, 3, 8], [9, 0, 0, 0, 0, 7, 0, 0, 0], [0, 0, 4, 9, 0, 2, 0, 8, 7], [0, 0, 0, 0, 0, 0, 0, 0, 3], [0, 0, 0, 7, 8, 0, 0, 0, 2]]","Solve the following standard Sudoku puzzle.
Rules: Fill the 9×9 grid so that each row, column, and 3×3 box contains each of the digits 1 through 9 exactly once.

Puzzle (. = empty cell):
. 2 . | . . 6 | 9 . 4
1 . . | . . 4 | . 2 .
8 . 6 | 5 . 9 | . 7 .
---------------------
. 3 . | . . 8 | 2 . .
6 . . | . . 1 | . 3 8
9 . . | . . 7 | . . .
---------------------
. . 4 | 9 . 2 | . 8 7
. . . | . . . | . . 3
. . . | 7 8 . | . . 2","[[7, 2, 3, 8, 1, 6, 9, 5, 4], [1, 9, 5, 3, 7, 4, 8, 2, 6], [8, 4, 6, 5, 2, 9, 3, 7, 1], [4, 3, 7, 6, 5, 8, 2, 1, 9], [6, 5, 2, 4, 9, 1, 7, 3, 8], [9, 8, 1, 2, 3, 7, 4, 6, 5], [3, 1, 4, 9, 6, 2, 5, 8, 7], [2, 7, 8, 1, 4, 5, 6, 9, 3], [5, 6, 9, 7, 8, 3, 1, 4, 2]]","{""num_givens"": 30, ""grid_size"": 9}"
sudoku_baseline_0074,sudoku_baseline,baseline,"[[0, 0, 5, 2, 0, 0, 0, 0, 9], [0, 0, 0, 0, 0, 0, 6, 0, 0], [0, 9, 4, 0, 6, 1, 0, 8, 5], [9, 0, 1, 0, 2, 0, 8, 5, 0], [0, 0, 0, 1, 0, 0, 0, 9, 0], [0, 0, 0, 5, 9, 0, 7, 0, 3], [0, 3, 2, 0, 0, 0, 0, 7, 0], [0, 0, 0, 4, 0, 0, 0, 3, 0], [0, 0, 0, 3, 7, 2, 5, 0, 0]]","Solve the following standard Sudoku puzzle.
Rules: Fill the 9×9 grid so that each row, column, and 3×3 box contains each of the digits 1 through 9 exactly once.

Puzzle (. = empty cell):
. . 5 | 2 . . | . . 9
. . . | . . . | 6 . .
. 9 4 | . 6 1 | . 8 5
---------------------
9 . 1 | . 2 . | 8 5 .
. . . | 1 . . | . 9 .
. . . | 5 9 . | 7 . 3
---------------------
. 3 2 | . . . | . 7 .
. . . | 4 . . | . 3 .
. . . | 3 7 2 | 5 . .","[[7, 6, 5, 2, 3, 8, 1, 4, 9], [3, 1, 8, 9, 4, 5, 6, 2, 7], [2, 9, 4, 7, 6, 1, 3, 8, 5], [9, 7, 1, 6, 2, 3, 8, 5, 4], [4, 5, 3, 1, 8, 7, 2, 9, 6], [8, 2, 6, 5, 9, 4, 7, 1, 3], [6, 3, 2, 8, 5, 9, 4, 7, 1], [5, 8, 7, 4, 1, 6, 9, 3, 2], [1, 4, 9, 3, 7, 2, 5, 6, 8]]","{""num_givens"": 30, ""grid_size"": 9}"
sudoku_baseline_0075,sudoku_baseline,baseline,"[[8, 0, 0, 0, 0, 1, 4, 0, 0], [0, 2, 9, 3, 0, 0, 0, 0, 0], [4, 0, 0, 0, 0, 9, 2, 7, 3], [0, 6, 8, 0, 0, 2, 0, 9, 0], [9, 4, 0, 0, 0, 7, 0, 8, 0], [0, 3, 0, 0, 5, 0, 0, 0, 0], [0, 9, 0, 0, 0, 0, 6, 0, 0], [6, 0, 0, 0, 9, 0, 8, 0, 0], [0, 0, 0, 0, 6, 5, 0, 2, 7]]","Solve the following standard Sudoku puzzle.
Rules: Fill the 9×9 grid so that each row, column, and 3×3 box contains each of the digits 1 through 9 exactly once.

Puzzle (. = empty cell):
8 . . | . . 1 | 4 . .
. 2 9 | 3 . . | . . .
4 . . | . . 9 | 2 7 3
---------------------
. 6 8 | . . 2 | . 9 .
9 4 . | . . 7 | . 8 .
. 3 . | . 5 . | . . .
---------------------
. 9 . | . . . | 6 . .
6 . . | . 9 . | 8 . .
. . . | . 6 5 | . 2 7","[[8, 5, 3, 7, 2, 1, 4, 6, 9], [7, 2, 9, 3, 4, 6, 5, 1, 8], [4, 1, 6, 5, 8, 9, 2, 7, 3], [1, 6, 8, 4, 3, 2, 7, 9, 5], [9, 4, 5, 6, 1, 7, 3, 8, 2], [2, 3, 7, 9, 5, 8, 1, 4, 6], [5, 9, 2, 8, 7, 4, 6, 3, 1], [6, 7, 1, 2, 9, 3, 8, 5, 4], [3, 8, 4, 1, 6, 5, 9, 2, 7]]","{""num_givens"": 30, ""grid_size"": 9}"
sudoku_baseline_0076,sudoku_baseline,baseline,"[[1, 0, 0, 0, 0, 0, 0, 4, 3], [3, 4, 0, 8, 0, 9, 6, 0, 2], [9, 0, 6, 0, 4, 0, 8, 0, 0], [0, 0, 0, 3, 0, 0, 0, 8, 9], [0, 0, 0, 0, 8, 1, 0, 0, 0], [0, 2, 0, 0, 7, 5, 0, 3, 0], [0, 0, 0, 5, 0, 7, 0, 0, 4], [0, 0, 4, 0, 9, 0, 1, 0, 0], [0, 0, 0, 0, 0, 4, 7, 0, 0]]","Solve the following standard Sudoku puzzle.
Rules: Fill the 9×9 grid so that each row, column, and 3×3 box contains each of the digits 1 through 9 exactly once.

Puzzle (. = empty cell):
1 . . | . . . | . 4 3
3 4 . | 8 . 9 | 6 . 2
9 . 6 | . 4 . | 8 . .
---------------------
. . . | 3 . . | . 8 9
. . . | . 8 1 | . . .
. 2 . | . 7 5 | . 3 .
---------------------
. . . | 5 . 7 | . . 4
. . 4 | . 9 . | 1 . .
. . . | . . 4 | 7 . .","[[1, 8, 2, 7, 5, 6, 9, 4, 3], [3, 4, 7, 8, 1, 9, 6, 5, 2], [9, 5, 6, 2, 4, 3, 8, 1, 7], [4, 7, 1, 3, 6, 2, 5, 8, 9], [5, 9, 3, 4, 8, 1, 2, 7, 6], [6, 2, 8, 9, 7, 5, 4, 3, 1], [8, 1, 9, 5, 2, 7, 3, 6, 4], [7, 3, 4, 6, 9, 8, 1, 2, 5], [2, 6, 5, 1, 3, 4, 7, 9, 8]]","{""num_givens"": 30, ""grid_size"": 9}"
sudoku_baseline_0077,sudoku_baseline,baseline,"[[0, 2, 0, 0, 0, 9, 4, 0, 0], [0, 0, 0, 0, 3, 1, 0, 5, 0], [0, 3, 0, 0, 0, 7, 0, 8, 9], [4, 0, 0, 0, 0, 0, 0, 0, 7], [1, 0, 6, 0, 8, 4, 0, 0, 0], [0, 7, 0, 0, 9, 0, 8, 0, 1], [0, 0, 5, 4, 1, 2, 0, 0, 0], [0, 0, 9, 0, 0, 6, 0, 0, 0], [0, 0, 2, 0, 5, 8, 0, 6, 0]]","Solve the following standard Sudoku puzzle.
Rules: Fill the 9×9 grid so that each row, column, and 3×3 box contains each of the digits 1 through 9 exactly once.

Puzzle (. = empty cell):
. 2 . | . . 9 | 4 . .
. . . | . 3 1 | . 5 .
. 3 . | . . 7 | . 8 9
---------------------
4 . . | . . . | . . 7
1 . 6 | . 8 4 | . . .
. 7 . | . 9 . | 8 . 1
---------------------
. . 5 | 4 1 2 | . . .
. . 9 | . . 6 | . . .
. . 2 | . 5 8 | . 6 .","[[5, 2, 7, 8, 6, 9, 4, 1, 3], [9, 8, 4, 2, 3, 1, 7, 5, 6], [6, 3, 1, 5, 4, 7, 2, 8, 9], [4, 5, 8, 1, 2, 3, 6, 9, 7], [1, 9, 6, 7, 8, 4, 5, 3, 2], [2, 7, 3, 6, 9, 5, 8, 4, 1], [3, 6, 5, 4, 1, 2, 9, 7, 8], [8, 4, 9, 3, 7, 6, 1, 2, 5], [7, 1, 2, 9, 5, 8, 3, 6, 4]]","{""num_givens"": 30, ""grid_size"": 9}"
sudoku_baseline_0078,sudoku_baseline,baseline,"[[3, 6, 0, 5, 1, 0, 0, 7, 8], [5, 0, 2, 6, 7, 0, 0, 0, 0], [7, 4, 0, 0, 0, 0, 1, 0, 5], [0, 2, 0, 7, 0, 0, 0, 0, 0], [0, 0, 7, 3, 0, 0, 4, 2, 0], [0, 0, 0, 0, 4, 0, 5, 1, 0], [0, 0, 0, 0, 5, 0, 0, 0, 6], [4, 8, 0, 0, 0, 0, 0, 0, 0], [6, 0, 1, 0, 0, 9, 0, 0, 0]]","Solve the following standard Sudoku puzzle.
Rules: Fill the 9×9 grid so that each row, column, and 3×3 box contains each of the digits 1 through 9 exactly once.

Puzzle (. = empty cell):
3 6 . | 5 1 . | . 7 8
5 . 2 | 6 7 . | . . .
7 4 . | . . . | 1 . 5
---------------------
. 2 . | 7 . . | . . .
. . 7 | 3 . . | 4 2 .
. . . | . 4 . | 5 1 .
---------------------
. . . | . 5 . | . . 6
4 8 . | . . . | . . .
6 . 1 | . . 9 | . . .","[[3, 6, 9, 5, 1, 4, 2, 7, 8], [5, 1, 2, 6, 7, 8, 9, 3, 4], [7, 4, 8, 9, 2, 3, 1, 6, 5], [1, 2, 4, 7, 9, 5, 6, 8, 3], [8, 5, 7, 3, 6, 1, 4, 2, 9], [9, 3, 6, 8, 4, 2, 5, 1, 7], [2, 9, 3, 1, 5, 7, 8, 4, 6], [4, 8, 5, 2, 3, 6, 7, 9, 1], [6, 7, 1, 4, 8, 9, 3, 5, 2]]","{""num_givens"": 30, ""grid_size"": 9}"
sudoku_baseline_0079,sudoku_baseline,baseline,"[[0, 0, 0, 0, 4, 0, 0, 0, 9], [5, 4, 0, 7, 0, 0, 6, 3, 0], [1, 0, 0, 0, 9, 0, 4, 0, 0], [8, 0, 0, 2, 5, 1, 0, 0, 0], [2, 0, 0, 0, 0, 0, 0, 0, 0], [0, 0, 0, 8, 3, 0, 9, 0, 2], [0, 0, 6, 0, 0, 0, 5, 9, 0], [0, 0, 1, 9, 2, 0, 8, 0, 0], [0, 0, 3, 6, 0, 0, 2, 4, 0]]","Solve the following standard Sudoku puzzle.
Rules: Fill the 9×9 grid so that each row, column, and 3×3 box contains each of the digits 1 through 9 exactly once.

Puzzle (. = empty cell):
. . . | . 4 . | . . 9
5 4 . | 7 . . | 6 3 .
1 . . | . 9 . | 4 . .
---------------------
8 . . | 2 5 1 | . . .
2 . . | . . . | . . .
. . . | 8 3 . | 9 . 2
---------------------
. . 6 | . . . | 5 9 .
. . 1 | 9 2 . | 8 . .
. . 3 | 6 . . | 2 4 .","[[3, 6, 2, 5, 4, 8, 7, 1, 9], [5, 4, 9, 7, 1, 2, 6, 3, 8], [1, 7, 8, 3, 9, 6, 4, 2, 5], [8, 9, 7, 2, 5, 1, 3, 6, 4], [2, 3, 5, 4, 6, 9, 1, 8, 7], [6, 1, 4, 8, 3, 7, 9, 5, 2], [7, 2, 6, 1, 8, 4, 5, 9, 3], [4, 5, 1, 9, 2, 3, 8, 7, 6], [9, 8, 3, 6, 7, 5, 2, 4, 1]]","{""num_givens"": 30, ""grid_size"": 9}"
sudoku_baseline_0080,sudoku_baseline,baseline,"[[1, 0, 0, 0, 0, 3, 0, 0, 0], [0, 0, 0, 6, 1, 0, 3, 0, 0], [0, 6, 0, 9, 7, 0, 0, 0, 2], [6, 4, 0, 8, 5, 0, 0, 7, 9], [0, 7, 0, 0, 0, 0, 6, 0, 8], [8, 0, 0, 0, 0, 0, 0, 1, 0], [7, 3, 0, 0, 6, 0, 0, 0, 1], [0, 0, 2, 0, 8, 0, 0, 0, 6], [9, 1, 0, 0, 0, 0, 7, 0, 0]]","Solve the following standard Sudoku puzzle.
Rules: Fill the 9×9 grid so that each row, column, and 3×3 box contains each of the digits 1 through 9 exactly once.

Puzzle (. = empty cell):
1 . . | . . 3 | . . .
. . . | 6 1 . | 3 . .
. 6 . | 9 7 . | . . 2
---------------------
6 4 . | 8 5 . | . 7 9
. 7 . | . . . | 6 . 8
8 . . | . . . | . 1 .
---------------------
7 3 . | . 6 . | . . 1
. . 2 | . 8 . | . . 6
9 1 . | . . . | 7 . .","[[1, 9, 5, 4, 2, 3, 8, 6, 7], [2, 8, 7, 6, 1, 5, 3, 9, 4], [3, 6, 4, 9, 7, 8, 1, 5, 2], [6, 4, 3, 8, 5, 1, 2, 7, 9], [5, 7, 1, 3, 9, 2, 6, 4, 8], [8, 2, 9, 7, 4, 6, 5, 1, 3], [7, 3, 8, 5, 6, 9, 4, 2, 1], [4, 5, 2, 1, 8, 7, 9, 3, 6], [9, 1, 6, 2, 3, 4, 7, 8, 5]]","{""num_givens"": 30, ""grid_size"": 9}"
sudoku_baseline_0081,sudoku_baseline,baseline,"[[0, 5, 6, 9, 0, 0, 0, 0, 0], [9, 0, 0, 0, 1, 6, 3, 0, 2], [2, 0, 0, 0, 0, 0, 0, 6, 4], [7, 2, 0, 0, 0, 0, 0, 0, 0], [0, 0, 9, 0, 3, 0, 0, 0, 0], [4, 0, 8, 2, 0, 9, 0, 1, 0], [0, 9, 0, 4, 0, 0, 0, 0, 6], [0, 0, 2, 0, 0, 0, 0, 9, 8], [0, 0, 0, 6, 0, 1, 0, 4, 3]]","Solve the following standard Sudoku puzzle.
Rules: Fill the 9×9 grid so that each row, column, and 3×3 box contains each of the digits 1 through 9 exactly once.

Puzzle (. = empty cell):
. 5 6 | 9 . . | . . .
9 . . | . 1 6 | 3 . 2
2 . . | . . . | . 6 4
---------------------
7 2 . | . . . | . . .
. . 9 | . 3 . | . . .
4 . 8 | 2 . 9 | . 1 .
---------------------
. 9 . | 4 . . | . . 6
. . 2 | . . . | . 9 8
. . . | 6 . 1 | . 4 3","[[3, 5, 6, 9, 4, 2, 7, 8, 1], [9, 8, 4, 7, 1, 6, 3, 5, 2], [2, 1, 7, 5, 8, 3, 9, 6, 4], [7, 2, 1, 8, 6, 5, 4, 3, 9], [5, 6, 9, 1, 3, 4, 8, 2, 7], [4, 3, 8, 2, 7, 9, 6, 1, 5], [1, 9, 3, 4, 2, 8, 5, 7, 6], [6, 4, 2, 3, 5, 7, 1, 9, 8], [8, 7, 5, 6, 9, 1, 2, 4, 3]]","{""num_givens"": 30, ""grid_size"": 9}"
sudoku_baseline_0082,sudoku_baseline,baseline,"[[0, 2, 0, 3, 0, 5, 0, 0, 0], [7, 1, 5, 8, 0, 0, 0, 0, 0], [0, 8, 6, 1, 9, 0, 0, 0, 0], [0, 0, 0, 2, 8, 0, 0, 0, 0], [4, 0, 0, 0, 0, 3, 0, 2, 6], [0, 0, 0, 9, 0, 6, 7, 0, 0], [8, 4, 0, 7, 0, 2, 0, 9, 0], [6, 0, 0, 0, 0, 9, 0, 8, 0], [0, 0, 0, 0, 0, 0, 4, 0, 2]]","Solve the following standard Sudoku puzzle.
Rules: Fill the 9×9 grid so that each row, column, and 3×3 box contains each of the digits 1 through 9 exactly once.

Puzzle (. = empty cell):
. 2 . | 3 . 5 | . . .
7 1 5 | 8 . . | . . .
. 8 6 | 1 9 . | . . .
---------------------
. . . | 2 8 . | . . .
4 . . | . . 3 | . 2 6
. . . | 9 . 6 | 7 . .
---------------------
8 4 . | 7 . 2 | . 9 .
6 . . | . . 9 | . 8 .
. . . | . . . | 4 . 2","[[9, 2, 4, 3, 6, 5, 8, 1, 7], [7, 1, 5, 8, 2, 4, 3, 6, 9], [3, 8, 6, 1, 9, 7, 2, 4, 5], [5, 6, 7, 2, 8, 1, 9, 3, 4], [4, 9, 8, 5, 7, 3, 1, 2, 6], [2, 3, 1, 9, 4, 6, 7, 5, 8], [8, 4, 3, 7, 5, 2, 6, 9, 1], [6, 7, 2, 4, 1, 9, 5, 8, 3], [1, 5, 9, 6, 3, 8, 4, 7, 2]]","{""num_givens"": 30, ""grid_size"": 9}"
sudoku_baseline_0083,sudoku_baseline,baseline,"[[6, 0, 3, 9, 0, 7, 5, 0, 0], [8, 0, 0, 0, 4, 0, 0, 0, 0], [0, 0, 0, 3, 0, 0, 8, 0, 0], [0, 4, 1, 7, 9, 0, 2, 0, 3], [0, 9, 7, 5, 0, 0, 4, 0, 0], [0, 0, 0, 0, 1, 4, 0, 0, 5], [0, 5, 0, 8, 0, 0, 0, 0, 2], [0, 0, 0, 0, 5, 0, 0, 9, 0], [1, 0, 0, 0, 0, 0, 7, 0, 6]]","Solve the following standard Sudoku puzzle.
Rules: Fill the 9×9 grid so that each row, column, and 3×3 box contains each of the digits 1 through 9 exactly once.

Puzzle (. = empty cell):
6 . 3 | 9 . 7 | 5 . .
8 . . | . 4 . | . . .
. . . | 3 . . | 8 . .
---------------------
. 4 1 | 7 9 . | 2 . 3
. 9 7 | 5 . . | 4 . .
. . . | . 1 4 | . . 5
---------------------
. 5 . | 8 . . | . . 2
. . . | . 5 . | . 9 .
1 . . | . . . | 7 . 6","[[6, 1, 3, 9, 8, 7, 5, 2, 4], [8, 2, 9, 1, 4, 5, 6, 3, 7], [4, 7, 5, 3, 2, 6, 8, 1, 9], [5, 4, 1, 7, 9, 8, 2, 6, 3], [2, 9, 7, 5, 6, 3, 4, 8, 1], [3, 6, 8, 2, 1, 4, 9, 7, 5], [9, 5, 6, 8, 7, 1, 3, 4, 2], [7, 3, 4, 6, 5, 2, 1, 9, 8], [1, 8, 2, 4, 3, 9, 7, 5, 6]]","{""num_givens"": 30, ""grid_size"": 9}"
sudoku_baseline_0084,sudoku_baseline,baseline,"[[7, 0, 0, 0, 0, 4, 3, 0, 5], [0, 3, 4, 2, 7, 0, 0, 6, 8], [0, 0, 9, 0, 0, 0, 0, 0, 0], [1, 0, 0, 0, 0, 0, 0, 3, 9], [0, 4, 0, 9, 3, 8, 2, 0, 0], [0, 2, 0, 0, 0, 1, 8, 0, 6], [0, 0, 0, 3, 0, 0, 9, 7, 0], [0, 0, 0, 0, 0, 5, 6, 0, 0], [0, 0, 0, 0, 0, 0, 4, 0, 1]]","Solve the following standard Sudoku puzzle.
Rules: Fill the 9×9 grid so that each row, column, and 3×3 box contains each of the digits 1 through 9 exactly once.

Puzzle (. = empty cell):
7 . . | . . 4 | 3 . 5
. 3 4 | 2 7 . | . 6 8
. . 9 | . . . | . . .
---------------------
1 . . | . . . | . 3 9
. 4 . | 9 3 8 | 2 . .
. 2 . | . . 1 | 8 . 6
---------------------
. . . | 3 . . | 9 7 .
. . . | . . 5 | 6 . .
. . . | . . . | 4 . 1","[[7, 6, 2, 1, 8, 4, 3, 9, 5], [5, 3, 4, 2, 7, 9, 1, 6, 8], [8, 1, 9, 5, 6, 3, 7, 2, 4], [1, 8, 7, 6, 4, 2, 5, 3, 9], [6, 4, 5, 9, 3, 8, 2, 1, 7], [9, 2, 3, 7, 5, 1, 8, 4, 6], [4, 5, 8, 3, 1, 6, 9, 7, 2], [2, 7, 1, 4, 9, 5, 6, 8, 3], [3, 9, 6, 8, 2, 7, 4, 5, 1]]","{""num_givens"": 30, ""grid_size"": 9}"
sudoku_baseline_0085,sudoku_baseline,baseline,"[[0, 6, 0, 0, 7, 8, 4, 0, 0], [0, 0, 0, 3, 0, 5, 0, 0, 0], [0, 0, 0, 9, 0, 0, 0, 5, 0], [7, 0, 0, 5, 1, 0, 0, 8, 4], [1, 0, 0, 0, 0, 6, 0, 7, 3], [3, 0, 0, 7, 0, 0, 9, 0, 0], [0, 0, 0, 0, 0, 2, 1, 0, 0], [0, 0, 0, 0, 0, 0, 5, 0, 7], [4, 0, 9, 1, 8, 7, 0, 2, 0]]","Solve the following standard Sudoku puzzle.
Rules: Fill the 9×9 grid so that each row, column, and 3×3 box contains each of the digits 1 through 9 exactly once.

Puzzle (. = empty cell):
. 6 . | . 7 8 | 4 . .
. . . | 3 . 5 | . . .
. . . | 9 . . | . 5 .
---------------------
7 . . | 5 1 . | . 8 4
1 . . | . . 6 | . 7 3
3 . . | 7 . . | 9 . .
---------------------
. . . | . . 2 | 1 . .
. . . | . . . | 5 . 7
4 . 9 | 1 8 7 | . 2 .","[[5, 6, 1, 2, 7, 8, 4, 3, 9], [9, 2, 7, 3, 4, 5, 8, 6, 1], [8, 3, 4, 9, 6, 1, 7, 5, 2], [7, 9, 2, 5, 1, 3, 6, 8, 4], [1, 4, 5, 8, 9, 6, 2, 7, 3], [3, 8, 6, 7, 2, 4, 9, 1, 5], [6, 7, 3, 4, 5, 2, 1, 9, 8], [2, 1, 8, 6, 3, 9, 5, 4, 7], [4, 5, 9, 1, 8, 7, 3, 2, 6]]","{""num_givens"": 30, ""grid_size"": 9}"
sudoku_baseline_0086,sudoku_baseline,baseline,"[[0, 1, 0, 8, 9, 2, 0, 0, 0], [0, 3, 0, 1, 0, 0, 0, 0, 0], [0, 0, 0, 3, 0, 6, 7, 0, 0], [0, 0, 0, 9, 0, 0, 0, 6, 2], [0, 0, 0, 0, 0, 1, 0, 7, 4], [0, 0, 9, 0, 0, 5, 3, 0, 0], [2, 8, 0, 0, 6, 0, 0, 0, 0], [0, 0, 5, 2, 0, 7, 6, 0, 0], [7, 0, 0, 4, 0, 3, 2, 5, 0]]","Solve the following standard Sudoku puzzle.
Rules: Fill the 9×9 grid so that each row, column, and 3×3 box contains each of the digits 1 through 9 exactly once.

Puzzle (. = empty cell):
. 1 . | 8 9 2 | . . .
. 3 . | 1 . . | . . .
. . . | 3 . 6 | 7 . .
---------------------
. . . | 9 . . | . 6 2
. . . | . . 1 | . 7 4
. . 9 | . . 5 | 3 . .
---------------------
2 8 . | . 6 . | . . .
. . 5 | 2 . 7 | 6 . .
7 . . | 4 . 3 | 2 5 .","[[5, 1, 7, 8, 9, 2, 4, 3, 6], [9, 3, 6, 1, 7, 4, 8, 2, 5], [8, 4, 2, 3, 5, 6, 7, 9, 1], [1, 7, 4, 9, 3, 8, 5, 6, 2], [3, 5, 8, 6, 2, 1, 9, 7, 4], [6, 2, 9, 7, 4, 5, 3, 1, 8], [2, 8, 3, 5, 6, 9, 1, 4, 7], [4, 9, 5, 2, 1, 7, 6, 8, 3], [7, 6, 1, 4, 8, 3, 2, 5, 9]]","{""num_givens"": 30, ""grid_size"": 9}"
sudoku_baseline_0087,sudoku_baseline,baseline,"[[0, 0, 0, 8, 4, 3, 0, 5, 9], [5, 0, 0, 0, 0, 7, 4, 0, 0], [0, 0, 0, 0, 0, 0, 1, 8, 2], [6, 0, 0, 2, 0, 4, 0, 0, 0], [0, 7, 0, 0, 9, 0, 0, 4, 0], [1, 4, 0, 0, 0, 6, 9, 0, 0], [0, 0, 0, 4, 0, 2, 3, 0, 7], [0, 0, 0, 0, 0, 5, 0, 0, 8], [0, 0, 0, 3, 0, 0, 5, 6, 0]]","Solve the following standard Sudoku puzzle.
Rules: Fill the 9×9 grid so that each row, column, and 3×3 box contains each of the digits 1 through 9 exactly once.

Puzzle (. = empty cell):
. . . | 8 4 3 | . 5 9
5 . . | . . 7 | 4 . .
. . . | . . . | 1 8 2
---------------------
6 . . | 2 . 4 | . . .
. 7 . | . 9 . | . 4 .
1 4 . | . . 6 | 9 . .
---------------------
. . . | 4 . 2 | 3 . 7
. . . | . . 5 | . . 8
. . . | 3 . . | 5 6 .","[[2, 1, 6, 8, 4, 3, 7, 5, 9], [5, 8, 9, 1, 2, 7, 4, 3, 6], [7, 3, 4, 6, 5, 9, 1, 8, 2], [6, 9, 5, 2, 1, 4, 8, 7, 3], [3, 7, 2, 5, 9, 8, 6, 4, 1], [1, 4, 8, 7, 3, 6, 9, 2, 5], [8, 5, 1, 4, 6, 2, 3, 9, 7], [4, 6, 3, 9, 7, 5, 2, 1, 8], [9, 2, 7, 3, 8, 1, 5, 6, 4]]","{""num_givens"": 30, ""grid_size"": 9}"
sudoku_baseline_0088,sudoku_baseline,baseline,"[[0, 0, 9, 0, 0, 0, 8, 0, 7], [8, 0, 0, 0, 9, 0, 5, 0, 0], [0, 0, 0, 4, 0, 7, 0, 3, 0], [0, 0, 0, 0, 0, 9, 0, 0, 2], [9, 8, 5, 0, 0, 0, 1, 0, 0], [7, 0, 4, 1, 5, 0, 0, 0, 0], [5, 0, 0, 7, 0, 0, 0, 0, 0], [0, 9, 3, 0, 0, 4, 0, 0, 0], [0, 4, 7, 9, 2, 0, 3, 0, 5]]","Solve the following standard Sudoku puzzle.
Rules: Fill the 9×9 grid so that each row, column, and 3×3 box contains each of the digits 1 through 9 exactly once.

Puzzle (. = empty cell):
. . 9 | . . . | 8 . 7
8 . . | . 9 . | 5 . .
. . . | 4 . 7 | . 3 .
---------------------
. . . | . . 9 | . . 2
9 8 5 | . . . | 1 . .
7 . 4 | 1 5 . | . . .
---------------------
5 . . | 7 . . | . . .
. 9 3 | . . 4 | . . .
. 4 7 | 9 2 . | 3 . 5","[[4, 3, 9, 6, 1, 5, 8, 2, 7], [8, 7, 1, 3, 9, 2, 5, 4, 6], [6, 5, 2, 4, 8, 7, 9, 3, 1], [3, 1, 6, 8, 7, 9, 4, 5, 2], [9, 8, 5, 2, 4, 6, 1, 7, 3], [7, 2, 4, 1, 5, 3, 6, 8, 9], [5, 6, 8, 7, 3, 1, 2, 9, 4], [2, 9, 3, 5, 6, 4, 7, 1, 8], [1, 4, 7, 9, 2, 8, 3, 6, 5]]","{""num_givens"": 30, ""grid_size"": 9}"
sudoku_baseline_0089,sudoku_baseline,baseline,"[[0, 0, 1, 8, 3, 0, 0, 4, 0], [0, 6, 4, 0, 0, 0, 0, 8, 3], [0, 0, 3, 0, 0, 0, 1, 0, 0], [0, 0, 0, 7, 0, 0, 0, 0, 0], [3, 0, 0, 0, 4, 0, 0, 6, 8], [0, 8, 0, 0, 9, 1, 3, 2, 0], [0, 0, 7, 3, 0, 0, 0, 0, 6], [5, 0, 0, 1, 0, 0, 8, 0, 7], [0, 0, 0, 0, 7, 9, 0, 1, 0]]","Solve the following standard Sudoku puzzle.
Rules: Fill the 9×9 grid so that each row, column, and 3×3 box contains each of the digits 1 through 9 exactly once.

Puzzle (. = empty cell):
. . 1 | 8 3 . | . 4 .
. 6 4 | . . . | . 8 3
. . 3 | . . . | 1 . .
---------------------
. . . | 7 . . | . . .
3 . . | . 4 . | . 6 8
. 8 . | . 9 1 | 3 2 .
---------------------
. . 7 | 3 . . | . . 6
5 . . | 1 . . | 8 . 7
. . . | . 7 9 | . 1 .","[[9, 7, 1, 8, 3, 5, 6, 4, 2], [2, 6, 4, 9, 1, 7, 5, 8, 3], [8, 5, 3, 4, 2, 6, 1, 7, 9], [4, 2, 6, 7, 8, 3, 9, 5, 1], [3, 1, 9, 5, 4, 2, 7, 6, 8], [7, 8, 5, 6, 9, 1, 3, 2, 4], [1, 4, 7, 3, 5, 8, 2, 9, 6], [5, 9, 2, 1, 6, 4, 8, 3, 7], [6, 3, 8, 2, 7, 9, 4, 1, 5]]","{""num_givens"": 30, ""grid_size"": 9}"
sudoku_baseline_0090,sudoku_baseline,baseline,"[[0, 0, 7, 0, 1, 0, 0, 0, 2], [0, 1, 0, 6, 0, 0, 9, 5, 0], [0, 0, 0, 0, 9, 0, 0, 0, 0], [0, 3, 6, 0, 0, 2, 0, 4, 0], [2, 4, 5, 0, 7, 9, 6, 8, 1], [0, 0, 0, 4, 0, 0, 5, 0, 0], [0, 6, 0, 0, 0, 0, 0, 0, 0], [5, 8, 2, 0, 0, 0, 1, 0, 0], [0, 0, 0, 0, 6, 0, 0, 9, 8]]","Solve the following standard Sudoku puzzle.
Rules: Fill the 9×9 grid so that each row, column, and 3×3 box contains each of the digits 1 through 9 exactly once.

Puzzle (. = empty cell):
. . 7 | . 1 . | . . 2
. 1 . | 6 . . | 9 5 .
. . . | . 9 . | . . .
---------------------
. 3 6 | . . 2 | . 4 .
2 4 5 | . 7 9 | 6 8 1
. . . | 4 . . | 5 . .
---------------------
. 6 . | . . . | . . .
5 8 2 | . . . | 1 . .
. . . | . 6 . | . 9 8","[[9, 5, 7, 8, 1, 4, 3, 6, 2], [4, 1, 8, 6, 2, 3, 9, 5, 7], [6, 2, 3, 7, 9, 5, 8, 1, 4], [8, 3, 6, 1, 5, 2, 7, 4, 9], [2, 4, 5, 3, 7, 9, 6, 8, 1], [7, 9, 1, 4, 8, 6, 5, 2, 3], [1, 6, 9, 2, 3, 8, 4, 7, 5], [5, 8, 2, 9, 4, 7, 1, 3, 6], [3, 7, 4, 5, 6, 1, 2, 9, 8]]","{""num_givens"": 30, ""grid_size"": 9}"
sudoku_baseline_0091,sudoku_baseline,baseline,"[[6, 0, 0, 0, 1, 0, 0, 3, 0], [0, 8, 2, 0, 0, 0, 4, 7, 0], [0, 0, 7, 5, 8, 0, 0, 0, 0], [0, 0, 0, 0, 4, 7, 0, 6, 2], [5, 0, 0, 0, 0, 6, 0, 0, 0], [7, 6, 0, 0, 5, 0, 0, 0, 0], [2, 0, 1, 0, 7, 0, 3, 4, 0], [0, 0, 0, 0, 2, 1, 0, 0, 6], [4, 5, 0, 9, 0, 0, 0, 0, 0]]","Solve the following standard Sudoku puzzle.
Rules: Fill the 9×9 grid so that each row, column, and 3×3 box contains each of the digits 1 through 9 exactly once.

Puzzle (. = empty cell):
6 . . | . 1 . | . 3 .
. 8 2 | . . . | 4 7 .
. . 7 | 5 8 . | . . .
---------------------
. . . | . 4 7 | . 6 2
5 . . | . . 6 | . . .
7 6 . | . 5 . | . . .
---------------------
2 . 1 | . 7 . | 3 4 .
. . . | . 2 1 | . . 6
4 5 . | 9 . . | . . .","[[6, 4, 5, 7, 1, 2, 8, 3, 9], [1, 8, 2, 3, 6, 9, 4, 7, 5], [9, 3, 7, 5, 8, 4, 6, 2, 1], [3, 1, 9, 8, 4, 7, 5, 6, 2], [5, 2, 4, 1, 9, 6, 7, 8, 3], [7, 6, 8, 2, 5, 3, 1, 9, 4], [2, 9, 1, 6, 7, 5, 3, 4, 8], [8, 7, 3, 4, 2, 1, 9, 5, 6], [4, 5, 6, 9, 3, 8, 2, 1, 7]]","{""num_givens"": 30, ""grid_size"": 9}"
sudoku_baseline_0092,sudoku_baseline,baseline,"[[0, 0, 0, 0, 0, 0, 0, 7, 0], [6, 0, 0, 9, 3, 0, 5, 0, 8], [5, 2, 8, 7, 0, 0, 0, 0, 9], [1, 0, 0, 3, 6, 0, 0, 4, 0], [0, 0, 5, 0, 0, 7, 0, 0, 0], [0, 6, 0, 0, 0, 4, 8, 2, 0], [8, 0, 0, 0, 0, 0, 0, 0, 0], [0, 7, 0, 0, 0, 0, 2, 0, 0], [2, 1, 0, 4, 0, 0, 7, 8, 6]]","Solve the following standard Sudoku puzzle.
Rules: Fill the 9×9 grid so that each row, column, and 3×3 box contains each of the digits 1 through 9 exactly once.

Puzzle (. = empty cell):
. . . | . . . | . 7 .
6 . . | 9 3 . | 5 . 8
5 2 8 | 7 . . | . . 9
---------------------
1 . . | 3 6 . | . 4 .
. . 5 | . . 7 | . . .
. 6 . | . . 4 | 8 2 .
---------------------
8 . . | . . . | . . .
. 7 . | . . . | 2 . .
2 1 . | 4 . . | 7 8 6","[[9, 3, 1, 5, 4, 8, 6, 7, 2], [6, 4, 7, 9, 3, 2, 5, 1, 8], [5, 2, 8, 7, 1, 6, 4, 3, 9], [1, 8, 2, 3, 6, 5, 9, 4, 7], [4, 9, 5, 8, 2, 7, 1, 6, 3], [7, 6, 3, 1, 9, 4, 8, 2, 5], [8, 5, 6, 2, 7, 1, 3, 9, 4], [3, 7, 4, 6, 8, 9, 2, 5, 1], [2, 1, 9, 4, 5, 3, 7, 8, 6]]","{""num_givens"": 30, ""grid_size"": 9}"
sudoku_baseline_0093,sudoku_baseline,baseline,"[[8, 5, 4, 0, 0, 0, 0, 0, 0], [0, 0, 1, 5, 0, 0, 0, 6, 2], [0, 7, 0, 0, 9, 1, 4, 0, 0], [0, 0, 0, 0, 0, 0, 0, 0, 0], [1, 0, 0, 0, 0, 7, 8, 9, 5], [0, 9, 7, 8, 0, 3, 0, 1, 4], [4, 0, 0, 0, 0, 5, 0, 0, 0], [3, 0, 0, 0, 2, 0, 0, 0, 6], [0, 1, 0, 0, 0, 8, 5, 0, 0]]","Solve the following standard Sudoku puzzle.
Rules: Fill the 9×9 grid so that each row, column, and 3×3 box contains each of the digits 1 through 9 exactly once.

Puzzle (. = empty cell):
8 5 4 | . . . | . . .
. . 1 | 5 . . | . 6 2
. 7 . | . 9 1 | 4 . .
---------------------
. . . | . . . | . . .
1 . . | . . 7 | 8 9 5
. 9 7 | 8 . 3 | . 1 4
---------------------
4 . . | . . 5 | . . .
3 . . | . 2 . | . . 6
. 1 . | . . 8 | 5 . .","[[8, 5, 4, 6, 7, 2, 9, 3, 1], [9, 3, 1, 5, 8, 4, 7, 6, 2], [6, 7, 2, 3, 9, 1, 4, 5, 8], [5, 4, 8, 9, 1, 6, 2, 7, 3], [1, 6, 3, 2, 4, 7, 8, 9, 5], [2, 9, 7, 8, 5, 3, 6, 1, 4], [4, 2, 9, 1, 6, 5, 3, 8, 7], [3, 8, 5, 7, 2, 9, 1, 4, 6], [7, 1, 6, 4, 3, 8, 5, 2, 9]]","{""num_givens"": 30, ""grid_size"": 9}"
sudoku_baseline_0094,sudoku_baseline,baseline,"[[3, 0, 0, 4, 5, 0, 7, 0, 6], [0, 6, 0, 0, 0, 0, 2, 0, 0], [0, 9, 5, 0, 0, 0, 0, 8, 3], [0, 0, 0, 1, 0, 4, 3, 0, 0], [0, 3, 0, 0, 9, 0, 8, 0, 0], [9, 0, 0, 0, 0, 6, 1, 0, 7], [0, 5, 6, 0, 0, 0, 0, 0, 0], [0, 0, 0, 0, 0, 5, 0, 0, 8], [7, 2, 9, 0, 0, 0, 5, 0, 1]]","Solve the following standard Sudoku puzzle.
Rules: Fill the 9×9 grid so that each row, column, and 3×3 box contains each of the digits 1 through 9 exactly once.

Puzzle (. = empty cell):
3 . . | 4 5 . | 7 . 6
. 6 . | . . . | 2 . .
. 9 5 | . . . | . 8 3
---------------------
. . . | 1 . 4 | 3 . .
. 3 . | . 9 . | 8 . .
9 . . | . . 6 | 1 . 7
---------------------
. 5 6 | . . . | . . .
. . . | . . 5 | . . 8
7 2 9 | . . . | 5 . 1","[[3, 1, 8, 4, 5, 2, 7, 9, 6], [4, 6, 7, 8, 3, 9, 2, 1, 5], [2, 9, 5, 7, 6, 1, 4, 8, 3], [5, 7, 2, 1, 8, 4, 3, 6, 9], [6, 3, 1, 5, 9, 7, 8, 4, 2], [9, 8, 4, 3, 2, 6, 1, 5, 7], [8, 5, 6, 2, 1, 3, 9, 7, 4], [1, 4, 3, 9, 7, 5, 6, 2, 8], [7, 2, 9, 6, 4, 8, 5, 3, 1]]","{""num_givens"": 30, ""grid_size"": 9}"
sudoku_baseline_0095,sudoku_baseline,baseline,"[[0, 0, 0, 0, 0, 3, 5, 0, 0], [0, 0, 8, 0, 0, 5, 0, 0, 6], [0, 0, 0, 0, 2, 0, 0, 3, 0], [0, 9, 5, 0, 4, 0, 3, 0, 0], [7, 1, 0, 0, 0, 2, 8, 0, 0], [3, 0, 0, 5, 7, 0, 1, 0, 0], [1, 0, 0, 8, 0, 7, 0, 0, 3], [8, 0, 9, 0, 0, 0, 0, 4, 0], [0, 0, 3, 2, 0, 4, 7, 0, 0]]","Solve the following standard Sudoku puzzle.
Rules: Fill the 9×9 grid so that each row, column, and 3×3 box contains each of the digits 1 through 9 exactly once.

Puzzle (. = empty cell):
. . . | . . 3 | 5 . .
. . 8 | . . 5 | . . 6
. . . | . 2 . | . 3 .
---------------------
. 9 5 | . 4 . | 3 . .
7 1 . | . . 2 | 8 . .
3 . . | 5 7 . | 1 . .
---------------------
1 . . | 8 . 7 | . . 3
8 . 9 | . . . | . 4 .
. . 3 | 2 . 4 | 7 . .","[[6, 2, 7, 4, 8, 3, 5, 1, 9], [4, 3, 8, 9, 1, 5, 2, 7, 6], [9, 5, 1, 7, 2, 6, 4, 3, 8], [2, 9, 5, 1, 4, 8, 3, 6, 7], [7, 1, 4, 6, 3, 2, 8, 9, 5], [3, 8, 6, 5, 7, 9, 1, 2, 4], [1, 4, 2, 8, 6, 7, 9, 5, 3], [8, 7, 9, 3, 5, 1, 6, 4, 2], [5, 6, 3, 2, 9, 4, 7, 8, 1]]","{""num_givens"": 30, ""grid_size"": 9}"
sudoku_baseline_0096,sudoku_baseline,baseline,"[[8, 4, 0, 1, 0, 0, 0, 2, 0], [0, 0, 0, 7, 0, 0, 0, 6, 0], [7, 0, 0, 0, 0, 0, 0, 0, 4], [0, 0, 0, 0, 2, 0, 5, 0, 0], [4, 6, 8, 0, 1, 5, 0, 0, 0], [2, 0, 9, 6, 0, 3, 0, 4, 8], [0, 1, 0, 0, 3, 0, 0, 0, 2], [0, 0, 5, 0, 6, 1, 0, 0, 7], [0, 0, 0, 0, 4, 0, 0, 5, 0]]","Solve the following standard Sudoku puzzle.
Rules: Fill the 9×9 grid so that each row, column, and 3×3 box contains each of the digits 1 through 9 exactly once.

Puzzle (. = empty cell):
8 4 . | 1 . . | . 2 .
. . . | 7 . . | . 6 .
7 . . | . . . | . . 4
---------------------
. . . | . 2 . | 5 . .
4 6 8 | . 1 5 | . . .
2 . 9 | 6 . 3 | . 4 8
---------------------
. 1 . | . 3 . | . . 2
. . 5 | . 6 1 | . . 7
. . . | . 4 . | . 5 .","[[8, 4, 3, 1, 9, 6, 7, 2, 5], [5, 2, 1, 7, 8, 4, 3, 6, 9], [7, 9, 6, 3, 5, 2, 8, 1, 4], [1, 3, 7, 4, 2, 8, 5, 9, 6], [4, 6, 8, 9, 1, 5, 2, 7, 3], [2, 5, 9, 6, 7, 3, 1, 4, 8], [6, 1, 4, 5, 3, 7, 9, 8, 2], [9, 8, 5, 2, 6, 1, 4, 3, 7], [3, 7, 2, 8, 4, 9, 6, 5, 1]]","{""num_givens"": 30, ""grid_size"": 9}"
sudoku_baseline_0097,sudoku_baseline,baseline,"[[0, 2, 6, 3, 0, 0, 0, 9, 4], [7, 0, 0, 6, 0, 0, 5, 1, 0], [0, 0, 0, 5, 0, 0, 2, 0, 0], [0, 0, 0, 0, 3, 0, 0, 0, 0], [0, 5, 9, 0, 4, 0, 0, 0, 0], [1, 3, 0, 9, 5, 0, 0, 8, 0], [0, 0, 0, 0, 0, 5, 4, 6, 9], [0, 0, 0, 0, 6, 3, 0, 5, 2], [0, 0, 0, 0, 1, 0, 7, 0, 0]]","Solve the following standard Sudoku puzzle.
Rules: Fill the 9×9 grid so that each row, column, and 3×3 box contains each of the digits 1 through 9 exactly once.

Puzzle (. = empty cell):
. 2 6 | 3 . . | . 9 4
7 . . | 6 . . | 5 1 .
. . . | 5 . . | 2 . .
---------------------
. . . | . 3 . | . . .
. 5 9 | . 4 . | . . .
1 3 . | 9 5 . | . 8 .
---------------------
. . . | . . 5 | 4 6 9
. . . | . 6 3 | . 5 2
. . . | . 1 . | 7 . .","[[5, 2, 6, 3, 7, 1, 8, 9, 4], [7, 9, 8, 6, 2, 4, 5, 1, 3], [3, 4, 1, 5, 9, 8, 2, 7, 6], [8, 7, 2, 1, 3, 6, 9, 4, 5], [6, 5, 9, 8, 4, 7, 3, 2, 1], [1, 3, 4, 9, 5, 2, 6, 8, 7], [2, 1, 3, 7, 8, 5, 4, 6, 9], [9, 8, 7, 4, 6, 3, 1, 5, 2], [4, 6, 5, 2, 1, 9, 7, 3, 8]]","{""num_givens"": 30, ""grid_size"": 9}"
sudoku_baseline_0098,sudoku_baseline,baseline,"[[9, 1, 5, 0, 0, 0, 0, 0, 0], [6, 0, 2, 1, 0, 0, 0, 0, 0], [0, 0, 0, 0, 0, 2, 0, 0, 7], [0, 4, 0, 8, 0, 0, 6, 3, 0], [5, 0, 1, 7, 0, 6, 0, 0, 9], [0, 0, 6, 0, 3, 9, 4, 0, 0], [0, 0, 8, 3, 0, 0, 1, 0, 0], [0, 0, 0, 6, 0, 0, 7, 0, 0], [0, 5, 0, 0, 0, 0, 8, 9, 6]]","Solve the following standard Sudoku puzzle.
Rules: Fill the 9×9 grid so that each row, column, and 3×3 box contains each of the digits 1 through 9 exactly once.

Puzzle (. = empty cell):
9 1 5 | . . . | . . .
6 . 2 | 1 . . | . . .
. . . | . . 2 | . . 7
---------------------
. 4 . | 8 . . | 6 3 .
5 . 1 | 7 . 6 | . . 9
. . 6 | . 3 9 | 4 . .
---------------------
. . 8 | 3 . . | 1 . .
. . . | 6 . . | 7 . .
. 5 . | . . . | 8 9 6","[[9, 1, 5, 4, 7, 8, 3, 6, 2], [6, 7, 2, 1, 5, 3, 9, 4, 8], [4, 8, 3, 9, 6, 2, 5, 1, 7], [7, 4, 9, 8, 2, 1, 6, 3, 5], [5, 3, 1, 7, 4, 6, 2, 8, 9], [8, 2, 6, 5, 3, 9, 4, 7, 1], [2, 6, 8, 3, 9, 7, 1, 5, 4], [1, 9, 4, 6, 8, 5, 7, 2, 3], [3, 5, 7, 2, 1, 4, 8, 9, 6]]","{""num_givens"": 30, ""grid_size"": 9}"
sudoku_baseline_0099,sudoku_baseline,baseline,"[[9, 0, 0, 0, 7, 5, 8, 0, 0], [2, 1, 8, 0, 9, 0, 0, 7, 4], [0, 0, 5, 0, 0, 1, 0, 6, 0], [7, 0, 9, 8, 0, 0, 0, 0, 1], [0, 8, 0, 0, 1, 0, 0, 3, 0], [0, 3, 0, 0, 0, 0, 7, 0, 5], [8, 0, 1, 9, 0, 7, 0, 0, 0], [3, 0, 0, 0, 0, 0, 0, 0, 0], [0, 4, 0, 0, 0, 0, 0, 0, 7]]","Solve the following standard Sudoku puzzle.
Rules: Fill the 9×9 grid so that each row, column, and 3×3 box contains each of the digits 1 through 9 exactly once.

Puzzle (. = empty cell):
9 . . | . 7 5 | 8 . .
2 1 8 | . 9 . | . 7 4
. . 5 | . . 1 | . 6 .
---------------------
7 . 9 | 8 . . | . . 1
. 8 . | . 1 . | . 3 .
. 3 . | . . . | 7 . 5
---------------------
8 . 1 | 9 . 7 | . . .
3 . . | . . . | . . .
. 4 . | . . . | . . 7","[[9, 6, 3, 4, 7, 5, 8, 1, 2], [2, 1, 8, 3, 9, 6, 5, 7, 4], [4, 7, 5, 2, 8, 1, 9, 6, 3], [7, 2, 9, 8, 5, 3, 6, 4, 1], [5, 8, 6, 7, 1, 4, 2, 3, 9], [1, 3, 4, 6, 2, 9, 7, 8, 5], [8, 5, 1, 9, 4, 7, 3, 2, 6], [3, 9, 7, 1, 6, 2, 4, 5, 8], [6, 4, 2, 5, 3, 8, 1, 9, 7]]","{""num_givens"": 30, ""grid_size"": 9}"
sudoku_baseline_0100,sudoku_baseline,baseline,"[[9, 1, 0, 4, 0, 0, 6, 5, 3], [0, 0, 0, 0, 8, 0, 0, 4, 1], [0, 0, 0, 0, 5, 0, 7, 0, 0], [5, 0, 9, 0, 0, 2, 0, 0, 0], [6, 0, 1, 0, 0, 0, 0, 0, 9], [2, 8, 0, 0, 3, 9, 0, 0, 0], [0, 0, 3, 5, 0, 1, 0, 0, 0], [0, 0, 0, 0, 0, 0, 3, 1, 0], [1, 0, 7, 0, 9, 8, 0, 0, 0]]","Solve the following standard Sudoku puzzle.
Rules: Fill the 9×9 grid so that each row, column, and 3×3 box contains each of the digits 1 through 9 exactly once.

Puzzle (. = empty cell):
9 1 . | 4 . . | 6 5 3
. . . | . 8 . | . 4 1
. . . | . 5 . | 7 . .
---------------------
5 . 9 | . . 2 | . . .
6 . 1 | . . . | . . 9
2 8 . | . 3 9 | . . .
---------------------
. . 3 | 5 . 1 | . . .
. . . | . . . | 3 1 .
1 . 7 | . 9 8 | . . .","[[9, 1, 8, 4, 2, 7, 6, 5, 3], [7, 5, 6, 9, 8, 3, 2, 4, 1], [3, 4, 2, 1, 5, 6, 7, 9, 8], [5, 7, 9, 8, 1, 2, 4, 3, 6], [6, 3, 1, 7, 4, 5, 8, 2, 9], [2, 8, 4, 6, 3, 9, 1, 7, 5], [4, 6, 3, 5, 7, 1, 9, 8, 2], [8, 9, 5, 2, 6, 4, 3, 1, 7], [1, 2, 7, 3, 9, 8, 5, 6, 4]]","{""num_givens"": 30, ""grid_size"": 9}"
