id,rule,state,puzzle,question,option_A,option_B,option_C,option_D,correct_option,correct_answer,params
sudoku_cf4_hex_0001,sudoku_cf4_hex,counterfactual,"[[null, null, null, null, null, null, null, null, 9, null, null, 7, 0, null, 4, null], [9, 5, 7, null, 6, null, null, 10, null, 15, null, null, 13, null, null, null], [null, null, null, 8, 15, null, null, 11, 10, 6, null, 14, null, null, null, null], [null, 0, null, null, null, 5, 7, null, 2, null, 13, 1, null, null, 14, 10], [null, null, null, 2, 11, 7, null, 3, null, null, 1, null, null, null, null, null], [8, null, null, 10, null, null, null, null, null, null, 14, null, 7, 11, 0, null], [null, 14, 5, null, null, 1, 12, null, null, null, null, null, 4, 2, null, null], [null, null, null, null, 9, 14, 5, null, null, null, null, null, null, null, 12, 8], [null, null, 15, null, null, null, null, null, 1, 12, null, null, null, null, 6, 14], [null, 10, null, 5, null, 2, 8, null, 7, null, null, 3, null, null, 15, null], [1, null, 8, 12, 13, 11, null, 4, null, 5, null, 6, null, null, 3, 7], [7, null, null, 0, 5, 10, 6, 14, null, null, 11, null, null, null, null, null], [null, 8, 10, null, 1, 15, 2, null, null, null, 6, null, null, 4, null, 0], [13, null, 2, null, 4, 3, null, null, null, null, 8, null, 6, 7, null, 5], [null, null, 9, null, 14, null, null, 12, null, null, 3, null, null, null, null, null], [null, 3, 11, null, null, null, null, null, null, 1, null, null, null, 14, null, null]]","Solve the following hexadecimal Sudoku puzzle.
Rule change: The grid is 16×16 (instead of 9×9). The blocks are 4×4 (instead of 3×3). The valid symbols are the hexadecimal digits {0, 1, 2, 3, 4, 5, 6, 7, 8, 9, A, B, C, D, E, F}. Each row, column, and 4×4 block must contain each symbol exactly once.

Puzzle (. = empty cell):
. . . . | . . . . | 9 . . 7 | . . 4 .
9 5 7 . | 6 . . A | . F . . | D . . .
. . . 8 | F . . B | A 6 . E | . . . .
. . . . | . 5 7 . | 2 . D 1 | . . E A
-------------------------------------
. . . 2 | B 7 . 3 | . . 1 . | . . . .
8 . . A | . . . . | . . E . | 7 B . .
. E 5 . | . 1 C . | . . . . | 4 2 . .
. . . . | 9 E 5 . | . . . . | . . C 8
-------------------------------------
. . F . | . . . . | 1 C . . | . . 6 E
. A . 5 | . 2 8 . | 7 . . 3 | . . F .
1 . 8 C | D B . 4 | . 5 . 6 | . . 3 7
7 . . . | 5 A 6 E | . . B . | . . . .
-------------------------------------
. 8 A . | 1 F 2 . | . . 6 . | . 4 . .
D . 2 . | 4 3 . . | . . 8 . | 6 7 . 5
. . 9 . | E . . C | . . 3 . | . . . .
. 3 B . | . . . . | . 1 . . | . E . .

Which of the following is the correct completed solution?","[[10, 12, 14, 6, 8, 13, 1, 2, 9, 3, 5, 7, 0, 15, 4, 11], [9, 5, 7, 3, 6, 12, 14, 10, 4, 15, 0, 11, 13, 8, 1, 2], [2, 13, 1, 8, 15, 0, 4, 11, 10, 6, 12, 14, 5, 3, 7, 9], [11, 0, 4, 15, 3, 5, 7, 9, 2, 8, 13, 1, 12, 6, 14, 10], [15, 4, 13, 2, 11, 7, 0, 3, 8, 10, 1, 12, 14, 9, 5, 6], [8, 1, 12, 10, 2, 4, 13, 15, 6, 9, 14, 5, 7, 11, 0, 3], [6, 14, 5, 9, 10, 1, 12, 8, 3, 11, 7, 0, 4, 2, 13, 15], [3, 7, 0, 11, 9, 14, 5, 6, 15, 2, 4, 13, 1, 10, 12, 8], [4, 11, 15, 13, 0, 9, 3, 7, 1, 12, 2, 8, 10, 5, 6, 14], [14, 10, 6, 5, 12, 2, 8, 1, 7, 0, 9, 3, 11, 13, 15, 4], [1, 2, 8, 12, 13, 11, 15, 4, 14, 5, 10, 6, 9, 0, 3, 7], [7, 9, 3, 0, 5, 10, 6, 14, 4, 13, 11, 15, 2, 12, 8, 1], [12, 8, 10, 14, 1, 15, 2, 13, 5, 7, 6, 9, 3, 4, 11, 0], [13, 15, 2, 1, 4, 3, 11, 0, 12, 14, 8, 10, 6, 7, 9, 5], [5, 6, 9, 7, 14, 8, 10, 12, 0, 4, 3, 11, 15, 1, 2, 13], [0, 3, 11, 4, 7, 6, 9, 5, 13, 1, 15, 2, 8, 14, 10, 12]]","[[10, 12, 14, 6, 8, 13, 1, 2, 9, 3, 5, 7, 0, 15, 4, 11], [9, 5, 7, 3, 6, 12, 14, 10, 11, 15, 0, 4, 13, 8, 1, 2], [2, 13, 1, 8, 15, 0, 4, 11, 10, 6, 12, 14, 5, 3, 7, 9], [11, 0, 4, 15, 3, 5, 7, 9, 2, 8, 13, 1, 12, 6, 14, 10], [15, 9, 13, 2, 11, 7, 0, 3, 8, 10, 1, 12, 14, 4, 5, 6], [8, 1, 12, 10, 2, 4, 13, 15, 6, 9, 14, 5, 7, 11, 0, 3], [6, 14, 5, 9, 10, 1, 12, 8, 3, 11, 7, 0, 4, 2, 13, 15], [3, 7, 0, 11, 9, 14, 5, 6, 15, 2, 4, 13, 1, 10, 12, 8], [4, 11, 15, 13, 0, 9, 3, 7, 1, 12, 2, 8, 10, 5, 6, 14], [14, 10, 6, 5, 12, 2, 8, 1, 7, 0, 9, 3, 11, 13, 15, 4], [1, 2, 8, 12, 13, 11, 15, 4, 14, 5, 10, 6, 9, 0, 3, 7], [7, 9, 3, 0, 5, 10, 6, 14, 4, 13, 11, 15, 2, 12, 8, 1], [12, 8, 10, 14, 1, 15, 2, 13, 5, 7, 6, 9, 3, 4, 11, 0], [13, 15, 2, 1, 4, 3, 11, 0, 12, 14, 8, 10, 6, 7, 9, 5], [5, 6, 9, 7, 14, 8, 10, 12, 0, 4, 3, 11, 15, 1, 2, 13], [0, 3, 11, 4, 7, 6, 9, 5, 13, 1, 15, 2, 8, 14, 10, 12]]","[[10, 12, 14, 6, 8, 13, 1, 2, 9, 3, 5, 7, 0, 15, 4, 11], [9, 5, 7, 3, 6, 12, 14, 10, 11, 15, 0, 4, 13, 8, 1, 2], [2, 13, 1, 8, 15, 0, 4, 11, 10, 6, 12, 14, 5, 3, 7, 9], [11, 0, 4, 15, 3, 5, 7, 9, 2, 8, 13, 1, 12, 6, 14, 10], [15, 4, 13, 2, 11, 7, 0, 3, 8, 10, 1, 12, 14, 9, 5, 6], [8, 1, 12, 10, 2, 4, 13, 15, 6, 9, 14, 5, 7, 11, 0, 3], [6, 14, 5, 9, 10, 1, 12, 8, 3, 11, 7, 0, 4, 2, 13, 15], [3, 7, 0, 11, 9, 14, 5, 6, 15, 2, 4, 13, 1, 10, 12, 8], [4, 11, 15, 13, 0, 9, 3, 7, 1, 12, 2, 8, 10, 5, 6, 14], [14, 10, 6, 5, 12, 2, 8, 1, 7, 0, 9, 3, 11, 13, 15, 4], [1, 2, 8, 12, 13, 11, 15, 4, 14, 5, 10, 6, 9, 0, 3, 7], [7, 9, 3, 0, 5, 10, 6, 14, 4, 13, 11, 15, 2, 12, 8, 1], [12, 8, 10, 14, 1, 15, 2, 13, 5, 7, 6, 9, 3, 4, 11, 0], [13, 15, 2, 1, 4, 3, 11, 0, 12, 14, 8, 10, 6, 7, 9, 5], [5, 6, 9, 7, 14, 8, 10, 12, 0, 4, 3, 11, 15, 1, 2, 13], [0, 3, 11, 4, 7, 6, 9, 5, 13, 1, 15, 2, 8, 14, 10, 12]]","[[10, 12, 14, 6, 8, 13, 1, 2, 9, 3, 5, 7, 0, 15, 4, 11], [9, 5, 7, 3, 6, 12, 14, 10, 11, 15, 0, 4, 13, 8, 1, 2], [2, 13, 1, 8, 15, 0, 4, 11, 10, 6, 12, 14, 5, 3, 7, 9], [11, 0, 4, 15, 3, 5, 7, 9, 2, 8, 13, 1, 12, 6, 14, 10], [15, 4, 13, 2, 11, 7, 0, 3, 8, 10, 1, 12, 14, 9, 5, 6], [8, 1, 12, 10, 2, 4, 13, 15, 6, 9, 14, 5, 7, 11, 0, 3], [6, 14, 5, 9, 10, 1, 12, 8, 3, 11, 7, 0, 4, 2, 13, 15], [3, 7, 0, 11, 9, 14, 5, 6, 15, 2, 4, 13, 1, 10, 12, 8], [4, 11, 15, 13, 0, 9, 3, 7, 1, 12, 2, 8, 10, 5, 6, 14], [14, 10, 6, 5, 12, 2, 8, 1, 7, 0, 9, 3, 11, 13, 15, 4], [1, 2, 8, 12, 13, 11, 15, 4, 14, 5, 10, 6, 9, 0, 3, 7], [7, 9, 3, 0, 5, 10, 6, 14, 4, 13, 11, 15, 2, 12, 8, 1], [14, 8, 10, 12, 1, 15, 2, 13, 5, 7, 6, 9, 3, 4, 11, 0], [13, 15, 2, 1, 4, 3, 11, 0, 12, 14, 8, 10, 6, 7, 9, 5], [5, 6, 9, 7, 14, 8, 10, 12, 0, 4, 3, 11, 15, 1, 2, 13], [0, 3, 11, 4, 7, 6, 9, 5, 13, 1, 15, 2, 8, 14, 10, 12]]",C,"[[10, 12, 14, 6, 8, 13, 1, 2, 9, 3, 5, 7, 0, 15, 4, 11], [9, 5, 7, 3, 6, 12, 14, 10, 11, 15, 0, 4, 13, 8, 1, 2], [2, 13, 1, 8, 15, 0, 4, 11, 10, 6, 12, 14, 5, 3, 7, 9], [11, 0, 4, 15, 3, 5, 7, 9, 2, 8, 13, 1, 12, 6, 14, 10], [15, 4, 13, 2, 11, 7, 0, 3, 8, 10, 1, 12, 14, 9, 5, 6], [8, 1, 12, 10, 2, 4, 13, 15, 6, 9, 14, 5, 7, 11, 0, 3], [6, 14, 5, 9, 10, 1, 12, 8, 3, 11, 7, 0, 4, 2, 13, 15], [3, 7, 0, 11, 9, 14, 5, 6, 15, 2, 4, 13, 1, 10, 12, 8], [4, 11, 15, 13, 0, 9, 3, 7, 1, 12, 2, 8, 10, 5, 6, 14], [14, 10, 6, 5, 12, 2, 8, 1, 7, 0, 9, 3, 11, 13, 15, 4], [1, 2, 8, 12, 13, 11, 15, 4, 14, 5, 10, 6, 9, 0, 3, 7], [7, 9, 3, 0, 5, 10, 6, 14, 4, 13, 11, 15, 2, 12, 8, 1], [12, 8, 10, 14, 1, 15, 2, 13, 5, 7, 6, 9, 3, 4, 11, 0], [13, 15, 2, 1, 4, 3, 11, 0, 12, 14, 8, 10, 6, 7, 9, 5], [5, 6, 9, 7, 14, 8, 10, 12, 0, 4, 3, 11, 15, 1, 2, 13], [0, 3, 11, 4, 7, 6, 9, 5, 13, 1, 15, 2, 8, 14, 10, 12]]","{""num_givens"": 100, ""grid_size"": 16}"
sudoku_cf4_hex_0002,sudoku_cf4_hex,counterfactual,"[[14, null, 1, null, null, null, 3, null, null, 11, 5, 13, null, 15, null, null], [null, null, null, 3, null, null, null, 5, null, null, 8, 2, 7, 6, null, null], [0, 11, null, null, null, 4, 2, 8, 14, 6, null, null, null, 12, null, null], [null, 15, null, 2, 6, 14, null, null, 9, 12, 10, null, 13, null, null, 5], [2, null, null, 15, 1, 7, 6, null, 3, null, null, null, null, null, 13, null], [null, null, null, null, 5, 13, null, 4, null, 8, 14, 15, null, 1, 7, null], [null, 5, null, null, null, null, 15, null, 7, 1, null, null, 12, 10, 3, null], [null, 1, null, null, null, 3, null, null, 13, null, null, null, null, 8, null, null], [null, 14, null, null, null, null, null, null, null, null, null, 10, null, 4, null, 2], [null, null, null, null, null, 15, null, null, null, null, 3, null, null, null, 12, null], [null, null, 3, 1, null, null, null, null, null, null, 2, 5, null, null, 15, 7], [12, null, 13, 10, 4, null, null, 2, null, null, null, null, null, 9, 6, null], [null, null, null, null, 3, 1, null, null, null, null, null, null, 4, null, null, null], [null, null, null, 0, 2, 5, 4, null, 8, 7, 6, null, null, 3, 1, null], [null, null, null, 9, null, null, null, 11, 5, null, null, null, null, 7, null, 6], [null, null, null, null, 7, null, null, null, 1, 3, 12, 9, null, null, 10, 11]]","Solve the following hexadecimal Sudoku puzzle.
Rule change: The grid is 16×16 (instead of 9×9). The blocks are 4×4 (instead of 3×3). The valid symbols are the hexadecimal digits {0, 1, 2, 3, 4, 5, 6, 7, 8, 9, A, B, C, D, E, F}. Each row, column, and 4×4 block must contain each symbol exactly once.

Puzzle (. = empty cell):
E . 1 . | . . 3 . | . B 5 D | . F . .
. . . 3 | . . . 5 | . . 8 2 | 7 6 . .
. B . . | . 4 2 8 | E 6 . . | . C . .
. F . 2 | 6 E . . | 9 C A . | D . . 5
-------------------------------------
2 . . F | 1 7 6 . | 3 . . . | . . D .
. . . . | 5 D . 4 | . 8 E F | . 1 7 .
. 5 . . | . . F . | 7 1 . . | C A 3 .
. 1 . . | . 3 . . | D . . . | . 8 . .
-------------------------------------
. E . . | . . . . | . . . A | . 4 . 2
. . . . | . F . . | . . 3 . | . . C .
. . 3 1 | . . . . | . . 2 5 | . . F 7
C . D A | 4 . . 2 | . . . . | . 9 6 .
-------------------------------------
. . . . | 3 1 . . | . . . . | 4 . . .
. . . . | 2 5 4 . | 8 7 6 . | . 3 1 .
. . . 9 | . . . B | 5 . . . | . 7 . 6
. . . . | 7 . . . | 1 3 C 9 | . . A B

Which of the following is the correct completed solution?","[[14, 6, 1, 7, 12, 9, 3, 10, 0, 11, 5, 13, 2, 15, 4, 8], [9, 12, 10, 3, 11, 0, 13, 5, 4, 15, 8, 2, 7, 6, 14, 1], [0, 11, 5, 13, 15, 4, 2, 8, 14, 6, 1, 7, 3, 12, 9, 10], [4, 15, 8, 2, 6, 14, 7, 1, 9, 12, 10, 3, 13, 11, 0, 5], [2, 8, 14, 15, 1, 7, 6, 9, 3, 10, 0, 12, 11, 5, 13, 4], [3, 10, 0, 12, 5, 13, 11, 4, 2, 8, 14, 15, 6, 1, 7, 9], [13, 5, 4, 11, 8, 2, 15, 14, 7, 1, 9, 6, 12, 10, 3, 0], [7, 1, 9, 6, 10, 3, 12, 0, 13, 5, 4, 11, 15, 8, 2, 14], [15, 14, 7, 8, 9, 6, 1, 3, 12, 0, 13, 10, 5, 4, 11, 2], [11, 4, 2, 5, 14, 15, 8, 7, 6, 9, 3, 1, 10, 0, 12, 13], [6, 9, 3, 1, 0, 12, 10, 13, 11, 4, 2, 5, 8, 14, 15, 7], [12, 0, 13, 10, 4, 11, 5, 2, 15, 14, 7, 8, 1, 9, 6, 3], [8, 7, 6, 14, 3, 1, 9, 12, 10, 13, 11, 0, 4, 2, 5, 15], [10, 13, 11, 0, 2, 5, 4, 15, 8, 7, 6, 14, 9, 3, 1, 12], [1, 3, 12, 9, 13, 10, 0, 11, 5, 2, 15, 4, 14, 7, 8, 6], [5, 2, 15, 4, 7, 8, 14, 6, 1, 3, 12, 9, 0, 13, 10, 11]]","[[14, 6, 1, 7, 12, 9, 3, 10, 0, 11, 5, 13, 2, 15, 4, 8], [9, 12, 10, 3, 11, 0, 13, 5, 4, 15, 8, 2, 7, 6, 14, 1], [0, 11, 5, 13, 15, 4, 2, 8, 14, 6, 1, 7, 3, 12, 9, 10], [4, 15, 8, 2, 6, 14, 7, 1, 9, 12, 10, 3, 13, 11, 0, 5], [2, 8, 14, 15, 1, 7, 6, 9, 3, 10, 0, 12, 11, 5, 13, 4], [3, 10, 0, 12, 5, 13, 11, 4, 2, 8, 14, 15, 6, 1, 7, 9], [13, 5, 4, 14, 8, 2, 15, 11, 7, 1, 9, 6, 12, 10, 3, 0], [7, 1, 9, 6, 10, 3, 12, 0, 13, 5, 4, 11, 15, 8, 2, 14], [15, 14, 7, 8, 9, 6, 1, 3, 12, 0, 13, 10, 5, 4, 11, 2], [11, 4, 2, 5, 14, 15, 8, 7, 6, 9, 3, 1, 10, 0, 12, 13], [6, 9, 3, 1, 0, 12, 10, 13, 11, 4, 2, 5, 8, 14, 15, 7], [12, 0, 13, 10, 4, 11, 5, 2, 15, 14, 7, 8, 1, 9, 6, 3], [8, 7, 6, 14, 3, 1, 9, 12, 10, 13, 11, 0, 4, 2, 5, 15], [10, 13, 11, 0, 2, 5, 4, 15, 8, 7, 6, 14, 9, 3, 1, 12], [1, 3, 12, 9, 13, 10, 0, 11, 5, 2, 15, 4, 14, 7, 8, 6], [5, 2, 15, 4, 7, 8, 14, 6, 1, 3, 12, 9, 0, 13, 10, 11]]","[[14, 6, 1, 7, 12, 9, 3, 10, 0, 11, 5, 13, 2, 15, 4, 8], [9, 12, 10, 3, 11, 0, 13, 5, 4, 15, 8, 2, 7, 6, 14, 1], [0, 11, 5, 13, 15, 4, 2, 8, 14, 6, 1, 7, 3, 12, 9, 10], [4, 15, 8, 2, 6, 14, 7, 1, 9, 12, 10, 3, 13, 11, 0, 5], [2, 8, 14, 15, 1, 7, 6, 9, 3, 10, 0, 12, 11, 5, 13, 4], [3, 10, 0, 12, 5, 13, 11, 4, 2, 8, 14, 15, 6, 1, 7, 9], [13, 5, 4, 11, 8, 2, 15, 14, 7, 1, 9, 6, 12, 10, 3, 0], [7, 1, 9, 6, 10, 3, 12, 0, 13, 5, 4, 11, 15, 8, 2, 14], [15, 14, 7, 8, 9, 6, 1, 3, 12, 0, 13, 10, 5, 4, 11, 2], [11, 4, 2, 5, 14, 15, 8, 7, 6, 9, 3, 1, 10, 0, 12, 13], [10, 9, 3, 1, 0, 12, 6, 13, 11, 4, 2, 5, 8, 14, 15, 7], [12, 0, 13, 10, 4, 11, 5, 2, 15, 14, 7, 8, 1, 9, 6, 3], [8, 7, 6, 14, 3, 1, 9, 12, 10, 13, 11, 0, 4, 2, 5, 15], [10, 13, 11, 0, 2, 5, 4, 15, 8, 7, 6, 14, 9, 3, 1, 12], [1, 3, 12, 9, 13, 10, 0, 11, 5, 2, 15, 4, 14, 7, 8, 6], [5, 2, 15, 4, 7, 8, 14, 6, 1, 3, 12, 9, 0, 13, 10, 11]]","[[14, 6, 1, 7, 12, 9, 3, 10, 0, 11, 5, 13, 2, 15, 4, 8], [9, 12, 10, 3, 11, 0, 13, 5, 4, 15, 8, 2, 7, 6, 14, 1], [0, 11, 5, 13, 15, 4, 2, 8, 14, 6, 1, 7, 3, 12, 9, 10], [4, 15, 8, 2, 6, 14, 7, 1, 9, 12, 10, 3, 13, 11, 0, 5], [2, 8, 14, 15, 1, 7, 6, 9, 3, 10, 0, 12, 11, 5, 13, 4], [3, 10, 0, 12, 5, 13, 11, 4, 2, 8, 14, 15, 6, 1, 7, 9], [14, 5, 4, 11, 8, 2, 15, 13, 7, 1, 9, 6, 12, 10, 3, 0], [7, 1, 9, 6, 10, 3, 12, 0, 13, 5, 4, 11, 15, 8, 2, 14], [15, 14, 7, 8, 9, 6, 1, 3, 12, 0, 13, 10, 5, 4, 11, 2], [11, 4, 2, 5, 14, 15, 8, 7, 6, 9, 3, 1, 10, 0, 12, 13], [6, 9, 3, 1, 0, 12, 10, 13, 11, 4, 2, 5, 8, 14, 15, 7], [12, 0, 13, 10, 4, 11, 5, 2, 15, 14, 7, 8, 1, 9, 6, 3], [8, 7, 6, 14, 3, 1, 9, 12, 10, 13, 11, 0, 4, 2, 5, 15], [10, 13, 11, 0, 2, 5, 4, 15, 8, 7, 6, 14, 9, 3, 1, 12], [1, 3, 12, 9, 13, 10, 0, 11, 5, 2, 15, 4, 14, 7, 8, 6], [5, 2, 15, 4, 7, 8, 14, 6, 1, 3, 12, 9, 0, 13, 10, 11]]",A,"[[14, 6, 1, 7, 12, 9, 3, 10, 0, 11, 5, 13, 2, 15, 4, 8], [9, 12, 10, 3, 11, 0, 13, 5, 4, 15, 8, 2, 7, 6, 14, 1], [0, 11, 5, 13, 15, 4, 2, 8, 14, 6, 1, 7, 3, 12, 9, 10], [4, 15, 8, 2, 6, 14, 7, 1, 9, 12, 10, 3, 13, 11, 0, 5], [2, 8, 14, 15, 1, 7, 6, 9, 3, 10, 0, 12, 11, 5, 13, 4], [3, 10, 0, 12, 5, 13, 11, 4, 2, 8, 14, 15, 6, 1, 7, 9], [13, 5, 4, 11, 8, 2, 15, 14, 7, 1, 9, 6, 12, 10, 3, 0], [7, 1, 9, 6, 10, 3, 12, 0, 13, 5, 4, 11, 15, 8, 2, 14], [15, 14, 7, 8, 9, 6, 1, 3, 12, 0, 13, 10, 5, 4, 11, 2], [11, 4, 2, 5, 14, 15, 8, 7, 6, 9, 3, 1, 10, 0, 12, 13], [6, 9, 3, 1, 0, 12, 10, 13, 11, 4, 2, 5, 8, 14, 15, 7], [12, 0, 13, 10, 4, 11, 5, 2, 15, 14, 7, 8, 1, 9, 6, 3], [8, 7, 6, 14, 3, 1, 9, 12, 10, 13, 11, 0, 4, 2, 5, 15], [10, 13, 11, 0, 2, 5, 4, 15, 8, 7, 6, 14, 9, 3, 1, 12], [1, 3, 12, 9, 13, 10, 0, 11, 5, 2, 15, 4, 14, 7, 8, 6], [5, 2, 15, 4, 7, 8, 14, 6, 1, 3, 12, 9, 0, 13, 10, 11]]","{""num_givens"": 100, ""grid_size"": 16}"
sudoku_cf4_hex_0003,sudoku_cf4_hex,counterfactual,"[[null, null, null, 8, null, 0, 6, 1, null, null, 3, null, null, null, null, null], [null, 3, null, 9, null, null, 11, null, null, null, 12, 5, null, 4, 0, null], [0, null, null, null, null, null, null, 2, null, 8, 11, null, null, 7, null, null], [null, null, 5, 2, null, null, null, 9, null, 1, null, null, null, 15, 13, 11], [null, 7, null, null, 14, 8, null, 11, null, null, null, null, null, 13, null, 4], [null, null, 13, null, null, null, null, 12, 8, 11, null, null, 3, null, 9, null], [2, null, null, null, null, 9, null, null, null, null, null, 13, null, 14, 8, 15], [null, null, null, 11, null, 1, null, 6, null, 3, null, 10, null, 0, null, null], [null, 8, null, null, null, 5, null, null, 15, 14, null, null, null, null, null, null], [5, null, null, 0, 12, null, null, 10, null, 13, null, 11, null, 3, null, 9], [15, null, 3, null, null, 4, 8, null, null, 10, null, 12, 0, 6, null, 1], [7, null, 12, 10, null, null, null, 14, null, null, null, null, null, null, null, 8], [null, 13, null, null, 1, 12, null, 5, 11, null, null, 9, null, null, null, null], [null, 14, null, null, null, null, 13, 4, null, null, null, null, 5, null, null, 0], [null, 0, null, null, null, 3, null, 7, 6, null, null, null, null, 9, null, null], [3, null, null, 7, null, 11, 14, 15, null, 5, 0, 1, null, null, 6, 13]]","Solve the following hexadecimal Sudoku puzzle.
Rule change: The grid is 16×16 (instead of 9×9). The blocks are 4×4 (instead of 3×3). The valid symbols are the hexadecimal digits {0, 1, 2, 3, 4, 5, 6, 7, 8, 9, A, B, C, D, E, F}. Each row, column, and 4×4 block must contain each symbol exactly once.

Puzzle (. = empty cell):
. . . 8 | . . 6 1 | . . 3 . | . . . .
. 3 . 9 | . . B . | . . C 5 | . 4 . .
. . . . | . . . 2 | . 8 B . | . 7 . .
. . 5 2 | . . . 9 | . 1 . . | . F D B
-------------------------------------
. 7 . . | E 8 . B | . . . . | . D . 4
. . D . | . . . C | 8 B . . | 3 . 9 .
2 . . . | . 9 . . | . . . D | . E 8 F
. . . B | . 1 . 6 | . 3 . A | . . . .
-------------------------------------
. 8 . . | . 5 . . | F E . . | . . . .
5 . . . | C . . A | . D . B | . 3 . 9
F . 3 . | . 4 8 . | . A . C | . 6 . 1
7 . C A | . . . E | . . . . | . . . 8
-------------------------------------
. D . . | 1 C . 5 | B . . 9 | . . . .
. E . . | . . D 4 | . . . . | 5 . . .
. . . . | . 3 . 7 | 6 . . . | . 9 . .
3 . . 7 | . B E F | . 5 . 1 | . . 6 D

Which of the following is the correct completed solution?","[[13, 11, 15, 8, 4, 0, 6, 1, 14, 9, 3, 7, 2, 5, 10, 12], [14, 3, 7, 9, 15, 13, 11, 8, 10, 2, 12, 5, 1, 4, 0, 6], [0, 6, 4, 1, 5, 10, 12, 2, 13, 8, 11, 15, 9, 7, 14, 3], [10, 12, 5, 2, 7, 14, 3, 9, 0, 1, 6, 4, 8, 15, 13, 11], [9, 7, 10, 3, 14, 8, 15, 11, 2, 12, 5, 0, 6, 13, 1, 4], [1, 4, 13, 6, 0, 2, 5, 12, 8, 11, 15, 14, 3, 10, 9, 7], [2, 5, 0, 12, 10, 9, 7, 3, 1, 6, 4, 13, 11, 14, 8, 15], [8, 15, 14, 11, 13, 1, 4, 6, 9, 3, 7, 10, 12, 0, 2, 5], [4, 8, 11, 13, 6, 5, 1, 0, 15, 14, 9, 3, 2, 12, 7, 10], [5, 1, 6, 0, 12, 7, 2, 10, 4, 13, 8, 11, 14, 3, 15, 9], [15, 9, 3, 14, 11, 4, 8, 13, 7, 10, 2, 12, 0, 6, 5, 1], [7, 2, 12, 10, 3, 15, 9, 14, 5, 0, 1, 6, 13, 11, 4, 8], [6, 13, 8, 4, 1, 12, 0, 5, 11, 15, 14, 9, 7, 2, 3, 10], [11, 14, 9, 15, 8, 6, 13, 4, 3, 7, 10, 2, 5, 1, 12, 0], [12, 0, 1, 5, 2, 3, 10, 7, 6, 4, 13, 8, 15, 9, 11, 14], [3, 10, 2, 7, 9, 11, 14, 15, 12, 5, 0, 1, 4, 8, 6, 13]]","[[13, 11, 15, 8, 4, 0, 6, 1, 14, 9, 3, 7, 2, 5, 10, 12], [14, 3, 7, 9, 15, 13, 11, 8, 10, 2, 12, 5, 1, 4, 0, 6], [0, 6, 4, 1, 5, 10, 12, 2, 13, 8, 11, 15, 9, 7, 14, 3], [10, 12, 5, 2, 7, 14, 3, 9, 0, 1, 6, 4, 8, 15, 13, 11], [9, 7, 10, 3, 14, 8, 15, 11, 2, 12, 5, 0, 6, 13, 1, 4], [1, 4, 13, 6, 0, 2, 5, 12, 8, 11, 15, 14, 3, 10, 9, 7], [2, 5, 0, 12, 10, 9, 7, 3, 1, 6, 4, 13, 11, 14, 8, 15], [8, 15, 14, 11, 13, 1, 4, 6, 9, 3, 7, 10, 12, 0, 2, 5], [4, 8, 11, 13, 6, 5, 1, 0, 15, 14, 9, 3, 10, 12, 7, 2], [5, 1, 6, 0, 12, 7, 2, 10, 4, 13, 8, 11, 14, 3, 15, 9], [15, 9, 3, 14, 11, 4, 8, 13, 7, 10, 2, 12, 0, 6, 5, 1], [7, 2, 12, 10, 3, 15, 9, 14, 5, 0, 1, 6, 13, 11, 4, 8], [6, 13, 8, 4, 1, 12, 0, 5, 11, 15, 14, 9, 7, 2, 3, 10], [11, 14, 9, 15, 8, 6, 13, 4, 3, 7, 10, 2, 5, 1, 12, 0], [12, 0, 1, 11, 2, 3, 10, 7, 6, 4, 13, 8, 15, 9, 5, 14], [3, 10, 2, 7, 9, 11, 14, 15, 12, 5, 0, 1, 4, 8, 6, 13]]","[[13, 11, 15, 8, 4, 0, 6, 1, 14, 9, 3, 7, 2, 5, 10, 12], [14, 3, 7, 9, 15, 13, 11, 8, 10, 2, 12, 5, 1, 4, 0, 6], [0, 6, 4, 1, 5, 10, 12, 2, 13, 8, 11, 15, 9, 7, 14, 3], [10, 12, 5, 2, 7, 14, 3, 9, 0, 1, 6, 4, 8, 15, 13, 11], [9, 7, 10, 3, 14, 8, 15, 11, 2, 12, 5, 0, 6, 13, 1, 4], [1, 4, 13, 6, 0, 2, 5, 12, 8, 11, 15, 14, 3, 10, 9, 7], [2, 5, 0, 12, 10, 9, 7, 3, 1, 6, 4, 13, 11, 14, 8, 15], [8, 15, 14, 11, 13, 1, 4, 6, 9, 3, 7, 10, 12, 0, 2, 5], [4, 8, 11, 13, 6, 5, 1, 0, 15, 14, 9, 3, 10, 12, 7, 2], [5, 1, 6, 0, 12, 7, 2, 10, 4, 13, 8, 11, 14, 3, 15, 9], [15, 9, 3, 14, 11, 4, 8, 13, 7, 10, 2, 12, 0, 6, 5, 1], [7, 2, 12, 10, 3, 15, 9, 14, 5, 0, 1, 6, 13, 11, 4, 8], [6, 13, 8, 4, 1, 12, 0, 5, 11, 15, 14, 9, 7, 2, 3, 10], [11, 14, 9, 15, 8, 6, 13, 4, 3, 7, 10, 2, 5, 1, 12, 0], [12, 0, 1, 5, 2, 3, 10, 7, 6, 4, 13, 8, 15, 9, 11, 14], [3, 10, 2, 7, 9, 11, 14, 15, 12, 5, 0, 1, 4, 8, 6, 13]]","[[13, 11, 15, 8, 4, 0, 6, 1, 14, 9, 3, 7, 2, 5, 10, 12], [13, 3, 7, 9, 15, 14, 11, 8, 10, 2, 12, 5, 1, 4, 0, 6], [0, 6, 4, 1, 5, 10, 12, 2, 13, 8, 11, 15, 9, 7, 14, 3], [10, 12, 5, 2, 7, 14, 3, 9, 0, 1, 6, 4, 8, 15, 13, 11], [9, 7, 10, 3, 14, 8, 15, 11, 2, 12, 5, 0, 6, 13, 1, 4], [1, 4, 13, 6, 0, 2, 5, 12, 8, 11, 15, 14, 3, 10, 9, 7], [2, 5, 0, 12, 10, 9, 7, 3, 1, 6, 4, 13, 11, 14, 8, 15], [8, 15, 14, 11, 13, 1, 4, 6, 9, 3, 7, 10, 12, 0, 2, 5], [4, 8, 11, 13, 6, 5, 1, 0, 15, 14, 9, 3, 10, 12, 7, 2], [5, 1, 6, 0, 12, 7, 2, 10, 4, 13, 8, 11, 14, 3, 15, 9], [15, 9, 3, 14, 11, 4, 8, 13, 7, 10, 2, 12, 0, 6, 5, 1], [7, 2, 12, 10, 3, 15, 9, 14, 5, 0, 1, 6, 13, 11, 4, 8], [6, 13, 8, 4, 1, 12, 0, 5, 11, 15, 14, 9, 7, 2, 3, 10], [11, 14, 9, 15, 8, 6, 13, 4, 3, 7, 10, 2, 5, 1, 12, 0], [12, 0, 1, 5, 2, 3, 10, 7, 6, 4, 13, 8, 15, 9, 11, 14], [3, 10, 2, 7, 9, 11, 14, 15, 12, 5, 0, 1, 4, 8, 6, 13]]",C,"[[13, 11, 15, 8, 4, 0, 6, 1, 14, 9, 3, 7, 2, 5, 10, 12], [14, 3, 7, 9, 15, 13, 11, 8, 10, 2, 12, 5, 1, 4, 0, 6], [0, 6, 4, 1, 5, 10, 12, 2, 13, 8, 11, 15, 9, 7, 14, 3], [10, 12, 5, 2, 7, 14, 3, 9, 0, 1, 6, 4, 8, 15, 13, 11], [9, 7, 10, 3, 14, 8, 15, 11, 2, 12, 5, 0, 6, 13, 1, 4], [1, 4, 13, 6, 0, 2, 5, 12, 8, 11, 15, 14, 3, 10, 9, 7], [2, 5, 0, 12, 10, 9, 7, 3, 1, 6, 4, 13, 11, 14, 8, 15], [8, 15, 14, 11, 13, 1, 4, 6, 9, 3, 7, 10, 12, 0, 2, 5], [4, 8, 11, 13, 6, 5, 1, 0, 15, 14, 9, 3, 10, 12, 7, 2], [5, 1, 6, 0, 12, 7, 2, 10, 4, 13, 8, 11, 14, 3, 15, 9], [15, 9, 3, 14, 11, 4, 8, 13, 7, 10, 2, 12, 0, 6, 5, 1], [7, 2, 12, 10, 3, 15, 9, 14, 5, 0, 1, 6, 13, 11, 4, 8], [6, 13, 8, 4, 1, 12, 0, 5, 11, 15, 14, 9, 7, 2, 3, 10], [11, 14, 9, 15, 8, 6, 13, 4, 3, 7, 10, 2, 5, 1, 12, 0], [12, 0, 1, 5, 2, 3, 10, 7, 6, 4, 13, 8, 15, 9, 11, 14], [3, 10, 2, 7, 9, 11, 14, 15, 12, 5, 0, 1, 4, 8, 6, 13]]","{""num_givens"": 100, ""grid_size"": 16}"
sudoku_cf4_hex_0004,sudoku_cf4_hex,counterfactual,"[[3, null, null, 4, null, null, null, 8, null, 1, null, 5, null, 13, null, null], [null, 6, null, null, null, null, null, 10, null, null, null, null, null, 4, 2, 3], [10, 5, 7, null, null, 13, 12, 0, 3, null, null, null, null, null, null, null], [0, null, null, null, 14, null, null, null, null, 11, null, 6, null, 1, 7, null], [null, null, null, null, 3, 2, 11, null, 5, 15, 1, null, 10, null, null, 9], [null, 3, 11, null, 8, 15, null, 5, 9, null, null, null, null, null, null, null], [5, 8, 1, null, null, null, null, null, 14, 12, 4, null, null, null, null, null], [9, 10, 13, null, 0, null, 4, null, 6, 2, null, 3, 8, 15, 1, 5], [1, 15, 8, null, null, null, null, null, null, 9, null, 12, 2, 14, null, null], [null, null, 10, null, 12, null, 0, 4, null, 14, null, 2, null, null, null, null], [11, 2, null, null, null, 6, null, null, 13, null, 10, null, null, null, null, null], [null, null, 0, null, 2, 14, null, 11, 1, 6, null, null, null, null, null, 13], [null, null, 6, null, null, 8, null, null, null, null, null, null, 4, 0, null, 2], [12, null, null, 10, 4, 0, null, 2, null, null, null, null, null, null, null, null], [null, 1, null, null, null, 10, null, 12, null, null, null, 4, 11, 3, null, null], [null, null, null, 0, null, null, null, null, null, 8, null, null, null, null, null, 12]]","Solve the following hexadecimal Sudoku puzzle.
Rule change: The grid is 16×16 (instead of 9×9). The blocks are 4×4 (instead of 3×3). The valid symbols are the hexadecimal digits {0, 1, 2, 3, 4, 5, 6, 7, 8, 9, A, B, C, D, E, F}. Each row, column, and 4×4 block must contain each symbol exactly once.

Puzzle (. = empty cell):
3 . . 4 | . . . 8 | . 1 . 5 | . D . .
. 6 . . | . . . A | . . . . | . 4 2 3
A 5 7 . | . D C . | 3 . . . | . . . .
. . . . | E . . . | . B . 6 | . 1 7 .
-------------------------------------
. . . . | 3 2 B . | 5 F 1 . | A . . 9
. 3 B . | 8 F . 5 | 9 . . . | . . . .
5 8 1 . | . . . . | E C 4 . | . . . .
9 A D . | . . 4 . | 6 2 . 3 | 8 F 1 5
-------------------------------------
1 F 8 . | . . . . | . 9 . C | 2 E . .
. . A . | C . . 4 | . E . 2 | . . . .
B 2 . . | . 6 . . | D . A . | . . . .
. . . . | 2 E . B | 1 6 . . | . . . D
-------------------------------------
. . 6 . | . 8 . . | . . . . | 4 . . 2
C . . A | 4 . . 2 | . . . . | . . . .
. 1 . . | . A . C | . . . 4 | B 3 . .
. . . . | . . . . | . 8 . . | . . . C

Which of the following is the correct completed solution?","[[3, 9, 2, 4, 6, 11, 15, 8, 10, 1, 7, 5, 14, 13, 12, 0], [8, 6, 15, 11, 5, 1, 7, 10, 0, 13, 12, 9, 14, 4, 2, 3], [10, 5, 7, 1, 9, 13, 12, 0, 3, 4, 2, 14, 6, 11, 15, 8], [0, 9, 12, 13, 14, 4, 2, 3, 8, 11, 15, 6, 5, 1, 7, 10], [14, 0, 4, 12, 3, 2, 11, 6, 5, 15, 1, 8, 10, 7, 13, 9], [6, 3, 11, 2, 8, 15, 1, 5, 9, 7, 13, 10, 0, 12, 4, 14], [5, 8, 1, 15, 10, 7, 13, 9, 14, 12, 4, 0, 3, 2, 11, 6], [9, 10, 13, 7, 0, 12, 4, 14, 6, 2, 11, 3, 8, 15, 1, 5], [1, 15, 8, 6, 7, 5, 10, 13, 4, 9, 0, 12, 2, 14, 3, 11], [13, 7, 10, 5, 12, 9, 0, 4, 11, 14, 3, 2, 15, 6, 8, 1], [11, 2, 3, 14, 15, 6, 8, 1, 13, 5, 10, 7, 12, 9, 0, 4], [4, 12, 0, 9, 2, 14, 3, 11, 1, 6, 8, 15, 7, 5, 10, 13], [15, 11, 6, 3, 1, 8, 5, 7, 12, 10, 9, 13, 4, 0, 14, 2], [12, 13, 9, 10, 4, 0, 14, 2, 15, 3, 6, 11, 1, 8, 5, 7], [7, 1, 5, 8, 13, 10, 9, 12, 2, 0, 14, 4, 11, 3, 6, 15], [2, 4, 14, 0, 11, 3, 6, 15, 7, 8, 5, 1, 13, 10, 9, 12]]","[[3, 14, 2, 4, 6, 11, 15, 8, 10, 1, 7, 5, 9, 13, 12, 0], [8, 6, 15, 11, 5, 1, 7, 10, 0, 13, 12, 9, 14, 4, 2, 3], [10, 5, 7, 1, 9, 13, 12, 0, 3, 4, 2, 14, 6, 11, 15, 8], [0, 9, 12, 13, 14, 4, 2, 3, 8, 11, 15, 6, 10, 1, 7, 5], [14, 0, 4, 12, 3, 2, 11, 6, 5, 15, 1, 8, 10, 7, 13, 9], [6, 3, 11, 2, 8, 15, 1, 5, 9, 7, 13, 10, 0, 12, 4, 14], [5, 8, 1, 15, 10, 7, 13, 9, 14, 12, 4, 0, 3, 2, 11, 6], [9, 10, 13, 7, 0, 12, 4, 14, 6, 2, 11, 3, 8, 15, 1, 5], [1, 15, 8, 6, 7, 5, 10, 13, 4, 9, 0, 12, 2, 14, 3, 11], [13, 7, 10, 5, 12, 9, 0, 4, 11, 14, 3, 2, 15, 6, 8, 1], [11, 2, 3, 14, 15, 6, 8, 1, 13, 5, 10, 7, 12, 9, 0, 4], [4, 12, 0, 9, 2, 14, 3, 11, 1, 6, 8, 15, 7, 5, 10, 13], [15, 11, 6, 3, 1, 8, 5, 7, 12, 10, 9, 13, 4, 0, 14, 2], [12, 13, 9, 10, 4, 0, 14, 2, 15, 3, 6, 11, 1, 8, 5, 7], [7, 1, 5, 8, 13, 10, 9, 12, 2, 0, 14, 4, 11, 3, 6, 15], [2, 4, 14, 0, 11, 3, 6, 15, 7, 8, 5, 1, 13, 10, 9, 12]]","[[3, 14, 2, 4, 6, 11, 15, 8, 10, 1, 7, 5, 9, 13, 12, 0], [8, 6, 15, 11, 5, 1, 7, 10, 0, 13, 12, 9, 14, 4, 2, 3], [10, 5, 7, 1, 9, 13, 12, 0, 3, 4, 2, 14, 6, 11, 15, 8], [0, 9, 12, 13, 14, 4, 2, 3, 8, 11, 15, 6, 5, 1, 7, 10], [14, 0, 4, 12, 3, 2, 11, 6, 5, 15, 1, 8, 10, 7, 13, 9], [6, 3, 11, 2, 8, 15, 1, 5, 9, 7, 13, 10, 0, 12, 4, 14], [5, 8, 1, 15, 10, 7, 13, 9, 14, 12, 4, 0, 3, 2, 11, 6], [9, 10, 13, 7, 0, 12, 4, 14, 6, 2, 11, 3, 8, 15, 1, 5], [1, 15, 8, 6, 7, 5, 10, 13, 4, 9, 0, 12, 2, 14, 3, 11], [13, 7, 10, 5, 12, 9, 0, 4, 11, 14, 3, 2, 15, 6, 8, 1], [11, 2, 3, 14, 15, 6, 8, 1, 13, 5, 10, 7, 12, 9, 0, 4], [4, 12, 0, 9, 2, 14, 3, 11, 1, 6, 8, 15, 7, 5, 10, 13], [15, 11, 6, 3, 1, 8, 5, 7, 12, 10, 9, 13, 4, 0, 14, 2], [12, 13, 9, 10, 4, 0, 14, 2, 15, 3, 6, 11, 1, 8, 5, 7], [7, 1, 5, 8, 15, 10, 9, 12, 2, 0, 14, 4, 11, 3, 6, 13], [2, 4, 14, 0, 11, 3, 6, 15, 7, 8, 5, 1, 13, 10, 9, 12]]","[[3, 14, 2, 4, 6, 11, 15, 8, 10, 1, 7, 5, 9, 13, 12, 0], [8, 6, 15, 11, 5, 1, 7, 10, 0, 13, 12, 9, 14, 4, 2, 3], [10, 5, 7, 1, 9, 13, 12, 0, 3, 4, 2, 14, 6, 11, 15, 8], [0, 9, 12, 13, 14, 4, 2, 3, 8, 11, 15, 6, 5, 1, 7, 10], [14, 0, 4, 12, 3, 2, 11, 6, 5, 15, 1, 8, 10, 7, 13, 9], [6, 3, 11, 2, 8, 15, 1, 5, 9, 7, 13, 10, 0, 12, 4, 14], [5, 8, 1, 15, 10, 7, 13, 9, 14, 12, 4, 0, 3, 2, 11, 6], [9, 10, 13, 7, 0, 12, 4, 14, 6, 2, 11, 3, 8, 15, 1, 5], [1, 15, 8, 6, 7, 5, 10, 13, 4, 9, 0, 12, 2, 14, 3, 11], [13, 7, 10, 5, 12, 9, 0, 4, 11, 14, 3, 2, 15, 6, 8, 1], [11, 2, 3, 14, 15, 6, 8, 1, 13, 5, 10, 7, 12, 9, 0, 4], [4, 12, 0, 9, 2, 14, 3, 11, 1, 6, 8, 15, 7, 5, 10, 13], [15, 11, 6, 3, 1, 8, 5, 7, 12, 10, 9, 13, 4, 0, 14, 2], [12, 13, 9, 10, 4, 0, 14, 2, 15, 3, 6, 11, 1, 8, 5, 7], [7, 1, 5, 8, 13, 10, 9, 12, 2, 0, 14, 4, 11, 3, 6, 15], [2, 4, 14, 0, 11, 3, 6, 15, 7, 8, 5, 1, 13, 10, 9, 12]]",D,"[[3, 14, 2, 4, 6, 11, 15, 8, 10, 1, 7, 5, 9, 13, 12, 0], [8, 6, 15, 11, 5, 1, 7, 10, 0, 13, 12, 9, 14, 4, 2, 3], [10, 5, 7, 1, 9, 13, 12, 0, 3, 4, 2, 14, 6, 11, 15, 8], [0, 9, 12, 13, 14, 4, 2, 3, 8, 11, 15, 6, 5, 1, 7, 10], [14, 0, 4, 12, 3, 2, 11, 6, 5, 15, 1, 8, 10, 7, 13, 9], [6, 3, 11, 2, 8, 15, 1, 5, 9, 7, 13, 10, 0, 12, 4, 14], [5, 8, 1, 15, 10, 7, 13, 9, 14, 12, 4, 0, 3, 2, 11, 6], [9, 10, 13, 7, 0, 12, 4, 14, 6, 2, 11, 3, 8, 15, 1, 5], [1, 15, 8, 6, 7, 5, 10, 13, 4, 9, 0, 12, 2, 14, 3, 11], [13, 7, 10, 5, 12, 9, 0, 4, 11, 14, 3, 2, 15, 6, 8, 1], [11, 2, 3, 14, 15, 6, 8, 1, 13, 5, 10, 7, 12, 9, 0, 4], [4, 12, 0, 9, 2, 14, 3, 11, 1, 6, 8, 15, 7, 5, 10, 13], [15, 11, 6, 3, 1, 8, 5, 7, 12, 10, 9, 13, 4, 0, 14, 2], [12, 13, 9, 10, 4, 0, 14, 2, 15, 3, 6, 11, 1, 8, 5, 7], [7, 1, 5, 8, 13, 10, 9, 12, 2, 0, 14, 4, 11, 3, 6, 15], [2, 4, 14, 0, 11, 3, 6, 15, 7, 8, 5, 1, 13, 10, 9, 12]]","{""num_givens"": 100, ""grid_size"": 16}"
sudoku_cf4_hex_0005,sudoku_cf4_hex,counterfactual,"[[4, null, null, 14, 2, null, 0, 13, null, null, null, 11, null, 12, null, 15], [12, null, 15, null, 3, null, null, null, null, 2, null, 9, 8, 11, null, null], [11, 8, null, null, null, 12, null, null, null, null, null, null, 13, null, null, null], [null, null, null, null, null, null, null, 8, 7, null, 5, null, 1, null, null, null], [6, null, null, 9, null, null, 11, null, null, null, null, 14, null, 0, null, null], [null, null, 1, 12, null, null, 4, null, null, null, null, 6, 10, null, null, null], [null, 10, null, null, null, null, 12, null, null, 13, 4, 0, null, 6, 9, null], [null, 3, 13, 4, 8, 6, null, null, null, 7, 11, null, null, 14, null, null], [2, 9, null, 13, null, 10, 8, 11, null, null, 7, null, 4, 3, null, null], [null, null, null, null, null, 3, 1, 4, 9, null, 13, 2, null, 10, null, 5], [null, null, 0, null, 6, null, 13, 9, 11, 5, 8, null, null, 15, null, 14], [null, null, null, null, null, null, 7, null, null, null, 1, null, null, 2, 13, null], [null, null, null, null, null, 8, null, 6, 5, 12, 10, null, 14, null, null, null], [null, null, null, null, 4, 1, null, null, null, null, null, 13, 6, 8, 2, null], [null, null, 11, null, null, null, 10, 5, null, null, null, null, null, null, null, null], [null, null, null, 15, null, null, null, 0, 6, null, 2, null, 5, null, 10, 12]]","Solve the following hexadecimal Sudoku puzzle.
Rule change: The grid is 16×16 (instead of 9×9). The blocks are 4×4 (instead of 3×3). The valid symbols are the hexadecimal digits {0, 1, 2, 3, 4, 5, 6, 7, 8, 9, A, B, C, D, E, F}. Each row, column, and 4×4 block must contain each symbol exactly once.

Puzzle (. = empty cell):
4 . . E | 2 . . D | . . . B | . C . F
C . F . | 3 . . . | . 2 . 9 | 8 B . .
B 8 . . | . C . . | . . . . | D . . .
. . . . | . . . 8 | 7 . 5 . | 1 . . .
-------------------------------------
6 . . 9 | . . B . | . . . E | . . . .
. . 1 C | . . 4 . | . . . 6 | A . . .
. A . . | . . C . | . D 4 . | . 6 9 .
. 3 D 4 | 8 6 . . | . 7 B . | . E . .
-------------------------------------
2 9 . D | . A 8 B | . . 7 . | 4 3 . .
. . . . | . 3 1 4 | 9 . D 2 | . A . 5
. . . . | 6 . D 9 | B 5 8 . | . F . E
. . . . | . . 7 . | . . 1 . | . 2 D .
-------------------------------------
. . . . | . 8 . 6 | 5 C A . | E . . .
. . . . | 4 1 . . | . . . D | 6 8 2 .
. . B . | . . A 5 | . . . . | . . . .
. . . F | . . . . | 6 . 2 . | 5 . A C

Which of the following is the correct completed solution?","[[4, 1, 3, 14, 2, 9, 0, 13, 8, 10, 6, 11, 7, 12, 5, 15], [12, 7, 15, 5, 3, 4, 14, 1, 13, 2, 0, 9, 8, 11, 6, 10], [11, 8, 10, 6, 15, 12, 5, 7, 1, 3, 14, 4, 13, 9, 0, 2], [9, 13, 2, 0, 10, 11, 6, 8, 7, 15, 5, 12, 1, 4, 14, 3], [6, 2, 8, 9, 7, 5, 11, 10, 15, 1, 12, 14, 3, 0, 4, 13], [14, 15, 1, 12, 13, 0, 4, 3, 2, 8, 9, 6, 10, 5, 11, 7], [5, 10, 7, 11, 1, 14, 12, 15, 3, 13, 4, 0, 2, 6, 9, 8], [0, 3, 13, 4, 8, 6, 9, 2, 1, 7, 11, 5, 15, 14, 12, 10], [2, 9, 6, 13, 5, 10, 8, 11, 12, 14, 7, 15, 4, 3, 1, 0], [15, 12, 14, 7, 0, 3, 1, 4, 9, 6, 13, 2, 11, 10, 8, 5], [3, 4, 0, 1, 6, 2, 13, 9, 11, 5, 8, 10, 12, 15, 7, 14], [10, 11, 5, 8, 14, 15, 7, 12, 4, 0, 1, 3, 9, 2, 13, 6], [13, 0, 9, 3, 11, 8, 2, 6, 5, 12, 10, 7, 14, 1, 15, 4], [7, 5, 12, 10, 4, 1, 15, 14, 0, 9, 3, 13, 6, 8, 2, 11], [8, 6, 11, 2, 12, 7, 10, 5, 14, 4, 15, 1, 0, 13, 3, 9], [1, 14, 4, 15, 9, 13, 3, 0, 6, 11, 2, 8, 5, 7, 10, 12]]","[[4, 1, 3, 14, 2, 9, 0, 13, 8, 10, 6, 11, 7, 12, 5, 15], [12, 7, 15, 5, 3, 4, 14, 1, 13, 2, 0, 9, 8, 11, 6, 10], [11, 8, 10, 6, 15, 12, 5, 7, 1, 3, 14, 4, 13, 9, 0, 2], [9, 13, 2, 0, 10, 11, 6, 8, 7, 15, 5, 12, 1, 4, 14, 3], [6, 2, 8, 9, 7, 5, 11, 10, 15, 1, 12, 14, 3, 0, 4, 13], [14, 15, 1, 12, 13, 0, 4, 3, 2, 8, 9, 6, 10, 5, 11, 7], [5, 10, 7, 11, 1, 14, 12, 15, 3, 13, 4, 0, 2, 6, 9, 8], [0, 3, 13, 4, 8, 6, 9, 2, 10, 7, 11, 5, 15, 14, 12, 1], [2, 9, 6, 13, 5, 10, 8, 11, 12, 14, 7, 15, 4, 3, 1, 0], [15, 12, 14, 7, 0, 3, 1, 4, 9, 6, 13, 2, 11, 10, 8, 5], [3, 4, 0, 1, 6, 2, 13, 9, 11, 5, 8, 10, 12, 15, 7, 14], [10, 11, 5, 8, 14, 15, 7, 12, 4, 0, 1, 3, 9, 2, 13, 6], [13, 0, 9, 3, 11, 8, 2, 6, 5, 12, 10, 7, 14, 1, 15, 4], [7, 5, 12, 10, 4, 1, 15, 14, 0, 9, 3, 13, 6, 8, 2, 11], [8, 6, 11, 2, 12, 7, 10, 5, 14, 4, 15, 1, 0, 13, 3, 9], [1, 14, 4, 15, 9, 13, 3, 0, 6, 11, 2, 8, 5, 7, 10, 12]]","[[4, 1, 3, 14, 2, 9, 0, 13, 8, 10, 6, 11, 7, 12, 5, 15], [12, 7, 15, 5, 3, 4, 14, 1, 13, 2, 0, 9, 8, 11, 6, 10], [11, 8, 10, 6, 15, 12, 5, 7, 1, 3, 14, 4, 13, 9, 0, 2], [9, 13, 2, 0, 10, 11, 6, 8, 7, 15, 5, 12, 1, 4, 14, 3], [6, 2, 8, 9, 7, 5, 11, 10, 15, 1, 12, 14, 3, 0, 4, 13], [14, 15, 1, 12, 13, 0, 4, 3, 2, 8, 9, 6, 10, 5, 11, 7], [5, 10, 7, 11, 1, 14, 12, 15, 3, 13, 4, 0, 2, 6, 9, 8], [0, 3, 13, 4, 8, 6, 9, 2, 10, 7, 11, 5, 15, 14, 12, 1], [2, 9, 6, 13, 5, 10, 8, 11, 12, 14, 7, 15, 4, 3, 1, 0], [15, 12, 14, 7, 0, 3, 1, 4, 9, 6, 13, 2, 11, 10, 8, 5], [3, 4, 0, 1, 6, 2, 13, 9, 11, 5, 8, 10, 12, 15, 7, 14], [10, 11, 5, 8, 14, 15, 7, 12, 4, 0, 1, 3, 9, 2, 13, 6], [13, 0, 9, 3, 11, 8, 2, 6, 5, 12, 10, 7, 14, 1, 15, 4], [7, 5, 12, 10, 4, 1, 15, 14, 0, 11, 3, 13, 6, 8, 2, 9], [8, 6, 11, 2, 12, 7, 10, 5, 14, 4, 15, 1, 0, 13, 3, 9], [1, 14, 4, 15, 9, 13, 3, 0, 6, 11, 2, 8, 5, 7, 10, 12]]","[[4, 1, 3, 14, 2, 9, 0, 13, 8, 10, 6, 11, 7, 12, 5, 15], [12, 7, 15, 5, 3, 4, 14, 1, 13, 2, 0, 9, 8, 11, 6, 10], [11, 8, 10, 6, 15, 12, 5, 7, 0, 3, 14, 4, 13, 9, 1, 2], [9, 13, 2, 0, 10, 11, 6, 8, 7, 15, 5, 12, 1, 4, 14, 3], [6, 2, 8, 9, 7, 5, 11, 10, 15, 1, 12, 14, 3, 0, 4, 13], [14, 15, 1, 12, 13, 0, 4, 3, 2, 8, 9, 6, 10, 5, 11, 7], [5, 10, 7, 11, 1, 14, 12, 15, 3, 13, 4, 0, 2, 6, 9, 8], [0, 3, 13, 4, 8, 6, 9, 2, 10, 7, 11, 5, 15, 14, 12, 1], [2, 9, 6, 13, 5, 10, 8, 11, 12, 14, 7, 15, 4, 3, 1, 0], [15, 12, 14, 7, 0, 3, 1, 4, 9, 6, 13, 2, 11, 10, 8, 5], [3, 4, 0, 1, 6, 2, 13, 9, 11, 5, 8, 10, 12, 15, 7, 14], [10, 11, 5, 8, 14, 15, 7, 12, 4, 0, 1, 3, 9, 2, 13, 6], [13, 0, 9, 3, 11, 8, 2, 6, 5, 12, 10, 7, 14, 1, 15, 4], [7, 5, 12, 10, 4, 1, 15, 14, 0, 9, 3, 13, 6, 8, 2, 11], [8, 6, 11, 2, 12, 7, 10, 5, 14, 4, 15, 1, 0, 13, 3, 9], [1, 14, 4, 15, 9, 13, 3, 0, 6, 11, 2, 8, 5, 7, 10, 12]]",B,"[[4, 1, 3, 14, 2, 9, 0, 13, 8, 10, 6, 11, 7, 12, 5, 15], [12, 7, 15, 5, 3, 4, 14, 1, 13, 2, 0, 9, 8, 11, 6, 10], [11, 8, 10, 6, 15, 12, 5, 7, 1, 3, 14, 4, 13, 9, 0, 2], [9, 13, 2, 0, 10, 11, 6, 8, 7, 15, 5, 12, 1, 4, 14, 3], [6, 2, 8, 9, 7, 5, 11, 10, 15, 1, 12, 14, 3, 0, 4, 13], [14, 15, 1, 12, 13, 0, 4, 3, 2, 8, 9, 6, 10, 5, 11, 7], [5, 10, 7, 11, 1, 14, 12, 15, 3, 13, 4, 0, 2, 6, 9, 8], [0, 3, 13, 4, 8, 6, 9, 2, 10, 7, 11, 5, 15, 14, 12, 1], [2, 9, 6, 13, 5, 10, 8, 11, 12, 14, 7, 15, 4, 3, 1, 0], [15, 12, 14, 7, 0, 3, 1, 4, 9, 6, 13, 2, 11, 10, 8, 5], [3, 4, 0, 1, 6, 2, 13, 9, 11, 5, 8, 10, 12, 15, 7, 14], [10, 11, 5, 8, 14, 15, 7, 12, 4, 0, 1, 3, 9, 2, 13, 6], [13, 0, 9, 3, 11, 8, 2, 6, 5, 12, 10, 7, 14, 1, 15, 4], [7, 5, 12, 10, 4, 1, 15, 14, 0, 9, 3, 13, 6, 8, 2, 11], [8, 6, 11, 2, 12, 7, 10, 5, 14, 4, 15, 1, 0, 13, 3, 9], [1, 14, 4, 15, 9, 13, 3, 0, 6, 11, 2, 8, 5, 7, 10, 12]]","{""num_givens"": 100, ""grid_size"": 16}"
sudoku_cf4_hex_0006,sudoku_cf4_hex,counterfactual,"[[null, null, null, null, 12, null, null, null, null, null, 2, null, null, 6, null, 0], [1, null, null, 0, 3, 13, null, 4, 11, 12, 5, null, null, null, null, null], [13, 2, null, 4, 14, null, 9, 10, 0, null, null, null, 12, null, 8, null], [null, 5, null, null, null, null, 6, null, null, 14, null, null, null, null, null, 4], [11, null, null, null, null, null, null, null, 13, null, null, 10, null, null, null, 1], [null, null, null, null, 5, 11, 14, 15, null, 2, null, null, 6, 12, null, 8], [0, null, 6, 8, 2, null, null, null, 15, null, null, null, 9, null, null, null], [4, null, null, 1, null, null, null, null, null, 6, null, null, 5, null, null, null], [2, 0, 1, null, null, 9, 4, null, null, null, 11, null, null, null, 5, 14], [null, null, null, null, null, 6, null, null, 3, 13, 4, null, 1, null, null, null], [null, 11, null, null, 1, 2, null, 7, 14, 15, null, 5, 13, 4, null, 3], [null, null, 13, 3, null, 5, 10, null, null, 1, null, 2, null, 11, null, null], [null, null, null, null, 10, null, 13, 9, null, null, 8, null, null, null, null, 5], [null, null, null, null, null, 12, 15, 5, 2, null, null, null, null, 8, null, null], [null, null, 11, null, null, null, 8, null, 9, null, 13, 14, null, null, null, 2], [7, 8, null, 6, null, 3, null, null, null, null, null, 12, null, null, 14, 9]]","Solve the following hexadecimal Sudoku puzzle.
Rule change: The grid is 16×16 (instead of 9×9). The blocks are 4×4 (instead of 3×3). The valid symbols are the hexadecimal digits {0, 1, 2, 3, 4, 5, 6, 7, 8, 9, A, B, C, D, E, F}. Each row, column, and 4×4 block must contain each symbol exactly once.

Puzzle (. = empty cell):
. . . . | C . . . | . . 2 . | . 6 . .
1 . . . | 3 D . 4 | B C 5 . | . . . .
D 2 . 4 | E . 9 A | . . . . | C . 8 .
. 5 . . | . . 6 . | . E . . | . . . 4
-------------------------------------
B . . . | . . . . | D . . A | . . . 1
. . . . | 5 B E F | . 2 . . | 6 C . 8
. . 6 8 | 2 . . . | F . . . | 9 . . .
4 . . 1 | . . . . | . 6 . . | 5 . . .
-------------------------------------
2 . 1 . | . 9 4 . | . . B . | . . 5 E
. . . . | . 6 . . | 3 D 4 . | 1 . . .
. B . . | 1 2 . 7 | E F . 5 | D 4 . 3
. . D 3 | . 5 A . | . 1 . 2 | . B . .
-------------------------------------
. . . . | A . D 9 | . . 8 . | . . . 5
. . . . | . C F 5 | 2 . . . | . 8 . .
. . B . | . . 8 . | 9 . D E | . . . 2
7 8 . 6 | . 3 . . | . . . C | . . E 9

Which of the following is the correct completed solution?","[[15, 9, 14, 10, 12, 8, 5, 11, 4, 3, 2, 13, 7, 6, 1, 0], [1, 6, 7, 0, 3, 13, 2, 4, 11, 12, 5, 8, 14, 9, 15, 10], [13, 2, 3, 4, 14, 15, 9, 10, 0, 7, 6, 1, 12, 5, 8, 11], [8, 5, 12, 11, 7, 1, 6, 0, 10, 14, 9, 15, 3, 2, 13, 4], [11, 14, 5, 15, 6, 0, 12, 8, 13, 9, 3, 10, 2, 7, 4, 1], [10, 3, 9, 13, 5, 11, 14, 15, 1, 2, 7, 4, 6, 12, 0, 8], [0, 12, 6, 8, 2, 4, 7, 1, 15, 5, 14, 11, 9, 3, 10, 13], [4, 7, 2, 1, 9, 10, 3, 13, 8, 6, 12, 0, 5, 14, 11, 15], [2, 0, 1, 7, 13, 9, 4, 3, 10, 8, 11, 6, 15, 12, 5, 14], [5, 10, 15, 14, 8, 6, 11, 12, 3, 13, 4, 9, 1, 0, 2, 7], [6, 11, 8, 12, 1, 2, 0, 7, 14, 15, 10, 5, 13, 4, 9, 3], [9, 4, 13, 3, 15, 5, 10, 14, 7, 1, 0, 2, 8, 11, 6, 12], [3, 1, 4, 2, 10, 14, 13, 9, 6, 0, 8, 7, 11, 15, 12, 5], [14, 13, 10, 9, 11, 12, 15, 5, 2, 4, 1, 3, 0, 8, 7, 6], [12, 15, 11, 5, 0, 7, 8, 6, 9, 10, 13, 14, 4, 1, 3, 2], [7, 8, 0, 6, 4, 3, 1, 2, 5, 11, 15, 12, 10, 13, 14, 9]]","[[15, 9, 14, 10, 12, 8, 5, 11, 4, 3, 2, 13, 7, 6, 1, 0], [1, 6, 7, 0, 3, 13, 2, 4, 11, 12, 5, 8, 14, 9, 15, 10], [13, 2, 3, 4, 14, 15, 9, 10, 0, 7, 6, 1, 12, 5, 8, 11], [8, 5, 12, 11, 7, 1, 6, 0, 10, 14, 9, 15, 3, 2, 13, 4], [11, 14, 5, 15, 6, 0, 12, 8, 13, 9, 3, 10, 2, 7, 4, 1], [10, 3, 9, 13, 5, 11, 14, 15, 1, 2, 7, 4, 6, 12, 0, 8], [0, 12, 6, 8, 2, 4, 7, 1, 15, 5, 14, 11, 9, 3, 10, 13], [4, 7, 2, 1, 9, 10, 3, 13, 8, 6, 12, 0, 5, 14, 11, 15], [2, 0, 1, 7, 13, 9, 4, 3, 12, 8, 11, 6, 15, 10, 5, 14], [5, 10, 15, 14, 8, 6, 11, 12, 3, 13, 4, 9, 1, 0, 2, 7], [6, 11, 8, 12, 1, 2, 0, 7, 14, 15, 10, 5, 13, 4, 9, 3], [9, 4, 13, 3, 15, 5, 10, 14, 7, 1, 0, 2, 8, 11, 6, 12], [3, 1, 4, 2, 10, 14, 13, 9, 6, 0, 8, 7, 11, 15, 12, 5], [14, 13, 10, 9, 11, 12, 15, 5, 2, 4, 1, 3, 0, 8, 7, 6], [12, 15, 11, 5, 0, 7, 8, 6, 9, 10, 13, 14, 4, 1, 3, 2], [7, 8, 0, 6, 4, 3, 1, 2, 5, 11, 15, 12, 10, 13, 14, 9]]","[[15, 9, 14, 10, 12, 8, 5, 11, 4, 3, 2, 13, 7, 6, 1, 0], [1, 6, 7, 0, 3, 13, 2, 4, 11, 12, 5, 8, 14, 9, 15, 10], [13, 2, 3, 4, 14, 15, 9, 10, 0, 7, 6, 1, 12, 5, 8, 11], [8, 5, 12, 11, 7, 1, 6, 0, 10, 14, 9, 15, 3, 2, 13, 4], [11, 14, 5, 15, 6, 0, 12, 8, 13, 9, 3, 10, 2, 7, 4, 1], [10, 3, 9, 13, 5, 11, 14, 15, 1, 2, 7, 4, 6, 12, 0, 8], [0, 12, 6, 8, 2, 4, 7, 1, 15, 5, 14, 11, 9, 3, 10, 13], [4, 7, 2, 1, 9, 10, 3, 13, 8, 6, 12, 0, 5, 14, 11, 15], [2, 0, 1, 7, 13, 9, 4, 3, 12, 8, 11, 6, 15, 10, 5, 14], [5, 10, 15, 14, 8, 6, 11, 12, 3, 13, 4, 9, 1, 0, 2, 7], [6, 11, 8, 12, 1, 2, 0, 7, 14, 15, 10, 5, 13, 4, 9, 3], [9, 4, 13, 3, 15, 5, 10, 14, 7, 1, 0, 2, 8, 11, 6, 12], [3, 1, 4, 2, 10, 14, 13, 9, 6, 0, 8, 7, 11, 15, 12, 5], [14, 13, 10, 9, 11, 12, 15, 5, 2, 4, 1, 3, 0, 8, 7, 6], [12, 15, 11, 5, 0, 3, 8, 6, 9, 10, 13, 14, 4, 1, 7, 2], [7, 8, 0, 6, 4, 3, 1, 2, 5, 11, 15, 12, 10, 13, 14, 9]]","[[15, 9, 14, 10, 12, 8, 5, 11, 4, 3, 2, 13, 7, 6, 1, 0], [1, 6, 15, 0, 3, 13, 2, 4, 11, 12, 5, 8, 14, 9, 7, 10], [13, 2, 3, 4, 14, 15, 9, 10, 0, 7, 6, 1, 12, 5, 8, 11], [8, 5, 12, 11, 7, 1, 6, 0, 10, 14, 9, 15, 3, 2, 13, 4], [11, 14, 5, 15, 6, 0, 12, 8, 13, 9, 3, 10, 2, 7, 4, 1], [10, 3, 9, 13, 5, 11, 14, 15, 1, 2, 7, 4, 6, 12, 0, 8], [0, 12, 6, 8, 2, 4, 7, 1, 15, 5, 14, 11, 9, 3, 10, 13], [4, 7, 2, 1, 9, 10, 3, 13, 8, 6, 12, 0, 5, 14, 11, 15], [2, 0, 1, 7, 13, 9, 4, 3, 12, 8, 11, 6, 15, 10, 5, 14], [5, 10, 15, 14, 8, 6, 11, 12, 3, 13, 4, 9, 1, 0, 2, 7], [6, 11, 8, 12, 1, 2, 0, 7, 14, 15, 10, 5, 13, 4, 9, 3], [9, 4, 13, 3, 15, 5, 10, 14, 7, 1, 0, 2, 8, 11, 6, 12], [3, 1, 4, 2, 10, 14, 13, 9, 6, 0, 8, 7, 11, 15, 12, 5], [14, 13, 10, 9, 11, 12, 15, 5, 2, 4, 1, 3, 0, 8, 7, 6], [12, 15, 11, 5, 0, 7, 8, 6, 9, 10, 13, 14, 4, 1, 3, 2], [7, 8, 0, 6, 4, 3, 1, 2, 5, 11, 15, 12, 10, 13, 14, 9]]",B,"[[15, 9, 14, 10, 12, 8, 5, 11, 4, 3, 2, 13, 7, 6, 1, 0], [1, 6, 7, 0, 3, 13, 2, 4, 11, 12, 5, 8, 14, 9, 15, 10], [13, 2, 3, 4, 14, 15, 9, 10, 0, 7, 6, 1, 12, 5, 8, 11], [8, 5, 12, 11, 7, 1, 6, 0, 10, 14, 9, 15, 3, 2, 13, 4], [11, 14, 5, 15, 6, 0, 12, 8, 13, 9, 3, 10, 2, 7, 4, 1], [10, 3, 9, 13, 5, 11, 14, 15, 1, 2, 7, 4, 6, 12, 0, 8], [0, 12, 6, 8, 2, 4, 7, 1, 15, 5, 14, 11, 9, 3, 10, 13], [4, 7, 2, 1, 9, 10, 3, 13, 8, 6, 12, 0, 5, 14, 11, 15], [2, 0, 1, 7, 13, 9, 4, 3, 12, 8, 11, 6, 15, 10, 5, 14], [5, 10, 15, 14, 8, 6, 11, 12, 3, 13, 4, 9, 1, 0, 2, 7], [6, 11, 8, 12, 1, 2, 0, 7, 14, 15, 10, 5, 13, 4, 9, 3], [9, 4, 13, 3, 15, 5, 10, 14, 7, 1, 0, 2, 8, 11, 6, 12], [3, 1, 4, 2, 10, 14, 13, 9, 6, 0, 8, 7, 11, 15, 12, 5], [14, 13, 10, 9, 11, 12, 15, 5, 2, 4, 1, 3, 0, 8, 7, 6], [12, 15, 11, 5, 0, 7, 8, 6, 9, 10, 13, 14, 4, 1, 3, 2], [7, 8, 0, 6, 4, 3, 1, 2, 5, 11, 15, 12, 10, 13, 14, 9]]","{""num_givens"": 100, ""grid_size"": 16}"
sudoku_cf4_hex_0007,sudoku_cf4_hex,counterfactual,"[[null, null, null, null, null, null, 3, null, 10, null, null, null, null, null, null, 14], [9, 4, 8, 3, null, null, 1, null, null, null, null, null, null, 2, 13, 5], [6, 7, 15, 14, 12, null, null, 2, 8, null, null, null, 11, null, null, 1], [null, null, null, 1, null, null, 14, null, null, 12, null, null, 4, null, null, 3], [null, null, 0, 4, null, null, null, 6, null, 5, 15, null, 3, null, null, 12], [2, 3, null, null, null, null, null, null, 6, null, null, null, 5, 13, 15, 7], [null, null, 13, 7, null, 2, null, null, null, null, null, null, null, null, null, null], [10, 14, 6, 11, null, null, null, 13, null, null, 2, null, null, 0, 8, 4], [null, null, 4, null, 6, null, null, 11, null, null, 14, null, 9, 12, null, 2], [null, 6, 11, null, null, null, null, null, null, null, 5, 2, 0, null, null, null], [null, null, null, 15, null, 5, 2, 12, null, null, 3, null, null, 11, 1, null], [null, 9, null, 2, 0, 3, 8, null, null, null, 1, null, 13, null, null, null], [11, null, null, 6, null, null, 13, 5, 3, null, 12, null, 10, null, null, null], [null, null, null, null, null, null, null, null, null, 2, 7, null, null, null, null, null], [7, null, null, 13, 8, null, 9, 3, null, 10, 4, null, null, null, null, null], [null, 8, 3, null, 10, 4, null, null, 14, null, 11, 6, null, null, null, null]]","Solve the following hexadecimal Sudoku puzzle.
Rule change: The grid is 16×16 (instead of 9×9). The blocks are 4×4 (instead of 3×3). The valid symbols are the hexadecimal digits {0, 1, 2, 3, 4, 5, 6, 7, 8, 9, A, B, C, D, E, F}. Each row, column, and 4×4 block must contain each symbol exactly once.

Puzzle (. = empty cell):
. . . . | . . 3 . | A . . . | . . . E
9 4 8 3 | . . 1 . | . . . . | . 2 D 5
6 7 F E | C . . 2 | 8 . . . | B . . 1
. . . 1 | . . E . | . C . . | 4 . . 3
-------------------------------------
. . . 4 | . . . 6 | . 5 F . | 3 . . C
2 3 . . | . . . . | 6 . . . | 5 D F 7
. . D 7 | . 2 . . | . . . . | . . . .
A E 6 B | . . . D | . . 2 . | . . 8 4
-------------------------------------
. . 4 . | 6 . . B | . . E . | 9 C . 2
. 6 B . | . . . . | . . 5 2 | . . . .
. . . F | . 5 2 C | . . 3 . | . B 1 .
. 9 . 2 | . 3 8 . | . . 1 . | D . . .
-------------------------------------
B . . 6 | . . D 5 | 3 . C . | A . . .
. . . . | . . . . | . 2 7 . | . . . .
7 . . D | 8 . 9 3 | . A 4 . | . . . .
. 8 3 . | A 4 . . | E . B 6 | . . . .

Which of the following is the correct completed solution?","[[13, 12, 2, 5, 4, 9, 3, 8, 10, 11, 0, 1, 7, 15, 6, 14], [9, 4, 8, 3, 11, 0, 1, 10, 15, 7, 6, 14, 12, 2, 13, 5], [6, 7, 15, 14, 12, 13, 5, 2, 8, 4, 9, 3, 11, 10, 0, 1], [0, 11, 10, 1, 7, 6, 14, 15, 2, 12, 13, 5, 4, 8, 9, 3], [8, 1, 0, 4, 14, 10, 11, 6, 13, 5, 15, 7, 3, 9, 2, 12], [2, 3, 9, 12, 1, 8, 4, 0, 6, 14, 10, 11, 5, 13, 15, 7], [15, 5, 13, 7, 3, 2, 12, 9, 0, 1, 8, 4, 14, 6, 10, 11], [10, 14, 6, 11, 5, 15, 7, 13, 9, 3, 2, 12, 1, 0, 8, 4], [3, 0, 4, 8, 6, 1, 10, 11, 7, 13, 14, 15, 9, 12, 5, 2], [1, 6, 11, 10, 13, 14, 15, 7, 12, 9, 5, 2, 0, 4, 3, 8], [14, 13, 7, 15, 9, 5, 2, 12, 4, 0, 3, 8, 6, 11, 1, 10], [5, 9, 12, 2, 0, 3, 8, 4, 11, 6, 1, 10, 13, 7, 14, 15], [11, 15, 14, 6, 0, 7, 13, 5, 3, 8, 12, 9, 10, 1, 4, 2], [4, 10, 1, 0, 15, 11, 6, 14, 5, 2, 7, 13, 8, 3, 12, 9], [7, 2, 5, 13, 8, 12, 9, 3, 1, 10, 4, 0, 15, 14, 11, 6], [12, 8, 3, 9, 10, 4, 0, 1, 14, 15, 11, 6, 2, 5, 7, 13]]","[[13, 12, 2, 5, 4, 9, 3, 8, 10, 11, 0, 1, 7, 15, 6, 14], [9, 4, 8, 3, 11, 0, 1, 10, 15, 7, 6, 14, 12, 2, 13, 5], [6, 7, 15, 14, 12, 13, 5, 2, 8, 4, 9, 3, 11, 10, 0, 1], [0, 11, 10, 1, 7, 6, 14, 15, 2, 12, 13, 5, 4, 8, 9, 3], [8, 1, 0, 4, 14, 10, 11, 6, 13, 5, 15, 7, 3, 9, 2, 12], [2, 3, 9, 12, 1, 8, 4, 0, 6, 14, 10, 11, 5, 13, 15, 7], [15, 5, 13, 7, 3, 2, 12, 9, 0, 1, 8, 4, 14, 6, 10, 11], [10, 14, 6, 11, 5, 15, 7, 13, 9, 3, 2, 12, 1, 0, 8, 4], [3, 0, 4, 8, 6, 1, 10, 11, 7, 13, 14, 15, 9, 12, 5, 2], [1, 6, 11, 10, 13, 14, 15, 7, 12, 9, 5, 2, 0, 4, 3, 8], [14, 13, 7, 15, 9, 5, 2, 12, 4, 0, 3, 8, 6, 11, 1, 10], [5, 9, 12, 2, 0, 3, 8, 4, 11, 6, 1, 10, 13, 7, 14, 15], [11, 15, 14, 6, 2, 7, 13, 5, 3, 8, 12, 9, 10, 1, 4, 0], [4, 10, 1, 0, 15, 11, 6, 14, 5, 2, 7, 13, 8, 3, 12, 9], [7, 2, 5, 13, 8, 12, 9, 3, 1, 10, 4, 0, 15, 14, 11, 6], [12, 8, 3, 9, 10, 4, 0, 1, 14, 15, 11, 6, 2, 5, 7, 13]]","[[13, 12, 2, 5, 4, 9, 3, 8, 10, 11, 0, 1, 7, 15, 6, 14], [9, 4, 8, 3, 11, 0, 1, 10, 15, 7, 6, 14, 12, 2, 13, 5], [6, 7, 15, 14, 12, 5, 13, 2, 8, 4, 9, 3, 11, 10, 0, 1], [0, 11, 10, 1, 7, 6, 14, 15, 2, 12, 13, 5, 4, 8, 9, 3], [8, 1, 0, 4, 14, 10, 11, 6, 13, 5, 15, 7, 3, 9, 2, 12], [2, 3, 9, 12, 1, 8, 4, 0, 6, 14, 10, 11, 5, 13, 15, 7], [15, 5, 13, 7, 3, 2, 12, 9, 0, 1, 8, 4, 14, 6, 10, 11], [10, 14, 6, 11, 5, 15, 7, 13, 9, 3, 2, 12, 1, 0, 8, 4], [3, 0, 4, 8, 6, 1, 10, 11, 7, 13, 14, 15, 9, 12, 5, 2], [1, 6, 11, 10, 13, 14, 15, 7, 12, 9, 5, 2, 0, 4, 3, 8], [14, 13, 7, 15, 9, 5, 2, 12, 4, 0, 3, 8, 6, 11, 1, 10], [5, 9, 12, 2, 0, 3, 8, 4, 11, 6, 1, 10, 13, 7, 14, 15], [11, 15, 14, 6, 2, 7, 13, 5, 3, 8, 12, 9, 10, 1, 4, 0], [4, 10, 1, 0, 15, 11, 6, 14, 5, 2, 7, 13, 8, 3, 12, 9], [7, 2, 5, 13, 8, 12, 9, 3, 1, 10, 4, 0, 15, 14, 11, 6], [12, 8, 3, 9, 10, 4, 0, 1, 14, 15, 11, 6, 2, 5, 7, 13]]","[[13, 12, 2, 5, 4, 9, 3, 8, 10, 11, 0, 1, 7, 15, 6, 14], [9, 4, 8, 3, 11, 0, 1, 10, 15, 7, 6, 14, 12, 2, 13, 5], [6, 7, 15, 14, 12, 13, 5, 2, 8, 4, 9, 3, 11, 10, 0, 1], [0, 11, 10, 1, 7, 6, 14, 15, 2, 12, 13, 5, 4, 8, 9, 3], [8, 1, 0, 4, 14, 2, 11, 6, 13, 5, 15, 7, 3, 9, 10, 12], [2, 3, 9, 12, 1, 8, 4, 0, 6, 14, 10, 11, 5, 13, 15, 7], [15, 5, 13, 7, 3, 2, 12, 9, 0, 1, 8, 4, 14, 6, 10, 11], [10, 14, 6, 11, 5, 15, 7, 13, 9, 3, 2, 12, 1, 0, 8, 4], [3, 0, 4, 8, 6, 1, 10, 11, 7, 13, 14, 15, 9, 12, 5, 2], [1, 6, 11, 10, 13, 14, 15, 7, 12, 9, 5, 2, 0, 4, 3, 8], [14, 13, 7, 15, 9, 5, 2, 12, 4, 0, 3, 8, 6, 11, 1, 10], [5, 9, 12, 2, 0, 3, 8, 4, 11, 6, 1, 10, 13, 7, 14, 15], [11, 15, 14, 6, 2, 7, 13, 5, 3, 8, 12, 9, 10, 1, 4, 0], [4, 10, 1, 0, 15, 11, 6, 14, 5, 2, 7, 13, 8, 3, 12, 9], [7, 2, 5, 13, 8, 12, 9, 3, 1, 10, 4, 0, 15, 14, 11, 6], [12, 8, 3, 9, 10, 4, 0, 1, 14, 15, 11, 6, 2, 5, 7, 13]]",B,"[[13, 12, 2, 5, 4, 9, 3, 8, 10, 11, 0, 1, 7, 15, 6, 14], [9, 4, 8, 3, 11, 0, 1, 10, 15, 7, 6, 14, 12, 2, 13, 5], [6, 7, 15, 14, 12, 13, 5, 2, 8, 4, 9, 3, 11, 10, 0, 1], [0, 11, 10, 1, 7, 6, 14, 15, 2, 12, 13, 5, 4, 8, 9, 3], [8, 1, 0, 4, 14, 10, 11, 6, 13, 5, 15, 7, 3, 9, 2, 12], [2, 3, 9, 12, 1, 8, 4, 0, 6, 14, 10, 11, 5, 13, 15, 7], [15, 5, 13, 7, 3, 2, 12, 9, 0, 1, 8, 4, 14, 6, 10, 11], [10, 14, 6, 11, 5, 15, 7, 13, 9, 3, 2, 12, 1, 0, 8, 4], [3, 0, 4, 8, 6, 1, 10, 11, 7, 13, 14, 15, 9, 12, 5, 2], [1, 6, 11, 10, 13, 14, 15, 7, 12, 9, 5, 2, 0, 4, 3, 8], [14, 13, 7, 15, 9, 5, 2, 12, 4, 0, 3, 8, 6, 11, 1, 10], [5, 9, 12, 2, 0, 3, 8, 4, 11, 6, 1, 10, 13, 7, 14, 15], [11, 15, 14, 6, 2, 7, 13, 5, 3, 8, 12, 9, 10, 1, 4, 0], [4, 10, 1, 0, 15, 11, 6, 14, 5, 2, 7, 13, 8, 3, 12, 9], [7, 2, 5, 13, 8, 12, 9, 3, 1, 10, 4, 0, 15, 14, 11, 6], [12, 8, 3, 9, 10, 4, 0, 1, 14, 15, 11, 6, 2, 5, 7, 13]]","{""num_givens"": 100, ""grid_size"": 16}"
sudoku_cf4_hex_0008,sudoku_cf4_hex,counterfactual,"[[null, null, null, null, 14, null, null, null, null, null, 5, null, null, null, null, 15], [13, null, null, null, 10, null, null, null, null, null, null, 3, 1, null, null, 11], [null, null, null, 10, null, 2, 0, null, null, null, null, null, 9, null, null, null], [9, 12, null, 14, 15, 6, 4, null, null, 11, null, null, null, 8, null, 10], [null, 11, null, 5, null, 14, 12, 3, null, 13, 7, null, 4, null, null, null], [3, 14, null, 1, null, null, null, 4, 11, 5, 0, null, null, null, null, null], [4, 15, null, null, null, 10, null, null, null, 1, null, 12, null, null, null, null], [7, 10, null, null, null, 11, null, null, 15, null, 4, 6, null, 14, null, null], [2, null, null, null, 0, null, 14, null, 13, 4, null, 10, null, null, 15, 3], [null, null, 14, null, null, null, 15, null, null, null, null, null, 8, 13, null, null], [null, null, null, 3, 4, null, null, 8, null, 0, null, null, null, 5, 11, null], [8, 13, null, 4, 7, null, null, null, 9, null, 6, 15, 12, 1, null, null], [null, null, null, 2, 12, 3, 9, 15, null, null, null, null, null, 4, null, 6], [null, null, null, 12, null, 4, null, 10, null, 2, null, null, null, null, null, 8], [null, null, 5, 8, null, 0, 1, null, 4, null, null, 13, null, 3, 9, null], [null, null, 13, 6, 8, null, null, 11, null, null, null, null, null, null, 1, null]]","Solve the following hexadecimal Sudoku puzzle.
Rule change: The grid is 16×16 (instead of 9×9). The blocks are 4×4 (instead of 3×3). The valid symbols are the hexadecimal digits {0, 1, 2, 3, 4, 5, 6, 7, 8, 9, A, B, C, D, E, F}. Each row, column, and 4×4 block must contain each symbol exactly once.

Puzzle (. = empty cell):
. . . . | E . . . | . . 5 . | . . . F
D . . . | A . . . | . . . 3 | 1 . . B
. . . A | . 2 . . | . . . . | 9 . . .
9 C . E | F 6 4 . | . B . . | . 8 . A
-------------------------------------
. B . 5 | . E C 3 | . D 7 . | 4 . . .
3 E . 1 | . . . 4 | B 5 . . | . . . .
4 F . . | . A . . | . 1 . C | . . . .
7 A . . | . B . . | F . 4 6 | . E . .
-------------------------------------
2 . . . | . . E . | D 4 . A | . . F 3
. . E . | . . F . | . . . . | 8 D . .
. . . 3 | 4 . . 8 | . . . . | . 5 B .
8 D . 4 | 7 . . . | 9 . 6 F | C 1 . .
-------------------------------------
. . . 2 | C 3 9 F | . . . . | . 4 . 6
. . . C | . 4 . A | . 2 . . | . . . 8
. . 5 8 | . . 1 . | 4 . . D | . 3 9 .
. . D 6 | 8 . . B | . . . . | . . 1 .

Which of the following is the correct completed solution?","[[1, 2, 0, 11, 14, 12, 3, 9, 8, 10, 5, 7, 13, 6, 4, 15], [13, 6, 4, 15, 10, 8, 7, 5, 12, 14, 9, 3, 1, 2, 0, 11], [5, 8, 7, 10, 11, 2, 0, 1, 6, 15, 13, 4, 9, 12, 3, 14], [9, 12, 3, 14, 15, 6, 4, 13, 2, 11, 1, 0, 5, 8, 7, 10], [0, 11, 2, 5, 1, 14, 12, 3, 10, 13, 7, 8, 4, 15, 6, 9], [3, 14, 12, 1, 9, 15, 6, 4, 11, 5, 0, 2, 7, 10, 8, 13], [4, 15, 6, 9, 13, 10, 8, 7, 14, 1, 3, 12, 0, 11, 2, 5], [7, 10, 8, 13, 5, 11, 2, 0, 15, 9, 4, 6, 3, 14, 12, 1], [2, 5, 11, 7, 0, 1, 14, 12, 13, 4, 8, 10, 6, 9, 15, 3], [12, 1, 14, 0, 3, 9, 15, 6, 5, 7, 2, 11, 8, 13, 10, 4], [6, 9, 15, 3, 4, 13, 10, 8, 1, 0, 12, 14, 2, 5, 11, 7], [8, 13, 10, 4, 7, 5, 11, 2, 9, 3, 6, 15, 12, 1, 14, 0], [14, 0, 1, 2, 12, 3, 9, 15, 7, 8, 11, 5, 10, 4, 13, 6], [15, 3, 9, 12, 6, 4, 13, 10, 0, 2, 14, 1, 11, 7, 5, 8], [11, 7, 5, 8, 2, 0, 1, 14, 4, 6, 10, 13, 15, 3, 9, 12], [10, 4, 13, 6, 8, 7, 5, 11, 3, 12, 15, 9, 14, 0, 1, 2]]","[[1, 2, 0, 11, 14, 12, 3, 9, 8, 10, 5, 7, 13, 6, 4, 15], [13, 6, 4, 15, 10, 8, 7, 5, 12, 14, 9, 3, 1, 2, 0, 11], [5, 8, 7, 10, 11, 2, 0, 12, 6, 15, 13, 4, 9, 1, 3, 14], [9, 12, 3, 14, 15, 6, 4, 13, 2, 11, 1, 0, 5, 8, 7, 10], [0, 11, 2, 5, 1, 14, 12, 3, 10, 13, 7, 8, 4, 15, 6, 9], [3, 14, 12, 1, 9, 15, 6, 4, 11, 5, 0, 2, 7, 10, 8, 13], [4, 15, 6, 9, 13, 10, 8, 7, 14, 1, 3, 12, 0, 11, 2, 5], [7, 10, 8, 13, 5, 11, 2, 0, 15, 9, 4, 6, 3, 14, 12, 1], [2, 5, 11, 7, 0, 1, 14, 12, 13, 4, 8, 10, 6, 9, 15, 3], [12, 1, 14, 0, 3, 9, 15, 6, 5, 7, 2, 11, 8, 13, 10, 4], [6, 9, 15, 3, 4, 13, 10, 8, 1, 0, 12, 14, 2, 5, 11, 7], [8, 13, 10, 4, 7, 5, 11, 2, 9, 3, 6, 15, 12, 1, 14, 0], [14, 0, 1, 2, 12, 3, 9, 15, 7, 8, 11, 5, 10, 4, 13, 6], [15, 3, 9, 12, 6, 4, 13, 10, 0, 2, 14, 1, 11, 7, 5, 8], [11, 7, 5, 8, 2, 0, 1, 14, 4, 6, 10, 13, 15, 3, 9, 12], [10, 4, 13, 6, 8, 7, 5, 11, 3, 12, 15, 9, 14, 0, 1, 2]]","[[1, 2, 0, 11, 14, 12, 3, 9, 8, 10, 5, 7, 13, 6, 4, 15], [13, 6, 4, 15, 10, 8, 7, 5, 12, 14, 9, 3, 1, 2, 0, 11], [5, 8, 7, 10, 11, 2, 0, 1, 6, 15, 13, 4, 9, 12, 3, 14], [9, 12, 3, 14, 15, 6, 4, 13, 2, 11, 1, 0, 5, 8, 7, 10], [0, 11, 2, 5, 1, 14, 12, 3, 10, 13, 7, 8, 4, 15, 6, 9], [3, 14, 12, 1, 9, 15, 6, 4, 11, 5, 0, 2, 7, 10, 8, 13], [4, 15, 6, 9, 13, 10, 8, 7, 14, 1, 3, 12, 0, 11, 2, 5], [7, 10, 8, 13, 5, 11, 2, 0, 15, 9, 4, 6, 3, 14, 12, 1], [2, 5, 11, 7, 0, 1, 14, 12, 13, 4, 8, 10, 6, 9, 15, 3], [12, 1, 14, 0, 3, 9, 15, 6, 5, 7, 2, 11, 8, 13, 10, 4], [6, 9, 15, 3, 4, 13, 10, 8, 1, 0, 12, 14, 2, 5, 11, 7], [8, 13, 10, 4, 7, 5, 11, 2, 9, 3, 6, 15, 12, 1, 14, 0], [14, 0, 1, 2, 12, 3, 9, 15, 7, 8, 11, 5, 10, 4, 13, 6], [15, 3, 9, 12, 6, 4, 13, 10, 0, 2, 14, 1, 11, 7, 5, 8], [11, 12, 5, 8, 2, 0, 1, 14, 4, 6, 10, 13, 15, 3, 9, 7], [10, 4, 13, 6, 8, 7, 5, 11, 3, 12, 15, 9, 14, 0, 1, 2]]","[[1, 2, 0, 11, 14, 12, 3, 9, 8, 10, 5, 7, 13, 6, 4, 15], [13, 6, 4, 15, 10, 8, 7, 5, 12, 14, 9, 3, 1, 2, 0, 11], [5, 8, 7, 10, 11, 2, 0, 1, 6, 15, 13, 4, 9, 12, 3, 14], [9, 12, 3, 14, 15, 6, 4, 13, 2, 11, 1, 0, 5, 8, 7, 10], [0, 11, 2, 5, 1, 14, 12, 3, 10, 13, 7, 8, 4, 15, 6, 9], [3, 14, 12, 1, 9, 15, 6, 4, 11, 5, 0, 2, 7, 10, 8, 13], [4, 15, 6, 9, 13, 10, 8, 7, 14, 1, 3, 12, 0, 11, 2, 5], [7, 10, 8, 13, 5, 11, 2, 0, 15, 9, 4, 6, 3, 14, 12, 1], [2, 5, 11, 7, 0, 1, 14, 12, 13, 4, 8, 10, 6, 9, 15, 3], [12, 1, 14, 0, 3, 9, 15, 6, 5, 7, 2, 11, 8, 13, 10, 4], [6, 9, 15, 3, 4, 13, 10, 8, 1, 0, 12, 14, 2, 5, 11, 7], [8, 13, 10, 4, 7, 5, 11, 2, 9, 3, 6, 15, 12, 1, 14, 0], [14, 0, 1, 2, 12, 3, 9, 15, 7, 8, 11, 5, 10, 4, 13, 6], [15, 3, 9, 12, 6, 4, 13, 10, 0, 2, 14, 1, 11, 7, 5, 8], [11, 7, 5, 8, 2, 0, 1, 14, 4, 6, 10, 13, 15, 3, 9, 12], [10, 4, 13, 6, 8, 0, 5, 11, 3, 12, 15, 9, 14, 7, 1, 2]]",A,"[[1, 2, 0, 11, 14, 12, 3, 9, 8, 10, 5, 7, 13, 6, 4, 15], [13, 6, 4, 15, 10, 8, 7, 5, 12, 14, 9, 3, 1, 2, 0, 11], [5, 8, 7, 10, 11, 2, 0, 1, 6, 15, 13, 4, 9, 12, 3, 14], [9, 12, 3, 14, 15, 6, 4, 13, 2, 11, 1, 0, 5, 8, 7, 10], [0, 11, 2, 5, 1, 14, 12, 3, 10, 13, 7, 8, 4, 15, 6, 9], [3, 14, 12, 1, 9, 15, 6, 4, 11, 5, 0, 2, 7, 10, 8, 13], [4, 15, 6, 9, 13, 10, 8, 7, 14, 1, 3, 12, 0, 11, 2, 5], [7, 10, 8, 13, 5, 11, 2, 0, 15, 9, 4, 6, 3, 14, 12, 1], [2, 5, 11, 7, 0, 1, 14, 12, 13, 4, 8, 10, 6, 9, 15, 3], [12, 1, 14, 0, 3, 9, 15, 6, 5, 7, 2, 11, 8, 13, 10, 4], [6, 9, 15, 3, 4, 13, 10, 8, 1, 0, 12, 14, 2, 5, 11, 7], [8, 13, 10, 4, 7, 5, 11, 2, 9, 3, 6, 15, 12, 1, 14, 0], [14, 0, 1, 2, 12, 3, 9, 15, 7, 8, 11, 5, 10, 4, 13, 6], [15, 3, 9, 12, 6, 4, 13, 10, 0, 2, 14, 1, 11, 7, 5, 8], [11, 7, 5, 8, 2, 0, 1, 14, 4, 6, 10, 13, 15, 3, 9, 12], [10, 4, 13, 6, 8, 7, 5, 11, 3, 12, 15, 9, 14, 0, 1, 2]]","{""num_givens"": 100, ""grid_size"": 16}"
sudoku_cf4_hex_0009,sudoku_cf4_hex,counterfactual,"[[null, null, null, null, null, null, null, null, null, null, 9, 3, 5, 2, 8, 12], [null, null, 1, null, 2, null, null, 8, null, null, null, null, null, null, null, null], [null, null, 3, 9, 11, null, 14, null, null, null, null, null, 15, null, null, 1], [5, null, null, null, 9, null, null, 0, 7, 15, null, 1, 14, 11, 4, null], [null, 1, null, null, 0, null, 9, null, null, null, 7, null, 11, 4, null, null], [null, 6, 15, null, 8, null, null, null, 3, null, null, null, null, null, 12, null], [11, 3, null, 4, null, null, 13, null, 12, 9, 0, null, null, 8, null, null], [9, null, null, 0, null, null, 11, null, null, 2, null, null, null, 7, 6, null], [7, null, null, null, null, 2, 8, 15, null, 4, 3, null, null, null, 5, 9], [null, null, null, 3, null, null, 7, 14, null, 0, 12, null, null, null, null, null], [8, null, 2, null, 12, 9, 0, null, null, 7, null, 13, 4, 3, null, null], [null, null, 9, null, null, 11, null, 10, null, null, null, 2, 7, 6, null, null], [3, 9, null, 10, 14, 7, 6, 11, null, 12, null, null, null, null, null, null], [12, 2, 0, null, null, null, null, null, null, 1, null, null, 6, 14, null, null], [6, 11, null, null, null, null, null, null, null, null, 10, 4, 12, null, null, null], [null, null, null, null, 5, null, 12, 2, null, null, 14, null, null, null, null, null]]","Solve the following hexadecimal Sudoku puzzle.
Rule change: The grid is 16×16 (instead of 9×9). The blocks are 4×4 (instead of 3×3). The valid symbols are the hexadecimal digits {0, 1, 2, 3, 4, 5, 6, 7, 8, 9, A, B, C, D, E, F}. Each row, column, and 4×4 block must contain each symbol exactly once.

Puzzle (. = empty cell):
. . . . | . . . . | . . 9 3 | 5 2 8 C
. . 1 . | 2 . . 8 | . . . . | . . . .
. . 3 9 | B . E . | . . . . | F . . 1
5 . . . | 9 . . . | 7 F . 1 | E B 4 .
-------------------------------------
. 1 . . | . . 9 . | . . 7 . | B 4 . .
. 6 F . | 8 . . . | 3 . . . | . . C .
B 3 . 4 | . . D . | C 9 . . | . 8 . .
9 . . . | . . B . | . 2 . . | . 7 6 .
-------------------------------------
7 . . . | . 2 8 F | . 4 3 . | . . 5 9
. . . 3 | . . 7 E | . . C . | . . . .
8 . 2 . | C 9 . . | . 7 . D | 4 3 . .
. . 9 . | . B . A | . . . 2 | 7 6 . .
-------------------------------------
3 9 . A | E 7 6 B | . C . . | . . . .
C 2 . . | . . . . | . 1 . . | 6 E . .
6 B . . | . . . . | . . A 4 | C . . .
. . . . | 5 . C 2 | . . E . | . . . .

Which of the following is the correct completed solution?","[[14, 4, 6, 11, 13, 1, 15, 10, 0, 7, 9, 3, 5, 2, 8, 12], [15, 7, 1, 13, 2, 12, 5, 8, 4, 14, 11, 6, 10, 9, 0, 3], [10, 0, 3, 9, 11, 6, 14, 4, 8, 5, 2, 12, 15, 13, 7, 1], [5, 8, 12, 2, 9, 3, 10, 0, 7, 15, 13, 1, 14, 11, 4, 6], [2, 1, 5, 8, 0, 10, 9, 12, 6, 13, 7, 15, 11, 4, 3, 14], [13, 6, 15, 7, 8, 5, 2, 1, 3, 11, 4, 14, 9, 0, 12, 10], [11, 3, 14, 4, 7, 15, 13, 6, 12, 9, 0, 10, 2, 8, 1, 5], [9, 12, 10, 0, 4, 14, 11, 3, 1, 2, 8, 5, 13, 7, 6, 15], [7, 14, 13, 6, 1, 2, 8, 15, 10, 4, 3, 11, 0, 12, 5, 9], [4, 10, 11, 3, 6, 13, 7, 14, 5, 0, 12, 9, 8, 1, 15, 2], [8, 15, 2, 1, 12, 9, 0, 5, 14, 7, 6, 13, 4, 3, 10, 11], [0, 5, 9, 12, 3, 11, 4, 10, 15, 8, 1, 2, 7, 6, 14, 13], [3, 9, 4, 10, 14, 7, 6, 11, 2, 12, 5, 0, 1, 15, 13, 8], [12, 2, 0, 5, 10, 4, 3, 9, 13, 1, 15, 8, 6, 14, 11, 7], [6, 11, 7, 14, 15, 8, 1, 13, 9, 3, 10, 4, 12, 5, 2, 0], [1, 13, 8, 15, 5, 0, 12, 2, 11, 6, 14, 7, 3, 10, 9, 4]]","[[14, 4, 6, 11, 13, 1, 15, 7, 0, 10, 9, 3, 5, 2, 8, 12], [15, 7, 1, 13, 2, 12, 5, 8, 4, 14, 11, 6, 10, 9, 0, 3], [10, 0, 3, 9, 11, 6, 14, 4, 8, 5, 2, 12, 15, 13, 7, 1], [5, 8, 12, 2, 9, 3, 10, 0, 7, 15, 13, 1, 14, 11, 4, 6], [2, 1, 5, 8, 0, 10, 9, 12, 6, 13, 7, 15, 11, 4, 3, 14], [13, 6, 15, 7, 8, 5, 2, 1, 3, 11, 4, 14, 9, 0, 12, 10], [11, 3, 14, 4, 7, 15, 13, 6, 12, 9, 0, 10, 2, 8, 1, 5], [9, 12, 13, 0, 4, 14, 11, 3, 1, 2, 8, 5, 10, 7, 6, 15], [7, 14, 13, 6, 1, 2, 8, 15, 10, 4, 3, 11, 0, 12, 5, 9], [4, 10, 11, 3, 6, 13, 7, 14, 5, 0, 12, 9, 8, 1, 15, 2], [8, 15, 2, 1, 12, 9, 0, 5, 14, 7, 6, 13, 4, 3, 10, 11], [0, 5, 9, 12, 3, 11, 4, 10, 15, 8, 1, 2, 7, 6, 14, 13], [3, 9, 4, 10, 14, 7, 6, 11, 2, 12, 5, 0, 1, 15, 13, 8], [12, 2, 0, 5, 10, 4, 3, 9, 13, 1, 15, 8, 6, 14, 11, 7], [6, 11, 7, 14, 15, 8, 1, 13, 9, 3, 10, 4, 12, 5, 2, 0], [1, 13, 8, 15, 5, 0, 12, 2, 11, 6, 14, 7, 3, 10, 9, 4]]","[[14, 4, 6, 11, 13, 1, 15, 7, 0, 10, 9, 3, 5, 2, 8, 12], [15, 7, 1, 13, 2, 12, 5, 8, 4, 14, 11, 6, 10, 9, 0, 3], [10, 0, 3, 9, 11, 6, 14, 4, 8, 5, 2, 12, 15, 13, 7, 1], [5, 8, 12, 2, 9, 3, 10, 0, 7, 15, 13, 1, 14, 11, 4, 6], [2, 1, 5, 8, 0, 10, 9, 12, 6, 13, 7, 15, 11, 4, 3, 14], [13, 6, 15, 7, 8, 5, 2, 1, 3, 11, 4, 14, 9, 0, 12, 10], [11, 3, 14, 4, 7, 15, 13, 6, 12, 9, 0, 10, 2, 8, 1, 5], [9, 12, 10, 0, 4, 14, 11, 3, 1, 2, 8, 5, 13, 7, 6, 15], [7, 14, 13, 6, 1, 2, 8, 15, 10, 4, 3, 11, 0, 12, 5, 9], [4, 10, 11, 3, 6, 13, 7, 14, 5, 0, 12, 9, 8, 1, 15, 2], [8, 15, 2, 1, 12, 9, 0, 5, 14, 7, 11, 13, 4, 3, 10, 6], [0, 5, 9, 12, 3, 11, 4, 10, 15, 8, 1, 2, 7, 6, 14, 13], [3, 9, 4, 10, 14, 7, 6, 11, 2, 12, 5, 0, 1, 15, 13, 8], [12, 2, 0, 5, 10, 4, 3, 9, 13, 1, 15, 8, 6, 14, 11, 7], [6, 11, 7, 14, 15, 8, 1, 13, 9, 3, 10, 4, 12, 5, 2, 0], [1, 13, 8, 15, 5, 0, 12, 2, 11, 6, 14, 7, 3, 10, 9, 4]]","[[14, 4, 6, 11, 13, 1, 15, 7, 0, 10, 9, 3, 5, 2, 8, 12], [15, 7, 1, 13, 2, 12, 5, 8, 4, 14, 11, 6, 10, 9, 0, 3], [10, 0, 3, 9, 11, 6, 14, 4, 8, 5, 2, 12, 15, 13, 7, 1], [5, 8, 12, 2, 9, 3, 10, 0, 7, 15, 13, 1, 14, 11, 4, 6], [2, 1, 5, 8, 0, 10, 9, 12, 6, 13, 7, 15, 11, 4, 3, 14], [13, 6, 15, 7, 8, 5, 2, 1, 3, 11, 4, 14, 9, 0, 12, 10], [11, 3, 14, 4, 7, 15, 13, 6, 12, 9, 0, 10, 2, 8, 1, 5], [9, 12, 10, 0, 4, 14, 11, 3, 1, 2, 8, 5, 13, 7, 6, 15], [7, 14, 13, 6, 1, 2, 8, 15, 10, 4, 3, 11, 0, 12, 5, 9], [4, 10, 11, 3, 6, 13, 7, 14, 5, 0, 12, 9, 8, 1, 15, 2], [8, 15, 2, 1, 12, 9, 0, 5, 14, 7, 6, 13, 4, 3, 10, 11], [0, 5, 9, 12, 3, 11, 4, 10, 15, 8, 1, 2, 7, 6, 14, 13], [3, 9, 4, 10, 14, 7, 6, 11, 2, 12, 5, 0, 1, 15, 13, 8], [12, 2, 0, 5, 10, 4, 3, 9, 13, 1, 15, 8, 6, 14, 11, 7], [6, 11, 7, 14, 15, 8, 1, 13, 9, 3, 10, 4, 12, 5, 2, 0], [1, 13, 8, 15, 5, 0, 12, 2, 11, 6, 14, 7, 3, 10, 9, 4]]",D,"[[14, 4, 6, 11, 13, 1, 15, 7, 0, 10, 9, 3, 5, 2, 8, 12], [15, 7, 1, 13, 2, 12, 5, 8, 4, 14, 11, 6, 10, 9, 0, 3], [10, 0, 3, 9, 11, 6, 14, 4, 8, 5, 2, 12, 15, 13, 7, 1], [5, 8, 12, 2, 9, 3, 10, 0, 7, 15, 13, 1, 14, 11, 4, 6], [2, 1, 5, 8, 0, 10, 9, 12, 6, 13, 7, 15, 11, 4, 3, 14], [13, 6, 15, 7, 8, 5, 2, 1, 3, 11, 4, 14, 9, 0, 12, 10], [11, 3, 14, 4, 7, 15, 13, 6, 12, 9, 0, 10, 2, 8, 1, 5], [9, 12, 10, 0, 4, 14, 11, 3, 1, 2, 8, 5, 13, 7, 6, 15], [7, 14, 13, 6, 1, 2, 8, 15, 10, 4, 3, 11, 0, 12, 5, 9], [4, 10, 11, 3, 6, 13, 7, 14, 5, 0, 12, 9, 8, 1, 15, 2], [8, 15, 2, 1, 12, 9, 0, 5, 14, 7, 6, 13, 4, 3, 10, 11], [0, 5, 9, 12, 3, 11, 4, 10, 15, 8, 1, 2, 7, 6, 14, 13], [3, 9, 4, 10, 14, 7, 6, 11, 2, 12, 5, 0, 1, 15, 13, 8], [12, 2, 0, 5, 10, 4, 3, 9, 13, 1, 15, 8, 6, 14, 11, 7], [6, 11, 7, 14, 15, 8, 1, 13, 9, 3, 10, 4, 12, 5, 2, 0], [1, 13, 8, 15, 5, 0, 12, 2, 11, 6, 14, 7, 3, 10, 9, 4]]","{""num_givens"": 100, ""grid_size"": 16}"
sudoku_cf4_hex_0010,sudoku_cf4_hex,counterfactual,"[[null, 2, null, 12, null, null, 7, null, null, null, null, null, null, null, null, null], [10, null, null, 9, null, 14, 3, 4, null, null, 15, 2, null, 13, null, null], [null, null, 14, 3, null, 11, null, null, null, null, 1, 5, 2, 0, null, 12], [null, null, 13, 7, null, null, null, null, null, null, null, null, null, null, 8, 3], [2, null, null, null, 5, null, 13, 9, null, null, 4, null, 12, 10, null, null], [6, 12, 10, 11, 4, 8, null, null, null, null, 2, null, 9, 1, null, null], [4, 7, 8, 14, 6, 10, null, null, 1, 13, null, 9, null, null, 2, 0], [5, null, 1, null, null, 15, null, null, null, null, 6, 12, null, 8, 4, null], [null, null, null, 4, null, 12, null, null, null, null, null, 10, null, 3, 14, 2], [11, null, 9, 5, null, null, null, 8, 12, 6, 0, null, null, 7, 13, null], [0, null, 12, null, null, null, 4, null, null, null, null, null, null, null, null, 5], [14, 8, null, null, null, null, null, null, 7, 4, null, null, null, null, 0, 6], [null, null, 2, null, null, null, null, 11, 4, null, null, null, null, null, null, null], [null, 11, null, null, null, null, null, null, 6, null, 12, 0, null, 4, 7, null], [7, null, null, 8, null, null, null, 0, null, null, 9, null, null, null, 3, 15], [null, 0, null, null, null, null, null, null, null, null, null, 14, null, 5, null, null]]","Solve the following hexadecimal Sudoku puzzle.
Rule change: The grid is 16×16 (instead of 9×9). The blocks are 4×4 (instead of 3×3). The valid symbols are the hexadecimal digits {0, 1, 2, 3, 4, 5, 6, 7, 8, 9, A, B, C, D, E, F}. Each row, column, and 4×4 block must contain each symbol exactly once.

Puzzle (. = empty cell):
. 2 . C | . . 7 . | . . . . | . . . .
A . . 9 | . E 3 4 | . . F 2 | . D . .
. . E 3 | . B . . | . . 1 5 | 2 . . C
. . D 7 | . . . . | . . . . | . . 8 3
-------------------------------------
2 . . . | 5 . D 9 | . . 4 . | C A . .
6 C A B | 4 8 . . | . . 2 . | 9 1 . .
4 7 8 E | 6 A . . | 1 D . 9 | . . 2 .
5 . 1 . | . F . . | . . 6 C | . 8 4 .
-------------------------------------
. . . 4 | . C . . | . . . A | . 3 E 2
B . 9 5 | . . . 8 | C 6 . . | . 7 D .
. . C . | . . 4 . | . . . . | . . . 5
E 8 . . | . . . . | 7 4 . . | . . . 6
-------------------------------------
. . 2 . | . . . B | 4 . . . | . . . .
. B . . | . . . . | 6 . C . | . 4 7 .
7 . . 8 | . . . . | . . 9 . | . . 3 F
. . . . | . . . . | . . . E | . 5 . .

Which of the following is the correct completed solution?","[[15, 2, 0, 12, 1, 13, 7, 5, 14, 3, 8, 4, 6, 11, 10, 9], [10, 6, 11, 9, 8, 14, 3, 4, 0, 12, 15, 2, 5, 13, 1, 7], [8, 4, 14, 3, 10, 11, 9, 6, 13, 7, 1, 5, 2, 0, 15, 12], [1, 5, 13, 7, 15, 0, 12, 2, 11, 9, 10, 6, 4, 14, 8, 3], [2, 3, 15, 0, 5, 1, 13, 9, 8, 14, 4, 7, 12, 10, 6, 11], [6, 12, 10, 11, 4, 8, 14, 7, 15, 0, 2, 3, 9, 1, 5, 13], [4, 7, 8, 14, 6, 10, 11, 12, 1, 13, 5, 9, 3, 15, 2, 0], [5, 9, 1, 13, 2, 15, 0, 3, 10, 11, 6, 12, 7, 8, 4, 14], [13, 1, 7, 4, 0, 12, 6, 15, 9, 5, 11, 10, 8, 3, 14, 2], [11, 10, 9, 5, 14, 3, 2, 8, 12, 6, 0, 15, 1, 7, 13, 4], [0, 15, 12, 6, 13, 7, 4, 1, 3, 2, 14, 8, 10, 9, 11, 5], [14, 8, 12, 2, 11, 9, 5, 10, 7, 4, 13, 1, 15, 3, 0, 6], [3, 14, 2, 15, 9, 5, 1, 11, 4, 8, 7, 13, 0, 6, 12, 10], [9, 11, 5, 1, 3, 2, 15, 14, 6, 10, 12, 0, 13, 4, 7, 8], [7, 13, 4, 8, 12, 6, 10, 0, 5, 1, 9, 11, 14, 2, 3, 15], [12, 0, 6, 10, 7, 4, 8, 13, 2, 15, 3, 14, 11, 5, 9, 1]]","[[15, 2, 0, 12, 1, 13, 7, 5, 14, 3, 8, 4, 6, 11, 10, 9], [10, 6, 11, 9, 8, 14, 3, 4, 0, 12, 15, 2, 5, 13, 1, 7], [8, 4, 14, 3, 10, 11, 9, 6, 13, 7, 1, 5, 2, 0, 15, 12], [1, 5, 13, 7, 15, 0, 12, 2, 11, 9, 10, 6, 4, 14, 8, 3], [2, 3, 15, 0, 5, 1, 13, 9, 8, 14, 4, 7, 12, 10, 6, 11], [6, 12, 10, 11, 4, 8, 14, 7, 15, 0, 2, 3, 9, 1, 5, 13], [4, 7, 8, 14, 6, 10, 11, 12, 1, 13, 5, 9, 3, 15, 2, 0], [5, 9, 1, 13, 2, 15, 0, 3, 10, 11, 6, 12, 7, 8, 4, 14], [13, 1, 7, 4, 0, 12, 6, 15, 9, 5, 11, 10, 8, 3, 14, 2], [11, 10, 9, 5, 14, 3, 2, 8, 12, 6, 0, 15, 1, 7, 13, 4], [0, 15, 12, 6, 13, 7, 4, 1, 3, 2, 14, 8, 10, 9, 11, 5], [14, 8, 3, 2, 11, 9, 5, 10, 7, 4, 13, 1, 15, 12, 0, 6], [3, 14, 2, 15, 9, 5, 1, 11, 4, 8, 7, 13, 0, 6, 12, 10], [9, 11, 5, 1, 3, 2, 15, 14, 6, 10, 12, 0, 13, 4, 7, 8], [7, 13, 4, 8, 12, 6, 10, 0, 5, 1, 9, 11, 14, 2, 3, 15], [8, 0, 6, 10, 7, 4, 12, 13, 2, 15, 3, 14, 11, 5, 9, 1]]","[[15, 2, 0, 12, 1, 13, 7, 5, 14, 3, 8, 4, 6, 11, 10, 9], [10, 6, 11, 9, 8, 14, 3, 4, 0, 12, 15, 2, 5, 13, 1, 7], [8, 4, 14, 3, 10, 11, 6, 9, 13, 7, 1, 5, 2, 0, 15, 12], [1, 5, 13, 7, 15, 0, 12, 2, 11, 9, 10, 6, 4, 14, 8, 3], [2, 3, 15, 0, 5, 1, 13, 9, 8, 14, 4, 7, 12, 10, 6, 11], [6, 12, 10, 11, 4, 8, 14, 7, 15, 0, 2, 3, 9, 1, 5, 13], [4, 7, 8, 14, 6, 10, 11, 12, 1, 13, 5, 9, 3, 15, 2, 0], [5, 9, 1, 13, 2, 15, 0, 3, 10, 11, 6, 12, 7, 8, 4, 14], [13, 1, 7, 4, 0, 12, 6, 15, 9, 5, 11, 10, 8, 3, 14, 2], [11, 10, 9, 5, 14, 3, 2, 8, 12, 6, 0, 15, 1, 7, 13, 4], [0, 15, 12, 6, 13, 7, 4, 1, 3, 2, 14, 8, 10, 9, 11, 5], [14, 8, 3, 2, 11, 9, 5, 10, 7, 4, 13, 1, 15, 12, 0, 6], [3, 14, 2, 15, 9, 5, 1, 11, 4, 8, 7, 13, 0, 6, 12, 10], [9, 11, 5, 1, 3, 2, 15, 14, 6, 10, 12, 0, 13, 4, 7, 8], [7, 13, 4, 8, 12, 6, 10, 0, 5, 1, 9, 11, 14, 2, 3, 15], [12, 0, 6, 10, 7, 4, 8, 13, 2, 15, 3, 14, 11, 5, 9, 1]]","[[15, 2, 0, 12, 1, 13, 7, 5, 14, 3, 8, 4, 6, 11, 10, 9], [10, 6, 11, 9, 8, 14, 3, 4, 0, 12, 15, 2, 5, 13, 1, 7], [8, 4, 14, 3, 10, 11, 9, 6, 13, 7, 1, 5, 2, 0, 15, 12], [1, 5, 13, 7, 15, 0, 12, 2, 11, 9, 10, 6, 4, 14, 8, 3], [2, 3, 15, 0, 5, 1, 13, 9, 8, 14, 4, 7, 12, 10, 6, 11], [6, 12, 10, 11, 4, 8, 14, 7, 15, 0, 2, 3, 9, 1, 5, 13], [4, 7, 8, 14, 6, 10, 11, 12, 1, 13, 5, 9, 3, 15, 2, 0], [5, 9, 1, 13, 2, 15, 0, 3, 10, 11, 6, 12, 7, 8, 4, 14], [13, 1, 7, 4, 0, 12, 6, 15, 9, 5, 11, 10, 8, 3, 14, 2], [11, 10, 9, 5, 14, 3, 2, 8, 12, 6, 0, 15, 1, 7, 13, 4], [0, 15, 12, 6, 13, 7, 4, 1, 3, 2, 14, 8, 10, 9, 11, 5], [14, 8, 3, 2, 11, 9, 5, 10, 7, 4, 13, 1, 15, 12, 0, 6], [3, 14, 2, 15, 9, 5, 1, 11, 4, 8, 7, 13, 0, 6, 12, 10], [9, 11, 5, 1, 3, 2, 15, 14, 6, 10, 12, 0, 13, 4, 7, 8], [7, 13, 4, 8, 12, 6, 10, 0, 5, 1, 9, 11, 14, 2, 3, 15], [12, 0, 6, 10, 7, 4, 8, 13, 2, 15, 3, 14, 11, 5, 9, 1]]",D,"[[15, 2, 0, 12, 1, 13, 7, 5, 14, 3, 8, 4, 6, 11, 10, 9], [10, 6, 11, 9, 8, 14, 3, 4, 0, 12, 15, 2, 5, 13, 1, 7], [8, 4, 14, 3, 10, 11, 9, 6, 13, 7, 1, 5, 2, 0, 15, 12], [1, 5, 13, 7, 15, 0, 12, 2, 11, 9, 10, 6, 4, 14, 8, 3], [2, 3, 15, 0, 5, 1, 13, 9, 8, 14, 4, 7, 12, 10, 6, 11], [6, 12, 10, 11, 4, 8, 14, 7, 15, 0, 2, 3, 9, 1, 5, 13], [4, 7, 8, 14, 6, 10, 11, 12, 1, 13, 5, 9, 3, 15, 2, 0], [5, 9, 1, 13, 2, 15, 0, 3, 10, 11, 6, 12, 7, 8, 4, 14], [13, 1, 7, 4, 0, 12, 6, 15, 9, 5, 11, 10, 8, 3, 14, 2], [11, 10, 9, 5, 14, 3, 2, 8, 12, 6, 0, 15, 1, 7, 13, 4], [0, 15, 12, 6, 13, 7, 4, 1, 3, 2, 14, 8, 10, 9, 11, 5], [14, 8, 3, 2, 11, 9, 5, 10, 7, 4, 13, 1, 15, 12, 0, 6], [3, 14, 2, 15, 9, 5, 1, 11, 4, 8, 7, 13, 0, 6, 12, 10], [9, 11, 5, 1, 3, 2, 15, 14, 6, 10, 12, 0, 13, 4, 7, 8], [7, 13, 4, 8, 12, 6, 10, 0, 5, 1, 9, 11, 14, 2, 3, 15], [12, 0, 6, 10, 7, 4, 8, 13, 2, 15, 3, 14, 11, 5, 9, 1]]","{""num_givens"": 100, ""grid_size"": 16}"
sudoku_cf4_hex_0011,sudoku_cf4_hex,counterfactual,"[[0, null, null, null, null, null, null, null, null, null, null, null, null, null, null, 12], [2, null, null, 3, null, null, null, 14, 8, null, null, null, null, null, null, null], [13, 10, 9, 5, 11, 12, null, null, null, null, 0, 1, null, null, null, null], [null, null, null, null, 2, 6, 15, 3, null, null, null, null, null, null, null, 1], [null, null, null, null, 6, null, 3, 8, 5, null, 10, null, null, null, null, null], [null, null, 14, 15, null, null, 5, null, null, 8, null, 11, null, null, 9, null], [6, null, null, null, 1, 2, null, 15, null, 9, 12, null, null, 10, null, null], [null, null, null, 4, 12, 13, null, null, null, 15, null, null, 3, 6, 8, null], [null, null, null, 0, null, null, null, null, 1, 2, null, null, 6, null, null, null], [9, 5, 12, 13, 8, null, 6, null, 10, null, null, null, 1, 15, null, null], [15, 3, 1, null, null, null, null, 0, null, null, 8, null, null, 9, null, null], [8, 7, null, 11, 15, 3, 1, null, null, null, null, 5, 10, null, null, null], [14, null, 0, null, 5, null, null, null, 2, 6, null, 8, null, null, 12, 9], [3, null, null, null, null, null, 0, null, null, null, null, 9, 13, 5, 10, null], [null, 4, 13, 10, null, null, null, 12, 0, null, null, 15, 2, null, 6, 8], [null, null, null, null, 3, 8, null, null, 13, 10, null, null, 0, 14, null, null]]","Solve the following hexadecimal Sudoku puzzle.
Rule change: The grid is 16×16 (instead of 9×9). The blocks are 4×4 (instead of 3×3). The valid symbols are the hexadecimal digits {0, 1, 2, 3, 4, 5, 6, 7, 8, 9, A, B, C, D, E, F}. Each row, column, and 4×4 block must contain each symbol exactly once.

Puzzle (. = empty cell):
. . . . | . . . . | . . . . | . . . C
2 . . 3 | . . . E | 8 . . . | . . . .
D A 9 5 | B C . . | . . . 1 | . . . .
. . . . | 2 6 F 3 | . . . . | . . . 1
-------------------------------------
. . . . | 6 . 3 8 | 5 . A . | . . . .
. . E F | . . 5 . | . 8 . B | . . 9 .
6 . . . | 1 2 . F | . 9 C . | . A . .
. . . 4 | C D . . | . F . . | 3 6 8 .
-------------------------------------
. . . . | . . . . | 1 2 . . | 6 . . .
9 5 C D | 8 . 6 . | A . . . | 1 F . .
F 3 1 . | . . . . | . . 8 . | . 9 . .
8 7 . B | F 3 1 . | . . . 5 | A . . .
-------------------------------------
E . . . | 5 . . . | 2 6 . 8 | . . C 9
3 . . . | . . . . | . . . 9 | D 5 A .
. 4 D A | . . . C | . . . F | 2 . 6 8
. . . . | 3 8 . . | D A . . | . E . .

Which of the following is the correct completed solution?","[[0, 1, 4, 14, 13, 10, 9, 5, 15, 3, 2, 6, 8, 11, 7, 12], [2, 6, 15, 3, 0, 1, 4, 14, 8, 7, 11, 12, 9, 13, 5, 10], [13, 10, 9, 5, 11, 12, 8, 7, 4, 14, 0, 1, 15, 2, 3, 6], [11, 12, 8, 7, 2, 6, 15, 3, 9, 5, 13, 10, 4, 0, 14, 1], [12, 13, 7, 9, 6, 11, 3, 8, 5, 4, 10, 0, 14, 1, 15, 2], [1, 2, 14, 15, 10, 0, 5, 4, 3, 8, 6, 11, 7, 12, 9, 13], [6, 11, 3, 8, 1, 2, 14, 15, 7, 9, 12, 13, 5, 10, 4, 0], [10, 0, 5, 4, 12, 13, 7, 9, 14, 15, 1, 2, 3, 6, 8, 11], [4, 14, 10, 0, 9, 5, 12, 13, 1, 2, 15, 3, 6, 8, 11, 7], [9, 5, 12, 13, 8, 7, 6, 11, 10, 14, 4, 0, 1, 15, 2, 3], [15, 3, 1, 2, 4, 14, 10, 0, 6, 11, 8, 7, 12, 9, 13, 5], [8, 7, 6, 11, 15, 3, 1, 2, 12, 13, 9, 5, 10, 4, 0, 14], [14, 15, 0, 1, 5, 4, 13, 10, 2, 6, 3, 8, 11, 7, 12, 9], [3, 8, 2, 6, 14, 15, 0, 1, 11, 12, 7, 9, 13, 5, 10, 4], [5, 4, 13, 10, 7, 9, 11, 12, 0, 1, 14, 15, 2, 3, 6, 8], [7, 9, 11, 12, 3, 8, 2, 6, 13, 10, 5, 4, 0, 14, 1, 15]]","[[0, 1, 4, 14, 13, 10, 9, 5, 15, 3, 2, 6, 8, 11, 7, 12], [2, 6, 15, 3, 0, 1, 4, 14, 8, 7, 11, 12, 9, 13, 5, 10], [13, 10, 9, 5, 11, 12, 8, 7, 4, 14, 0, 1, 15, 2, 3, 6], [11, 12, 8, 7, 2, 6, 15, 3, 9, 5, 13, 10, 4, 0, 14, 1], [12, 13, 7, 9, 6, 11, 3, 8, 5, 4, 10, 0, 14, 1, 15, 2], [1, 2, 14, 15, 10, 0, 5, 4, 3, 8, 6, 11, 7, 12, 9, 13], [6, 11, 3, 8, 1, 2, 14, 15, 7, 9, 12, 13, 5, 10, 4, 0], [10, 0, 5, 4, 12, 13, 7, 9, 14, 15, 1, 2, 3, 6, 8, 11], [15, 14, 10, 0, 9, 5, 12, 13, 1, 2, 4, 3, 6, 8, 11, 7], [9, 5, 12, 13, 8, 7, 6, 11, 10, 0, 4, 14, 1, 15, 2, 3], [15, 3, 1, 2, 4, 14, 10, 0, 6, 11, 8, 7, 12, 9, 13, 5], [8, 7, 6, 11, 15, 3, 1, 2, 12, 13, 9, 5, 10, 4, 0, 14], [14, 15, 0, 1, 5, 4, 13, 10, 2, 6, 3, 8, 11, 7, 12, 9], [3, 8, 2, 6, 14, 15, 0, 1, 11, 12, 7, 9, 13, 5, 10, 4], [5, 4, 13, 10, 7, 9, 11, 12, 0, 1, 14, 15, 2, 3, 6, 8], [7, 9, 11, 12, 3, 8, 2, 6, 13, 10, 5, 4, 0, 14, 1, 15]]","[[0, 1, 4, 14, 13, 10, 9, 5, 15, 3, 2, 6, 8, 11, 7, 12], [2, 6, 15, 3, 0, 1, 4, 14, 8, 7, 11, 12, 9, 13, 5, 10], [13, 10, 9, 5, 11, 12, 8, 7, 4, 14, 0, 1, 15, 2, 3, 6], [11, 12, 8, 7, 2, 6, 15, 3, 9, 5, 13, 10, 4, 0, 14, 1], [12, 13, 7, 9, 6, 11, 3, 8, 5, 4, 10, 0, 14, 1, 15, 2], [1, 2, 14, 15, 10, 0, 5, 4, 3, 8, 6, 11, 7, 12, 9, 13], [6, 11, 3, 8, 1, 2, 14, 15, 7, 9, 12, 13, 5, 10, 4, 0], [10, 0, 5, 4, 12, 13, 7, 9, 14, 15, 1, 2, 3, 6, 8, 11], [4, 14, 10, 0, 9, 5, 12, 13, 1, 2, 15, 3, 6, 8, 11, 7], [9, 5, 12, 13, 8, 7, 6, 11, 10, 0, 4, 14, 1, 15, 2, 3], [15, 3, 1, 2, 4, 14, 10, 0, 6, 11, 8, 7, 12, 9, 13, 5], [8, 7, 6, 11, 15, 3, 1, 2, 12, 13, 9, 5, 10, 4, 0, 14], [14, 15, 0, 1, 5, 4, 13, 10, 2, 6, 3, 8, 11, 7, 12, 9], [3, 8, 2, 6, 14, 11, 0, 1, 15, 12, 7, 9, 13, 5, 10, 4], [5, 4, 13, 10, 7, 9, 11, 12, 0, 1, 14, 15, 2, 3, 6, 8], [7, 9, 11, 12, 3, 8, 2, 6, 13, 10, 5, 4, 0, 14, 1, 15]]","[[0, 1, 4, 14, 13, 10, 9, 5, 15, 3, 2, 6, 8, 11, 7, 12], [2, 6, 15, 3, 0, 1, 4, 14, 8, 7, 11, 12, 9, 13, 5, 10], [13, 10, 9, 5, 11, 12, 8, 7, 4, 14, 0, 1, 15, 2, 3, 6], [11, 12, 8, 7, 2, 6, 15, 3, 9, 5, 13, 10, 4, 0, 14, 1], [12, 13, 7, 9, 6, 11, 3, 8, 5, 4, 10, 0, 14, 1, 15, 2], [1, 2, 14, 15, 10, 0, 5, 4, 3, 8, 6, 11, 7, 12, 9, 13], [6, 11, 3, 8, 1, 2, 14, 15, 7, 9, 12, 13, 5, 10, 4, 0], [10, 0, 5, 4, 12, 13, 7, 9, 14, 15, 1, 2, 3, 6, 8, 11], [4, 14, 10, 0, 9, 5, 12, 13, 1, 2, 15, 3, 6, 8, 11, 7], [9, 5, 12, 13, 8, 7, 6, 11, 10, 0, 4, 14, 1, 15, 2, 3], [15, 3, 1, 2, 4, 14, 10, 0, 6, 11, 8, 7, 12, 9, 13, 5], [8, 7, 6, 11, 15, 3, 1, 2, 12, 13, 9, 5, 10, 4, 0, 14], [14, 15, 0, 1, 5, 4, 13, 10, 2, 6, 3, 8, 11, 7, 12, 9], [3, 8, 2, 6, 14, 15, 0, 1, 11, 12, 7, 9, 13, 5, 10, 4], [5, 4, 13, 10, 7, 9, 11, 12, 0, 1, 14, 15, 2, 3, 6, 8], [7, 9, 11, 12, 3, 8, 2, 6, 13, 10, 5, 4, 0, 14, 1, 15]]",D,"[[0, 1, 4, 14, 13, 10, 9, 5, 15, 3, 2, 6, 8, 11, 7, 12], [2, 6, 15, 3, 0, 1, 4, 14, 8, 7, 11, 12, 9, 13, 5, 10], [13, 10, 9, 5, 11, 12, 8, 7, 4, 14, 0, 1, 15, 2, 3, 6], [11, 12, 8, 7, 2, 6, 15, 3, 9, 5, 13, 10, 4, 0, 14, 1], [12, 13, 7, 9, 6, 11, 3, 8, 5, 4, 10, 0, 14, 1, 15, 2], [1, 2, 14, 15, 10, 0, 5, 4, 3, 8, 6, 11, 7, 12, 9, 13], [6, 11, 3, 8, 1, 2, 14, 15, 7, 9, 12, 13, 5, 10, 4, 0], [10, 0, 5, 4, 12, 13, 7, 9, 14, 15, 1, 2, 3, 6, 8, 11], [4, 14, 10, 0, 9, 5, 12, 13, 1, 2, 15, 3, 6, 8, 11, 7], [9, 5, 12, 13, 8, 7, 6, 11, 10, 0, 4, 14, 1, 15, 2, 3], [15, 3, 1, 2, 4, 14, 10, 0, 6, 11, 8, 7, 12, 9, 13, 5], [8, 7, 6, 11, 15, 3, 1, 2, 12, 13, 9, 5, 10, 4, 0, 14], [14, 15, 0, 1, 5, 4, 13, 10, 2, 6, 3, 8, 11, 7, 12, 9], [3, 8, 2, 6, 14, 15, 0, 1, 11, 12, 7, 9, 13, 5, 10, 4], [5, 4, 13, 10, 7, 9, 11, 12, 0, 1, 14, 15, 2, 3, 6, 8], [7, 9, 11, 12, 3, 8, 2, 6, 13, 10, 5, 4, 0, 14, 1, 15]]","{""num_givens"": 100, ""grid_size"": 16}"
sudoku_cf4_hex_0012,sudoku_cf4_hex,counterfactual,"[[3, 1, 6, null, null, null, 7, null, null, null, null, 14, null, 2, null, 9], [null, 13, 7, 10, null, 9, 2, 5, 1, null, 11, null, null, null, 8, null], [null, null, 14, null, 1, null, 6, null, null, null, null, null, null, 7, null, null], [null, null, 2, 9, 8, null, null, null, null, 0, null, 7, 3, null, 1, 11], [null, null, null, null, null, 4, null, 15, 7, null, 1, null, null, 3, 6, 8], [null, 6, 3, 8, null, 1, null, null, 14, null, null, null, null, null, 2, 13], [15, null, null, null, 6, null, 3, null, 2, 9, 13, 5, null, null, null, null], [null, null, null, null, 2, 13, 5, 9, null, null, null, null, null, 12, 14, null], [4, 12, null, null, 3, 14, null, 8, null, null, 7, 9, null, 10, null, null], [13, null, 9, null, 12, null, null, 4, null, null, null, null, null, null, null, 14], [null, null, 10, null, null, null, null, 13, 3, null, null, null, 4, null, null, null], [null, 3, null, null, null, null, 10, null, 12, null, null, 15, 13, 9, null, null], [null, null, 4, null, null, 12, 8, null, 9, null, null, null, 6, 1, null, null], [null, null, null, 0, 15, 5, null, null, 10, null, null, null, 14, 8, null, null], [null, null, 1, null, null, null, 13, null, null, 14, 12, null, 2, null, null, null], [null, null, null, null, null, null, null, 6, 15, null, 5, null, null, 13, 9, null]]","Solve the following hexadecimal Sudoku puzzle.
Rule change: The grid is 16×16 (instead of 9×9). The blocks are 4×4 (instead of 3×3). The valid symbols are the hexadecimal digits {0, 1, 2, 3, 4, 5, 6, 7, 8, 9, A, B, C, D, E, F}. Each row, column, and 4×4 block must contain each symbol exactly once.

Puzzle (. = empty cell):
3 1 6 . | . . 7 . | . . . E | . 2 . 9
. D 7 A | . 9 2 5 | 1 . B . | . . 8 .
. . E . | 1 . 6 . | . . . . | . 7 . .
. . 2 9 | 8 . . . | . . . 7 | 3 . 1 B
-------------------------------------
. . . . | . 4 . F | 7 . 1 . | . 3 6 8
. 6 3 8 | . 1 . . | E . . . | . . 2 D
F . . . | 6 . 3 . | 2 9 D 5 | . . . .
. . . . | 2 D 5 9 | . . . . | . C E .
-------------------------------------
4 C . . | 3 E . 8 | . . 7 9 | . A . .
D . 9 . | C . . 4 | . . . . | . . . E
. . A . | . . . D | 3 . . . | 4 . . .
. 3 . . | . . A . | C . . F | D 9 . .
-------------------------------------
. . 4 . | . C 8 . | 9 . . . | 6 1 . .
. . . . | F 5 . . | A . . . | E 8 . .
. . 1 . | . . D . | . E C . | 2 . . .
. . . . | . . . 6 | F . 5 . | . D 9 .

Which of the following is the correct completed solution?","[[3, 1, 6, 11, 13, 10, 7, 0, 8, 12, 15, 14, 5, 2, 4, 9], [0, 13, 7, 10, 4, 9, 2, 5, 1, 3, 11, 6, 12, 14, 8, 15], [12, 8, 14, 15, 1, 11, 6, 3, 4, 5, 9, 2, 0, 7, 13, 10], [5, 4, 2, 9, 8, 15, 14, 12, 13, 0, 10, 7, 3, 6, 1, 11], [9, 2, 5, 13, 14, 4, 12, 15, 7, 10, 1, 0, 11, 3, 6, 8], [11, 6, 3, 8, 7, 1, 0, 10, 14, 15, 4, 12, 9, 5, 2, 13], [15, 14, 12, 4, 6, 8, 3, 11, 2, 9, 13, 5, 10, 0, 7, 1], [1, 7, 0, 10, 2, 13, 5, 9, 6, 11, 8, 3, 15, 12, 14, 4], [4, 12, 15, 2, 3, 14, 11, 8, 5, 13, 7, 9, 1, 10, 0, 6], [13, 5, 9, 7, 12, 2, 15, 4, 0, 1, 6, 10, 8, 11, 3, 14], [1, 0, 10, 6, 5, 7, 9, 13, 3, 8, 14, 11, 4, 15, 12, 2], [8, 3, 11, 14, 0, 6, 10, 1, 12, 4, 2, 15, 13, 9, 5, 7], [2, 15, 4, 5, 11, 12, 8, 14, 9, 7, 0, 13, 6, 1, 10, 3], [7, 9, 13, 0, 15, 5, 4, 2, 10, 6, 3, 1, 14, 8, 11, 12], [6, 10, 1, 3, 9, 0, 13, 7, 11, 14, 12, 8, 2, 4, 15, 5], [14, 11, 8, 12, 10, 3, 1, 6, 15, 2, 5, 4, 7, 13, 9, 0]]","[[3, 1, 6, 11, 13, 10, 7, 0, 8, 12, 15, 14, 5, 2, 4, 9], [0, 13, 7, 10, 4, 9, 2, 5, 1, 3, 11, 6, 12, 14, 8, 15], [12, 8, 14, 15, 1, 11, 6, 3, 4, 5, 9, 2, 0, 7, 13, 10], [5, 4, 2, 9, 8, 15, 14, 12, 13, 0, 10, 7, 3, 6, 1, 11], [9, 2, 5, 13, 14, 4, 12, 15, 7, 10, 1, 0, 11, 3, 6, 8], [11, 6, 3, 8, 7, 1, 0, 10, 14, 15, 4, 12, 9, 5, 2, 13], [15, 14, 12, 4, 6, 8, 3, 11, 2, 9, 13, 5, 10, 0, 7, 1], [10, 7, 0, 1, 2, 13, 5, 9, 6, 11, 8, 3, 15, 12, 14, 4], [4, 12, 15, 2, 3, 14, 11, 8, 5, 13, 7, 9, 1, 10, 0, 6], [13, 5, 9, 7, 12, 2, 15, 4, 0, 1, 6, 10, 8, 11, 3, 14], [1, 0, 10, 6, 5, 7, 9, 13, 3, 8, 14, 11, 4, 15, 12, 2], [8, 3, 11, 14, 0, 6, 10, 1, 12, 4, 2, 15, 13, 9, 5, 7], [2, 15, 4, 5, 11, 12, 8, 14, 9, 7, 0, 13, 6, 1, 10, 3], [7, 9, 13, 0, 15, 5, 4, 2, 10, 6, 3, 1, 14, 8, 11, 12], [6, 10, 1, 3, 9, 0, 13, 7, 11, 14, 12, 8, 2, 4, 15, 5], [14, 11, 8, 12, 10, 3, 1, 6, 15, 2, 5, 4, 7, 13, 9, 0]]","[[3, 1, 6, 11, 13, 10, 7, 0, 8, 12, 15, 14, 5, 2, 4, 9], [0, 13, 7, 10, 4, 9, 2, 5, 1, 3, 11, 6, 12, 14, 8, 15], [12, 8, 14, 15, 1, 11, 6, 3, 4, 5, 9, 2, 0, 7, 13, 10], [5, 4, 2, 9, 8, 15, 14, 12, 13, 0, 10, 7, 3, 6, 1, 11], [9, 2, 5, 13, 14, 4, 12, 15, 7, 10, 1, 0, 11, 3, 6, 8], [11, 6, 3, 8, 7, 1, 0, 10, 14, 15, 4, 12, 9, 5, 2, 13], [15, 14, 12, 4, 6, 8, 3, 11, 2, 9, 13, 5, 10, 0, 7, 1], [10, 7, 0, 1, 2, 13, 5, 9, 6, 11, 8, 3, 15, 12, 14, 4], [4, 12, 15, 2, 3, 14, 11, 8, 5, 13, 7, 9, 1, 10, 0, 6], [13, 5, 9, 7, 12, 2, 15, 4, 0, 1, 6, 10, 8, 11, 3, 14], [1, 0, 10, 6, 5, 7, 9, 13, 3, 8, 14, 11, 4, 15, 12, 2], [8, 3, 11, 5, 0, 6, 10, 1, 12, 4, 2, 15, 13, 9, 14, 7], [2, 15, 4, 5, 11, 12, 8, 14, 9, 7, 0, 13, 6, 1, 10, 3], [7, 9, 13, 0, 15, 5, 4, 2, 10, 6, 3, 1, 14, 8, 11, 12], [6, 10, 1, 3, 9, 0, 13, 7, 11, 14, 12, 8, 2, 4, 15, 5], [14, 11, 8, 12, 10, 3, 1, 6, 15, 2, 5, 4, 7, 13, 9, 0]]","[[3, 1, 6, 11, 13, 10, 7, 0, 8, 12, 15, 14, 5, 2, 4, 9], [0, 13, 7, 10, 4, 9, 2, 5, 1, 3, 11, 6, 12, 14, 8, 15], [12, 8, 14, 15, 1, 11, 6, 3, 4, 5, 9, 2, 0, 7, 13, 10], [5, 4, 2, 9, 8, 15, 14, 12, 13, 0, 10, 7, 3, 6, 1, 11], [9, 2, 5, 13, 14, 4, 12, 15, 7, 10, 1, 0, 11, 3, 6, 8], [11, 6, 3, 8, 7, 1, 0, 10, 14, 15, 4, 12, 9, 5, 2, 13], [15, 14, 12, 4, 6, 8, 3, 11, 2, 9, 13, 5, 10, 0, 7, 1], [10, 7, 0, 1, 2, 13, 5, 9, 6, 11, 8, 3, 15, 12, 14, 4], [4, 12, 15, 2, 3, 14, 11, 8, 5, 13, 7, 9, 1, 10, 0, 6], [13, 5, 9, 7, 12, 2, 15, 4, 0, 1, 6, 10, 8, 11, 3, 14], [1, 0, 10, 6, 5, 7, 9, 13, 3, 8, 14, 11, 4, 15, 12, 2], [8, 3, 11, 14, 0, 6, 10, 1, 12, 4, 2, 15, 13, 9, 5, 7], [2, 15, 4, 5, 11, 12, 8, 14, 9, 7, 0, 13, 6, 1, 10, 3], [7, 9, 13, 0, 15, 5, 4, 2, 10, 6, 3, 1, 14, 8, 11, 12], [6, 10, 1, 3, 9, 0, 13, 7, 11, 14, 12, 8, 2, 4, 15, 5], [14, 11, 8, 12, 1, 3, 10, 6, 15, 2, 5, 4, 7, 13, 9, 0]]",B,"[[3, 1, 6, 11, 13, 10, 7, 0, 8, 12, 15, 14, 5, 2, 4, 9], [0, 13, 7, 10, 4, 9, 2, 5, 1, 3, 11, 6, 12, 14, 8, 15], [12, 8, 14, 15, 1, 11, 6, 3, 4, 5, 9, 2, 0, 7, 13, 10], [5, 4, 2, 9, 8, 15, 14, 12, 13, 0, 10, 7, 3, 6, 1, 11], [9, 2, 5, 13, 14, 4, 12, 15, 7, 10, 1, 0, 11, 3, 6, 8], [11, 6, 3, 8, 7, 1, 0, 10, 14, 15, 4, 12, 9, 5, 2, 13], [15, 14, 12, 4, 6, 8, 3, 11, 2, 9, 13, 5, 10, 0, 7, 1], [10, 7, 0, 1, 2, 13, 5, 9, 6, 11, 8, 3, 15, 12, 14, 4], [4, 12, 15, 2, 3, 14, 11, 8, 5, 13, 7, 9, 1, 10, 0, 6], [13, 5, 9, 7, 12, 2, 15, 4, 0, 1, 6, 10, 8, 11, 3, 14], [1, 0, 10, 6, 5, 7, 9, 13, 3, 8, 14, 11, 4, 15, 12, 2], [8, 3, 11, 14, 0, 6, 10, 1, 12, 4, 2, 15, 13, 9, 5, 7], [2, 15, 4, 5, 11, 12, 8, 14, 9, 7, 0, 13, 6, 1, 10, 3], [7, 9, 13, 0, 15, 5, 4, 2, 10, 6, 3, 1, 14, 8, 11, 12], [6, 10, 1, 3, 9, 0, 13, 7, 11, 14, 12, 8, 2, 4, 15, 5], [14, 11, 8, 12, 10, 3, 1, 6, 15, 2, 5, 4, 7, 13, 9, 0]]","{""num_givens"": 100, ""grid_size"": 16}"
sudoku_cf4_hex_0013,sudoku_cf4_hex,counterfactual,"[[11, null, 6, null, null, 7, null, 14, 1, null, null, null, 0, 9, null, null], [null, 3, 9, 13, null, null, 4, 15, null, 11, 2, 12, null, null, null, null], [null, null, null, null, 2, null, null, null, 9, 0, 13, 3, null, 1, 5, null], [null, null, null, null, null, 9, null, null, 7, 14, null, null, 11, null, null, 12], [null, 15, 4, 1, null, null, null, null, null, null, null, 14, null, null, null, null], [null, 0, null, null, 1, 4, 15, 10, 12, 5, null, null, null, null, null, null], [5, null, 12, null, 7, null, null, null, null, 10, null, 15, null, null, 9, 0], [13, null, 8, 7, null, null, null, null, null, null, 9, 0, null, null, 1, 15], [null, null, null, null, null, null, null, null, null, null, null, 1, 3, null, null, null], [8, 7, 10, 15, null, null, null, null, 13, null, 14, 9, 4, 5, null, null], [null, null, 13, 14, null, null, 1, null, null, null, null, 6, null, null, null, 7], [null, 1, null, 11, null, 13, 9, null, 10, null, 15, 7, null, null, 0, 6], [null, null, 0, null, null, 15, null, null, null, 1, null, null, 9, null, null, 13], [1, null, 11, null, null, null, null, null, null, 7, null, null, null, null, null, null], [9, 13, null, null, 12, 11, null, null, null, 6, null, 2, null, null, null, 10], [7, null, 15, 4, null, 0, null, null, null, null, null, 13, 1, 11, null, 5]]","Solve the following hexadecimal Sudoku puzzle.
Rule change: The grid is 16×16 (instead of 9×9). The blocks are 4×4 (instead of 3×3). The valid symbols are the hexadecimal digits {0, 1, 2, 3, 4, 5, 6, 7, 8, 9, A, B, C, D, E, F}. Each row, column, and 4×4 block must contain each symbol exactly once.

Puzzle (. = empty cell):
B . 6 . | . 7 . E | 1 . . . | . 9 . .
. 3 9 D | . . 4 F | . B 2 C | . . . .
. . . . | 2 . . . | 9 . D 3 | . 1 5 .
. . . . | . 9 . . | 7 E . . | B . . C
-------------------------------------
. F 4 1 | . . . . | . . . E | . . . .
. . . . | 1 4 F A | C 5 . . | . . . .
5 . C . | 7 . . . | . A . F | . . 9 .
D . 8 7 | . . . . | . . 9 . | . . 1 F
-------------------------------------
. . . . | . . . . | . . . 1 | 3 . . .
8 7 A F | . . . . | D . E 9 | 4 5 . .
. . D E | . . 1 . | . . . 6 | . . . 7
. 1 . B | . D 9 . | A . F 7 | . . . 6
-------------------------------------
. . . . | . F . . | . 1 . . | 9 . . D
1 . B . | . . . . | . 7 . . | . . . .
9 D . . | C B . . | . 6 . 2 | . . . A
7 . F 4 | . . . . | . . . D | 1 B . 5

Which of the following is the correct completed solution?","[[11, 12, 6, 2, 10, 7, 8, 14, 1, 15, 5, 4, 0, 9, 13, 3], [0, 3, 9, 13, 5, 1, 4, 15, 6, 11, 2, 12, 14, 7, 10, 8], [14, 8, 7, 10, 2, 6, 12, 11, 9, 0, 13, 3, 15, 1, 5, 4], [15, 4, 1, 5, 13, 9, 3, 0, 7, 14, 10, 8, 11, 6, 2, 12], [10, 15, 4, 1, 9, 3, 0, 2, 8, 13, 7, 14, 5, 12, 6, 11], [2, 0, 3, 9, 1, 4, 15, 10, 12, 5, 6, 11, 13, 8, 7, 14], [5, 11, 12, 6, 7, 8, 14, 13, 4, 10, 1, 15, 2, 3, 9, 0], [13, 14, 8, 7, 6, 12, 11, 5, 3, 2, 9, 0, 10, 4, 1, 15], [12, 6, 2, 0, 15, 10, 7, 8, 5, 4, 11, 1, 3, 13, 14, 9], [8, 7, 10, 15, 0, 2, 6, 12, 13, 3, 14, 9, 4, 5, 11, 1], [3, 9, 13, 14, 11, 5, 1, 4, 15, 12, 0, 6, 8, 10, 2, 7], [4, 1, 5, 11, 14, 13, 9, 3, 10, 8, 15, 7, 12, 2, 0, 6], [6, 2, 0, 3, 4, 15, 10, 7, 11, 1, 12, 5, 9, 14, 8, 13], [1, 5, 11, 12, 8, 14, 13, 9, 15, 7, 4, 10, 6, 0, 3, 2], [9, 13, 14, 8, 12, 11, 5, 1, 0, 6, 3, 2, 7, 15, 4, 10], [7, 10, 15, 4, 3, 0, 2, 6, 14, 9, 8, 13, 1, 11, 12, 5]]","[[11, 12, 6, 2, 10, 7, 8, 14, 1, 15, 5, 4, 0, 9, 13, 3], [0, 3, 9, 13, 5, 1, 4, 15, 6, 11, 2, 12, 14, 7, 10, 8], [14, 8, 7, 10, 2, 6, 12, 11, 9, 0, 13, 3, 15, 1, 5, 4], [15, 4, 1, 5, 13, 9, 3, 0, 7, 14, 10, 8, 11, 6, 2, 12], [10, 15, 4, 1, 9, 3, 0, 2, 8, 13, 7, 14, 5, 12, 6, 11], [2, 0, 3, 9, 1, 4, 15, 10, 12, 5, 6, 11, 13, 8, 7, 14], [5, 11, 12, 6, 7, 8, 14, 13, 4, 10, 1, 15, 2, 3, 9, 0], [13, 14, 8, 7, 6, 12, 11, 5, 3, 2, 9, 0, 10, 4, 1, 15], [12, 6, 2, 0, 15, 10, 7, 8, 5, 4, 11, 1, 3, 13, 14, 9], [8, 7, 10, 15, 0, 2, 6, 12, 13, 3, 14, 9, 4, 5, 11, 1], [2, 9, 13, 14, 11, 5, 1, 4, 3, 12, 0, 6, 8, 10, 15, 7], [4, 1, 5, 11, 14, 13, 9, 3, 10, 8, 15, 7, 12, 2, 0, 6], [6, 2, 0, 3, 4, 15, 10, 7, 11, 1, 12, 5, 9, 14, 8, 13], [1, 5, 11, 12, 8, 14, 13, 9, 15, 7, 4, 10, 6, 0, 3, 2], [9, 13, 14, 8, 12, 11, 5, 1, 0, 6, 3, 2, 7, 15, 4, 10], [7, 10, 15, 4, 3, 0, 2, 6, 14, 9, 8, 13, 1, 11, 12, 5]]","[[11, 12, 6, 2, 10, 7, 8, 14, 1, 15, 5, 4, 0, 9, 13, 3], [0, 3, 9, 13, 5, 1, 4, 15, 6, 11, 2, 12, 14, 7, 10, 8], [14, 8, 7, 10, 2, 6, 12, 11, 9, 0, 13, 3, 15, 1, 5, 4], [15, 4, 1, 5, 13, 9, 3, 0, 7, 14, 10, 8, 11, 6, 2, 12], [10, 15, 4, 1, 9, 3, 0, 2, 8, 13, 7, 14, 5, 12, 6, 11], [2, 0, 3, 9, 1, 4, 15, 10, 12, 5, 6, 11, 13, 8, 7, 14], [5, 11, 12, 6, 7, 8, 14, 13, 4, 10, 1, 15, 2, 3, 9, 0], [13, 14, 8, 7, 6, 12, 11, 5, 3, 2, 9, 0, 10, 4, 1, 15], [12, 6, 2, 0, 15, 10, 7, 8, 5, 4, 11, 1, 3, 13, 14, 9], [8, 7, 10, 15, 0, 2, 6, 12, 13, 3, 14, 9, 4, 5, 11, 1], [3, 9, 13, 14, 11, 5, 1, 4, 2, 12, 0, 6, 8, 10, 15, 7], [4, 1, 5, 11, 14, 13, 9, 3, 10, 8, 15, 7, 12, 2, 0, 6], [6, 2, 0, 3, 4, 15, 10, 7, 11, 1, 12, 5, 9, 14, 8, 13], [1, 5, 11, 12, 8, 14, 13, 9, 15, 7, 4, 10, 6, 0, 3, 2], [9, 13, 14, 8, 12, 11, 5, 1, 0, 6, 3, 2, 7, 15, 4, 10], [7, 14, 15, 4, 3, 0, 2, 6, 10, 9, 8, 13, 1, 11, 12, 5]]","[[11, 12, 6, 2, 10, 7, 8, 14, 1, 15, 5, 4, 0, 9, 13, 3], [0, 3, 9, 13, 5, 1, 4, 15, 6, 11, 2, 12, 14, 7, 10, 8], [14, 8, 7, 10, 2, 6, 12, 11, 9, 0, 13, 3, 15, 1, 5, 4], [15, 4, 1, 5, 13, 9, 3, 0, 7, 14, 10, 8, 11, 6, 2, 12], [10, 15, 4, 1, 9, 3, 0, 2, 8, 13, 7, 14, 5, 12, 6, 11], [2, 0, 3, 9, 1, 4, 15, 10, 12, 5, 6, 11, 13, 8, 7, 14], [5, 11, 12, 6, 7, 8, 14, 13, 4, 10, 1, 15, 2, 3, 9, 0], [13, 14, 8, 7, 6, 12, 11, 5, 3, 2, 9, 0, 10, 4, 1, 15], [12, 6, 2, 0, 15, 10, 7, 8, 5, 4, 11, 1, 3, 13, 14, 9], [8, 7, 10, 15, 0, 2, 6, 12, 13, 3, 14, 9, 4, 5, 11, 1], [3, 9, 13, 14, 11, 5, 1, 4, 2, 12, 0, 6, 8, 10, 15, 7], [4, 1, 5, 11, 14, 13, 9, 3, 10, 8, 15, 7, 12, 2, 0, 6], [6, 2, 0, 3, 4, 15, 10, 7, 11, 1, 12, 5, 9, 14, 8, 13], [1, 5, 11, 12, 8, 14, 13, 9, 15, 7, 4, 10, 6, 0, 3, 2], [9, 13, 14, 8, 12, 11, 5, 1, 0, 6, 3, 2, 7, 15, 4, 10], [7, 10, 15, 4, 3, 0, 2, 6, 14, 9, 8, 13, 1, 11, 12, 5]]",D,"[[11, 12, 6, 2, 10, 7, 8, 14, 1, 15, 5, 4, 0, 9, 13, 3], [0, 3, 9, 13, 5, 1, 4, 15, 6, 11, 2, 12, 14, 7, 10, 8], [14, 8, 7, 10, 2, 6, 12, 11, 9, 0, 13, 3, 15, 1, 5, 4], [15, 4, 1, 5, 13, 9, 3, 0, 7, 14, 10, 8, 11, 6, 2, 12], [10, 15, 4, 1, 9, 3, 0, 2, 8, 13, 7, 14, 5, 12, 6, 11], [2, 0, 3, 9, 1, 4, 15, 10, 12, 5, 6, 11, 13, 8, 7, 14], [5, 11, 12, 6, 7, 8, 14, 13, 4, 10, 1, 15, 2, 3, 9, 0], [13, 14, 8, 7, 6, 12, 11, 5, 3, 2, 9, 0, 10, 4, 1, 15], [12, 6, 2, 0, 15, 10, 7, 8, 5, 4, 11, 1, 3, 13, 14, 9], [8, 7, 10, 15, 0, 2, 6, 12, 13, 3, 14, 9, 4, 5, 11, 1], [3, 9, 13, 14, 11, 5, 1, 4, 2, 12, 0, 6, 8, 10, 15, 7], [4, 1, 5, 11, 14, 13, 9, 3, 10, 8, 15, 7, 12, 2, 0, 6], [6, 2, 0, 3, 4, 15, 10, 7, 11, 1, 12, 5, 9, 14, 8, 13], [1, 5, 11, 12, 8, 14, 13, 9, 15, 7, 4, 10, 6, 0, 3, 2], [9, 13, 14, 8, 12, 11, 5, 1, 0, 6, 3, 2, 7, 15, 4, 10], [7, 10, 15, 4, 3, 0, 2, 6, 14, 9, 8, 13, 1, 11, 12, 5]]","{""num_givens"": 100, ""grid_size"": 16}"
sudoku_cf4_hex_0014,sudoku_cf4_hex,counterfactual,"[[null, 7, 4, null, null, 15, 12, null, null, 14, null, null, null, null, 0, null], [6, null, null, null, null, null, null, null, null, null, 2, 7, null, null, null, null], [null, 9, null, 3, null, null, 11, null, null, null, null, 0, 12, null, null, null], [10, null, null, null, null, null, null, 5, 12, 15, null, null, null, 2, null, null], [9, null, 5, null, 3, null, 4, null, 1, null, null, 12, 15, 8, 11, null], [null, 3, null, 4, null, null, 15, 8, null, 5, null, 13, null, null, null, 10], [0, null, null, 1, null, 5, null, 9, 15, 6, null, 11, 4, null, null, null], [null, null, null, null, null, 10, null, 0, null, 2, null, 3, null, null, null, 5], [null, 10, 13, 9, 5, 3, null, null, 0, null, null, null, null, null, null, 11], [null, null, 12, null, null, 13, null, null, 8, 11, null, 2, null, null, null, 3], [null, null, null, 7, 2, 11, 8, 4, null, 13, null, null, null, 15, 6, 12], [null, null, null, null, 6, 12, 0, null, null, null, 14, 5, null, null, 10, 13], [null, null, null, 10, 1, null, null, 13, null, 8, null, null, null, 3, 14, null], [13, null, null, 5, 14, null, null, null, null, null, 12, null, null, 11, null, null], [null, null, null, 6, null, null, 10, null, null, 7, 3, null, null, null, 1, null], [3, null, 7, 2, 4, 8, null, 11, null, null, null, null, null, 12, null, null]]","Solve the following hexadecimal Sudoku puzzle.
Rule change: The grid is 16×16 (instead of 9×9). The blocks are 4×4 (instead of 3×3). The valid symbols are the hexadecimal digits {0, 1, 2, 3, 4, 5, 6, 7, 8, 9, A, B, C, D, E, F}. Each row, column, and 4×4 block must contain each symbol exactly once.

Puzzle (. = empty cell):
. 7 4 . | . F C . | . E . . | . . . .
6 . . . | . . . . | . . 2 7 | . . . .
. 9 . 3 | . . B . | . . . . | C . . .
A . . . | . . . 5 | C F . . | . 2 . .
-------------------------------------
9 . 5 . | 3 . 4 . | 1 . . C | F 8 B .
. 3 . 4 | . . F 8 | . 5 . D | . . . A
. . . 1 | . 5 . 9 | F 6 . B | 4 . . .
. . . . | . A . . | . 2 . 3 | . . . 5
-------------------------------------
. A D 9 | 5 3 . . | . . . . | . . . B
. . C . | . D . . | 8 B . 2 | . . . 3
. . . 7 | 2 B 8 4 | . D . . | . F 6 C
. . . . | 6 C . . | . . E 5 | . . A D
-------------------------------------
. . . A | 1 . . D | . 8 . . | . 3 E .
D . . 5 | E . . . | . . C . | . B . .
. . . 6 | . . A . | . 7 3 . | . . 1 .
3 . 7 2 | 4 8 . B | . . . . | . C . .

Which of the following is the correct completed solution?","[[2, 7, 4, 11, 8, 15, 12, 6, 3, 14, 5, 9, 13, 10, 0, 1], [6, 8, 15, 12, 0, 1, 13, 10, 11, 4, 2, 7, 3, 5, 9, 14], [5, 9, 14, 3, 7, 4, 11, 2, 13, 1, 10, 0, 12, 6, 8, 15], [10, 0, 1, 13, 9, 14, 3, 5, 12, 15, 6, 8, 11, 2, 7, 4], [9, 13, 5, 14, 3, 2, 4, 7, 1, 10, 0, 12, 15, 8, 11, 6], [7, 3, 2, 4, 11, 6, 15, 8, 14, 5, 9, 13, 1, 0, 12, 10], [0, 12, 10, 1, 13, 5, 14, 9, 15, 6, 8, 11, 4, 7, 3, 2], [8, 11, 6, 15, 12, 10, 1, 0, 4, 2, 7, 3, 14, 9, 13, 5], [1, 10, 13, 9, 5, 3, 7, 14, 0, 12, 15, 6, 8, 4, 2, 11], [15, 6, 12, 1, 10, 13, 9, 0, 8, 11, 4, 2, 7, 14, 5, 3], [14, 5, 3, 7, 2, 11, 8, 4, 9, 13, 1, 10, 0, 15, 6, 12], [4, 2, 11, 8, 6, 12, 0, 15, 7, 3, 14, 5, 9, 1, 10, 13], [12, 15, 0, 10, 1, 9, 5, 13, 6, 8, 11, 4, 2, 3, 14, 7], [13, 1, 9, 5, 14, 7, 2, 3, 10, 0, 12, 15, 6, 11, 4, 8], [11, 4, 8, 6, 15, 0, 10, 12, 2, 7, 3, 14, 5, 13, 1, 9], [3, 14, 7, 2, 4, 8, 6, 11, 5, 9, 13, 1, 10, 12, 15, 0]]","[[2, 7, 4, 11, 8, 15, 12, 6, 3, 14, 5, 9, 13, 10, 0, 1], [6, 8, 15, 12, 0, 1, 13, 10, 11, 4, 2, 7, 3, 5, 9, 14], [5, 9, 14, 3, 7, 4, 11, 2, 13, 1, 10, 0, 12, 6, 8, 15], [10, 0, 1, 13, 9, 14, 3, 5, 12, 15, 6, 8, 11, 2, 7, 4], [9, 13, 5, 14, 3, 2, 4, 7, 1, 10, 0, 12, 15, 8, 11, 6], [7, 3, 2, 4, 11, 6, 15, 8, 14, 5, 9, 13, 1, 0, 12, 10], [0, 12, 10, 1, 13, 5, 14, 9, 15, 6, 8, 11, 4, 7, 3, 2], [8, 11, 6, 15, 12, 10, 1, 0, 4, 2, 7, 3, 14, 9, 13, 5], [1, 10, 13, 9, 5, 3, 7, 14, 0, 12, 15, 6, 8, 4, 2, 11], [15, 6, 12, 0, 10, 13, 9, 1, 8, 11, 4, 2, 7, 14, 5, 3], [14, 5, 3, 7, 2, 11, 8, 4, 9, 13, 1, 10, 0, 15, 6, 12], [4, 2, 1, 8, 6, 12, 0, 15, 7, 3, 14, 5, 9, 11, 10, 13], [12, 15, 0, 10, 1, 9, 5, 13, 6, 8, 11, 4, 2, 3, 14, 7], [13, 1, 9, 5, 14, 7, 2, 3, 10, 0, 12, 15, 6, 11, 4, 8], [11, 4, 8, 6, 15, 0, 10, 12, 2, 7, 3, 14, 5, 13, 1, 9], [3, 14, 7, 2, 4, 8, 6, 11, 5, 9, 13, 1, 10, 12, 15, 0]]","[[2, 7, 4, 11, 8, 15, 12, 6, 3, 14, 5, 9, 13, 10, 0, 1], [6, 8, 15, 12, 0, 1, 13, 10, 11, 4, 2, 7, 3, 5, 9, 14], [5, 9, 14, 3, 7, 4, 11, 2, 13, 1, 10, 0, 12, 6, 8, 15], [10, 0, 1, 13, 9, 14, 3, 5, 12, 15, 6, 8, 11, 2, 7, 4], [9, 13, 5, 14, 3, 2, 4, 7, 1, 10, 0, 12, 15, 8, 11, 6], [7, 3, 2, 4, 11, 6, 15, 8, 14, 5, 9, 13, 1, 0, 12, 10], [0, 12, 10, 1, 13, 5, 14, 9, 15, 6, 8, 11, 4, 7, 3, 2], [8, 11, 6, 15, 12, 10, 1, 0, 4, 2, 7, 3, 14, 9, 13, 5], [1, 10, 13, 9, 5, 3, 7, 14, 0, 12, 15, 6, 8, 4, 2, 11], [15, 6, 12, 0, 10, 13, 9, 1, 8, 11, 4, 2, 7, 14, 5, 3], [14, 5, 3, 7, 2, 11, 8, 4, 9, 13, 1, 10, 0, 15, 6, 12], [4, 2, 11, 8, 6, 12, 0, 15, 7, 3, 14, 5, 9, 1, 10, 13], [12, 15, 0, 10, 1, 9, 5, 13, 6, 8, 11, 4, 2, 3, 14, 7], [13, 1, 9, 5, 14, 7, 2, 3, 10, 0, 12, 15, 6, 11, 4, 8], [11, 4, 8, 6, 15, 0, 10, 12, 2, 7, 3, 14, 5, 13, 1, 9], [3, 14, 7, 2, 4, 8, 6, 11, 5, 9, 13, 1, 10, 12, 15, 0]]","[[2, 7, 4, 11, 8, 15, 12, 6, 3, 14, 5, 9, 13, 10, 0, 1], [6, 8, 15, 12, 0, 1, 13, 10, 11, 4, 2, 7, 3, 5, 9, 14], [5, 9, 14, 3, 7, 4, 11, 2, 13, 1, 10, 0, 12, 6, 8, 15], [10, 0, 1, 13, 9, 14, 3, 5, 12, 15, 6, 8, 11, 2, 7, 4], [9, 13, 5, 14, 3, 2, 4, 7, 1, 10, 0, 12, 15, 8, 11, 6], [7, 3, 2, 4, 11, 6, 15, 8, 14, 5, 9, 13, 1, 0, 12, 10], [0, 12, 10, 1, 13, 5, 14, 9, 15, 6, 8, 11, 4, 7, 3, 2], [8, 11, 6, 15, 12, 10, 1, 0, 4, 2, 7, 3, 14, 9, 13, 5], [1, 10, 13, 9, 5, 3, 7, 14, 0, 12, 15, 6, 8, 4, 2, 11], [1, 6, 12, 0, 10, 13, 9, 15, 8, 11, 4, 2, 7, 14, 5, 3], [14, 5, 3, 7, 2, 11, 8, 4, 9, 13, 1, 10, 0, 15, 6, 12], [4, 2, 11, 8, 6, 12, 0, 15, 7, 3, 14, 5, 9, 1, 10, 13], [12, 15, 0, 10, 1, 9, 5, 13, 6, 8, 11, 4, 2, 3, 14, 7], [13, 1, 9, 5, 14, 7, 2, 3, 10, 0, 12, 15, 6, 11, 4, 8], [11, 4, 8, 6, 15, 0, 10, 12, 2, 7, 3, 14, 5, 13, 1, 9], [3, 14, 7, 2, 4, 8, 6, 11, 5, 9, 13, 1, 10, 12, 15, 0]]",C,"[[2, 7, 4, 11, 8, 15, 12, 6, 3, 14, 5, 9, 13, 10, 0, 1], [6, 8, 15, 12, 0, 1, 13, 10, 11, 4, 2, 7, 3, 5, 9, 14], [5, 9, 14, 3, 7, 4, 11, 2, 13, 1, 10, 0, 12, 6, 8, 15], [10, 0, 1, 13, 9, 14, 3, 5, 12, 15, 6, 8, 11, 2, 7, 4], [9, 13, 5, 14, 3, 2, 4, 7, 1, 10, 0, 12, 15, 8, 11, 6], [7, 3, 2, 4, 11, 6, 15, 8, 14, 5, 9, 13, 1, 0, 12, 10], [0, 12, 10, 1, 13, 5, 14, 9, 15, 6, 8, 11, 4, 7, 3, 2], [8, 11, 6, 15, 12, 10, 1, 0, 4, 2, 7, 3, 14, 9, 13, 5], [1, 10, 13, 9, 5, 3, 7, 14, 0, 12, 15, 6, 8, 4, 2, 11], [15, 6, 12, 0, 10, 13, 9, 1, 8, 11, 4, 2, 7, 14, 5, 3], [14, 5, 3, 7, 2, 11, 8, 4, 9, 13, 1, 10, 0, 15, 6, 12], [4, 2, 11, 8, 6, 12, 0, 15, 7, 3, 14, 5, 9, 1, 10, 13], [12, 15, 0, 10, 1, 9, 5, 13, 6, 8, 11, 4, 2, 3, 14, 7], [13, 1, 9, 5, 14, 7, 2, 3, 10, 0, 12, 15, 6, 11, 4, 8], [11, 4, 8, 6, 15, 0, 10, 12, 2, 7, 3, 14, 5, 13, 1, 9], [3, 14, 7, 2, 4, 8, 6, 11, 5, 9, 13, 1, 10, 12, 15, 0]]","{""num_givens"": 100, ""grid_size"": 16}"
sudoku_cf4_hex_0015,sudoku_cf4_hex,counterfactual,"[[null, null, 11, 5, null, null, null, 2, null, null, null, 7, 8, 1, null, 10], [4, null, null, 12, null, null, null, null, 10, null, 8, null, 15, null, null, null], [null, 8, null, null, null, null, 5, null, 6, null, 2, null, null, null, 9, null], [null, null, null, null, null, null, null, null, null, 5, 15, null, null, 4, null, 6], [null, null, 1, null, null, 8, null, 5, null, null, null, null, null, null, null, null], [15, null, 4, null, 7, null, 14, null, 1, null, null, 13, null, null, null, null], [null, 5, 3, null, null, null, 6, null, null, 14, 9, 2, null, null, 10, null], [2, null, null, null, 1, null, null, null, 3, null, 5, 8, 12, 15, 6, null], [null, 11, null, null, 15, 5, 4, null, null, null, null, null, null, null, 1, null], [5, 6, null, 4, null, null, null, 14, null, null, null, null, 11, null, 3, null], [null, null, null, null, 8, null, 3, 11, 15, 4, null, 5, null, 12, null, 2], [12, 14, 2, 7, 13, null, null, 10, null, 3, 11, null, null, null, 4, null], [null, 7, null, null, 9, null, null, 1, 0, null, null, null, 4, 11, null, null], [null, null, null, null, 0, 10, 8, null, 5, 15, 4, null, null, null, 2, null], [10, 3, 0, null, 5, null, null, null, 12, null, null, 6, null, 14, 13, 9], [null, null, null, null, 12, null, 2, 7, 9, null, null, null, null, null, 8, null]]","Solve the following hexadecimal Sudoku puzzle.
Rule change: The grid is 16×16 (instead of 9×9). The blocks are 4×4 (instead of 3×3). The valid symbols are the hexadecimal digits {0, 1, 2, 3, 4, 5, 6, 7, 8, 9, A, B, C, D, E, F}. Each row, column, and 4×4 block must contain each symbol exactly once.

Puzzle (. = empty cell):
. . B 5 | . . . 2 | . . . 7 | 8 1 . A
4 . . C | . . . . | A . 8 . | F . . .
. 8 . . | . . 5 . | 6 . 2 . | . . 9 .
. . . . | . . . . | . 5 F . | . 4 . 6
-------------------------------------
. . 1 . | . 8 . 5 | . . . . | . . . .
F . 4 . | 7 . E . | 1 . . D | . . . .
. 5 3 . | . . 6 . | . E 9 2 | . . A .
2 . . . | 1 . . . | 3 . 5 8 | C F 6 .
-------------------------------------
. B . . | F 5 4 . | . . . . | . . 1 .
5 6 . 4 | . . . E | . . . . | B . 3 .
. . . . | 8 . 3 B | F 4 . 5 | . C . 2
C E 2 7 | D . . A | . 3 B . | . . 4 .
-------------------------------------
. 7 . . | 9 . . 1 | . . . . | 4 B . .
. . . . | . A 8 . | 5 F 4 . | . . 2 .
A 3 . . | 5 . . . | C . . 6 | . E D 9
. . . . | C . 2 7 | 9 . . . | . . 8 .

Which of the following is the correct completed solution?","[[3, 15, 11, 5, 6, 4, 12, 2, 14, 9, 13, 7, 8, 1, 0, 10], [4, 2, 6, 12, 14, 7, 9, 13, 10, 0, 8, 1, 15, 3, 5, 11], [1, 8, 10, 0, 11, 3, 5, 15, 6, 12, 2, 4, 13, 7, 9, 14], [7, 13, 14, 9, 10, 1, 0, 8, 11, 5, 15, 3, 2, 4, 12, 6], [13, 0, 1, 10, 3, 8, 11, 5, 4, 6, 12, 9, 15, 2, 14, 7], [15, 12, 4, 6, 7, 2, 14, 9, 1, 10, 0, 13, 5, 8, 11, 3], [8, 5, 3, 11, 4, 15, 6, 12, 7, 14, 9, 2, 0, 13, 10, 1], [2, 9, 7, 14, 1, 13, 10, 0, 3, 11, 5, 8, 12, 15, 6, 4], [0, 11, 8, 3, 15, 5, 4, 6, 2, 7, 14, 12, 10, 9, 1, 13], [5, 6, 15, 4, 2, 12, 7, 14, 13, 1, 10, 9, 11, 0, 3, 8], [9, 10, 13, 1, 8, 0, 3, 11, 15, 4, 6, 5, 14, 12, 7, 2], [12, 14, 2, 7, 13, 9, 1, 10, 8, 3, 11, 0, 6, 5, 4, 15], [6, 7, 12, 2, 9, 14, 13, 1, 0, 8, 3, 10, 4, 11, 15, 5], [14, 1, 9, 13, 0, 10, 8, 3, 5, 15, 4, 11, 7, 6, 2, 12], [10, 3, 0, 8, 5, 11, 15, 4, 12, 2, 7, 6, 1, 14, 13, 9], [11, 4, 5, 15, 12, 6, 2, 7, 9, 13, 1, 14, 3, 10, 8, 0]]","[[3, 15, 11, 5, 6, 4, 12, 2, 14, 9, 13, 7, 8, 1, 0, 10], [4, 2, 6, 12, 14, 7, 9, 13, 10, 0, 8, 1, 15, 3, 5, 11], [1, 8, 10, 0, 11, 3, 5, 15, 6, 12, 2, 4, 13, 7, 9, 14], [7, 13, 14, 9, 10, 1, 0, 8, 11, 5, 15, 3, 2, 4, 12, 6], [13, 0, 1, 10, 3, 8, 11, 5, 4, 6, 12, 15, 9, 2, 14, 7], [15, 12, 4, 6, 7, 2, 14, 9, 1, 10, 0, 13, 5, 8, 11, 3], [8, 5, 3, 11, 4, 15, 6, 12, 7, 14, 9, 2, 0, 13, 10, 1], [2, 9, 7, 14, 1, 13, 10, 0, 3, 11, 5, 8, 12, 15, 6, 4], [0, 11, 8, 3, 15, 5, 4, 6, 2, 7, 14, 12, 10, 9, 1, 13], [5, 6, 15, 4, 2, 12, 7, 14, 13, 1, 10, 9, 11, 0, 3, 8], [9, 10, 13, 1, 8, 0, 3, 11, 15, 4, 6, 5, 14, 12, 7, 2], [12, 14, 2, 7, 13, 9, 1, 10, 8, 3, 11, 0, 6, 5, 4, 15], [6, 7, 12, 2, 9, 14, 13, 1, 0, 8, 3, 10, 4, 11, 15, 5], [14, 1, 9, 13, 0, 10, 8, 3, 5, 15, 4, 11, 7, 6, 2, 12], [10, 3, 0, 8, 5, 11, 15, 4, 12, 2, 7, 6, 1, 14, 13, 9], [11, 4, 5, 15, 12, 6, 2, 7, 9, 13, 1, 14, 3, 10, 8, 0]]","[[3, 15, 11, 5, 6, 4, 12, 2, 14, 9, 13, 7, 8, 1, 0, 10], [4, 2, 6, 12, 14, 7, 9, 13, 10, 0, 8, 1, 15, 3, 5, 11], [1, 8, 10, 0, 11, 3, 5, 15, 6, 12, 2, 4, 13, 7, 9, 14], [7, 13, 14, 9, 10, 1, 0, 8, 11, 5, 15, 3, 2, 4, 12, 6], [13, 0, 1, 10, 3, 8, 11, 5, 4, 6, 12, 15, 9, 2, 14, 7], [15, 12, 4, 6, 7, 2, 14, 9, 1, 10, 0, 13, 5, 8, 11, 3], [8, 5, 3, 11, 4, 15, 6, 12, 7, 14, 9, 2, 0, 13, 10, 1], [2, 9, 7, 4, 1, 13, 10, 0, 3, 11, 5, 8, 12, 15, 6, 14], [0, 11, 8, 3, 15, 5, 4, 6, 2, 7, 14, 12, 10, 9, 1, 13], [5, 6, 15, 4, 2, 12, 7, 14, 13, 1, 10, 9, 11, 0, 3, 8], [9, 10, 13, 1, 8, 0, 3, 11, 15, 4, 6, 5, 14, 12, 7, 2], [12, 14, 2, 7, 13, 9, 1, 10, 8, 3, 11, 0, 6, 5, 4, 15], [6, 7, 12, 2, 9, 14, 13, 1, 0, 8, 3, 10, 4, 11, 15, 5], [14, 1, 9, 13, 0, 10, 8, 3, 5, 15, 4, 11, 7, 6, 2, 12], [10, 3, 0, 8, 5, 11, 15, 4, 12, 2, 7, 6, 1, 14, 13, 9], [11, 4, 5, 15, 12, 6, 2, 7, 9, 13, 1, 14, 3, 10, 8, 0]]","[[3, 15, 11, 5, 6, 4, 12, 2, 14, 9, 13, 7, 8, 1, 0, 10], [4, 2, 6, 12, 14, 7, 9, 13, 10, 0, 8, 1, 15, 3, 5, 11], [1, 8, 10, 0, 11, 3, 5, 15, 6, 12, 2, 4, 13, 7, 9, 14], [7, 13, 14, 9, 10, 1, 0, 8, 11, 5, 15, 3, 2, 4, 12, 6], [13, 0, 1, 10, 3, 8, 11, 5, 4, 6, 12, 15, 9, 2, 14, 7], [15, 12, 4, 6, 7, 2, 14, 9, 1, 10, 0, 13, 5, 8, 11, 3], [8, 5, 3, 11, 4, 15, 6, 7, 12, 14, 9, 2, 0, 13, 10, 1], [2, 9, 7, 14, 1, 13, 10, 0, 3, 11, 5, 8, 12, 15, 6, 4], [0, 11, 8, 3, 15, 5, 4, 6, 2, 7, 14, 12, 10, 9, 1, 13], [5, 6, 15, 4, 2, 12, 7, 14, 13, 1, 10, 9, 11, 0, 3, 8], [9, 10, 13, 1, 8, 0, 3, 11, 15, 4, 6, 5, 14, 12, 7, 2], [12, 14, 2, 7, 13, 9, 1, 10, 8, 3, 11, 0, 6, 5, 4, 15], [6, 7, 12, 2, 9, 14, 13, 1, 0, 8, 3, 10, 4, 11, 15, 5], [14, 1, 9, 13, 0, 10, 8, 3, 5, 15, 4, 11, 7, 6, 2, 12], [10, 3, 0, 8, 5, 11, 15, 4, 12, 2, 7, 6, 1, 14, 13, 9], [11, 4, 5, 15, 12, 6, 2, 7, 9, 13, 1, 14, 3, 10, 8, 0]]",B,"[[3, 15, 11, 5, 6, 4, 12, 2, 14, 9, 13, 7, 8, 1, 0, 10], [4, 2, 6, 12, 14, 7, 9, 13, 10, 0, 8, 1, 15, 3, 5, 11], [1, 8, 10, 0, 11, 3, 5, 15, 6, 12, 2, 4, 13, 7, 9, 14], [7, 13, 14, 9, 10, 1, 0, 8, 11, 5, 15, 3, 2, 4, 12, 6], [13, 0, 1, 10, 3, 8, 11, 5, 4, 6, 12, 15, 9, 2, 14, 7], [15, 12, 4, 6, 7, 2, 14, 9, 1, 10, 0, 13, 5, 8, 11, 3], [8, 5, 3, 11, 4, 15, 6, 12, 7, 14, 9, 2, 0, 13, 10, 1], [2, 9, 7, 14, 1, 13, 10, 0, 3, 11, 5, 8, 12, 15, 6, 4], [0, 11, 8, 3, 15, 5, 4, 6, 2, 7, 14, 12, 10, 9, 1, 13], [5, 6, 15, 4, 2, 12, 7, 14, 13, 1, 10, 9, 11, 0, 3, 8], [9, 10, 13, 1, 8, 0, 3, 11, 15, 4, 6, 5, 14, 12, 7, 2], [12, 14, 2, 7, 13, 9, 1, 10, 8, 3, 11, 0, 6, 5, 4, 15], [6, 7, 12, 2, 9, 14, 13, 1, 0, 8, 3, 10, 4, 11, 15, 5], [14, 1, 9, 13, 0, 10, 8, 3, 5, 15, 4, 11, 7, 6, 2, 12], [10, 3, 0, 8, 5, 11, 15, 4, 12, 2, 7, 6, 1, 14, 13, 9], [11, 4, 5, 15, 12, 6, 2, 7, 9, 13, 1, 14, 3, 10, 8, 0]]","{""num_givens"": 100, ""grid_size"": 16}"
sudoku_cf4_hex_0016,sudoku_cf4_hex,counterfactual,"[[null, 7, 5, null, null, null, 6, null, null, 4, 3, 9, null, 15, null, null], [9, null, 3, null, null, 14, 7, 12, 13, null, 10, null, null, 8, null, null], [null, null, null, null, null, null, null, 4, null, null, 1, null, null, 12, null, null], [null, 6, null, null, 10, 0, 13, 15, 7, null, 5, null, null, 4, 9, null], [8, 5, 6, null, null, null, null, null, 3, null, null, 12, null, null, null, null], [null, 3, 7, null, 6, null, null, null, 10, 0, null, null, 1, null, null, 13], [null, 1, 13, 2, null, null, null, 0, 5, null, 6, null, 3, null, null, 7], [null, null, 11, 0, null, 12, null, null, null, 2, null, null, 5, null, null, null], [null, null, 0, 10, 9, null, null, 3, 8, 1, 2, 13, null, null, 6, 14], [null, null, null, 5, null, null, null, null, null, null, null, null, null, 10, 11, 0], [13, 8, null, null, 0, 11, 15, null, 12, 5, null, 6, null, null, 7, 9], [7, null, null, null, null, null, null, 5, null, 10, null, null, null, null, null, null], [10, null, null, null, null, 3, null, null, null, null, null, 1, null, 7, 5, null], [null, null, 8, null, null, null, null, null, null, null, null, 5, null, null, null, null], [null, null, 12, 7, null, 1, 14, null, 0, 11, 4, null, null, null, null, 15], [null, 0, null, 11, 12, null, 9, null, null, null, null, 10, 14, null, null, null]]","Solve the following hexadecimal Sudoku puzzle.
Rule change: The grid is 16×16 (instead of 9×9). The blocks are 4×4 (instead of 3×3). The valid symbols are the hexadecimal digits {0, 1, 2, 3, 4, 5, 6, 7, 8, 9, A, B, C, D, E, F}. Each row, column, and 4×4 block must contain each symbol exactly once.

Puzzle (. = empty cell):
. 7 5 . | . . 6 . | . 4 3 9 | . F . .
9 . 3 . | . E 7 C | D . A . | . 8 . .
. . . . | . . . 4 | . . 1 . | . C . .
. 6 . . | A . D F | 7 . 5 . | . 4 9 .
-------------------------------------
8 5 6 . | . . . . | 3 . . C | . . . .
. 3 7 . | 6 . . . | A . . . | 1 . . D
. 1 D 2 | . . . . | 5 . 6 . | 3 . . 7
. . B . | . C . . | . 2 . . | 5 . . .
-------------------------------------
. . . A | 9 . . 3 | 8 1 2 D | . . 6 E
. . . 5 | . . . . | . . . . | . A B .
D 8 . . | . B F . | C 5 . 6 | . . 7 9
7 . . . | . . . 5 | . A . . | . . . .
-------------------------------------
A . . . | . 3 . . | . . . 1 | . 7 5 .
. . 8 . | . . . . | . . . 5 | . . . .
. . C 7 | . 1 E . | . B 4 . | . . . F
. . . B | C . 9 . | . . . A | E . . .

Which of the following is the correct completed solution?","[[14, 7, 5, 12, 1, 2, 6, 8, 11, 4, 3, 9, 13, 15, 0, 10], [9, 11, 3, 4, 5, 14, 7, 12, 13, 15, 10, 0, 6, 8, 2, 1], [0, 13, 10, 15, 3, 9, 11, 4, 6, 8, 1, 2, 7, 12, 14, 5], [2, 6, 1, 8, 10, 0, 13, 15, 7, 12, 5, 14, 11, 4, 9, 3], [8, 5, 6, 14, 13, 15, 1, 2, 3, 9, 7, 12, 10, 0, 4, 11], [12, 3, 7, 9, 6, 8, 5, 14, 10, 0, 11, 4, 1, 2, 15, 13], [15, 1, 13, 2, 11, 4, 10, 0, 5, 14, 6, 8, 3, 9, 12, 7], [4, 10, 11, 0, 7, 12, 3, 9, 1, 2, 13, 15, 5, 14, 8, 6], [11, 15, 0, 10, 9, 7, 4, 3, 8, 1, 2, 13, 12, 5, 6, 14], [6, 12, 14, 5, 2, 13, 8, 1, 4, 3, 9, 7, 15, 10, 11, 0], [13, 8, 2, 1, 0, 11, 15, 10, 12, 5, 14, 6, 4, 3, 7, 9], [7, 4, 9, 3, 14, 6, 12, 5, 15, 10, 0, 11, 8, 1, 13, 2], [10, 2, 15, 13, 4, 3, 0, 11, 14, 6, 8, 1, 9, 7, 5, 12], [1, 14, 8, 6, 15, 10, 2, 13, 9, 7, 12, 5, 0, 11, 3, 4], [5, 9, 12, 7, 8, 1, 14, 6, 0, 11, 4, 3, 2, 13, 10, 15], [3, 0, 4, 11, 12, 5, 9, 7, 2, 13, 15, 10, 14, 6, 1, 8]]","[[14, 7, 5, 12, 1, 2, 6, 8, 11, 4, 3, 9, 13, 15, 0, 10], [9, 11, 3, 4, 5, 14, 7, 12, 13, 15, 10, 0, 6, 8, 2, 1], [0, 13, 10, 15, 3, 9, 11, 4, 6, 8, 1, 2, 7, 12, 14, 5], [2, 6, 1, 8, 10, 0, 13, 15, 7, 12, 5, 14, 11, 4, 9, 3], [8, 5, 6, 14, 13, 15, 1, 2, 3, 9, 7, 12, 10, 0, 4, 11], [12, 3, 7, 9, 6, 8, 5, 14, 10, 0, 11, 4, 1, 2, 15, 13], [15, 1, 13, 2, 11, 4, 10, 0, 5, 14, 6, 8, 3, 9, 12, 7], [13, 10, 11, 0, 7, 12, 3, 9, 1, 2, 4, 15, 5, 14, 8, 6], [11, 15, 0, 10, 9, 7, 4, 3, 8, 1, 2, 13, 12, 5, 6, 14], [6, 12, 14, 5, 2, 13, 8, 1, 4, 3, 9, 7, 15, 10, 11, 0], [13, 8, 2, 1, 0, 11, 15, 10, 12, 5, 14, 6, 4, 3, 7, 9], [7, 4, 9, 3, 14, 6, 12, 5, 15, 10, 0, 11, 8, 1, 13, 2], [10, 2, 15, 13, 4, 3, 0, 11, 14, 6, 8, 1, 9, 7, 5, 12], [1, 14, 8, 6, 15, 10, 2, 13, 9, 7, 12, 5, 0, 11, 3, 4], [5, 9, 12, 7, 8, 1, 14, 6, 0, 11, 4, 3, 2, 13, 10, 15], [3, 0, 4, 11, 12, 5, 9, 7, 2, 13, 15, 10, 14, 6, 1, 8]]","[[14, 7, 5, 12, 1, 2, 6, 8, 11, 4, 3, 9, 13, 15, 0, 10], [9, 11, 3, 4, 5, 14, 7, 12, 13, 15, 10, 0, 6, 8, 2, 1], [0, 13, 10, 15, 3, 9, 11, 4, 6, 8, 1, 2, 7, 12, 14, 5], [2, 6, 1, 8, 10, 0, 13, 15, 7, 12, 5, 14, 11, 4, 9, 3], [8, 5, 6, 14, 13, 15, 1, 2, 3, 9, 7, 12, 10, 0, 4, 11], [12, 3, 7, 9, 6, 8, 5, 14, 10, 0, 11, 4, 1, 2, 15, 13], [15, 1, 13, 2, 11, 4, 10, 0, 5, 14, 6, 8, 3, 9, 12, 7], [4, 10, 11, 0, 7, 12, 3, 9, 14, 2, 13, 15, 5, 1, 8, 6], [11, 15, 0, 10, 9, 7, 4, 3, 8, 1, 2, 13, 12, 5, 6, 14], [6, 12, 14, 5, 2, 13, 8, 1, 4, 3, 9, 7, 15, 10, 11, 0], [13, 8, 2, 1, 0, 11, 15, 10, 12, 5, 14, 6, 4, 3, 7, 9], [7, 4, 9, 3, 14, 6, 12, 5, 15, 10, 0, 11, 8, 1, 13, 2], [10, 2, 15, 13, 4, 3, 0, 11, 14, 6, 8, 1, 9, 7, 5, 12], [1, 14, 8, 6, 15, 10, 2, 13, 9, 7, 12, 5, 0, 11, 3, 4], [5, 9, 12, 7, 8, 1, 14, 6, 0, 11, 4, 3, 2, 13, 10, 15], [3, 0, 4, 11, 12, 5, 9, 7, 2, 13, 15, 10, 14, 6, 1, 8]]","[[14, 7, 5, 12, 1, 2, 6, 8, 11, 4, 3, 9, 13, 15, 0, 10], [9, 11, 3, 4, 5, 14, 7, 12, 13, 15, 10, 0, 6, 8, 2, 1], [0, 13, 10, 15, 3, 9, 11, 4, 6, 8, 1, 2, 7, 12, 14, 5], [2, 6, 1, 8, 10, 0, 13, 15, 7, 12, 5, 14, 11, 4, 9, 3], [8, 5, 6, 14, 13, 15, 1, 2, 3, 9, 7, 12, 10, 0, 4, 11], [12, 3, 7, 9, 6, 8, 5, 14, 10, 0, 11, 4, 1, 2, 15, 13], [15, 1, 13, 2, 11, 4, 10, 0, 5, 14, 6, 8, 3, 9, 12, 7], [4, 10, 11, 0, 7, 12, 3, 9, 1, 2, 13, 15, 5, 14, 8, 6], [11, 15, 0, 10, 9, 7, 4, 3, 8, 1, 2, 13, 12, 5, 6, 14], [6, 12, 14, 5, 2, 13, 8, 1, 4, 3, 9, 7, 15, 10, 11, 0], [13, 8, 2, 1, 0, 11, 15, 10, 12, 5, 14, 6, 4, 3, 7, 9], [7, 4, 9, 3, 14, 6, 12, 5, 15, 10, 0, 11, 1, 8, 13, 2], [10, 2, 15, 13, 4, 3, 0, 11, 14, 6, 8, 1, 9, 7, 5, 12], [1, 14, 8, 6, 15, 10, 2, 13, 9, 7, 12, 5, 0, 11, 3, 4], [5, 9, 12, 7, 8, 1, 14, 6, 0, 11, 4, 3, 2, 13, 10, 15], [3, 0, 4, 11, 12, 5, 9, 7, 2, 13, 15, 10, 14, 6, 1, 8]]",A,"[[14, 7, 5, 12, 1, 2, 6, 8, 11, 4, 3, 9, 13, 15, 0, 10], [9, 11, 3, 4, 5, 14, 7, 12, 13, 15, 10, 0, 6, 8, 2, 1], [0, 13, 10, 15, 3, 9, 11, 4, 6, 8, 1, 2, 7, 12, 14, 5], [2, 6, 1, 8, 10, 0, 13, 15, 7, 12, 5, 14, 11, 4, 9, 3], [8, 5, 6, 14, 13, 15, 1, 2, 3, 9, 7, 12, 10, 0, 4, 11], [12, 3, 7, 9, 6, 8, 5, 14, 10, 0, 11, 4, 1, 2, 15, 13], [15, 1, 13, 2, 11, 4, 10, 0, 5, 14, 6, 8, 3, 9, 12, 7], [4, 10, 11, 0, 7, 12, 3, 9, 1, 2, 13, 15, 5, 14, 8, 6], [11, 15, 0, 10, 9, 7, 4, 3, 8, 1, 2, 13, 12, 5, 6, 14], [6, 12, 14, 5, 2, 13, 8, 1, 4, 3, 9, 7, 15, 10, 11, 0], [13, 8, 2, 1, 0, 11, 15, 10, 12, 5, 14, 6, 4, 3, 7, 9], [7, 4, 9, 3, 14, 6, 12, 5, 15, 10, 0, 11, 8, 1, 13, 2], [10, 2, 15, 13, 4, 3, 0, 11, 14, 6, 8, 1, 9, 7, 5, 12], [1, 14, 8, 6, 15, 10, 2, 13, 9, 7, 12, 5, 0, 11, 3, 4], [5, 9, 12, 7, 8, 1, 14, 6, 0, 11, 4, 3, 2, 13, 10, 15], [3, 0, 4, 11, 12, 5, 9, 7, 2, 13, 15, 10, 14, 6, 1, 8]]","{""num_givens"": 100, ""grid_size"": 16}"
sudoku_cf4_hex_0017,sudoku_cf4_hex,counterfactual,"[[13, null, null, null, 12, 7, null, null, null, 0, 15, 5, null, null, 8, null], [null, 4, null, null, null, 15, null, 5, 12, null, null, 6, null, null, 13, null], [3, 12, 7, null, 4, 2, 8, null, null, 13, 1, 11, null, 10, 0, null], [null, null, null, 5, null, null, null, 11, 4, null, 2, null, null, null, 3, null], [null, null, 0, 1, null, null, null, null, 5, null, null, null, null, null, null, null], [null, null, null, null, null, null, null, 15, null, null, null, null, null, null, 14, null], [10, 5, 8, null, null, null, null, 1, null, 4, null, 2, null, 6, 12, null], [null, null, 13, null, 9, null, null, null, 11, 14, null, 1, null, null, null, null], [9, 2, 12, 3, 15, 4, null, 8, 7, null, 14, null, null, null, null, null], [11, null, 10, null, null, 14, null, 13, 15, 5, 4, 8, null, 2, null, 3], [null, 15, null, 8, null, null, 11, null, 2, 9, null, null, 14, null, null, 13], [null, null, null, null, null, null, null, null, 1, 11, 10, null, 4, null, null, null], [7, null, null, 14, 3, null, null, null, null, 1, 5, 10, null, null, 15, null], [null, null, 6, null, 8, 9, null, null, null, null, 11, null, 5, null, null, null], [15, null, null, null, 0, null, 1, null, null, 2, null, null, 11, 13, null, 14], [null, null, null, null, null, null, null, null, null, 15, 9, null, 6, null, null, 12]]","Solve the following hexadecimal Sudoku puzzle.
Rule change: The grid is 16×16 (instead of 9×9). The blocks are 4×4 (instead of 3×3). The valid symbols are the hexadecimal digits {0, 1, 2, 3, 4, 5, 6, 7, 8, 9, A, B, C, D, E, F}. Each row, column, and 4×4 block must contain each symbol exactly once.

Puzzle (. = empty cell):
D . . . | C 7 . . | . . F 5 | . . 8 .
. 4 . . | . F . 5 | C . . 6 | . . D .
3 C 7 . | 4 2 8 . | . D 1 B | . A . .
. . . 5 | . . . B | 4 . 2 . | . . 3 .
-------------------------------------
. . . 1 | . . . . | 5 . . . | . . . .
. . . . | . . . F | . . . . | . . E .
A 5 8 . | . . . 1 | . 4 . 2 | . 6 C .
. . D . | 9 . . . | B E . 1 | . . . .
-------------------------------------
9 2 C 3 | F 4 . 8 | 7 . E . | . . . .
B . A . | . E . D | F 5 4 8 | . 2 . 3
. F . 8 | . . B . | 2 9 . . | E . . D
. . . . | . . . . | 1 B A . | 4 . . .
-------------------------------------
7 . . E | 3 . . . | . 1 5 A | . . F .
. . 6 . | 8 9 . . | . . B . | 5 . . .
F . . . | . . 1 . | . 2 . . | B D . E
. . . . | . . . . | . F 9 . | 6 . . C

Which of the following is the correct completed solution?","[[13, 14, 1, 11, 12, 7, 3, 6, 10, 0, 15, 5, 2, 4, 8, 9], [8, 4, 2, 9, 10, 15, 0, 5, 12, 3, 7, 6, 1, 14, 13, 11], [3, 12, 7, 6, 4, 2, 8, 9, 14, 13, 1, 11, 15, 10, 0, 5], [0, 10, 15, 5, 14, 1, 13, 11, 4, 8, 2, 9, 7, 12, 3, 6], [14, 11, 0, 1, 6, 13, 12, 7, 5, 10, 8, 15, 3, 9, 4, 2], [4, 9, 3, 2, 5, 8, 10, 15, 6, 12, 13, 7, 0, 11, 14, 1], [10, 5, 8, 15, 11, 0, 14, 1, 9, 4, 3, 2, 13, 6, 12, 7], [12, 6, 13, 7, 9, 3, 4, 2, 11, 14, 0, 1, 8, 5, 10, 15], [9, 2, 12, 3, 15, 4, 5, 8, 7, 6, 14, 13, 10, 1, 11, 0], [11, 1, 10, 0, 7, 14, 6, 13, 15, 5, 4, 8, 12, 2, 9, 3], [5, 15, 4, 8, 1, 10, 11, 0, 2, 9, 12, 3, 14, 7, 6, 13], [6, 7, 14, 13, 2, 12, 9, 3, 1, 11, 10, 0, 4, 15, 5, 8], [7, 13, 11, 14, 3, 6, 2, 12, 0, 1, 5, 10, 9, 8, 15, 4], [2, 3, 6, 12, 8, 9, 15, 4, 13, 7, 11, 14, 5, 0, 1, 10], [15, 8, 9, 4, 0, 5, 1, 10, 3, 2, 6, 12, 11, 13, 7, 14], [1, 0, 5, 10, 13, 11, 7, 14, 8, 15, 9, 4, 6, 3, 2, 12]]","[[13, 14, 1, 11, 12, 7, 3, 10, 6, 0, 15, 5, 2, 4, 8, 9], [8, 4, 2, 9, 10, 15, 0, 5, 12, 3, 7, 6, 1, 14, 13, 11], [3, 12, 7, 6, 4, 2, 8, 9, 14, 13, 1, 11, 15, 10, 0, 5], [0, 10, 15, 5, 14, 1, 13, 11, 4, 8, 2, 9, 7, 12, 3, 6], [14, 11, 0, 1, 6, 13, 12, 7, 5, 10, 8, 15, 3, 9, 4, 2], [4, 9, 3, 2, 5, 8, 10, 15, 6, 12, 13, 7, 0, 11, 14, 1], [10, 5, 8, 15, 11, 0, 14, 1, 9, 4, 3, 2, 13, 6, 12, 7], [12, 6, 13, 7, 9, 3, 4, 2, 11, 14, 0, 1, 8, 5, 10, 15], [9, 2, 12, 3, 15, 4, 5, 8, 7, 6, 14, 13, 10, 1, 11, 0], [11, 1, 10, 0, 7, 14, 6, 13, 15, 5, 4, 8, 12, 2, 9, 3], [5, 15, 4, 8, 1, 10, 11, 0, 2, 9, 12, 3, 14, 7, 6, 13], [6, 7, 14, 13, 2, 12, 9, 3, 1, 11, 10, 0, 4, 15, 5, 8], [7, 13, 11, 14, 3, 6, 2, 12, 0, 1, 5, 10, 9, 8, 15, 4], [2, 3, 6, 12, 8, 9, 15, 4, 13, 7, 11, 14, 5, 0, 1, 10], [15, 8, 9, 4, 0, 5, 1, 10, 3, 2, 6, 12, 11, 13, 7, 14], [1, 0, 5, 10, 13, 11, 7, 14, 8, 15, 9, 4, 6, 3, 2, 12]]","[[13, 14, 1, 11, 12, 7, 3, 6, 10, 0, 15, 5, 2, 4, 8, 9], [8, 4, 2, 9, 10, 15, 0, 5, 12, 3, 7, 6, 1, 14, 13, 11], [3, 12, 7, 6, 4, 2, 8, 9, 14, 13, 1, 11, 15, 10, 0, 5], [0, 10, 15, 5, 14, 1, 13, 11, 4, 8, 2, 9, 7, 12, 3, 6], [14, 11, 0, 1, 6, 13, 12, 7, 5, 10, 8, 15, 3, 9, 4, 2], [4, 9, 3, 2, 5, 8, 10, 15, 6, 12, 13, 7, 0, 11, 14, 1], [10, 5, 8, 15, 11, 0, 14, 1, 9, 4, 3, 2, 13, 6, 12, 7], [12, 6, 13, 7, 9, 3, 4, 2, 11, 14, 0, 1, 8, 5, 10, 15], [9, 2, 12, 3, 15, 4, 5, 8, 7, 6, 14, 13, 10, 1, 11, 0], [11, 1, 10, 12, 7, 14, 6, 13, 15, 5, 4, 8, 0, 2, 9, 3], [5, 15, 4, 8, 1, 10, 11, 0, 2, 9, 12, 3, 14, 7, 6, 13], [6, 7, 14, 13, 2, 12, 9, 3, 1, 11, 10, 0, 4, 15, 5, 8], [7, 13, 11, 14, 3, 6, 2, 12, 0, 1, 5, 10, 9, 8, 15, 4], [2, 3, 6, 12, 8, 9, 15, 4, 13, 7, 11, 14, 5, 0, 1, 10], [15, 8, 9, 4, 0, 5, 1, 10, 3, 2, 6, 12, 11, 13, 7, 14], [1, 0, 5, 10, 13, 11, 7, 14, 8, 15, 9, 4, 6, 3, 2, 12]]","[[13, 14, 1, 11, 12, 7, 3, 6, 10, 0, 15, 5, 2, 4, 8, 9], [8, 4, 2, 9, 10, 15, 0, 5, 12, 3, 7, 6, 1, 14, 13, 11], [3, 12, 7, 6, 4, 2, 8, 9, 14, 13, 1, 11, 15, 10, 0, 5], [0, 10, 15, 5, 14, 1, 13, 11, 4, 8, 2, 9, 7, 12, 3, 6], [14, 11, 0, 1, 6, 13, 12, 7, 5, 10, 8, 15, 3, 9, 4, 2], [4, 9, 3, 2, 5, 8, 10, 15, 6, 12, 13, 7, 0, 11, 14, 1], [10, 5, 8, 15, 11, 0, 14, 1, 9, 4, 3, 2, 13, 6, 12, 7], [12, 6, 13, 7, 9, 3, 4, 2, 11, 14, 0, 1, 8, 5, 10, 15], [9, 2, 12, 3, 15, 4, 5, 8, 7, 6, 14, 13, 10, 1, 11, 0], [11, 1, 10, 0, 7, 14, 6, 13, 15, 5, 4, 8, 12, 2, 9, 3], [5, 15, 4, 8, 1, 10, 11, 0, 2, 9, 12, 3, 14, 7, 6, 13], [6, 7, 14, 13, 2, 12, 9, 3, 1, 11, 10, 0, 4, 15, 5, 8], [7, 13, 11, 14, 3, 6, 2, 12, 0, 1, 5, 10, 9, 8, 15, 4], [2, 3, 6, 12, 8, 9, 15, 4, 13, 7, 11, 14, 5, 0, 1, 10], [15, 3, 9, 4, 0, 5, 1, 10, 8, 2, 6, 12, 11, 13, 7, 14], [1, 0, 5, 10, 13, 11, 7, 14, 8, 15, 9, 4, 6, 3, 2, 12]]",A,"[[13, 14, 1, 11, 12, 7, 3, 6, 10, 0, 15, 5, 2, 4, 8, 9], [8, 4, 2, 9, 10, 15, 0, 5, 12, 3, 7, 6, 1, 14, 13, 11], [3, 12, 7, 6, 4, 2, 8, 9, 14, 13, 1, 11, 15, 10, 0, 5], [0, 10, 15, 5, 14, 1, 13, 11, 4, 8, 2, 9, 7, 12, 3, 6], [14, 11, 0, 1, 6, 13, 12, 7, 5, 10, 8, 15, 3, 9, 4, 2], [4, 9, 3, 2, 5, 8, 10, 15, 6, 12, 13, 7, 0, 11, 14, 1], [10, 5, 8, 15, 11, 0, 14, 1, 9, 4, 3, 2, 13, 6, 12, 7], [12, 6, 13, 7, 9, 3, 4, 2, 11, 14, 0, 1, 8, 5, 10, 15], [9, 2, 12, 3, 15, 4, 5, 8, 7, 6, 14, 13, 10, 1, 11, 0], [11, 1, 10, 0, 7, 14, 6, 13, 15, 5, 4, 8, 12, 2, 9, 3], [5, 15, 4, 8, 1, 10, 11, 0, 2, 9, 12, 3, 14, 7, 6, 13], [6, 7, 14, 13, 2, 12, 9, 3, 1, 11, 10, 0, 4, 15, 5, 8], [7, 13, 11, 14, 3, 6, 2, 12, 0, 1, 5, 10, 9, 8, 15, 4], [2, 3, 6, 12, 8, 9, 15, 4, 13, 7, 11, 14, 5, 0, 1, 10], [15, 8, 9, 4, 0, 5, 1, 10, 3, 2, 6, 12, 11, 13, 7, 14], [1, 0, 5, 10, 13, 11, 7, 14, 8, 15, 9, 4, 6, 3, 2, 12]]","{""num_givens"": 100, ""grid_size"": 16}"
sudoku_cf4_hex_0018,sudoku_cf4_hex,counterfactual,"[[null, null, 13, 0, null, null, null, null, 14, null, null, null, null, 12, null, null], [null, null, null, null, null, null, null, null, null, 6, null, null, null, null, 0, null], [12, 4, 1, null, null, 14, 2, null, null, null, null, null, 6, 15, 5, 10], [null, null, 10, null, null, 0, null, null, 3, null, 1, null, 9, null, null, null], [8, null, 0, 2, 12, 1, 5, 6, null, null, null, null, 11, null, null, null], [9, null, null, 10, null, null, null, 4, 1, null, null, null, 7, 8, null, 0], [null, 11, null, null, 15, 10, 14, null, null, null, null, 8, 12, null, 1, null], [null, null, null, 1, null, 2, null, null, 13, 11, 3, null, 15, 9, null, 14], [5, null, 15, null, 2, null, 11, null, 4, null, 12, null, 10, null, 9, 7], [null, null, 7, 9, 13, null, null, null, null, null, null, null, 2, null, null, null], [null, 13, null, null, null, null, null, null, null, null, null, null, 1, null, null, 15], [0, null, 11, 8, null, null, null, null, null, null, null, null, null, null, null, 12], [2, null, 8, 7, 3, null, 6, null, null, 5, null, null, 0, null, 11, null], [null, 0, null, 11, 5, null, null, 10, null, 14, null, 2, 3, null, 12, null], [null, 3, null, null, null, 7, null, null, null, 0, 4, null, null, null, 15, null], [null, null, 9, null, 0, null, 4, null, null, 3, 6, null, 14, 2, 7, 8]]","Solve the following hexadecimal Sudoku puzzle.
Rule change: The grid is 16×16 (instead of 9×9). The blocks are 4×4 (instead of 3×3). The valid symbols are the hexadecimal digits {0, 1, 2, 3, 4, 5, 6, 7, 8, 9, A, B, C, D, E, F}. Each row, column, and 4×4 block must contain each symbol exactly once.

Puzzle (. = empty cell):
. . D . | . . . . | E . . . | . C . .
. . . . | . . . . | . 6 . . | . . . .
C 4 1 . | . E 2 . | . . . . | 6 F 5 A
. . A . | . . . . | 3 . 1 . | 9 . . .
-------------------------------------
8 . . 2 | C 1 5 6 | . . . . | B . . .
9 . . A | . . . 4 | 1 . . . | 7 8 . .
. B . . | F A E . | . . . 8 | C . 1 .
. . . 1 | . 2 . . | D B 3 . | F 9 . E
-------------------------------------
5 . F . | 2 . B . | 4 . C . | A . 9 7
. . 7 9 | D . . . | . . . . | 2 . . .
. D . . | . . . . | . . . . | 1 . . F
. . B 8 | . . . . | . . . . | . . . C
-------------------------------------
2 . 8 7 | 3 . 6 . | . 5 . . | . . B .
. . . B | 5 . . A | . E . 2 | 3 . C .
. 3 . . | . 7 . . | . . 4 . | . . F .
. . 9 . | . . 4 . | . 3 6 . | E 2 7 8

Which of the following is the correct completed solution?","[[11, 8, 13, 0, 6, 5, 10, 15, 14, 9, 2, 7, 4, 12, 3, 1], [7, 9, 2, 14, 4, 3, 1, 12, 5, 6, 10, 15, 8, 11, 0, 13], [12, 4, 1, 3, 9, 14, 2, 7, 0, 8, 13, 11, 6, 15, 5, 10], [15, 6, 10, 5, 8, 0, 13, 11, 3, 4, 1, 12, 9, 7, 14, 2], [8, 7, 0, 2, 12, 1, 5, 6, 10, 15, 14, 9, 11, 4, 13, 3], [9, 15, 14, 10, 11, 13, 3, 4, 1, 12, 5, 6, 7, 8, 2, 0], [4, 11, 3, 13, 15, 10, 14, 9, 2, 7, 0, 8, 12, 6, 1, 5], [6, 12, 5, 1, 7, 2, 0, 8, 13, 11, 3, 4, 15, 9, 10, 14], [5, 1, 15, 6, 2, 8, 11, 0, 4, 13, 12, 3, 10, 14, 9, 7], [14, 10, 7, 9, 13, 4, 12, 3, 6, 1, 15, 5, 2, 0, 8, 11], [3, 13, 12, 4, 10, 9, 7, 14, 8, 2, 11, 0, 1, 5, 6, 15], [0, 2, 11, 8, 1, 6, 15, 5, 9, 10, 7, 14, 13, 3, 4, 12], [2, 14, 8, 7, 3, 12, 6, 1, 15, 5, 9, 10, 0, 13, 11, 4], [13, 0, 4, 11, 5, 15, 9, 10, 7, 14, 8, 2, 3, 1, 12, 6], [1, 3, 6, 12, 14, 7, 8, 2, 11, 0, 4, 13, 5, 10, 15, 9], [10, 5, 9, 15, 0, 11, 4, 13, 12, 3, 6, 1, 14, 2, 7, 8]]","[[11, 8, 13, 0, 6, 5, 10, 15, 14, 9, 2, 7, 4, 12, 3, 1], [7, 9, 2, 14, 4, 3, 1, 12, 5, 6, 10, 15, 8, 11, 0, 13], [12, 4, 1, 3, 9, 14, 2, 7, 0, 8, 13, 11, 6, 15, 5, 10], [15, 6, 10, 5, 8, 0, 13, 11, 3, 4, 1, 12, 9, 7, 14, 2], [8, 7, 0, 2, 12, 1, 5, 6, 10, 15, 14, 9, 11, 4, 13, 3], [9, 15, 14, 10, 11, 13, 3, 4, 1, 12, 5, 6, 7, 8, 2, 0], [13, 11, 3, 4, 15, 10, 14, 9, 2, 7, 0, 8, 12, 6, 1, 5], [6, 12, 5, 1, 7, 2, 0, 8, 13, 11, 3, 4, 15, 9, 10, 14], [5, 1, 15, 6, 2, 8, 11, 0, 4, 13, 12, 3, 10, 14, 9, 7], [14, 10, 7, 9, 13, 4, 12, 3, 6, 1, 15, 5, 2, 0, 8, 11], [3, 13, 12, 4, 10, 9, 7, 14, 8, 2, 11, 0, 1, 5, 6, 15], [0, 2, 11, 8, 1, 6, 15, 5, 9, 10, 7, 14, 13, 3, 4, 12], [2, 14, 8, 7, 3, 12, 6, 1, 15, 5, 9, 10, 0, 13, 11, 4], [13, 0, 4, 11, 5, 15, 9, 10, 7, 14, 8, 2, 3, 1, 12, 6], [1, 3, 6, 12, 14, 7, 8, 2, 11, 0, 4, 13, 5, 10, 15, 9], [10, 5, 9, 15, 0, 11, 4, 13, 12, 3, 6, 1, 14, 2, 7, 8]]","[[11, 8, 13, 0, 6, 5, 10, 15, 14, 9, 2, 7, 4, 12, 3, 1], [7, 9, 2, 14, 4, 3, 1, 12, 5, 6, 10, 15, 8, 11, 0, 13], [12, 4, 1, 3, 9, 14, 2, 7, 0, 8, 13, 11, 6, 15, 5, 10], [15, 6, 10, 5, 8, 0, 13, 11, 3, 4, 1, 12, 9, 7, 14, 2], [8, 7, 0, 2, 12, 1, 5, 6, 10, 15, 14, 9, 11, 4, 13, 3], [9, 15, 14, 10, 11, 13, 3, 4, 1, 12, 5, 6, 7, 8, 2, 0], [4, 11, 3, 13, 15, 10, 14, 9, 2, 7, 0, 8, 12, 6, 1, 5], [6, 12, 5, 1, 7, 2, 0, 8, 13, 11, 3, 4, 15, 9, 10, 14], [5, 1, 15, 6, 2, 8, 11, 0, 4, 13, 12, 14, 10, 3, 9, 7], [14, 10, 7, 9, 13, 4, 12, 3, 6, 1, 15, 5, 2, 0, 8, 11], [3, 13, 12, 4, 10, 9, 7, 14, 8, 2, 11, 0, 1, 5, 6, 15], [0, 2, 11, 8, 1, 6, 15, 5, 9, 10, 7, 14, 13, 3, 4, 12], [2, 14, 8, 7, 3, 12, 6, 1, 15, 5, 9, 10, 0, 13, 11, 4], [13, 0, 4, 11, 5, 15, 9, 10, 7, 14, 8, 2, 3, 1, 12, 6], [1, 3, 6, 12, 14, 7, 8, 2, 11, 0, 4, 13, 5, 10, 15, 9], [10, 5, 9, 15, 0, 11, 4, 13, 12, 3, 6, 1, 14, 2, 7, 8]]","[[11, 8, 13, 0, 6, 5, 10, 15, 14, 9, 2, 7, 4, 12, 3, 1], [7, 9, 2, 14, 4, 3, 1, 12, 5, 6, 10, 15, 8, 11, 0, 13], [12, 4, 1, 3, 9, 14, 2, 7, 0, 8, 13, 11, 6, 15, 5, 10], [15, 6, 10, 5, 8, 0, 13, 11, 3, 4, 1, 12, 9, 7, 14, 2], [8, 7, 0, 2, 12, 1, 5, 6, 10, 15, 14, 9, 11, 4, 13, 3], [9, 15, 14, 10, 11, 13, 3, 4, 1, 12, 5, 6, 7, 8, 2, 0], [4, 11, 3, 13, 15, 10, 14, 9, 2, 7, 0, 8, 12, 6, 1, 5], [6, 12, 5, 1, 7, 2, 0, 8, 13, 11, 3, 4, 15, 9, 10, 14], [5, 1, 15, 6, 2, 8, 11, 0, 4, 13, 12, 3, 10, 14, 9, 7], [14, 10, 7, 9, 13, 4, 12, 3, 6, 1, 15, 5, 2, 0, 8, 11], [3, 13, 12, 4, 10, 9, 7, 14, 8, 2, 11, 0, 1, 5, 6, 15], [0, 2, 11, 8, 1, 6, 15, 5, 9, 10, 7, 14, 13, 3, 4, 12], [2, 14, 8, 7, 3, 12, 6, 1, 15, 5, 9, 10, 0, 13, 11, 4], [13, 0, 4, 11, 5, 8, 9, 10, 7, 14, 15, 2, 3, 1, 12, 6], [1, 3, 6, 12, 14, 7, 8, 2, 11, 0, 4, 13, 5, 10, 15, 9], [10, 5, 9, 15, 0, 11, 4, 13, 12, 3, 6, 1, 14, 2, 7, 8]]",A,"[[11, 8, 13, 0, 6, 5, 10, 15, 14, 9, 2, 7, 4, 12, 3, 1], [7, 9, 2, 14, 4, 3, 1, 12, 5, 6, 10, 15, 8, 11, 0, 13], [12, 4, 1, 3, 9, 14, 2, 7, 0, 8, 13, 11, 6, 15, 5, 10], [15, 6, 10, 5, 8, 0, 13, 11, 3, 4, 1, 12, 9, 7, 14, 2], [8, 7, 0, 2, 12, 1, 5, 6, 10, 15, 14, 9, 11, 4, 13, 3], [9, 15, 14, 10, 11, 13, 3, 4, 1, 12, 5, 6, 7, 8, 2, 0], [4, 11, 3, 13, 15, 10, 14, 9, 2, 7, 0, 8, 12, 6, 1, 5], [6, 12, 5, 1, 7, 2, 0, 8, 13, 11, 3, 4, 15, 9, 10, 14], [5, 1, 15, 6, 2, 8, 11, 0, 4, 13, 12, 3, 10, 14, 9, 7], [14, 10, 7, 9, 13, 4, 12, 3, 6, 1, 15, 5, 2, 0, 8, 11], [3, 13, 12, 4, 10, 9, 7, 14, 8, 2, 11, 0, 1, 5, 6, 15], [0, 2, 11, 8, 1, 6, 15, 5, 9, 10, 7, 14, 13, 3, 4, 12], [2, 14, 8, 7, 3, 12, 6, 1, 15, 5, 9, 10, 0, 13, 11, 4], [13, 0, 4, 11, 5, 15, 9, 10, 7, 14, 8, 2, 3, 1, 12, 6], [1, 3, 6, 12, 14, 7, 8, 2, 11, 0, 4, 13, 5, 10, 15, 9], [10, 5, 9, 15, 0, 11, 4, 13, 12, 3, 6, 1, 14, 2, 7, 8]]","{""num_givens"": 100, ""grid_size"": 16}"
sudoku_cf4_hex_0019,sudoku_cf4_hex,counterfactual,"[[null, null, 3, 9, null, 15, null, null, 10, null, 1, null, null, 13, null, 5], [null, null, null, null, null, null, 2, 13, 3, null, null, 9, 14, null, 15, 6], [2, null, 13, null, null, null, null, 3, 8, null, 14, null, null, null, null, null], [null, 6, 8, null, null, 12, null, 10, null, null, null, 0, 7, null, 9, 11], [11, null, null, null, null, null, 6, null, null, null, null, null, 5, null, null, 7], [null, 1, 15, 10, null, null, 4, null, 0, null, null, 3, 11, null, null, 14], [4, null, 12, 13, null, 3, null, null, null, null, null, null, null, null, null, 1], [5, 7, null, null, null, 8, null, null, null, 1, null, 10, 4, null, null, 2], [null, null, null, null, null, 2, null, null, null, 9, null, null, 8, null, 14, 15], [null, null, null, null, 9, 7, null, null, 11, null, null, null, null, null, 1, null], [3, 9, 5, 7, null, 14, 8, null, null, null, 10, null, 13, null, 2, 0], [8, 15, 11, null, 12, null, 10, null, null, null, 13, null, 3, null, 7, 9], [null, null, null, 5, 8, 11, null, null, null, null, null, 6, null, null, null, null], [null, null, null, null, 3, null, null, null, null, null, null, null, 15, null, null, null], [null, 10, null, null, 13, null, null, null, null, 3, null, 5, 9, null, 11, null], [null, 8, null, 11, 10, null, 15, null, 1, 13, null, null, 0, 2, null, 3]]","Solve the following hexadecimal Sudoku puzzle.
Rule change: The grid is 16×16 (instead of 9×9). The blocks are 4×4 (instead of 3×3). The valid symbols are the hexadecimal digits {0, 1, 2, 3, 4, 5, 6, 7, 8, 9, A, B, C, D, E, F}. Each row, column, and 4×4 block must contain each symbol exactly once.

Puzzle (. = empty cell):
. . 3 9 | . F . . | A . 1 . | . D . 5
. . . . | . . 2 D | 3 . . 9 | E . F 6
2 . D . | . . . 3 | 8 . E . | . . . .
. 6 8 . | . C . A | . . . . | 7 . 9 B
-------------------------------------
B . . . | . . 6 . | . . . . | 5 . . 7
. 1 F A | . . 4 . | . . . 3 | B . . E
4 . C D | . 3 . . | . . . . | . . . 1
5 7 . . | . 8 . . | . 1 . A | 4 . . 2
-------------------------------------
. . . . | . 2 . . | . 9 . . | 8 . E F
. . . . | 9 7 . . | B . . . | . . 1 .
3 9 5 7 | . E 8 . | . . A . | D . 2 .
8 F B . | C . A . | . . D . | 3 . 7 9
-------------------------------------
. . . 5 | 8 B . . | . . . 6 | . . . .
. . . . | 3 . . . | . . . . | F . . .
. A . . | D . . . | . 3 . 5 | 9 . B .
. 8 . B | A . F . | 1 D . . | . 2 . 3

Which of the following is the correct completed solution?","[[7, 11, 3, 9, 6, 15, 14, 8, 10, 4, 1, 12, 2, 13, 0, 5], [1, 4, 10, 12, 5, 0, 2, 13, 3, 11, 7, 9, 14, 8, 15, 6], [2, 5, 13, 0, 11, 9, 7, 3, 8, 6, 14, 15, 1, 10, 12, 4], [14, 6, 8, 15, 4, 12, 1, 10, 13, 5, 2, 0, 7, 3, 9, 11], [11, 14, 9, 8, 1, 10, 6, 15, 12, 2, 4, 13, 5, 0, 3, 7], [6, 1, 15, 10, 2, 13, 4, 12, 0, 7, 5, 3, 11, 9, 8, 14], [4, 2, 12, 13, 7, 3, 5, 0, 9, 14, 11, 8, 6, 15, 10, 1], [5, 7, 0, 12, 14, 8, 11, 9, 15, 1, 6, 10, 4, 3, 13, 2], [10, 12, 6, 1, 0, 2, 13, 4, 5, 9, 3, 7, 8, 11, 14, 15], [13, 0, 4, 2, 9, 7, 3, 5, 11, 15, 8, 14, 10, 6, 1, 12], [3, 9, 5, 7, 15, 14, 8, 11, 6, 12, 10, 1, 13, 4, 2, 0], [8, 15, 11, 14, 12, 1, 10, 6, 4, 0, 13, 2, 3, 5, 7, 9], [0, 3, 2, 5, 8, 11, 9, 7, 14, 10, 15, 6, 12, 1, 4, 13], [12, 13, 1, 4, 3, 5, 0, 2, 7, 8, 9, 11, 15, 14, 6, 10], [15, 10, 14, 6, 13, 4, 12, 1, 2, 3, 0, 5, 9, 7, 11, 8], [9, 8, 7, 11, 10, 6, 15, 14, 1, 13, 12, 4, 0, 2, 5, 3]]","[[7, 11, 3, 9, 6, 15, 14, 8, 10, 4, 1, 12, 2, 13, 0, 5], [1, 4, 10, 12, 5, 0, 2, 13, 3, 11, 7, 9, 14, 8, 15, 6], [2, 5, 13, 0, 11, 9, 7, 3, 8, 6, 14, 15, 1, 10, 12, 4], [14, 6, 8, 15, 4, 12, 1, 10, 13, 5, 2, 0, 7, 3, 9, 11], [11, 14, 13, 8, 1, 10, 6, 15, 12, 2, 4, 9, 5, 0, 3, 7], [6, 1, 15, 10, 2, 13, 4, 12, 0, 7, 5, 3, 11, 9, 8, 14], [4, 2, 12, 13, 7, 3, 5, 0, 9, 14, 11, 8, 6, 15, 10, 1], [5, 7, 0, 3, 14, 8, 11, 9, 15, 1, 6, 10, 4, 12, 13, 2], [10, 12, 6, 1, 0, 2, 13, 4, 5, 9, 3, 7, 8, 11, 14, 15], [13, 0, 4, 2, 9, 7, 3, 5, 11, 15, 8, 14, 10, 6, 1, 12], [3, 9, 5, 7, 15, 14, 8, 11, 6, 12, 10, 1, 13, 4, 2, 0], [8, 15, 11, 14, 12, 1, 10, 6, 4, 0, 13, 2, 3, 5, 7, 9], [0, 3, 2, 5, 8, 11, 9, 7, 14, 10, 15, 6, 12, 1, 4, 13], [12, 13, 1, 4, 3, 5, 0, 2, 7, 8, 9, 11, 15, 14, 6, 10], [15, 10, 14, 6, 13, 4, 12, 1, 2, 3, 0, 5, 9, 7, 11, 8], [9, 8, 7, 11, 10, 6, 15, 14, 1, 13, 12, 4, 0, 2, 5, 3]]","[[7, 11, 3, 9, 6, 15, 14, 8, 10, 4, 1, 12, 2, 13, 0, 5], [1, 4, 10, 12, 5, 0, 2, 13, 3, 11, 7, 9, 14, 8, 15, 6], [2, 5, 13, 0, 11, 9, 7, 3, 8, 6, 14, 15, 1, 10, 12, 4], [14, 6, 8, 15, 4, 12, 1, 10, 13, 3, 2, 0, 7, 5, 9, 11], [11, 14, 9, 8, 1, 10, 6, 15, 12, 2, 4, 13, 5, 0, 3, 7], [6, 1, 15, 10, 2, 13, 4, 12, 0, 7, 5, 3, 11, 9, 8, 14], [4, 2, 12, 13, 7, 3, 5, 0, 9, 14, 11, 8, 6, 15, 10, 1], [5, 7, 0, 3, 14, 8, 11, 9, 15, 1, 6, 10, 4, 12, 13, 2], [10, 12, 6, 1, 0, 2, 13, 4, 5, 9, 3, 7, 8, 11, 14, 15], [13, 0, 4, 2, 9, 7, 3, 5, 11, 15, 8, 14, 10, 6, 1, 12], [3, 9, 5, 7, 15, 14, 8, 11, 6, 12, 10, 1, 13, 4, 2, 0], [8, 15, 11, 14, 12, 1, 10, 6, 4, 0, 13, 2, 3, 5, 7, 9], [0, 3, 2, 5, 8, 11, 9, 7, 14, 10, 15, 6, 12, 1, 4, 13], [12, 13, 1, 4, 3, 5, 0, 2, 7, 8, 9, 11, 15, 14, 6, 10], [15, 10, 14, 6, 13, 4, 12, 1, 2, 3, 0, 5, 9, 7, 11, 8], [9, 8, 7, 11, 10, 6, 15, 14, 1, 13, 12, 4, 0, 2, 5, 3]]","[[7, 11, 3, 9, 6, 15, 14, 8, 10, 4, 1, 12, 2, 13, 0, 5], [1, 4, 10, 12, 5, 0, 2, 13, 3, 11, 7, 9, 14, 8, 15, 6], [2, 5, 13, 0, 11, 9, 7, 3, 8, 6, 14, 15, 1, 10, 12, 4], [14, 6, 8, 15, 4, 12, 1, 10, 13, 5, 2, 0, 7, 3, 9, 11], [11, 14, 9, 8, 1, 10, 6, 15, 12, 2, 4, 13, 5, 0, 3, 7], [6, 1, 15, 10, 2, 13, 4, 12, 0, 7, 5, 3, 11, 9, 8, 14], [4, 2, 12, 13, 7, 3, 5, 0, 9, 14, 11, 8, 6, 15, 10, 1], [5, 7, 0, 3, 14, 8, 11, 9, 15, 1, 6, 10, 4, 12, 13, 2], [10, 12, 6, 1, 0, 2, 13, 4, 5, 9, 3, 7, 8, 11, 14, 15], [13, 0, 4, 2, 9, 7, 3, 5, 11, 15, 8, 14, 10, 6, 1, 12], [3, 9, 5, 7, 15, 14, 8, 11, 6, 12, 10, 1, 13, 4, 2, 0], [8, 15, 11, 14, 12, 1, 10, 6, 4, 0, 13, 2, 3, 5, 7, 9], [0, 3, 2, 5, 8, 11, 9, 7, 14, 10, 15, 6, 12, 1, 4, 13], [12, 13, 1, 4, 3, 5, 0, 2, 7, 8, 9, 11, 15, 14, 6, 10], [15, 10, 14, 6, 13, 4, 12, 1, 2, 3, 0, 5, 9, 7, 11, 8], [9, 8, 7, 11, 10, 6, 15, 14, 1, 13, 12, 4, 0, 2, 5, 3]]",D,"[[7, 11, 3, 9, 6, 15, 14, 8, 10, 4, 1, 12, 2, 13, 0, 5], [1, 4, 10, 12, 5, 0, 2, 13, 3, 11, 7, 9, 14, 8, 15, 6], [2, 5, 13, 0, 11, 9, 7, 3, 8, 6, 14, 15, 1, 10, 12, 4], [14, 6, 8, 15, 4, 12, 1, 10, 13, 5, 2, 0, 7, 3, 9, 11], [11, 14, 9, 8, 1, 10, 6, 15, 12, 2, 4, 13, 5, 0, 3, 7], [6, 1, 15, 10, 2, 13, 4, 12, 0, 7, 5, 3, 11, 9, 8, 14], [4, 2, 12, 13, 7, 3, 5, 0, 9, 14, 11, 8, 6, 15, 10, 1], [5, 7, 0, 3, 14, 8, 11, 9, 15, 1, 6, 10, 4, 12, 13, 2], [10, 12, 6, 1, 0, 2, 13, 4, 5, 9, 3, 7, 8, 11, 14, 15], [13, 0, 4, 2, 9, 7, 3, 5, 11, 15, 8, 14, 10, 6, 1, 12], [3, 9, 5, 7, 15, 14, 8, 11, 6, 12, 10, 1, 13, 4, 2, 0], [8, 15, 11, 14, 12, 1, 10, 6, 4, 0, 13, 2, 3, 5, 7, 9], [0, 3, 2, 5, 8, 11, 9, 7, 14, 10, 15, 6, 12, 1, 4, 13], [12, 13, 1, 4, 3, 5, 0, 2, 7, 8, 9, 11, 15, 14, 6, 10], [15, 10, 14, 6, 13, 4, 12, 1, 2, 3, 0, 5, 9, 7, 11, 8], [9, 8, 7, 11, 10, 6, 15, 14, 1, 13, 12, 4, 0, 2, 5, 3]]","{""num_givens"": 100, ""grid_size"": 16}"
sudoku_cf4_hex_0020,sudoku_cf4_hex,counterfactual,"[[null, null, null, 6, 12, 11, 1, null, null, null, null, 0, null, 7, null, 14], [null, null, 4, null, null, 14, 7, null, null, 1, null, null, 6, null, null, null], [null, 12, 11, null, 13, 3, null, 6, null, null, null, 15, null, null, null, null], [7, null, 14, 2, 0, 4, 8, null, null, null, null, 13, null, null, 12, 11], [null, 4, 1, 0, 14, null, null, null, null, 9, null, null, null, null, 3, null], [null, null, 8, null, 11, null, null, 12, 0, 5, null, null, null, 2, null, 10], [2, null, null, null, null, 1, 5, null, null, 6, null, null, 12, null, 11, 7], [9, 11, null, 12, null, null, null, null, 15, null, null, 14, 0, null, null, null], [11, null, null, null, null, 0, 3, null, null, 14, null, 6, 1, null, null, 12], [null, null, 12, 1, null, 13, null, null, 7, null, null, null, null, 3, 5, 0], [null, null, null, null, null, null, 4, 1, null, null, null, 5, null, null, null, 15], [null, 5, 0, null, null, null, null, null, null, null, 12, null, 10, 14, 6, null], [null, 1, null, 4, null, 6, 15, 14, null, 12, 2, null, null, null, 8, 5], [null, null, null, null, null, null, null, 3, null, null, null, null, 4, null, null, 9], [13, null, null, null, null, 2, null, 11, null, 0, null, null, null, null, null, null], [15, 10, 6, null, null, null, null, 4, null, null, null, 8, null, 12, 7, null]]","Solve the following hexadecimal Sudoku puzzle.
Rule change: The grid is 16×16 (instead of 9×9). The blocks are 4×4 (instead of 3×3). The valid symbols are the hexadecimal digits {0, 1, 2, 3, 4, 5, 6, 7, 8, 9, A, B, C, D, E, F}. Each row, column, and 4×4 block must contain each symbol exactly once.

Puzzle (. = empty cell):
. . . 6 | C B 1 . | . . . . | . 7 . E
. . 4 . | . E 7 . | . 1 . . | 6 . . .
. C B . | D 3 . 6 | . . . F | . . . .
7 . E 2 | . 4 8 . | . . . D | . . C B
-------------------------------------
. 4 1 . | E . . . | . 9 . . | . . 3 .
. . 8 . | B . . C | . 5 . . | . 2 . A
2 . . . | . 1 5 . | . 6 . . | C . B 7
9 B . C | . . . . | F . . E | . . . .
-------------------------------------
B . . . | . . 3 . | . E . 6 | 1 . . C
. . C 1 | . D . . | 7 . . . | . 3 5 .
. . . . | . . 4 1 | . . . 5 | . . . F
. 5 . . | . . . . | . . C . | A E 6 .
-------------------------------------
. 1 . 4 | . 6 F E | . C 2 . | . . 8 5
. . . . | . . . 3 | . . . . | 4 . . 9
D . . . | . 2 . B | . . . . | . . . .
F A 6 . | . . . 4 | . . . 8 | . C 7 .

Which of the following is the correct completed solution?","[[10, 13, 3, 6, 12, 11, 1, 9, 5, 8, 4, 0, 2, 7, 15, 14], [8, 0, 4, 5, 15, 14, 7, 2, 9, 1, 11, 12, 6, 10, 13, 3], [1, 12, 11, 9, 13, 3, 10, 6, 2, 7, 14, 15, 5, 8, 0, 4], [7, 15, 14, 2, 0, 4, 8, 5, 6, 10, 3, 13, 9, 1, 12, 11], [5, 4, 1, 0, 14, 10, 2, 15, 12, 9, 7, 11, 13, 6, 3, 8], [6, 3, 8, 13, 11, 7, 9, 12, 0, 5, 1, 4, 15, 2, 14, 10], [2, 14, 10, 15, 4, 1, 5, 0, 13, 6, 8, 3, 12, 9, 11, 7], [9, 11, 7, 12, 3, 8, 6, 13, 15, 2, 10, 14, 0, 5, 4, 1], [11, 2, 15, 7, 5, 0, 3, 8, 10, 14, 13, 6, 1, 4, 9, 12], [4, 9, 12, 1, 6, 13, 14, 10, 7, 11, 15, 2, 8, 3, 5, 0], [14, 6, 13, 10, 9, 12, 4, 1, 8, 3, 0, 5, 7, 11, 2, 15], [3, 5, 0, 8, 2, 15, 11, 7, 1, 4, 12, 9, 10, 14, 6, 13], [0, 1, 9, 4, 10, 6, 15, 14, 11, 12, 2, 7, 3, 13, 8, 5], [12, 7, 2, 11, 8, 5, 13, 3, 14, 15, 6, 10, 4, 0, 1, 9], [13, 8, 5, 3, 7, 2, 12, 11, 4, 0, 9, 1, 14, 15, 10, 6], [15, 10, 6, 14, 1, 9, 0, 4, 3, 13, 5, 8, 11, 12, 7, 2]]","[[10, 13, 3, 6, 12, 11, 1, 9, 5, 8, 4, 0, 2, 7, 15, 14], [8, 0, 4, 5, 15, 14, 7, 2, 9, 1, 11, 12, 6, 10, 13, 3], [1, 12, 11, 9, 13, 3, 10, 6, 2, 7, 14, 15, 5, 8, 0, 4], [7, 15, 14, 2, 0, 4, 8, 5, 6, 10, 3, 13, 9, 1, 12, 11], [5, 4, 1, 0, 14, 10, 2, 15, 12, 9, 7, 11, 13, 6, 3, 8], [6, 3, 8, 13, 11, 7, 9, 12, 0, 5, 1, 4, 15, 2, 14, 10], [2, 14, 10, 15, 4, 1, 5, 0, 13, 6, 8, 3, 12, 9, 11, 7], [9, 11, 7, 12, 3, 8, 6, 13, 15, 2, 10, 14, 0, 5, 4, 1], [11, 2, 15, 7, 5, 0, 3, 8, 10, 14, 13, 6, 1, 4, 9, 12], [4, 9, 12, 1, 6, 13, 14, 10, 7, 11, 15, 2, 8, 3, 5, 0], [14, 6, 13, 10, 9, 12, 4, 1, 8, 3, 0, 5, 7, 11, 2, 15], [3, 5, 0, 8, 2, 15, 11, 7, 1, 4, 12, 9, 10, 14, 6, 13], [0, 1, 11, 4, 10, 6, 15, 14, 9, 12, 2, 7, 3, 13, 8, 5], [12, 7, 2, 11, 8, 5, 13, 3, 14, 15, 6, 10, 4, 0, 1, 9], [13, 8, 5, 3, 7, 2, 12, 11, 4, 0, 9, 1, 14, 15, 10, 6], [15, 10, 6, 14, 1, 9, 0, 4, 3, 13, 5, 8, 11, 12, 7, 2]]","[[10, 13, 3, 6, 12, 11, 1, 9, 5, 8, 4, 0, 2, 7, 15, 14], [8, 0, 4, 5, 15, 14, 7, 2, 9, 1, 11, 12, 6, 10, 13, 3], [1, 12, 11, 9, 13, 3, 10, 6, 2, 7, 14, 15, 5, 8, 0, 4], [7, 15, 14, 2, 0, 4, 8, 5, 6, 10, 3, 13, 9, 1, 12, 11], [5, 4, 1, 0, 14, 10, 2, 15, 12, 9, 7, 11, 13, 6, 3, 8], [6, 3, 8, 13, 11, 7, 9, 12, 0, 5, 1, 4, 15, 2, 14, 10], [2, 14, 10, 15, 4, 1, 5, 0, 13, 6, 8, 3, 12, 9, 11, 7], [9, 11, 7, 12, 3, 8, 6, 13, 15, 2, 10, 14, 0, 5, 4, 1], [11, 2, 15, 7, 5, 0, 3, 8, 10, 14, 13, 6, 1, 4, 9, 12], [4, 9, 12, 1, 6, 13, 14, 10, 7, 11, 15, 2, 8, 3, 5, 0], [14, 6, 13, 10, 9, 12, 4, 1, 8, 3, 0, 5, 7, 11, 2, 15], [3, 5, 0, 8, 2, 15, 11, 7, 1, 4, 12, 9, 10, 14, 6, 13], [0, 1, 9, 4, 10, 6, 15, 14, 11, 12, 2, 7, 3, 13, 8, 5], [12, 7, 2, 11, 8, 5, 13, 3, 14, 15, 6, 10, 4, 0, 1, 9], [13, 8, 6, 3, 7, 2, 12, 11, 4, 0, 9, 1, 14, 15, 10, 5], [15, 10, 6, 14, 1, 9, 0, 4, 3, 13, 5, 8, 11, 12, 7, 2]]","[[10, 13, 3, 6, 12, 11, 1, 9, 5, 8, 4, 0, 2, 7, 15, 14], [8, 0, 4, 5, 15, 14, 7, 2, 9, 1, 11, 12, 6, 10, 13, 3], [1, 12, 11, 9, 13, 3, 10, 6, 2, 7, 14, 15, 5, 8, 0, 4], [7, 15, 14, 2, 0, 4, 8, 5, 6, 10, 3, 13, 9, 1, 12, 11], [5, 4, 1, 0, 14, 10, 2, 15, 12, 9, 7, 11, 13, 6, 3, 8], [6, 3, 8, 13, 11, 7, 9, 12, 0, 5, 1, 4, 15, 2, 14, 10], [2, 14, 10, 15, 4, 1, 5, 0, 13, 6, 8, 3, 12, 9, 11, 7], [9, 11, 7, 12, 3, 8, 6, 13, 15, 2, 10, 14, 0, 5, 4, 1], [11, 2, 15, 7, 5, 0, 3, 8, 10, 14, 13, 6, 1, 4, 9, 12], [4, 9, 12, 1, 6, 13, 14, 10, 7, 11, 15, 2, 8, 3, 5, 0], [14, 6, 13, 10, 9, 12, 4, 1, 8, 3, 0, 5, 7, 11, 2, 15], [3, 5, 0, 8, 2, 15, 11, 7, 1, 4, 12, 9, 10, 14, 6, 13], [0, 1, 9, 4, 10, 6, 15, 14, 11, 12, 2, 7, 3, 13, 8, 5], [12, 7, 2, 11, 8, 5, 13, 3, 14, 15, 6, 10, 4, 0, 1, 9], [13, 8, 12, 3, 7, 2, 5, 11, 4, 0, 9, 1, 14, 15, 10, 6], [15, 10, 6, 14, 1, 9, 0, 4, 3, 13, 5, 8, 11, 12, 7, 2]]",A,"[[10, 13, 3, 6, 12, 11, 1, 9, 5, 8, 4, 0, 2, 7, 15, 14], [8, 0, 4, 5, 15, 14, 7, 2, 9, 1, 11, 12, 6, 10, 13, 3], [1, 12, 11, 9, 13, 3, 10, 6, 2, 7, 14, 15, 5, 8, 0, 4], [7, 15, 14, 2, 0, 4, 8, 5, 6, 10, 3, 13, 9, 1, 12, 11], [5, 4, 1, 0, 14, 10, 2, 15, 12, 9, 7, 11, 13, 6, 3, 8], [6, 3, 8, 13, 11, 7, 9, 12, 0, 5, 1, 4, 15, 2, 14, 10], [2, 14, 10, 15, 4, 1, 5, 0, 13, 6, 8, 3, 12, 9, 11, 7], [9, 11, 7, 12, 3, 8, 6, 13, 15, 2, 10, 14, 0, 5, 4, 1], [11, 2, 15, 7, 5, 0, 3, 8, 10, 14, 13, 6, 1, 4, 9, 12], [4, 9, 12, 1, 6, 13, 14, 10, 7, 11, 15, 2, 8, 3, 5, 0], [14, 6, 13, 10, 9, 12, 4, 1, 8, 3, 0, 5, 7, 11, 2, 15], [3, 5, 0, 8, 2, 15, 11, 7, 1, 4, 12, 9, 10, 14, 6, 13], [0, 1, 9, 4, 10, 6, 15, 14, 11, 12, 2, 7, 3, 13, 8, 5], [12, 7, 2, 11, 8, 5, 13, 3, 14, 15, 6, 10, 4, 0, 1, 9], [13, 8, 5, 3, 7, 2, 12, 11, 4, 0, 9, 1, 14, 15, 10, 6], [15, 10, 6, 14, 1, 9, 0, 4, 3, 13, 5, 8, 11, 12, 7, 2]]","{""num_givens"": 100, ""grid_size"": 16}"
sudoku_cf4_hex_0021,sudoku_cf4_hex,counterfactual,"[[9, 3, null, 5, null, null, null, null, 4, 15, null, 14, 0, 8, 10, null], [null, null, null, null, 3, null, 5, 1, null, null, null, 10, null, null, 14, null], [null, 10, null, null, null, 4, 15, null, null, 5, null, 3, null, 6, 7, 13], [null, null, null, 15, null, 0, null, 11, null, null, null, null, 9, null, 3, null], [7, null, null, null, null, null, null, 8, 10, 0, null, null, 14, null, 12, 5], [null, 12, 5, null, 11, 10, null, null, null, 2, null, null, 3, null, 1, null], [10, 11, null, null, null, null, null, null, 3, null, 8, 1, null, null, null, null], [null, 1, 8, null, 13, 7, null, null, null, 4, null, null, null, null, 11, 6], [null, null, null, null, null, null, null, null, null, null, null, 15, 1, null, 8, 0], [11, null, 2, 10, 5, null, 14, null, 1, 3, 0, 8, 13, null, 15, 4], [1, null, null, null, null, null, null, 4, 12, null, 9, null, 11, null, null, null], [null, null, 4, null, null, null, 3, null, 11, null, 2, null, 12, null, 5, null], [null, null, null, 1, 4, null, null, null, 5, null, null, null, 6, null, 2, null], [null, null, null, null, 9, null, null, null, 8, null, null, null, 15, null, 4, 14], [null, null, null, 12, null, null, null, null, null, 13, null, null, null, 1, 0, 10], [null, 4, null, null, 0, null, null, null, null, null, 7, null, 5, 12, null, null]]","Solve the following hexadecimal Sudoku puzzle.
Rule change: The grid is 16×16 (instead of 9×9). The blocks are 4×4 (instead of 3×3). The valid symbols are the hexadecimal digits {0, 1, 2, 3, 4, 5, 6, 7, 8, 9, A, B, C, D, E, F}. Each row, column, and 4×4 block must contain each symbol exactly once.

Puzzle (. = empty cell):
9 3 . 5 | . . . . | 4 F . E | . 8 A .
. . . . | 3 . 5 1 | . . . A | . . E .
. A . . | . 4 F . | . 5 . 3 | . 6 7 D
. . . F | . . . B | . . . . | 9 . 3 .
-------------------------------------
7 . . . | . . . 8 | A . . . | E . C 5
. C 5 . | B A . . | . 2 . . | 3 . 1 .
A B . . | . . . . | 3 . 8 1 | . . . .
. 1 8 . | D 7 . . | . 4 . . | . . B 6
-------------------------------------
. . . . | . . . . | . . . F | 1 . 8 .
B . 2 A | 5 . E . | 1 3 . 8 | D . F 4
1 . . . | . . . 4 | C . 9 . | B . . .
. . 4 . | . . 3 . | B . 2 . | C . 5 .
-------------------------------------
. . . 1 | 4 . . . | 5 . . . | 6 . 2 .
. . . . | 9 . . . | 8 . . . | F . 4 E
. . . C | . . . . | . D . . | . 1 . A
. 4 . . | . . . . | . . 7 . | 5 C . .

Which of the following is the correct completed solution?","[[9, 3, 1, 5, 7, 2, 6, 13, 4, 15, 12, 14, 0, 8, 10, 11], [2, 7, 13, 6, 3, 9, 5, 1, 0, 8, 11, 10, 4, 15, 14, 12], [0, 10, 11, 8, 14, 4, 15, 12, 9, 5, 1, 3, 2, 6, 7, 13], [4, 5, 12, 15, 10, 0, 8, 11, 2, 6, 13, 7, 9, 14, 3, 1], [7, 13, 15, 2, 1, 3, 9, 8, 10, 0, 6, 11, 14, 4, 12, 5], [14, 12, 5, 4, 11, 10, 0, 6, 7, 2, 15, 13, 3, 9, 1, 8], [10, 11, 6, 0, 12, 14, 4, 5, 3, 9, 8, 1, 7, 2, 13, 15], [3, 1, 8, 9, 13, 7, 2, 15, 14, 4, 5, 12, 10, 0, 11, 6], [12, 5, 9, 14, 6, 11, 10, 2, 13, 7, 4, 15, 1, 3, 8, 0], [11, 6, 2, 10, 5, 12, 14, 9, 1, 3, 0, 8, 13, 7, 15, 4], [1, 8, 0, 3, 15, 13, 7, 4, 12, 14, 9, 5, 11, 10, 6, 2], [13, 15, 4, 7, 8, 1, 3, 0, 11, 10, 2, 6, 12, 14, 5, 9], [8, 0, 10, 1, 4, 15, 13, 14, 5, 12, 3, 9, 6, 11, 2, 7], [6, 2, 7, 11, 9, 5, 12, 3, 8, 1, 10, 0, 15, 13, 4, 14], [5, 9, 3, 12, 2, 6, 11, 7, 15, 13, 14, 4, 8, 1, 0, 10], [15, 4, 14, 13, 0, 8, 1, 10, 6, 11, 7, 2, 5, 12, 9, 3]]","[[9, 3, 1, 5, 7, 2, 6, 13, 4, 15, 12, 14, 0, 8, 10, 11], [2, 7, 13, 6, 3, 9, 5, 1, 0, 8, 11, 10, 4, 15, 14, 12], [0, 10, 11, 8, 14, 4, 15, 12, 9, 5, 1, 3, 2, 6, 7, 13], [4, 14, 12, 15, 10, 0, 8, 11, 2, 6, 13, 7, 9, 5, 3, 1], [7, 13, 15, 2, 1, 3, 9, 8, 10, 0, 6, 11, 14, 4, 12, 5], [14, 12, 5, 4, 11, 10, 0, 6, 7, 2, 15, 13, 3, 9, 1, 8], [10, 11, 0, 6, 12, 14, 4, 5, 3, 9, 8, 1, 7, 2, 13, 15], [3, 1, 8, 9, 13, 7, 2, 15, 14, 4, 5, 12, 10, 0, 11, 6], [12, 5, 9, 14, 6, 11, 10, 2, 13, 7, 4, 15, 1, 3, 8, 0], [11, 6, 2, 10, 5, 12, 14, 9, 1, 3, 0, 8, 13, 7, 15, 4], [1, 8, 0, 3, 15, 13, 7, 4, 12, 14, 9, 5, 11, 10, 6, 2], [13, 15, 4, 7, 8, 1, 3, 0, 11, 10, 2, 6, 12, 14, 5, 9], [8, 0, 10, 1, 4, 15, 13, 14, 5, 12, 3, 9, 6, 11, 2, 7], [6, 2, 7, 11, 9, 5, 12, 3, 8, 1, 10, 0, 15, 13, 4, 14], [5, 9, 3, 12, 2, 6, 11, 7, 15, 13, 14, 4, 8, 1, 0, 10], [15, 4, 14, 13, 0, 8, 1, 10, 6, 11, 7, 2, 5, 12, 9, 3]]","[[9, 3, 1, 5, 7, 2, 6, 13, 4, 15, 12, 14, 0, 8, 10, 11], [2, 7, 13, 6, 3, 9, 5, 1, 0, 8, 11, 10, 4, 15, 14, 12], [0, 10, 11, 8, 14, 4, 15, 12, 9, 5, 1, 3, 2, 6, 7, 13], [4, 14, 12, 15, 10, 0, 8, 11, 2, 6, 13, 7, 9, 5, 3, 1], [7, 13, 15, 2, 1, 3, 9, 8, 10, 0, 6, 11, 14, 4, 12, 5], [14, 12, 5, 4, 11, 10, 0, 6, 7, 2, 15, 13, 3, 9, 1, 8], [10, 11, 6, 0, 12, 14, 4, 5, 3, 9, 8, 1, 7, 2, 13, 15], [3, 1, 8, 9, 13, 7, 2, 15, 14, 4, 5, 12, 10, 0, 11, 6], [12, 5, 9, 14, 6, 11, 10, 2, 13, 7, 4, 15, 1, 3, 8, 0], [11, 6, 2, 10, 5, 12, 14, 9, 1, 3, 0, 8, 13, 7, 15, 4], [1, 8, 0, 3, 15, 13, 7, 4, 12, 14, 9, 5, 11, 10, 6, 2], [13, 15, 4, 7, 8, 1, 3, 0, 11, 10, 2, 6, 12, 14, 5, 9], [8, 0, 10, 1, 4, 15, 13, 14, 5, 12, 3, 9, 6, 11, 2, 7], [6, 2, 7, 11, 9, 5, 12, 3, 8, 1, 10, 0, 15, 13, 4, 14], [5, 9, 3, 12, 2, 6, 11, 7, 15, 13, 14, 4, 8, 1, 0, 10], [15, 4, 14, 13, 0, 8, 1, 10, 6, 11, 7, 2, 5, 12, 9, 3]]","[[9, 3, 1, 5, 7, 2, 6, 13, 4, 15, 12, 14, 0, 8, 10, 11], [2, 7, 13, 6, 3, 9, 5, 1, 0, 4, 11, 10, 8, 15, 14, 12], [0, 10, 11, 8, 14, 4, 15, 12, 9, 5, 1, 3, 2, 6, 7, 13], [4, 14, 12, 15, 10, 0, 8, 11, 2, 6, 13, 7, 9, 5, 3, 1], [7, 13, 15, 2, 1, 3, 9, 8, 10, 0, 6, 11, 14, 4, 12, 5], [14, 12, 5, 4, 11, 10, 0, 6, 7, 2, 15, 13, 3, 9, 1, 8], [10, 11, 6, 0, 12, 14, 4, 5, 3, 9, 8, 1, 7, 2, 13, 15], [3, 1, 8, 9, 13, 7, 2, 15, 14, 4, 5, 12, 10, 0, 11, 6], [12, 5, 9, 14, 6, 11, 10, 2, 13, 7, 4, 15, 1, 3, 8, 0], [11, 6, 2, 10, 5, 12, 14, 9, 1, 3, 0, 8, 13, 7, 15, 4], [1, 8, 0, 3, 15, 13, 7, 4, 12, 14, 9, 5, 11, 10, 6, 2], [13, 15, 4, 7, 8, 1, 3, 0, 11, 10, 2, 6, 12, 14, 5, 9], [8, 0, 10, 1, 4, 15, 13, 14, 5, 12, 3, 9, 6, 11, 2, 7], [6, 2, 7, 11, 9, 5, 12, 3, 8, 1, 10, 0, 15, 13, 4, 14], [5, 9, 3, 12, 2, 6, 11, 7, 15, 13, 14, 4, 8, 1, 0, 10], [15, 4, 14, 13, 0, 8, 1, 10, 6, 11, 7, 2, 5, 12, 9, 3]]",C,"[[9, 3, 1, 5, 7, 2, 6, 13, 4, 15, 12, 14, 0, 8, 10, 11], [2, 7, 13, 6, 3, 9, 5, 1, 0, 8, 11, 10, 4, 15, 14, 12], [0, 10, 11, 8, 14, 4, 15, 12, 9, 5, 1, 3, 2, 6, 7, 13], [4, 14, 12, 15, 10, 0, 8, 11, 2, 6, 13, 7, 9, 5, 3, 1], [7, 13, 15, 2, 1, 3, 9, 8, 10, 0, 6, 11, 14, 4, 12, 5], [14, 12, 5, 4, 11, 10, 0, 6, 7, 2, 15, 13, 3, 9, 1, 8], [10, 11, 6, 0, 12, 14, 4, 5, 3, 9, 8, 1, 7, 2, 13, 15], [3, 1, 8, 9, 13, 7, 2, 15, 14, 4, 5, 12, 10, 0, 11, 6], [12, 5, 9, 14, 6, 11, 10, 2, 13, 7, 4, 15, 1, 3, 8, 0], [11, 6, 2, 10, 5, 12, 14, 9, 1, 3, 0, 8, 13, 7, 15, 4], [1, 8, 0, 3, 15, 13, 7, 4, 12, 14, 9, 5, 11, 10, 6, 2], [13, 15, 4, 7, 8, 1, 3, 0, 11, 10, 2, 6, 12, 14, 5, 9], [8, 0, 10, 1, 4, 15, 13, 14, 5, 12, 3, 9, 6, 11, 2, 7], [6, 2, 7, 11, 9, 5, 12, 3, 8, 1, 10, 0, 15, 13, 4, 14], [5, 9, 3, 12, 2, 6, 11, 7, 15, 13, 14, 4, 8, 1, 0, 10], [15, 4, 14, 13, 0, 8, 1, 10, 6, 11, 7, 2, 5, 12, 9, 3]]","{""num_givens"": 100, ""grid_size"": 16}"
sudoku_cf4_hex_0022,sudoku_cf4_hex,counterfactual,"[[null, null, null, null, null, null, null, 15, null, null, null, null, null, null, null, null], [4, 2, 7, 12, null, null, null, null, 5, null, 14, 3, 15, 1, null, null], [1, null, null, null, 14, null, null, null, 8, null, null, 13, 12, 4, 7, 2], [null, null, null, null, null, 4, null, null, null, 1, null, 9, 8, 6, 13, null], [null, null, 10, null, null, null, null, null, 7, null, null, null, null, 15, 14, 11], [null, null, null, 9, 11, null, null, 3, null, 12, null, null, null, 5, null, null], [null, null, 2, null, 6, null, 10, 13, null, 15, null, null, null, null, 0, 1], [null, 11, null, null, 4, null, 2, 7, 9, 8, 1, 0, 13, null, null, null], [null, null, 15, null, null, null, null, null, 1, null, null, 8, 6, null, 12, null], [null, 13, 8, 1, null, null, null, 11, 6, null, 7, null, null, 14, 5, null], [null, null, null, null, 7, null, 12, null, null, 0, 9, 15, null, null, null, 13], [null, 7, 12, 6, 13, 10, 8, 1, null, null, null, null, null, null, null, null], [null, 5, null, 2, 12, null, null, null, 14, 9, null, 11, null, 13, null, null], [9, null, null, null, null, null, null, 2, null, 13, null, null, 10, null, 6, null], [7, 12, 6, null, null, 13, null, null, null, 3, null, 4, null, 9, null, null], [null, null, null, 0, null, null, null, null, 10, 7, 12, null, null, 3, null, null]]","Solve the following hexadecimal Sudoku puzzle.
Rule change: The grid is 16×16 (instead of 9×9). The blocks are 4×4 (instead of 3×3). The valid symbols are the hexadecimal digits {0, 1, 2, 3, 4, 5, 6, 7, 8, 9, A, B, C, D, E, F}. Each row, column, and 4×4 block must contain each symbol exactly once.

Puzzle (. = empty cell):
. . . . | . . . F | . . . . | . . . .
4 2 7 C | . . . . | 5 . E 3 | F 1 . .
1 . . . | E . . . | 8 . . D | C 4 7 2
. . . . | . 4 . . | . 1 . 9 | 8 6 D .
-------------------------------------
. . A . | . . . . | 7 . . . | . F E B
. . . 9 | B . . 3 | . C . . | . 5 . .
. . 2 . | 6 . A D | . F . . | . . . 1
. B . . | 4 . 2 7 | 9 8 1 . | D . . .
-------------------------------------
. . F . | . . . . | 1 . . 8 | 6 . C .
. D 8 1 | . . . B | 6 . 7 . | . E 5 .
. . . . | 7 . C . | . . 9 F | . . . D
. 7 C 6 | D A 8 1 | . . . . | . . . .
-------------------------------------
. 5 . 2 | C . . . | E 9 . B | . D . .
9 . . . | . . . 2 | . D . . | A . 6 .
7 C 6 . | . D . . | . 3 . 4 | . 9 . .
. . . . | . . . . | A 7 C . | . 3 . .

Which of the following is the correct completed solution?","[[6, 10, 13, 8, 0, 1, 9, 15, 12, 4, 2, 7, 5, 11, 3, 14], [4, 2, 7, 12, 10, 6, 13, 8, 5, 11, 14, 3, 15, 1, 9, 0], [1, 0, 9, 15, 14, 11, 3, 5, 8, 6, 10, 13, 12, 4, 7, 2], [11, 14, 3, 5, 2, 4, 7, 12, 15, 1, 0, 9, 8, 6, 13, 10], [12, 6, 10, 13, 1, 8, 0, 9, 7, 5, 4, 2, 3, 15, 14, 11], [8, 1, 0, 9, 11, 15, 14, 3, 13, 12, 6, 10, 7, 5, 2, 4], [5, 4, 2, 7, 6, 12, 10, 13, 3, 15, 11, 14, 9, 8, 0, 1], [15, 11, 14, 3, 4, 5, 2, 7, 9, 8, 1, 0, 13, 12, 10, 6], [0, 9, 15, 11, 3, 14, 5, 4, 1, 10, 13, 8, 6, 2, 12, 7], [10, 13, 8, 1, 9, 0, 15, 11, 6, 2, 7, 12, 4, 14, 5, 3], [14, 3, 5, 4, 7, 2, 12, 6, 11, 0, 9, 15, 1, 10, 8, 13], [2, 7, 12, 6, 13, 10, 8, 1, 4, 14, 3, 5, 11, 0, 15, 9], [3, 5, 4, 2, 12, 7, 6, 10, 14, 9, 15, 11, 0, 13, 1, 8], [9, 15, 11, 14, 5, 3, 4, 2, 0, 13, 8, 1, 10, 7, 6, 12], [7, 12, 6, 10, 8, 13, 1, 0, 2, 3, 5, 4, 14, 9, 11, 15], [13, 8, 1, 0, 15, 9, 11, 14, 10, 7, 12, 6, 2, 3, 4, 5]]","[[6, 10, 13, 8, 0, 1, 9, 15, 12, 4, 2, 7, 5, 11, 3, 14], [4, 2, 7, 12, 10, 6, 13, 8, 5, 11, 14, 3, 15, 1, 9, 0], [1, 0, 9, 15, 14, 11, 3, 5, 8, 6, 10, 13, 12, 4, 7, 2], [11, 14, 3, 5, 2, 4, 7, 12, 15, 1, 0, 9, 8, 6, 13, 10], [12, 6, 10, 13, 1, 8, 0, 9, 7, 5, 4, 2, 3, 15, 14, 11], [8, 1, 0, 9, 11, 15, 14, 3, 13, 12, 6, 10, 7, 5, 2, 4], [5, 4, 2, 7, 6, 12, 10, 13, 3, 15, 11, 14, 9, 8, 0, 1], [15, 11, 14, 3, 4, 5, 2, 7, 9, 8, 1, 0, 13, 12, 10, 6], [0, 3, 15, 11, 9, 14, 5, 4, 1, 10, 13, 8, 6, 2, 12, 7], [10, 13, 8, 1, 9, 0, 15, 11, 6, 2, 7, 12, 4, 14, 5, 3], [14, 3, 5, 4, 7, 2, 12, 6, 11, 0, 9, 15, 1, 10, 8, 13], [2, 7, 12, 6, 13, 10, 8, 1, 4, 14, 3, 5, 11, 0, 15, 9], [3, 5, 4, 2, 12, 7, 6, 10, 14, 9, 15, 11, 0, 13, 1, 8], [9, 15, 11, 14, 5, 3, 4, 2, 0, 13, 8, 1, 10, 7, 6, 12], [7, 12, 6, 10, 8, 13, 1, 0, 2, 3, 5, 4, 14, 9, 11, 15], [13, 8, 1, 0, 15, 9, 11, 14, 10, 7, 12, 6, 2, 3, 4, 5]]","[[6, 10, 13, 8, 0, 1, 9, 15, 12, 4, 2, 7, 5, 11, 3, 14], [4, 2, 7, 12, 10, 6, 13, 8, 5, 11, 14, 3, 15, 1, 9, 0], [1, 0, 9, 15, 14, 11, 3, 5, 8, 6, 10, 13, 12, 4, 7, 2], [11, 14, 3, 5, 2, 4, 7, 12, 15, 1, 0, 9, 8, 6, 13, 10], [12, 6, 10, 13, 1, 8, 0, 9, 7, 5, 4, 2, 3, 15, 14, 11], [8, 1, 0, 9, 11, 15, 14, 3, 13, 12, 6, 10, 7, 5, 2, 4], [5, 4, 2, 7, 6, 12, 10, 13, 3, 15, 11, 14, 9, 8, 0, 1], [15, 11, 14, 3, 4, 5, 2, 7, 9, 8, 1, 0, 13, 12, 10, 6], [0, 9, 15, 11, 3, 14, 5, 4, 1, 10, 13, 8, 6, 2, 12, 7], [10, 13, 8, 1, 9, 0, 15, 11, 6, 12, 7, 2, 4, 14, 5, 3], [14, 3, 5, 4, 7, 2, 12, 6, 11, 0, 9, 15, 1, 10, 8, 13], [2, 7, 12, 6, 13, 10, 8, 1, 4, 14, 3, 5, 11, 0, 15, 9], [3, 5, 4, 2, 12, 7, 6, 10, 14, 9, 15, 11, 0, 13, 1, 8], [9, 15, 11, 14, 5, 3, 4, 2, 0, 13, 8, 1, 10, 7, 6, 12], [7, 12, 6, 10, 8, 13, 1, 0, 2, 3, 5, 4, 14, 9, 11, 15], [13, 8, 1, 0, 15, 9, 11, 14, 10, 7, 12, 6, 2, 3, 4, 5]]","[[6, 10, 13, 8, 0, 1, 9, 15, 12, 4, 2, 7, 5, 11, 3, 14], [4, 2, 7, 12, 0, 6, 13, 8, 5, 11, 14, 3, 15, 1, 9, 10], [1, 0, 9, 15, 14, 11, 3, 5, 8, 6, 10, 13, 12, 4, 7, 2], [11, 14, 3, 5, 2, 4, 7, 12, 15, 1, 0, 9, 8, 6, 13, 10], [12, 6, 10, 13, 1, 8, 0, 9, 7, 5, 4, 2, 3, 15, 14, 11], [8, 1, 0, 9, 11, 15, 14, 3, 13, 12, 6, 10, 7, 5, 2, 4], [5, 4, 2, 7, 6, 12, 10, 13, 3, 15, 11, 14, 9, 8, 0, 1], [15, 11, 14, 3, 4, 5, 2, 7, 9, 8, 1, 0, 13, 12, 10, 6], [0, 9, 15, 11, 3, 14, 5, 4, 1, 10, 13, 8, 6, 2, 12, 7], [10, 13, 8, 1, 9, 0, 15, 11, 6, 2, 7, 12, 4, 14, 5, 3], [14, 3, 5, 4, 7, 2, 12, 6, 11, 0, 9, 15, 1, 10, 8, 13], [2, 7, 12, 6, 13, 10, 8, 1, 4, 14, 3, 5, 11, 0, 15, 9], [3, 5, 4, 2, 12, 7, 6, 10, 14, 9, 15, 11, 0, 13, 1, 8], [9, 15, 11, 14, 5, 3, 4, 2, 0, 13, 8, 1, 10, 7, 6, 12], [7, 12, 6, 10, 8, 13, 1, 0, 2, 3, 5, 4, 14, 9, 11, 15], [13, 8, 1, 0, 15, 9, 11, 14, 10, 7, 12, 6, 2, 3, 4, 5]]",A,"[[6, 10, 13, 8, 0, 1, 9, 15, 12, 4, 2, 7, 5, 11, 3, 14], [4, 2, 7, 12, 10, 6, 13, 8, 5, 11, 14, 3, 15, 1, 9, 0], [1, 0, 9, 15, 14, 11, 3, 5, 8, 6, 10, 13, 12, 4, 7, 2], [11, 14, 3, 5, 2, 4, 7, 12, 15, 1, 0, 9, 8, 6, 13, 10], [12, 6, 10, 13, 1, 8, 0, 9, 7, 5, 4, 2, 3, 15, 14, 11], [8, 1, 0, 9, 11, 15, 14, 3, 13, 12, 6, 10, 7, 5, 2, 4], [5, 4, 2, 7, 6, 12, 10, 13, 3, 15, 11, 14, 9, 8, 0, 1], [15, 11, 14, 3, 4, 5, 2, 7, 9, 8, 1, 0, 13, 12, 10, 6], [0, 9, 15, 11, 3, 14, 5, 4, 1, 10, 13, 8, 6, 2, 12, 7], [10, 13, 8, 1, 9, 0, 15, 11, 6, 2, 7, 12, 4, 14, 5, 3], [14, 3, 5, 4, 7, 2, 12, 6, 11, 0, 9, 15, 1, 10, 8, 13], [2, 7, 12, 6, 13, 10, 8, 1, 4, 14, 3, 5, 11, 0, 15, 9], [3, 5, 4, 2, 12, 7, 6, 10, 14, 9, 15, 11, 0, 13, 1, 8], [9, 15, 11, 14, 5, 3, 4, 2, 0, 13, 8, 1, 10, 7, 6, 12], [7, 12, 6, 10, 8, 13, 1, 0, 2, 3, 5, 4, 14, 9, 11, 15], [13, 8, 1, 0, 15, 9, 11, 14, 10, 7, 12, 6, 2, 3, 4, 5]]","{""num_givens"": 100, ""grid_size"": 16}"
sudoku_cf4_hex_0023,sudoku_cf4_hex,counterfactual,"[[null, null, 11, 6, null, null, 13, null, 9, null, null, null, null, null, 15, 2], [null, 13, 0, 7, null, 11, 5, 6, 2, 3, 15, null, 1, null, 14, 9], [null, 4, null, null, null, null, null, null, null, 12, null, null, null, null, 0, 7], [null, 1, null, null, null, null, null, 2, 7, null, null, null, null, 12, null, null], [7, 15, null, null, 6, 10, 14, null, 5, null, null, 11, null, null, null, null], [2, null, 12, null, null, 8, 0, null, null, 6, 10, null, null, null, null, null], [6, 14, null, 1, 7, null, null, null, null, 9, null, null, null, 2, 12, null], [null, null, 8, null, 2, null, 11, 5, null, null, null, null, null, null, null, null], [null, null, null, null, null, 6, 10, null, 11, null, null, null, 8, null, null, null], [1, null, null, null, null, 2, 12, null, 15, 13, 7, null, 10, null, 6, null], [5, null, null, 14, null, 7, 3, 15, 0, 1, null, null, 12, 4, null, 11], [4, 12, null, null, null, 9, null, null, null, 5, null, 10, 3, null, null, 15], [null, null, null, null, null, 5, null, 10, null, null, null, null, null, 14, null, null], [null, null, null, null, 14, null, null, 8, 10, null, null, 6, null, null, null, 3], [null, null, 5, null, null, 13, 7, 3, null, null, 1, 9, 2, 15, null, null], [null, 9, 1, null, 15, 4, null, null, null, null, null, 7, null, null, null, null]]","Solve the following hexadecimal Sudoku puzzle.
Rule change: The grid is 16×16 (instead of 9×9). The blocks are 4×4 (instead of 3×3). The valid symbols are the hexadecimal digits {0, 1, 2, 3, 4, 5, 6, 7, 8, 9, A, B, C, D, E, F}. Each row, column, and 4×4 block must contain each symbol exactly once.

Puzzle (. = empty cell):
. . B 6 | . . D . | 9 . . . | . . F 2
. D . 7 | . B 5 6 | 2 3 F . | 1 . E 9
. 4 . . | . . . . | . C . . | . . . 7
. 1 . . | . . . 2 | 7 . . . | . C . .
-------------------------------------
7 F . . | 6 A E . | 5 . . B | . . . .
2 . C . | . 8 . . | . 6 A . | . . . .
6 E . 1 | 7 . . . | . 9 . . | . 2 C .
. . 8 . | 2 . B 5 | . . . . | . . . .
-------------------------------------
. . . . | . 6 A . | B . . . | 8 . . .
1 . . . | . 2 C . | F D 7 . | A . 6 .
5 . . E | . 7 3 F | . 1 . . | C 4 . B
4 C . . | . 9 . . | . 5 . A | 3 . . F
-------------------------------------
. . . . | . 5 . A | . . . . | . E . .
. . . . | E . . 8 | A . . 6 | . . . 3
. . 5 . | . D 7 3 | . . 1 9 | 2 F . .
. 9 1 . | F 4 . . | . . . 7 | . . . .

Which of the following is the correct completed solution?","[[12, 5, 11, 6, 8, 0, 13, 7, 9, 10, 14, 1, 4, 3, 15, 2], [4, 13, 0, 7, 12, 11, 5, 6, 2, 3, 15, 8, 1, 10, 14, 9], [3, 4, 15, 2, 10, 14, 1, 9, 6, 12, 11, 5, 13, 8, 0, 7], [10, 1, 14, 9, 3, 15, 4, 2, 7, 8, 0, 13, 5, 12, 11, 6], [7, 15, 3, 4, 6, 10, 14, 1, 5, 2, 12, 11, 0, 9, 8, 13], [2, 11, 12, 5, 9, 8, 0, 13, 1, 6, 10, 14, 15, 7, 3, 4], [6, 14, 10, 1, 7, 3, 15, 4, 13, 9, 8, 0, 11, 2, 12, 5], [9, 0, 8, 13, 2, 12, 11, 5, 4, 7, 3, 15, 14, 6, 10, 1], [13, 3, 7, 15, 5, 6, 10, 14, 11, 4, 2, 12, 8, 1, 9, 0], [1, 8, 9, 0, 4, 2, 12, 11, 15, 13, 7, 3, 10, 5, 6, 14], [5, 10, 6, 14, 13, 7, 3, 15, 0, 1, 9, 8, 12, 4, 2, 11], [4, 12, 2, 11, 1, 9, 8, 0, 14, 5, 6, 10, 3, 13, 7, 15], [0, 7, 13, 3, 11, 5, 6, 10, 12, 15, 4, 2, 9, 14, 1, 8], [15, 2, 4, 12, 14, 1, 9, 8, 10, 11, 5, 6, 7, 0, 13, 3], [11, 6, 5, 10, 0, 13, 7, 3, 8, 14, 1, 9, 2, 15, 4, 12], [14, 9, 1, 8, 15, 4, 2, 12, 3, 0, 13, 7, 6, 11, 5, 10]]","[[12, 5, 11, 6, 8, 0, 13, 7, 9, 10, 14, 1, 4, 3, 15, 2], [8, 13, 0, 7, 12, 11, 5, 6, 2, 3, 15, 4, 1, 10, 14, 9], [3, 4, 15, 2, 10, 14, 1, 9, 6, 12, 11, 5, 13, 8, 0, 7], [5, 1, 14, 9, 3, 15, 4, 2, 7, 8, 0, 13, 10, 12, 11, 6], [7, 15, 3, 4, 6, 10, 14, 1, 5, 2, 12, 11, 0, 9, 8, 13], [2, 11, 12, 5, 9, 8, 0, 13, 1, 6, 10, 14, 15, 7, 3, 4], [6, 14, 10, 1, 7, 3, 15, 4, 13, 9, 8, 0, 11, 2, 12, 5], [9, 0, 8, 13, 2, 12, 11, 5, 4, 7, 3, 15, 14, 6, 10, 1], [13, 3, 7, 15, 5, 6, 10, 14, 11, 4, 2, 12, 8, 1, 9, 0], [1, 8, 9, 0, 4, 2, 12, 11, 15, 13, 7, 3, 10, 5, 6, 14], [5, 10, 6, 14, 13, 7, 3, 15, 0, 1, 9, 8, 12, 4, 2, 11], [4, 12, 2, 11, 1, 9, 8, 0, 14, 5, 6, 10, 3, 13, 7, 15], [0, 7, 13, 3, 11, 5, 6, 10, 12, 15, 4, 2, 9, 14, 1, 8], [15, 2, 4, 12, 14, 1, 9, 8, 10, 11, 5, 6, 7, 0, 13, 3], [11, 6, 5, 10, 0, 13, 7, 3, 8, 14, 1, 9, 2, 15, 4, 12], [14, 9, 1, 8, 15, 4, 2, 12, 3, 0, 13, 7, 6, 11, 5, 10]]","[[12, 5, 11, 6, 8, 0, 13, 7, 9, 10, 14, 1, 4, 3, 15, 2], [8, 13, 0, 7, 12, 11, 5, 6, 2, 3, 15, 4, 1, 10, 14, 9], [3, 4, 15, 2, 10, 14, 1, 9, 6, 12, 11, 5, 13, 8, 0, 7], [10, 1, 14, 9, 3, 15, 4, 2, 7, 8, 0, 13, 5, 12, 11, 6], [7, 15, 3, 4, 6, 10, 14, 1, 5, 2, 12, 11, 0, 9, 8, 13], [2, 11, 12, 5, 9, 8, 0, 13, 1, 6, 10, 14, 15, 7, 3, 4], [6, 14, 10, 1, 7, 3, 15, 4, 13, 9, 8, 0, 11, 2, 12, 5], [9, 0, 8, 13, 2, 12, 11, 5, 4, 7, 3, 15, 14, 6, 10, 1], [13, 3, 7, 15, 5, 6, 10, 14, 11, 4, 2, 12, 8, 1, 9, 0], [1, 8, 9, 0, 4, 2, 12, 11, 15, 13, 7, 3, 10, 5, 6, 14], [5, 10, 6, 14, 13, 7, 3, 15, 0, 1, 9, 8, 12, 4, 2, 11], [4, 12, 2, 11, 1, 9, 8, 0, 14, 5, 6, 10, 3, 13, 7, 15], [0, 7, 13, 3, 11, 5, 6, 10, 12, 15, 4, 2, 9, 14, 1, 8], [15, 2, 4, 12, 14, 1, 9, 8, 10, 11, 5, 6, 7, 0, 13, 3], [11, 6, 5, 10, 0, 13, 7, 3, 8, 14, 1, 9, 2, 15, 4, 12], [14, 9, 1, 8, 15, 4, 2, 12, 3, 0, 13, 7, 6, 11, 5, 10]]","[[12, 5, 11, 6, 8, 0, 13, 7, 9, 10, 14, 1, 4, 3, 15, 2], [8, 13, 0, 7, 12, 11, 5, 6, 2, 3, 15, 4, 1, 10, 14, 9], [3, 4, 15, 2, 10, 14, 1, 9, 6, 12, 11, 5, 13, 8, 0, 7], [10, 1, 14, 9, 3, 15, 4, 2, 7, 8, 0, 13, 5, 12, 11, 6], [7, 15, 3, 4, 6, 10, 14, 1, 5, 2, 12, 11, 0, 9, 8, 13], [2, 11, 12, 5, 9, 8, 0, 13, 1, 6, 10, 14, 15, 7, 3, 4], [6, 14, 10, 1, 7, 3, 15, 4, 13, 9, 8, 0, 11, 2, 12, 5], [9, 0, 8, 13, 2, 12, 11, 5, 4, 7, 3, 15, 14, 6, 10, 1], [13, 3, 7, 15, 5, 6, 10, 14, 11, 4, 2, 12, 8, 1, 9, 0], [1, 8, 9, 0, 4, 2, 12, 11, 15, 13, 7, 3, 10, 5, 6, 14], [5, 10, 6, 14, 2, 7, 3, 15, 0, 1, 9, 8, 12, 4, 13, 11], [4, 12, 2, 11, 1, 9, 8, 0, 14, 5, 6, 10, 3, 13, 7, 15], [0, 7, 13, 3, 11, 5, 6, 10, 12, 15, 4, 2, 9, 14, 1, 8], [15, 2, 4, 12, 14, 1, 9, 8, 10, 11, 5, 6, 7, 0, 13, 3], [11, 6, 5, 10, 0, 13, 7, 3, 8, 14, 1, 9, 2, 15, 4, 12], [14, 9, 1, 8, 15, 4, 2, 12, 3, 0, 13, 7, 6, 11, 5, 10]]",C,"[[12, 5, 11, 6, 8, 0, 13, 7, 9, 10, 14, 1, 4, 3, 15, 2], [8, 13, 0, 7, 12, 11, 5, 6, 2, 3, 15, 4, 1, 10, 14, 9], [3, 4, 15, 2, 10, 14, 1, 9, 6, 12, 11, 5, 13, 8, 0, 7], [10, 1, 14, 9, 3, 15, 4, 2, 7, 8, 0, 13, 5, 12, 11, 6], [7, 15, 3, 4, 6, 10, 14, 1, 5, 2, 12, 11, 0, 9, 8, 13], [2, 11, 12, 5, 9, 8, 0, 13, 1, 6, 10, 14, 15, 7, 3, 4], [6, 14, 10, 1, 7, 3, 15, 4, 13, 9, 8, 0, 11, 2, 12, 5], [9, 0, 8, 13, 2, 12, 11, 5, 4, 7, 3, 15, 14, 6, 10, 1], [13, 3, 7, 15, 5, 6, 10, 14, 11, 4, 2, 12, 8, 1, 9, 0], [1, 8, 9, 0, 4, 2, 12, 11, 15, 13, 7, 3, 10, 5, 6, 14], [5, 10, 6, 14, 13, 7, 3, 15, 0, 1, 9, 8, 12, 4, 2, 11], [4, 12, 2, 11, 1, 9, 8, 0, 14, 5, 6, 10, 3, 13, 7, 15], [0, 7, 13, 3, 11, 5, 6, 10, 12, 15, 4, 2, 9, 14, 1, 8], [15, 2, 4, 12, 14, 1, 9, 8, 10, 11, 5, 6, 7, 0, 13, 3], [11, 6, 5, 10, 0, 13, 7, 3, 8, 14, 1, 9, 2, 15, 4, 12], [14, 9, 1, 8, 15, 4, 2, 12, 3, 0, 13, 7, 6, 11, 5, 10]]","{""num_givens"": 100, ""grid_size"": 16}"
sudoku_cf4_hex_0024,sudoku_cf4_hex,counterfactual,"[[null, null, null, null, null, null, null, 8, 15, null, null, 4, null, 5, null, 0], [null, null, 5, null, null, null, null, null, null, 1, 11, null, 6, 8, null, null], [3, null, 4, null, null, 7, 13, null, 9, null, null, 8, null, 14, null, null], [null, 6, 8, 9, null, 2, null, 14, 7, 13, 0, null, 12, null, null, null], [15, null, null, null, null, 1, null, 0, 13, null, null, 10, null, null, null, null], [null, null, null, 12, null, 13, null, 10, null, null, null, 3, null, 0, null, 7], [9, null, null, 13, null, null, null, null, null, 5, null, 0, null, null, null, 15], [null, 5, null, null, 15, 6, null, 3, 12, 14, null, null, 8, null, null, 9], [null, null, null, 11, null, null, null, null, null, 2, null, null, null, null, null, null], [null, 15, null, null, 14, 11, null, 1, null, null, 5, null, 2, 12, null, null], [null, 9, null, null, null, 3, null, null, null, null, null, 1, null, 6, null, 8], [null, null, 12, 3, null, null, null, null, 10, null, null, null, 7, 1, null, 14], [null, 0, 7, 14, null, null, null, 15, null, 11, 12, 2, 10, 9, 5, null], [null, 11, 2, null, null, null, null, 9, 8, null, null, 15, null, null, 14, 1], [null, 10, null, 5, null, 4, null, null, null, 0, 1, null, 3, null, null, null], [null, 3, 15, 8, null, 14, 0, 7, null, null, null, 9, null, null, null, null]]","Solve the following hexadecimal Sudoku puzzle.
Rule change: The grid is 16×16 (instead of 9×9). The blocks are 4×4 (instead of 3×3). The valid symbols are the hexadecimal digits {0, 1, 2, 3, 4, 5, 6, 7, 8, 9, A, B, C, D, E, F}. Each row, column, and 4×4 block must contain each symbol exactly once.

Puzzle (. = empty cell):
. . . . | . . . 8 | F . . 4 | . 5 . .
. . 5 . | . . . . | . 1 B . | 6 8 . .
3 . 4 . | . 7 D . | 9 . . 8 | . E . .
. 6 8 9 | . 2 . E | 7 D . . | C . . .
-------------------------------------
F . . . | . 1 . . | D . . A | . . . .
. . . C | . D . A | . . . 3 | . . . 7
9 . . D | . . . . | . 5 . . | . . . F
. 5 . . | F 6 . 3 | C E . . | 8 . . 9
-------------------------------------
. . . B | . . . . | . 2 . . | . . . .
. F . . | E B . 1 | . . 5 . | 2 C . .
. 9 . . | . 3 . . | . . . 1 | . 6 . 8
. . C 3 | . . . . | A . . . | 7 1 . E
-------------------------------------
. . 7 E | . . . F | . B C 2 | A 9 5 .
. B 2 . | . . . 9 | 8 . . F | . . E 1
. A . 5 | . 4 . . | . . 1 . | 3 . . .
. 3 F 8 | . E . 7 | . . . 9 | . . . .

Which of the following is the correct completed solution?","[[11, 1, 14, 2, 10, 9, 6, 8, 15, 12, 3, 4, 13, 5, 7, 0], [0, 13, 5, 7, 3, 15, 12, 4, 2, 1, 11, 14, 6, 8, 9, 10], [3, 12, 4, 15, 0, 7, 13, 5, 9, 6, 10, 8, 1, 14, 2, 11], [10, 6, 8, 9, 11, 2, 1, 14, 7, 13, 0, 5, 12, 4, 15, 3], [15, 4, 3, 6, 7, 1, 5, 0, 13, 8, 9, 10, 14, 11, 12, 2], [2, 14, 11, 12, 9, 13, 8, 10, 6, 4, 15, 3, 5, 0, 1, 7], [9, 8, 10, 13, 2, 12, 14, 11, 1, 5, 7, 0, 4, 3, 6, 15], [7, 5, 0, 1, 15, 6, 4, 3, 12, 14, 2, 11, 8, 10, 13, 9], [14, 7, 1, 11, 8, 10, 15, 6, 3, 2, 4, 12, 9, 13, 0, 5], [8, 15, 6, 10, 14, 11, 7, 1, 0, 9, 5, 13, 2, 12, 3, 4], [5, 9, 13, 0, 4, 3, 2, 12, 11, 7, 14, 1, 15, 6, 10, 8], [4, 2, 12, 3, 5, 0, 9, 13, 10, 15, 8, 6, 7, 1, 11, 14], [1, 0, 7, 14, 6, 8, 3, 15, 4, 11, 12, 2, 10, 9, 5, 13], [12, 11, 2, 4, 13, 5, 10, 9, 8, 3, 6, 15, 0, 7, 14, 1], [13, 10, 9, 5, 12, 4, 11, 2, 14, 0, 1, 7, 3, 15, 8, 6], [6, 3, 15, 8, 4, 14, 0, 7, 5, 10, 13, 9, 11, 2, 1, 12]]","[[11, 1, 14, 2, 10, 9, 6, 8, 15, 12, 3, 4, 13, 5, 7, 0], [0, 13, 5, 7, 3, 15, 12, 4, 2, 1, 11, 14, 6, 8, 9, 10], [3, 12, 4, 15, 0, 7, 13, 5, 9, 6, 10, 8, 1, 14, 2, 11], [10, 6, 8, 9, 11, 2, 1, 14, 7, 13, 0, 5, 12, 4, 15, 3], [15, 4, 3, 6, 7, 1, 5, 0, 13, 8, 9, 10, 14, 11, 12, 2], [2, 14, 11, 12, 9, 13, 8, 10, 6, 4, 15, 3, 5, 0, 1, 7], [9, 8, 10, 13, 2, 12, 14, 11, 1, 5, 7, 0, 4, 3, 6, 15], [7, 5, 0, 1, 15, 6, 4, 3, 12, 14, 2, 11, 8, 10, 13, 9], [14, 7, 1, 11, 8, 10, 15, 6, 3, 2, 4, 12, 9, 13, 0, 5], [8, 15, 6, 10, 14, 11, 7, 1, 0, 9, 5, 13, 2, 12, 3, 4], [5, 9, 13, 0, 4, 3, 2, 12, 11, 7, 14, 1, 15, 6, 10, 8], [4, 2, 12, 3, 5, 0, 9, 13, 10, 15, 8, 6, 7, 1, 11, 14], [1, 0, 7, 14, 6, 8, 3, 15, 4, 11, 12, 2, 10, 9, 5, 13], [12, 11, 2, 4, 13, 5, 10, 9, 8, 3, 6, 15, 0, 7, 14, 1], [13, 10, 9, 5, 12, 4, 11, 2, 14, 0, 1, 7, 3, 15, 8, 6], [6, 3, 15, 8, 1, 14, 0, 7, 5, 10, 13, 9, 11, 2, 4, 12]]","[[11, 1, 14, 2, 10, 9, 6, 8, 15, 12, 3, 4, 13, 5, 7, 0], [0, 13, 5, 7, 3, 15, 12, 4, 2, 1, 11, 14, 6, 8, 9, 10], [3, 12, 4, 15, 0, 7, 13, 5, 9, 6, 10, 8, 1, 14, 2, 11], [10, 6, 8, 9, 11, 2, 1, 14, 7, 13, 0, 5, 12, 4, 15, 3], [15, 4, 3, 6, 7, 1, 5, 0, 13, 8, 9, 10, 14, 11, 12, 2], [2, 14, 11, 12, 9, 13, 8, 10, 6, 4, 15, 3, 5, 0, 1, 7], [9, 8, 10, 13, 2, 12, 14, 11, 1, 5, 7, 0, 4, 3, 6, 15], [7, 5, 0, 1, 15, 6, 4, 3, 12, 14, 2, 11, 8, 10, 13, 9], [14, 7, 1, 11, 8, 10, 15, 6, 3, 2, 4, 12, 9, 13, 0, 5], [8, 15, 6, 10, 14, 11, 7, 1, 0, 9, 5, 13, 2, 12, 3, 4], [5, 9, 13, 0, 4, 3, 2, 12, 11, 7, 14, 1, 15, 6, 10, 8], [4, 2, 12, 3, 5, 0, 9, 13, 10, 15, 8, 6, 7, 1, 11, 14], [1, 0, 7, 14, 6, 8, 3, 15, 4, 11, 12, 2, 10, 9, 5, 13], [12, 11, 2, 4, 13, 5, 10, 9, 8, 3, 6, 15, 0, 7, 14, 1], [13, 10, 9, 5, 12, 4, 11, 2, 14, 0, 1, 7, 3, 15, 8, 6], [6, 3, 15, 8, 1, 14, 0, 7, 5, 10, 13, 9, 11, 4, 2, 12]]","[[1, 11, 14, 2, 10, 9, 6, 8, 15, 12, 3, 4, 13, 5, 7, 0], [0, 13, 5, 7, 3, 15, 12, 4, 2, 1, 11, 14, 6, 8, 9, 10], [3, 12, 4, 15, 0, 7, 13, 5, 9, 6, 10, 8, 1, 14, 2, 11], [10, 6, 8, 9, 11, 2, 1, 14, 7, 13, 0, 5, 12, 4, 15, 3], [15, 4, 3, 6, 7, 1, 5, 0, 13, 8, 9, 10, 14, 11, 12, 2], [2, 14, 11, 12, 9, 13, 8, 10, 6, 4, 15, 3, 5, 0, 1, 7], [9, 8, 10, 13, 2, 12, 14, 11, 1, 5, 7, 0, 4, 3, 6, 15], [7, 5, 0, 1, 15, 6, 4, 3, 12, 14, 2, 11, 8, 10, 13, 9], [14, 7, 1, 11, 8, 10, 15, 6, 3, 2, 4, 12, 9, 13, 0, 5], [8, 15, 6, 10, 14, 11, 7, 1, 0, 9, 5, 13, 2, 12, 3, 4], [5, 9, 13, 0, 4, 3, 2, 12, 11, 7, 14, 1, 15, 6, 10, 8], [4, 2, 12, 3, 5, 0, 9, 13, 10, 15, 8, 6, 7, 1, 11, 14], [1, 0, 7, 14, 6, 8, 3, 15, 4, 11, 12, 2, 10, 9, 5, 13], [12, 11, 2, 4, 13, 5, 10, 9, 8, 3, 6, 15, 0, 7, 14, 1], [13, 10, 9, 5, 12, 4, 11, 2, 14, 0, 1, 7, 3, 15, 8, 6], [6, 3, 15, 8, 1, 14, 0, 7, 5, 10, 13, 9, 11, 2, 4, 12]]",B,"[[11, 1, 14, 2, 10, 9, 6, 8, 15, 12, 3, 4, 13, 5, 7, 0], [0, 13, 5, 7, 3, 15, 12, 4, 2, 1, 11, 14, 6, 8, 9, 10], [3, 12, 4, 15, 0, 7, 13, 5, 9, 6, 10, 8, 1, 14, 2, 11], [10, 6, 8, 9, 11, 2, 1, 14, 7, 13, 0, 5, 12, 4, 15, 3], [15, 4, 3, 6, 7, 1, 5, 0, 13, 8, 9, 10, 14, 11, 12, 2], [2, 14, 11, 12, 9, 13, 8, 10, 6, 4, 15, 3, 5, 0, 1, 7], [9, 8, 10, 13, 2, 12, 14, 11, 1, 5, 7, 0, 4, 3, 6, 15], [7, 5, 0, 1, 15, 6, 4, 3, 12, 14, 2, 11, 8, 10, 13, 9], [14, 7, 1, 11, 8, 10, 15, 6, 3, 2, 4, 12, 9, 13, 0, 5], [8, 15, 6, 10, 14, 11, 7, 1, 0, 9, 5, 13, 2, 12, 3, 4], [5, 9, 13, 0, 4, 3, 2, 12, 11, 7, 14, 1, 15, 6, 10, 8], [4, 2, 12, 3, 5, 0, 9, 13, 10, 15, 8, 6, 7, 1, 11, 14], [1, 0, 7, 14, 6, 8, 3, 15, 4, 11, 12, 2, 10, 9, 5, 13], [12, 11, 2, 4, 13, 5, 10, 9, 8, 3, 6, 15, 0, 7, 14, 1], [13, 10, 9, 5, 12, 4, 11, 2, 14, 0, 1, 7, 3, 15, 8, 6], [6, 3, 15, 8, 1, 14, 0, 7, 5, 10, 13, 9, 11, 2, 4, 12]]","{""num_givens"": 100, ""grid_size"": 16}"
sudoku_cf4_hex_0025,sudoku_cf4_hex,counterfactual,"[[null, 1, null, 0, null, 6, 12, null, null, null, 11, null, null, null, 3, null], [null, null, null, null, null, 4, 5, 3, null, null, null, null, 1, 14, null, null], [null, null, null, 3, null, 15, null, 11, null, 1, null, null, null, null, null, null], [null, 2, 12, null, null, null, null, 0, 4, null, null, null, null, null, null, null], [null, null, null, null, null, null, null, 14, 7, 13, 5, 0, null, null, 8, null], [null, 15, null, 14, 4, null, 3, null, 10, 6, null, 9, 13, null, 5, 7], [null, null, 0, null, 6, 10, 9, null, null, null, 14, null, 4, 3, null, null], [null, 6, 9, null, null, null, null, null, null, 4, 12, null, null, 11, null, null], [null, 12, 4, 2, null, null, 15, null, null, 5, null, 13, null, 6, null, 11], [0, null, 15, null, null, 9, 4, null, null, 8, 10, 6, null, null, 7, null], [null, null, null, null, 8, 11, 6, null, 0, null, 1, 15, null, 4, null, null], [11, null, null, null, 5, null, null, null, null, null, 2, 4, null, 15, null, null], [null, 11, null, null, 3, null, null, null, 8, null, 6, null, 0, null, null, 5], [null, null, 2, null, null, null, 1, 13, 12, null, null, null, 11, null, null, 14], [5, null, null, 13, null, 8, null, 6, 14, null, 15, null, 3, 7, null, 12], [null, null, null, null, null, 14, null, null, 5, null, null, null, null, 2, 6, null]]","Solve the following hexadecimal Sudoku puzzle.
Rule change: The grid is 16×16 (instead of 9×9). The blocks are 4×4 (instead of 3×3). The valid symbols are the hexadecimal digits {0, 1, 2, 3, 4, 5, 6, 7, 8, 9, A, B, C, D, E, F}. Each row, column, and 4×4 block must contain each symbol exactly once.

Puzzle (. = empty cell):
. 1 . . | . 6 C . | . . B . | . . 3 .
. . . . | . 4 5 3 | . . . . | 1 E . .
. . . 3 | . F . B | . 1 . . | . . . .
. 2 C . | . . . . | 4 . . . | . . . .
-------------------------------------
. . . . | . . . E | 7 D 5 . | . . 8 .
. F . E | 4 . 3 . | A 6 . 9 | D . 5 7
. . . . | 6 A 9 . | . . E . | 4 3 . .
. 6 9 . | . . . . | . 4 C . | . B . .
-------------------------------------
. C 4 2 | . . F . | . 5 . D | . 6 . B
. . F . | . 9 4 . | . 8 A 6 | . . 7 .
. . . . | 8 B 6 . | . . 1 F | . 4 . .
B . . . | 5 . . . | . . 2 4 | . F . .
-------------------------------------
. B . . | 3 . . . | 8 . 6 . | . . . 5
. . 2 . | . . 1 D | C . . . | B . . E
5 . . D | . 8 . 6 | E . F . | 3 7 . C
. . . . | . E . . | 5 . . . | . 2 6 .

Which of the following is the correct completed solution?","[[7, 1, 14, 0, 2, 6, 12, 9, 15, 10, 11, 8, 13, 5, 3, 4], [15, 10, 8, 11, 7, 4, 5, 3, 6, 2, 9, 12, 1, 14, 0, 13], [4, 7, 5, 3, 10, 15, 8, 11, 13, 1, 0, 14, 2, 12, 9, 6], [6, 2, 12, 9, 1, 13, 14, 0, 4, 7, 3, 5, 10, 8, 11, 15], [2, 4, 3, 12, 15, 1, 11, 14, 7, 13, 5, 0, 6, 9, 8, 10], [1, 15, 11, 14, 4, 2, 3, 12, 10, 6, 8, 9, 13, 0, 5, 7], [7, 13, 0, 5, 6, 10, 9, 8, 1, 15, 14, 11, 4, 3, 12, 2], [10, 6, 9, 8, 13, 7, 0, 5, 2, 4, 12, 3, 15, 11, 14, 1], [9, 12, 4, 2, 14, 0, 15, 1, 3, 5, 7, 13, 8, 6, 10, 11], [0, 14, 15, 1, 12, 9, 4, 2, 11, 8, 10, 6, 5, 13, 7, 3], [3, 5, 13, 7, 8, 11, 6, 10, 0, 14, 1, 15, 12, 4, 2, 9], [11, 8, 6, 10, 5, 3, 13, 7, 9, 12, 2, 4, 14, 15, 1, 0], [14, 11, 10, 15, 3, 12, 7, 4, 8, 9, 6, 2, 0, 1, 13, 5], [8, 9, 2, 6, 0, 5, 1, 13, 12, 3, 4, 7, 11, 10, 15, 14], [5, 0, 1, 13, 9, 8, 2, 6, 14, 11, 15, 10, 3, 7, 4, 12], [12, 3, 7, 4, 11, 14, 10, 15, 5, 0, 13, 1, 9, 2, 6, 8]]","[[13, 1, 14, 0, 2, 6, 12, 9, 15, 10, 11, 8, 7, 5, 3, 4], [15, 10, 8, 11, 7, 4, 5, 3, 6, 2, 9, 12, 1, 14, 0, 13], [4, 7, 5, 3, 10, 15, 8, 11, 13, 1, 0, 14, 2, 12, 9, 6], [6, 2, 12, 9, 1, 13, 14, 0, 4, 7, 3, 5, 10, 8, 11, 15], [2, 4, 3, 12, 15, 1, 11, 14, 7, 13, 5, 0, 6, 9, 8, 10], [1, 15, 11, 14, 4, 2, 3, 12, 10, 6, 8, 9, 13, 0, 5, 7], [7, 13, 0, 5, 6, 10, 9, 8, 1, 15, 14, 11, 4, 3, 12, 2], [10, 6, 9, 8, 13, 7, 0, 5, 2, 4, 12, 3, 15, 11, 14, 1], [9, 12, 4, 2, 14, 0, 15, 1, 3, 5, 7, 13, 8, 6, 10, 11], [0, 14, 15, 1, 12, 9, 4, 2, 11, 8, 10, 6, 5, 13, 7, 3], [3, 5, 13, 7, 8, 11, 6, 10, 0, 14, 1, 15, 12, 4, 2, 9], [11, 8, 6, 10, 5, 3, 13, 7, 9, 12, 2, 4, 14, 15, 1, 0], [14, 11, 10, 15, 3, 12, 7, 4, 8, 9, 6, 2, 0, 1, 13, 5], [8, 9, 2, 10, 0, 5, 1, 13, 12, 3, 4, 7, 11, 6, 15, 14], [5, 0, 1, 13, 9, 8, 2, 6, 14, 11, 15, 10, 3, 7, 4, 12], [12, 3, 7, 4, 11, 14, 10, 15, 5, 0, 13, 1, 9, 2, 6, 8]]","[[13, 1, 14, 0, 2, 6, 12, 9, 15, 10, 11, 8, 7, 5, 3, 4], [15, 10, 8, 11, 7, 4, 5, 3, 6, 2, 9, 12, 1, 14, 0, 13], [4, 7, 5, 3, 10, 15, 8, 11, 13, 1, 0, 14, 2, 12, 9, 6], [6, 2, 12, 9, 1, 13, 14, 0, 4, 7, 3, 5, 10, 8, 11, 15], [2, 4, 3, 12, 15, 1, 11, 14, 7, 13, 5, 0, 6, 9, 8, 10], [1, 15, 11, 14, 4, 2, 3, 12, 10, 6, 8, 9, 13, 0, 5, 7], [7, 13, 0, 5, 6, 10, 9, 8, 1, 15, 14, 11, 4, 3, 12, 2], [10, 6, 9, 8, 13, 7, 0, 5, 2, 4, 12, 3, 15, 11, 14, 1], [9, 12, 4, 2, 14, 0, 15, 1, 3, 5, 7, 13, 8, 6, 10, 11], [0, 14, 15, 1, 12, 9, 4, 2, 11, 8, 10, 6, 5, 13, 7, 3], [3, 5, 13, 7, 8, 11, 6, 10, 0, 14, 1, 15, 12, 4, 2, 9], [11, 8, 6, 10, 5, 3, 13, 7, 9, 12, 2, 4, 14, 15, 1, 0], [14, 11, 10, 15, 3, 12, 7, 4, 8, 9, 6, 2, 0, 1, 13, 5], [8, 9, 2, 6, 0, 5, 1, 13, 12, 3, 4, 7, 11, 10, 15, 14], [5, 0, 1, 13, 9, 8, 2, 6, 14, 11, 15, 10, 3, 7, 4, 12], [12, 3, 7, 4, 11, 14, 10, 15, 5, 0, 13, 1, 9, 2, 6, 8]]","[[13, 1, 14, 0, 2, 6, 12, 9, 15, 10, 11, 8, 7, 5, 3, 4], [15, 10, 8, 11, 7, 4, 5, 3, 6, 2, 9, 12, 1, 14, 0, 13], [4, 7, 5, 3, 10, 15, 8, 11, 13, 1, 0, 14, 2, 12, 9, 6], [6, 2, 12, 9, 1, 13, 14, 0, 4, 7, 3, 5, 10, 8, 11, 15], [2, 4, 3, 12, 15, 1, 11, 14, 7, 13, 5, 0, 6, 9, 8, 10], [1, 15, 11, 14, 4, 2, 3, 12, 10, 6, 8, 9, 13, 0, 5, 7], [7, 13, 0, 5, 6, 10, 9, 8, 1, 15, 14, 11, 4, 3, 2, 12], [10, 6, 9, 8, 13, 7, 0, 5, 2, 4, 12, 3, 15, 11, 14, 1], [9, 12, 4, 2, 14, 0, 15, 1, 3, 5, 7, 13, 8, 6, 10, 11], [0, 14, 15, 1, 12, 9, 4, 2, 11, 8, 10, 6, 5, 13, 7, 3], [3, 5, 13, 7, 8, 11, 6, 10, 0, 14, 1, 15, 12, 4, 2, 9], [11, 8, 6, 10, 5, 3, 13, 7, 9, 12, 2, 4, 14, 15, 1, 0], [14, 11, 10, 15, 3, 12, 7, 4, 8, 9, 6, 2, 0, 1, 13, 5], [8, 9, 2, 6, 0, 5, 1, 13, 12, 3, 4, 7, 11, 10, 15, 14], [5, 0, 1, 13, 9, 8, 2, 6, 14, 11, 15, 10, 3, 7, 4, 12], [12, 3, 7, 4, 11, 14, 10, 15, 5, 0, 13, 1, 9, 2, 6, 8]]",C,"[[13, 1, 14, 0, 2, 6, 12, 9, 15, 10, 11, 8, 7, 5, 3, 4], [15, 10, 8, 11, 7, 4, 5, 3, 6, 2, 9, 12, 1, 14, 0, 13], [4, 7, 5, 3, 10, 15, 8, 11, 13, 1, 0, 14, 2, 12, 9, 6], [6, 2, 12, 9, 1, 13, 14, 0, 4, 7, 3, 5, 10, 8, 11, 15], [2, 4, 3, 12, 15, 1, 11, 14, 7, 13, 5, 0, 6, 9, 8, 10], [1, 15, 11, 14, 4, 2, 3, 12, 10, 6, 8, 9, 13, 0, 5, 7], [7, 13, 0, 5, 6, 10, 9, 8, 1, 15, 14, 11, 4, 3, 12, 2], [10, 6, 9, 8, 13, 7, 0, 5, 2, 4, 12, 3, 15, 11, 14, 1], [9, 12, 4, 2, 14, 0, 15, 1, 3, 5, 7, 13, 8, 6, 10, 11], [0, 14, 15, 1, 12, 9, 4, 2, 11, 8, 10, 6, 5, 13, 7, 3], [3, 5, 13, 7, 8, 11, 6, 10, 0, 14, 1, 15, 12, 4, 2, 9], [11, 8, 6, 10, 5, 3, 13, 7, 9, 12, 2, 4, 14, 15, 1, 0], [14, 11, 10, 15, 3, 12, 7, 4, 8, 9, 6, 2, 0, 1, 13, 5], [8, 9, 2, 6, 0, 5, 1, 13, 12, 3, 4, 7, 11, 10, 15, 14], [5, 0, 1, 13, 9, 8, 2, 6, 14, 11, 15, 10, 3, 7, 4, 12], [12, 3, 7, 4, 11, 14, 10, 15, 5, 0, 13, 1, 9, 2, 6, 8]]","{""num_givens"": 100, ""grid_size"": 16}"
sudoku_cf4_hex_0026,sudoku_cf4_hex,counterfactual,"[[null, null, null, 2, null, null, null, 11, null, null, 6, null, null, null, null, null], [11, 15, null, null, null, 12, null, null, null, null, 2, 14, 4, 6, 7, 13], [null, null, 13, null, 5, 2, null, null, null, null, null, 10, null, 3, null, null], [10, null, 9, 12, null, null, null, null, null, 1, null, 11, null, null, null, null], [12, null, null, null, null, 10, null, 6, 8, 15, 14, null, null, null, null, 5], [6, null, null, 10, null, null, 5, null, null, null, null, 12, 8, 14, 3, null], [null, null, 5, null, null, 14, 15, 3, 9, null, null, null, 1, 11, null, null], [3, 8, null, null, 1, null, null, 12, null, 5, null, null, 9, 10, 6, 4], [null, null, 14, null, null, 8, null, null, null, null, null, null, null, 1, 0, null], [null, null, null, null, 12, null, null, 0, 2, 14, 13, null, null, null, null, null], [null, null, null, null, 2, null, null, null, 12, null, 1, null, 3, 8, null, 11], [null, 12, null, 1, 6, null, 7, 4, 3, null, null, null, 2, 13, null, null], [null, null, 12, 15, 10, null, null, null, null, null, null, null, null, 4, 13, null], [13, 7, null, null, null, 5, 3, 8, 10, null, 0, null, null, null, null, null], [null, null, 3, null, null, null, null, 1, null, null, null, null, null, 0, null, 6], [null, null, 6, null, null, 4, 2, 13, null, null, 15, null, 14, 5, 8, 3]]","Solve the following hexadecimal Sudoku puzzle.
Rule change: The grid is 16×16 (instead of 9×9). The blocks are 4×4 (instead of 3×3). The valid symbols are the hexadecimal digits {0, 1, 2, 3, 4, 5, 6, 7, 8, 9, A, B, C, D, E, F}. Each row, column, and 4×4 block must contain each symbol exactly once.

Puzzle (. = empty cell):
. . . 2 | . . . B | . . 6 . | . . . .
B F . . | . C . . | . . 2 E | 4 6 7 D
. . D . | 5 2 . . | . . . A | . 3 . .
A . 9 C | . . . . | . 1 . B | . . . .
-------------------------------------
C . . . | . A . 6 | 8 F E . | . . . 5
6 . . A | . . 5 . | . . . C | 8 E 3 .
. . 5 . | . E F 3 | 9 . . . | 1 B . .
3 8 . . | 1 . . C | . 5 . . | 9 A 6 4
-------------------------------------
. . E . | . 8 . . | . . . . | . 1 . .
. . . . | C . . . | 2 E D . | . . . .
. . . . | 2 . . . | C . 1 . | 3 8 . B
. C . 1 | 6 . 7 4 | 3 . . . | 2 D . .
-------------------------------------
. . C F | A . . . | . . . . | . 4 D .
D 7 . . | . 5 3 8 | A . . . | . . . .
. . 3 . | . . . 1 | . . . . | . . . 6
. . 6 . | . 4 2 D | . . F . | E 5 8 3

Which of the following is the correct completed solution?","[[14, 5, 8, 2, 15, 3, 1, 11, 4, 13, 6, 7, 0, 12, 10, 9], [11, 15, 1, 3, 0, 12, 9, 10, 5, 8, 2, 14, 4, 6, 7, 13], [7, 9, 13, 6, 5, 2, 8, 14, 0, 4, 12, 10, 15, 3, 11, 1], [10, 0, 9, 12, 4, 6, 13, 7, 15, 1, 3, 11, 5, 2, 14, 8], [12, 1, 0, 11, 9, 10, 4, 6, 8, 15, 14, 3, 13, 7, 2, 5], [6, 9, 4, 10, 13, 7, 5, 2, 1, 0, 11, 12, 8, 14, 3, 15], [2, 13, 5, 7, 8, 14, 15, 3, 9, 4, 10, 6, 1, 11, 12, 0], [3, 8, 15, 14, 1, 11, 0, 12, 13, 5, 7, 2, 9, 10, 6, 4], [5, 2, 14, 13, 3, 8, 11, 15, 6, 7, 9, 4, 12, 1, 0, 10], [15, 3, 11, 8, 12, 1, 10, 0, 2, 14, 13, 5, 6, 9, 4, 7], [4, 6, 7, 9, 2, 13, 14, 5, 12, 10, 1, 0, 3, 8, 15, 11], [0, 12, 10, 1, 6, 9, 7, 4, 3, 11, 8, 15, 2, 13, 5, 14], [1, 11, 12, 15, 10, 0, 6, 9, 14, 3, 5, 8, 7, 4, 13, 2], [13, 7, 2, 4, 14, 5, 3, 8, 10, 6, 0, 9, 11, 15, 1, 12], [8, 14, 3, 5, 11, 15, 12, 1, 7, 2, 4, 13, 10, 0, 9, 6], [9, 10, 6, 0, 7, 4, 2, 13, 11, 12, 15, 1, 14, 5, 8, 3]]","[[14, 5, 8, 2, 15, 3, 1, 11, 4, 13, 6, 7, 0, 12, 10, 9], [11, 15, 1, 3, 0, 12, 9, 10, 5, 8, 2, 14, 4, 6, 7, 13], [7, 4, 13, 6, 5, 2, 8, 14, 0, 9, 12, 10, 15, 3, 11, 1], [10, 0, 9, 12, 4, 5, 13, 7, 15, 1, 3, 11, 6, 2, 14, 8], [12, 1, 0, 11, 9, 10, 4, 6, 8, 15, 14, 3, 13, 7, 2, 5], [6, 9, 4, 10, 13, 7, 5, 2, 1, 0, 11, 12, 8, 14, 3, 15], [2, 13, 5, 7, 8, 14, 15, 3, 9, 4, 10, 6, 1, 11, 12, 0], [3, 8, 15, 14, 1, 11, 0, 12, 13, 5, 7, 2, 9, 10, 6, 4], [5, 2, 14, 13, 3, 8, 11, 15, 6, 7, 9, 4, 12, 1, 0, 10], [15, 3, 11, 8, 12, 1, 10, 0, 2, 14, 13, 5, 6, 9, 4, 7], [4, 6, 7, 9, 2, 13, 14, 5, 12, 10, 1, 0, 3, 8, 15, 11], [0, 12, 10, 1, 6, 9, 7, 4, 3, 11, 8, 15, 2, 13, 5, 14], [1, 11, 12, 15, 10, 0, 6, 9, 14, 3, 5, 8, 7, 4, 13, 2], [13, 7, 2, 4, 14, 5, 3, 8, 10, 6, 0, 9, 11, 15, 1, 12], [8, 14, 3, 5, 11, 15, 12, 1, 7, 2, 4, 13, 10, 0, 9, 6], [9, 10, 6, 0, 7, 4, 2, 13, 11, 12, 15, 1, 14, 5, 8, 3]]","[[14, 5, 8, 2, 15, 3, 1, 11, 4, 13, 6, 7, 0, 12, 10, 9], [11, 15, 1, 3, 0, 12, 9, 10, 5, 8, 2, 14, 4, 6, 7, 13], [7, 4, 13, 6, 5, 2, 8, 14, 0, 9, 12, 10, 15, 3, 11, 1], [10, 0, 9, 12, 4, 6, 13, 7, 15, 1, 3, 11, 5, 2, 14, 8], [12, 1, 0, 11, 9, 10, 4, 6, 8, 15, 14, 3, 13, 7, 2, 5], [6, 9, 4, 10, 13, 7, 5, 2, 1, 0, 11, 12, 8, 14, 3, 15], [2, 13, 5, 7, 8, 14, 15, 3, 9, 4, 10, 6, 1, 11, 12, 0], [3, 8, 15, 14, 1, 11, 0, 12, 13, 5, 7, 2, 9, 10, 6, 4], [5, 2, 14, 13, 3, 8, 11, 15, 6, 7, 9, 4, 12, 1, 0, 10], [15, 3, 11, 8, 12, 1, 10, 0, 2, 14, 13, 5, 6, 9, 4, 7], [4, 6, 7, 9, 2, 13, 14, 5, 12, 10, 1, 0, 3, 8, 15, 11], [0, 12, 10, 1, 6, 9, 7, 4, 3, 11, 8, 15, 2, 13, 5, 14], [1, 11, 12, 15, 10, 0, 6, 9, 14, 3, 5, 8, 7, 4, 13, 2], [13, 7, 2, 4, 14, 5, 3, 8, 10, 6, 0, 9, 11, 15, 1, 12], [8, 14, 3, 5, 11, 15, 12, 1, 7, 2, 4, 13, 10, 0, 9, 6], [9, 10, 6, 0, 7, 4, 2, 13, 11, 12, 15, 1, 14, 5, 8, 3]]","[[14, 5, 8, 2, 15, 3, 1, 11, 4, 13, 6, 7, 0, 12, 10, 9], [11, 15, 1, 3, 0, 12, 9, 10, 5, 8, 2, 14, 4, 6, 7, 13], [7, 4, 13, 6, 5, 2, 8, 14, 0, 9, 12, 10, 15, 3, 11, 1], [10, 0, 9, 12, 4, 6, 13, 7, 15, 1, 3, 11, 5, 2, 14, 8], [12, 1, 0, 11, 9, 10, 4, 6, 8, 15, 14, 3, 13, 7, 2, 5], [6, 9, 4, 10, 13, 7, 5, 2, 1, 0, 11, 12, 8, 14, 3, 15], [2, 13, 5, 7, 8, 14, 15, 3, 9, 4, 10, 6, 1, 11, 12, 0], [3, 8, 15, 14, 1, 11, 0, 12, 13, 5, 7, 2, 9, 10, 6, 4], [5, 2, 14, 13, 3, 8, 11, 15, 6, 7, 9, 4, 12, 1, 0, 10], [15, 3, 11, 8, 12, 1, 10, 0, 2, 14, 13, 5, 6, 9, 4, 7], [4, 6, 7, 9, 2, 13, 14, 5, 12, 10, 1, 0, 3, 8, 15, 11], [0, 12, 10, 1, 6, 9, 7, 4, 3, 11, 8, 15, 2, 13, 5, 14], [1, 11, 12, 15, 10, 0, 3, 9, 14, 6, 5, 8, 7, 4, 13, 2], [13, 7, 2, 4, 14, 5, 3, 8, 10, 6, 0, 9, 11, 15, 1, 12], [8, 14, 3, 5, 11, 15, 12, 1, 7, 2, 4, 13, 10, 0, 9, 6], [9, 10, 6, 0, 7, 4, 2, 13, 11, 12, 15, 1, 14, 5, 8, 3]]",C,"[[14, 5, 8, 2, 15, 3, 1, 11, 4, 13, 6, 7, 0, 12, 10, 9], [11, 15, 1, 3, 0, 12, 9, 10, 5, 8, 2, 14, 4, 6, 7, 13], [7, 4, 13, 6, 5, 2, 8, 14, 0, 9, 12, 10, 15, 3, 11, 1], [10, 0, 9, 12, 4, 6, 13, 7, 15, 1, 3, 11, 5, 2, 14, 8], [12, 1, 0, 11, 9, 10, 4, 6, 8, 15, 14, 3, 13, 7, 2, 5], [6, 9, 4, 10, 13, 7, 5, 2, 1, 0, 11, 12, 8, 14, 3, 15], [2, 13, 5, 7, 8, 14, 15, 3, 9, 4, 10, 6, 1, 11, 12, 0], [3, 8, 15, 14, 1, 11, 0, 12, 13, 5, 7, 2, 9, 10, 6, 4], [5, 2, 14, 13, 3, 8, 11, 15, 6, 7, 9, 4, 12, 1, 0, 10], [15, 3, 11, 8, 12, 1, 10, 0, 2, 14, 13, 5, 6, 9, 4, 7], [4, 6, 7, 9, 2, 13, 14, 5, 12, 10, 1, 0, 3, 8, 15, 11], [0, 12, 10, 1, 6, 9, 7, 4, 3, 11, 8, 15, 2, 13, 5, 14], [1, 11, 12, 15, 10, 0, 6, 9, 14, 3, 5, 8, 7, 4, 13, 2], [13, 7, 2, 4, 14, 5, 3, 8, 10, 6, 0, 9, 11, 15, 1, 12], [8, 14, 3, 5, 11, 15, 12, 1, 7, 2, 4, 13, 10, 0, 9, 6], [9, 10, 6, 0, 7, 4, 2, 13, 11, 12, 15, 1, 14, 5, 8, 3]]","{""num_givens"": 100, ""grid_size"": 16}"
sudoku_cf4_hex_0027,sudoku_cf4_hex,counterfactual,"[[null, null, null, null, null, 12, null, 1, 2, null, 7, null, null, 9, 11, null], [7, null, null, null, null, 6, null, 15, null, null, null, 13, 1, null, 5, 12], [null, null, null, 12, 7, 2, null, null, null, null, null, null, 13, 8, null, null], [null, null, null, null, null, null, 8, 13, null, null, null, null, 0, 3, null, 2], [0, 6, 9, null, null, 10, 14, 8, null, null, null, null, 3, null, 1, 7], [13, 12, null, null, 1, null, null, null, null, null, null, null, 8, 14, 15, 10], [null, null, 8, 10, null, 5, null, null, 7, null, null, null, 9, null, null, null], [1, null, null, null, null, null, null, null, null, 14, null, null, 4, 12, null, 5], [6, null, null, null, null, 8, 13, null, 4, null, null, 7, 11, 0, null, null], [null, null, 7, null, 2, 3, 0, null, null, 15, 6, 10, null, null, null, null], [null, null, null, null, 12, 4, null, null, 3, null, 2, 11, null, null, 6, null], [null, null, null, null, null, null, null, null, 8, 13, null, null, 7, null, 12, 4], [null, 7, null, null, null, 0, 11, null, 15, null, 9, null, null, 5, null, null], [9, null, null, null, 8, null, 5, 12, 1, null, 4, 2, 6, 11, null, null], [null, 11, null, null, null, 15, 10, null, null, null, null, 12, null, 7, null, 1], [8, null, null, null, null, 1, null, null, null, 11, 3, 6, null, null, null, null]]","Solve the following hexadecimal Sudoku puzzle.
Rule change: The grid is 16×16 (instead of 9×9). The blocks are 4×4 (instead of 3×3). The valid symbols are the hexadecimal digits {0, 1, 2, 3, 4, 5, 6, 7, 8, 9, A, B, C, D, E, F}. Each row, column, and 4×4 block must contain each symbol exactly once.

Puzzle (. = empty cell):
. . . . | . C . 1 | 2 . 7 . | . 9 B .
7 . . . | . 6 . F | . . . D | 1 . 5 C
. . . C | 7 2 . . | . . . . | D 8 . .
. . . . | . . 8 D | . . . . | . 3 . 2
-------------------------------------
. 6 9 . | . A E 8 | . . . . | 3 . 1 7
D C . . | 1 . . . | . . . . | 8 E F A
. . 8 A | . 5 . . | 7 . . . | 9 . . .
1 . . . | . . . . | . E . . | 4 C . 5
-------------------------------------
6 . . . | . 8 D . | 4 . . 7 | B . . .
. . 7 . | 2 3 . . | . F 6 A | . . . .
. . . . | C 4 . . | 3 . 2 B | . . 6 .
. . . . | . . . . | 8 D . . | 7 . C 4
-------------------------------------
. 7 . . | . . B . | F . 9 . | . 5 . .
9 . . . | 8 . 5 C | 1 . 4 2 | 6 B . .
. B . . | . F A . | . . . C | . 7 . 1
8 . . . | . 1 . . | . B 3 6 | . . . .

Which of the following is the correct completed solution?","[[10, 8, 13, 14, 5, 12, 4, 1, 2, 3, 7, 0, 15, 9, 11, 6], [7, 3, 0, 2, 11, 6, 9, 15, 14, 8, 10, 13, 1, 4, 5, 12], [5, 4, 1, 12, 7, 2, 3, 0, 6, 9, 11, 15, 13, 8, 10, 14], [11, 9, 15, 6, 10, 14, 8, 13, 12, 4, 5, 1, 0, 3, 7, 2], [0, 6, 9, 11, 15, 10, 14, 8, 5, 12, 13, 4, 3, 2, 1, 7], [13, 12, 4, 5, 1, 7, 2, 3, 11, 6, 0, 9, 8, 14, 15, 10], [15, 14, 8, 10, 13, 5, 12, 4, 7, 2, 1, 3, 9, 6, 0, 11], [1, 2, 3, 7, 0, 11, 6, 9, 10, 14, 15, 8, 4, 12, 13, 5], [6, 15, 10, 9, 14, 8, 13, 5, 4, 1, 12, 7, 11, 0, 2, 3], [12, 1, 7, 4, 2, 3, 0, 11, 9, 15, 6, 10, 5, 13, 14, 8], [14, 13, 5, 8, 12, 4, 1, 7, 3, 0, 2, 11, 10, 15, 6, 9], [2, 0, 11, 3, 6, 9, 15, 10, 8, 13, 14, 5, 7, 1, 12, 4], [4, 7, 2, 12, 3, 0, 11, 6, 15, 10, 9, 14, 1, 5, 8, 13], [9, 10, 14, 15, 8, 13, 5, 12, 1, 7, 4, 2, 6, 11, 3, 0], [3, 11, 6, 0, 9, 15, 10, 14, 13, 5, 8, 12, 2, 7, 4, 1], [8, 5, 12, 13, 4, 1, 7, 2, 0, 11, 3, 6, 14, 10, 9, 15]]","[[10, 8, 13, 14, 5, 12, 4, 1, 2, 3, 7, 0, 15, 9, 11, 6], [7, 3, 0, 2, 11, 6, 9, 15, 14, 8, 10, 13, 1, 4, 5, 12], [5, 4, 1, 12, 7, 2, 3, 0, 6, 9, 11, 15, 13, 8, 10, 14], [11, 9, 15, 6, 10, 14, 8, 13, 12, 4, 5, 1, 0, 3, 7, 2], [0, 6, 9, 11, 15, 10, 14, 8, 5, 12, 13, 4, 3, 2, 1, 7], [13, 12, 4, 5, 1, 7, 2, 3, 11, 6, 0, 9, 8, 14, 15, 10], [15, 14, 8, 10, 13, 5, 12, 4, 7, 2, 1, 3, 9, 6, 0, 11], [1, 2, 3, 7, 0, 11, 6, 9, 10, 14, 15, 8, 4, 12, 13, 5], [6, 15, 10, 9, 14, 8, 13, 5, 4, 1, 12, 7, 11, 0, 2, 3], [12, 1, 7, 4, 2, 3, 0, 11, 9, 15, 6, 10, 5, 13, 14, 8], [14, 13, 5, 8, 12, 4, 1, 7, 3, 0, 2, 11, 10, 15, 6, 9], [2, 0, 11, 3, 6, 9, 15, 10, 8, 13, 14, 5, 7, 1, 12, 4], [4, 7, 2, 1, 3, 0, 11, 6, 15, 10, 9, 14, 12, 5, 8, 13], [9, 10, 14, 15, 8, 13, 5, 12, 1, 7, 4, 2, 6, 11, 3, 0], [3, 11, 6, 0, 9, 15, 10, 14, 13, 5, 8, 12, 2, 7, 4, 1], [8, 5, 12, 13, 4, 1, 7, 2, 9, 11, 3, 6, 14, 10, 0, 15]]","[[10, 8, 13, 14, 5, 12, 4, 1, 2, 3, 7, 0, 15, 9, 11, 6], [7, 3, 0, 2, 11, 6, 8, 15, 14, 9, 10, 13, 1, 4, 5, 12], [5, 4, 1, 12, 7, 2, 3, 0, 6, 9, 11, 15, 13, 8, 10, 14], [11, 9, 15, 6, 10, 14, 8, 13, 12, 4, 5, 1, 0, 3, 7, 2], [0, 6, 9, 11, 15, 10, 14, 8, 5, 12, 13, 4, 3, 2, 1, 7], [13, 12, 4, 5, 1, 7, 2, 3, 11, 6, 0, 9, 8, 14, 15, 10], [15, 14, 8, 10, 13, 5, 12, 4, 7, 2, 1, 3, 9, 6, 0, 11], [1, 2, 3, 7, 0, 11, 6, 9, 10, 14, 15, 8, 4, 12, 13, 5], [6, 15, 10, 9, 14, 8, 13, 5, 4, 1, 12, 7, 11, 0, 2, 3], [12, 1, 7, 4, 2, 3, 0, 11, 9, 15, 6, 10, 5, 13, 14, 8], [14, 13, 5, 8, 12, 4, 1, 7, 3, 0, 2, 11, 10, 15, 6, 9], [2, 0, 11, 3, 6, 9, 15, 10, 8, 13, 14, 5, 7, 1, 12, 4], [4, 7, 2, 1, 3, 0, 11, 6, 15, 10, 9, 14, 12, 5, 8, 13], [9, 10, 14, 15, 8, 13, 5, 12, 1, 7, 4, 2, 6, 11, 3, 0], [3, 11, 6, 0, 9, 15, 10, 14, 13, 5, 8, 12, 2, 7, 4, 1], [8, 5, 12, 13, 4, 1, 7, 2, 0, 11, 3, 6, 14, 10, 9, 15]]","[[10, 8, 13, 14, 5, 12, 4, 1, 2, 3, 7, 0, 15, 9, 11, 6], [7, 3, 0, 2, 11, 6, 9, 15, 14, 8, 10, 13, 1, 4, 5, 12], [5, 4, 1, 12, 7, 2, 3, 0, 6, 9, 11, 15, 13, 8, 10, 14], [11, 9, 15, 6, 10, 14, 8, 13, 12, 4, 5, 1, 0, 3, 7, 2], [0, 6, 9, 11, 15, 10, 14, 8, 5, 12, 13, 4, 3, 2, 1, 7], [13, 12, 4, 5, 1, 7, 2, 3, 11, 6, 0, 9, 8, 14, 15, 10], [15, 14, 8, 10, 13, 5, 12, 4, 7, 2, 1, 3, 9, 6, 0, 11], [1, 2, 3, 7, 0, 11, 6, 9, 10, 14, 15, 8, 4, 12, 13, 5], [6, 15, 10, 9, 14, 8, 13, 5, 4, 1, 12, 7, 11, 0, 2, 3], [12, 1, 7, 4, 2, 3, 0, 11, 9, 15, 6, 10, 5, 13, 14, 8], [14, 13, 5, 8, 12, 4, 1, 7, 3, 0, 2, 11, 10, 15, 6, 9], [2, 0, 11, 3, 6, 9, 15, 10, 8, 13, 14, 5, 7, 1, 12, 4], [4, 7, 2, 1, 3, 0, 11, 6, 15, 10, 9, 14, 12, 5, 8, 13], [9, 10, 14, 15, 8, 13, 5, 12, 1, 7, 4, 2, 6, 11, 3, 0], [3, 11, 6, 0, 9, 15, 10, 14, 13, 5, 8, 12, 2, 7, 4, 1], [8, 5, 12, 13, 4, 1, 7, 2, 0, 11, 3, 6, 14, 10, 9, 15]]",D,"[[10, 8, 13, 14, 5, 12, 4, 1, 2, 3, 7, 0, 15, 9, 11, 6], [7, 3, 0, 2, 11, 6, 9, 15, 14, 8, 10, 13, 1, 4, 5, 12], [5, 4, 1, 12, 7, 2, 3, 0, 6, 9, 11, 15, 13, 8, 10, 14], [11, 9, 15, 6, 10, 14, 8, 13, 12, 4, 5, 1, 0, 3, 7, 2], [0, 6, 9, 11, 15, 10, 14, 8, 5, 12, 13, 4, 3, 2, 1, 7], [13, 12, 4, 5, 1, 7, 2, 3, 11, 6, 0, 9, 8, 14, 15, 10], [15, 14, 8, 10, 13, 5, 12, 4, 7, 2, 1, 3, 9, 6, 0, 11], [1, 2, 3, 7, 0, 11, 6, 9, 10, 14, 15, 8, 4, 12, 13, 5], [6, 15, 10, 9, 14, 8, 13, 5, 4, 1, 12, 7, 11, 0, 2, 3], [12, 1, 7, 4, 2, 3, 0, 11, 9, 15, 6, 10, 5, 13, 14, 8], [14, 13, 5, 8, 12, 4, 1, 7, 3, 0, 2, 11, 10, 15, 6, 9], [2, 0, 11, 3, 6, 9, 15, 10, 8, 13, 14, 5, 7, 1, 12, 4], [4, 7, 2, 1, 3, 0, 11, 6, 15, 10, 9, 14, 12, 5, 8, 13], [9, 10, 14, 15, 8, 13, 5, 12, 1, 7, 4, 2, 6, 11, 3, 0], [3, 11, 6, 0, 9, 15, 10, 14, 13, 5, 8, 12, 2, 7, 4, 1], [8, 5, 12, 13, 4, 1, 7, 2, 0, 11, 3, 6, 14, 10, 9, 15]]","{""num_givens"": 100, ""grid_size"": 16}"
sudoku_cf4_hex_0028,sudoku_cf4_hex,counterfactual,"[[null, 8, null, null, null, 7, 13, 15, null, null, null, 11, 10, null, 0, null], [null, null, 5, 6, 10, null, 0, 3, 7, null, null, 4, null, null, 2, 9], [null, 10, null, null, null, null, null, 12, null, 2, null, 8, null, 7, 13, null], [null, null, null, null, 8, 14, 2, null, null, null, null, null, null, 5, null, 12], [null, 13, null, null, 2, 9, null, null, 3, null, null, null, 6, null, null, 14], [null, null, 3, 4, 6, null, null, null, null, 10, null, 2, null, null, null, 5], [null, 2, null, 10, 13, null, 11, 5, null, null, 14, null, null, null, 4, null], [null, null, null, 8, 0, 3, null, null, null, null, 5, null, null, 9, null, 1], [null, null, 8, null, null, null, 7, null, null, null, null, null, 9, null, null, null], [0, 9, 10, null, null, 11, null, 6, 8, null, 2, null, null, null, null, 13], [13, null, null, null, 12, 8, null, 2, 10, 1, null, null, null, 11, 5, null], [null, null, 11, null, null, 10, null, null, null, null, 13, 3, null, null, 14, 2], [null, 7, null, null, 14, null, null, null, null, null, null, null, null, null, null, 8], [4, null, 0, null, 5, 6, 12, null, null, null, null, null, null, 13, 15, null], [10, 14, null, null, 7, null, null, null, null, null, 8, null, 1, null, 3, 4], [null, null, null, null, null, null, null, null, 13, 15, 11, 7, null, 2, null, 10]]","Solve the following hexadecimal Sudoku puzzle.
Rule change: The grid is 16×16 (instead of 9×9). The blocks are 4×4 (instead of 3×3). The valid symbols are the hexadecimal digits {0, 1, 2, 3, 4, 5, 6, 7, 8, 9, A, B, C, D, E, F}. Each row, column, and 4×4 block must contain each symbol exactly once.

Puzzle (. = empty cell):
. 8 . . | . 7 D F | . . . B | A . . .
. . 5 6 | A . . 3 | 7 . . 4 | . . 2 9
. A . . | . . . C | . 2 . 8 | . 7 D .
. . . . | 8 E 2 . | . . . . | . 5 . C
-------------------------------------
. D . . | 2 9 . . | 3 . . . | 6 . . E
. . 3 4 | 6 . . . | . A . 2 | . . . 5
. 2 . A | D . B 5 | . . E . | . . 4 .
. . . 8 | . 3 . . | . . 5 . | . 9 . 1
-------------------------------------
. . 8 . | . . 7 . | . . . . | 9 . . .
. 9 A . | . B . 6 | 8 . 2 . | . . . D
D . . . | C 8 . 2 | A 1 . . | . B 5 .
. . B . | . A . . | . . D 3 | . . E 2
-------------------------------------
. 7 . . | E . . . | . . . . | . . . 8
4 . . . | 5 6 C . | . . . . | . D F .
A E . . | 7 . . . | . . 8 . | 1 . 3 4
. . . . | . . . . | D F B 7 | . 2 . A

Which of the following is the correct completed solution?","[[9, 8, 14, 2, 4, 7, 13, 15, 5, 6, 12, 11, 10, 1, 0, 3], [12, 11, 5, 6, 10, 1, 0, 3, 7, 13, 15, 4, 8, 14, 2, 9], [3, 10, 1, 0, 11, 5, 6, 12, 14, 2, 9, 8, 4, 7, 13, 15], [15, 4, 7, 13, 8, 14, 2, 9, 1, 0, 3, 10, 11, 5, 6, 12], [5, 13, 15, 11, 2, 9, 10, 1, 3, 4, 7, 0, 6, 12, 8, 14], [7, 0, 3, 4, 6, 12, 8, 14, 9, 10, 1, 2, 13, 15, 11, 5], [1, 2, 9, 10, 13, 15, 11, 5, 12, 8, 14, 6, 0, 3, 4, 7], [14, 6, 12, 8, 0, 3, 4, 7, 15, 11, 5, 13, 2, 9, 10, 1], [2, 12, 8, 14, 3, 4, 7, 13, 11, 5, 6, 15, 9, 10, 1, 0], [0, 9, 10, 1, 15, 11, 5, 6, 8, 14, 2, 12, 3, 4, 7, 13], [13, 3, 4, 7, 12, 8, 14, 2, 10, 1, 0, 9, 15, 11, 5, 6], [6, 15, 11, 5, 9, 10, 1, 0, 4, 7, 13, 3, 12, 8, 14, 2], [11, 7, 13, 6, 14, 2, 9, 10, 0, 3, 4, 1, 5, 15, 12, 8], [4, 1, 0, 3, 5, 6, 12, 8, 2, 9, 10, 14, 7, 13, 15, 11], [10, 14, 2, 9, 7, 13, 15, 11, 6, 12, 8, 5, 1, 0, 3, 4], [8, 5, 6, 12, 1, 0, 3, 4, 13, 15, 11, 7, 14, 2, 9, 10]]","[[9, 8, 14, 2, 4, 7, 13, 15, 5, 6, 12, 11, 10, 1, 0, 3], [12, 11, 5, 6, 10, 1, 0, 3, 7, 13, 15, 4, 8, 14, 2, 9], [3, 10, 1, 0, 11, 5, 6, 12, 14, 2, 9, 8, 4, 7, 13, 15], [15, 4, 7, 13, 8, 14, 2, 9, 1, 0, 3, 10, 11, 5, 6, 12], [5, 13, 15, 11, 2, 9, 10, 1, 3, 4, 7, 0, 6, 12, 8, 14], [7, 0, 3, 4, 6, 12, 8, 14, 9, 10, 1, 2, 13, 15, 11, 5], [1, 2, 9, 10, 13, 15, 11, 5, 12, 8, 14, 6, 0, 3, 4, 7], [14, 6, 12, 8, 0, 3, 4, 7, 15, 11, 5, 13, 2, 9, 10, 1], [2, 12, 8, 14, 3, 4, 7, 13, 11, 5, 6, 15, 9, 10, 1, 0], [0, 9, 10, 1, 15, 11, 5, 6, 8, 14, 2, 12, 3, 4, 7, 13], [13, 3, 4, 7, 12, 8, 14, 2, 10, 1, 0, 9, 15, 11, 5, 6], [6, 15, 11, 5, 9, 10, 1, 0, 4, 7, 13, 3, 12, 8, 14, 2], [11, 7, 13, 15, 14, 2, 9, 10, 0, 3, 4, 6, 5, 1, 12, 8], [4, 1, 0, 3, 5, 6, 12, 8, 2, 9, 10, 14, 7, 13, 15, 11], [10, 14, 2, 9, 7, 13, 15, 11, 6, 12, 8, 5, 1, 0, 3, 4], [8, 5, 6, 12, 1, 0, 3, 4, 13, 15, 11, 7, 14, 2, 9, 10]]","[[9, 8, 14, 2, 4, 7, 13, 15, 5, 6, 12, 11, 10, 1, 0, 3], [12, 11, 5, 6, 10, 1, 0, 3, 7, 13, 15, 4, 8, 14, 2, 9], [3, 10, 1, 0, 11, 5, 4, 12, 14, 2, 9, 8, 6, 7, 13, 15], [15, 4, 7, 13, 8, 14, 2, 9, 1, 0, 3, 10, 11, 5, 6, 12], [5, 13, 15, 11, 2, 9, 10, 1, 3, 4, 7, 0, 6, 12, 8, 14], [7, 0, 3, 4, 6, 12, 8, 14, 9, 10, 1, 2, 13, 15, 11, 5], [1, 2, 9, 10, 13, 15, 11, 5, 12, 8, 14, 6, 0, 3, 4, 7], [14, 6, 12, 8, 0, 3, 4, 7, 15, 11, 5, 13, 2, 9, 10, 1], [2, 12, 8, 14, 3, 4, 7, 13, 11, 5, 6, 15, 9, 10, 1, 0], [0, 9, 10, 1, 15, 11, 5, 6, 8, 14, 2, 12, 3, 4, 7, 13], [13, 3, 4, 7, 12, 8, 14, 2, 10, 1, 0, 9, 15, 11, 5, 6], [6, 15, 11, 5, 9, 10, 1, 0, 4, 7, 13, 3, 12, 8, 14, 2], [11, 7, 13, 15, 14, 2, 9, 10, 0, 3, 4, 1, 5, 6, 12, 8], [4, 1, 0, 3, 5, 6, 12, 8, 2, 9, 10, 14, 7, 13, 15, 11], [10, 14, 2, 9, 7, 13, 15, 11, 6, 12, 8, 5, 1, 0, 3, 4], [8, 5, 6, 12, 1, 0, 3, 4, 13, 15, 11, 7, 14, 2, 9, 10]]","[[9, 8, 14, 2, 4, 7, 13, 15, 5, 6, 12, 11, 10, 1, 0, 3], [12, 11, 5, 6, 10, 1, 0, 3, 7, 13, 15, 4, 8, 14, 2, 9], [3, 10, 1, 0, 11, 5, 6, 12, 14, 2, 9, 8, 4, 7, 13, 15], [15, 4, 7, 13, 8, 14, 2, 9, 1, 0, 3, 10, 11, 5, 6, 12], [5, 13, 15, 11, 2, 9, 10, 1, 3, 4, 7, 0, 6, 12, 8, 14], [7, 0, 3, 4, 6, 12, 8, 14, 9, 10, 1, 2, 13, 15, 11, 5], [1, 2, 9, 10, 13, 15, 11, 5, 12, 8, 14, 6, 0, 3, 4, 7], [14, 6, 12, 8, 0, 3, 4, 7, 15, 11, 5, 13, 2, 9, 10, 1], [2, 12, 8, 14, 3, 4, 7, 13, 11, 5, 6, 15, 9, 10, 1, 0], [0, 9, 10, 1, 15, 11, 5, 6, 8, 14, 2, 12, 3, 4, 7, 13], [13, 3, 4, 7, 12, 8, 14, 2, 10, 1, 0, 9, 15, 11, 5, 6], [6, 15, 11, 5, 9, 10, 1, 0, 4, 7, 13, 3, 12, 8, 14, 2], [11, 7, 13, 15, 14, 2, 9, 10, 0, 3, 4, 1, 5, 6, 12, 8], [4, 1, 0, 3, 5, 6, 12, 8, 2, 9, 10, 14, 7, 13, 15, 11], [10, 14, 2, 9, 7, 13, 15, 11, 6, 12, 8, 5, 1, 0, 3, 4], [8, 5, 6, 12, 1, 0, 3, 4, 13, 15, 11, 7, 14, 2, 9, 10]]",D,"[[9, 8, 14, 2, 4, 7, 13, 15, 5, 6, 12, 11, 10, 1, 0, 3], [12, 11, 5, 6, 10, 1, 0, 3, 7, 13, 15, 4, 8, 14, 2, 9], [3, 10, 1, 0, 11, 5, 6, 12, 14, 2, 9, 8, 4, 7, 13, 15], [15, 4, 7, 13, 8, 14, 2, 9, 1, 0, 3, 10, 11, 5, 6, 12], [5, 13, 15, 11, 2, 9, 10, 1, 3, 4, 7, 0, 6, 12, 8, 14], [7, 0, 3, 4, 6, 12, 8, 14, 9, 10, 1, 2, 13, 15, 11, 5], [1, 2, 9, 10, 13, 15, 11, 5, 12, 8, 14, 6, 0, 3, 4, 7], [14, 6, 12, 8, 0, 3, 4, 7, 15, 11, 5, 13, 2, 9, 10, 1], [2, 12, 8, 14, 3, 4, 7, 13, 11, 5, 6, 15, 9, 10, 1, 0], [0, 9, 10, 1, 15, 11, 5, 6, 8, 14, 2, 12, 3, 4, 7, 13], [13, 3, 4, 7, 12, 8, 14, 2, 10, 1, 0, 9, 15, 11, 5, 6], [6, 15, 11, 5, 9, 10, 1, 0, 4, 7, 13, 3, 12, 8, 14, 2], [11, 7, 13, 15, 14, 2, 9, 10, 0, 3, 4, 1, 5, 6, 12, 8], [4, 1, 0, 3, 5, 6, 12, 8, 2, 9, 10, 14, 7, 13, 15, 11], [10, 14, 2, 9, 7, 13, 15, 11, 6, 12, 8, 5, 1, 0, 3, 4], [8, 5, 6, 12, 1, 0, 3, 4, 13, 15, 11, 7, 14, 2, 9, 10]]","{""num_givens"": 100, ""grid_size"": 16}"
sudoku_cf4_hex_0029,sudoku_cf4_hex,counterfactual,"[[null, 12, 13, null, null, null, null, 4, null, null, 6, 15, 7, null, null, null], [null, null, null, null, null, 13, null, null, null, 1, 4, 2, 10, null, 0, 6], [null, null, null, 15, null, 14, 7, 3, 13, null, 12, 11, null, null, null, null], [null, null, null, 2, 15, null, null, null, null, 7, 3, null, null, null, 13, null], [null, null, 15, null, 7, null, null, null, null, 3, 13, null, null, null, null, null], [null, null, null, null, null, 15, null, 0, null, null, 14, null, 3, 8, null, 13], [null, null, null, null, null, null, null, null, 2, 12, 9, 1, null, 10, null, null], [3, 13, null, null, null, 2, null, null, null, 4, null, null, 6, null, null, 14], [null, 10, null, 9, 0, null, null, 7, null, null, null, null, null, null, 12, 1], [null, null, null, null, null, null, null, null, null, null, 7, null, 5, null, 3, null], [null, 7, 6, null, null, 3, null, null, null, null, 1, 13, null, null, null, 10], [5, null, null, null, 13, 12, null, null, null, 2, 10, 9, null, null, null, 7], [null, 15, null, 4, 6, 7, null, 5, 8, 14, null, null, 13, null, 1, null], [null, 5, 7, null, 3, null, null, 11, 1, null, 2, 12, 9, null, null, 15], [14, 11, null, 3, null, 1, 13, null, null, null, null, null, null, 6, null, 5], [null, null, 1, null, null, null, 9, 15, null, null, null, 6, 14, 3, null, 11]]","Solve the following hexadecimal Sudoku puzzle.
Rule change: The grid is 16×16 (instead of 9×9). The blocks are 4×4 (instead of 3×3). The valid symbols are the hexadecimal digits {0, 1, 2, 3, 4, 5, 6, 7, 8, 9, A, B, C, D, E, F}. Each row, column, and 4×4 block must contain each symbol exactly once.

Puzzle (. = empty cell):
. C D . | . . . 4 | . . 6 F | 7 . . .
. . . . | . D . . | . 1 4 2 | A . . 6
. . . F | . E 7 3 | D . C B | . . . .
. . . 2 | F . . . | . 7 3 . | . . D .
-------------------------------------
. . F . | 7 . . . | . 3 D . | . . . .
. . . . | . F . . | . . E . | 3 8 . D
. . . . | . . . . | 2 C 9 1 | . A . .
3 D . . | . 2 . . | . 4 . . | 6 . . E
-------------------------------------
. A . 9 | . . . 7 | . . . . | . . C 1
. . . . | . . . . | . . 7 . | 5 . 3 .
. 7 6 . | . 3 . . | . . 1 D | . . . A
5 . . . | D C . . | . 2 A 9 | . . . 7
-------------------------------------
. F . 4 | 6 7 . 5 | 8 E . . | D . 1 .
. 5 7 . | 3 . . B | 1 . 2 C | 9 . . F
E B . 3 | . 1 D . | . . . . | . 6 . 5
. . 1 . | . . 9 F | . . . 6 | E 3 . B

Which of the following is the correct completed solution?","[[8, 12, 13, 11, 2, 9, 1, 4, 0, 10, 6, 15, 7, 5, 14, 3], [7, 3, 14, 5, 11, 13, 8, 12, 9, 1, 4, 2, 10, 15, 0, 6], [10, 6, 0, 15, 5, 14, 7, 3, 13, 8, 12, 11, 1, 2, 9, 4], [1, 4, 9, 2, 15, 0, 10, 6, 14, 7, 3, 5, 8, 11, 13, 12], [4, 0, 15, 10, 7, 5, 6, 14, 11, 3, 13, 8, 12, 1, 2, 9], [12, 9, 2, 1, 10, 15, 4, 0, 5, 6, 14, 7, 3, 8, 11, 13], [6, 14, 5, 7, 8, 11, 3, 13, 2, 12, 9, 1, 4, 10, 15, 0], [3, 13, 11, 8, 1, 2, 12, 9, 15, 4, 0, 10, 6, 7, 5, 14], [2, 10, 4, 9, 0, 6, 15, 7, 3, 5, 8, 14, 11, 13, 12, 1], [11, 1, 12, 13, 9, 4, 2, 10, 6, 15, 7, 0, 5, 14, 3, 8], [15, 7, 6, 0, 14, 3, 5, 8, 12, 11, 1, 13, 2, 9, 4, 10], [5, 8, 3, 14, 13, 12, 11, 1, 4, 2, 10, 9, 15, 0, 6, 7], [9, 15, 10, 4, 6, 7, 0, 5, 8, 14, 11, 3, 13, 12, 1, 2], [0, 5, 7, 6, 3, 8, 14, 11, 1, 13, 2, 12, 9, 4, 10, 15], [14, 11, 8, 3, 12, 1, 13, 2, 10, 9, 15, 4, 0, 6, 7, 5], [13, 2, 1, 12, 4, 10, 9, 15, 7, 0, 5, 6, 14, 3, 8, 11]]","[[8, 12, 13, 11, 2, 9, 1, 4, 0, 10, 6, 15, 7, 5, 14, 3], [7, 3, 14, 12, 11, 13, 8, 5, 9, 1, 4, 2, 10, 15, 0, 6], [10, 6, 0, 15, 5, 14, 7, 3, 13, 8, 12, 11, 1, 2, 9, 4], [1, 4, 9, 2, 15, 0, 10, 6, 14, 7, 3, 5, 8, 11, 13, 12], [4, 0, 15, 10, 7, 5, 6, 14, 11, 3, 13, 8, 12, 1, 2, 9], [12, 9, 2, 1, 10, 15, 4, 0, 5, 6, 14, 7, 3, 8, 11, 13], [6, 14, 5, 7, 8, 11, 3, 13, 2, 12, 9, 1, 4, 10, 15, 0], [3, 13, 11, 8, 1, 2, 12, 9, 15, 4, 0, 10, 6, 7, 5, 14], [2, 10, 4, 9, 0, 6, 15, 7, 3, 5, 8, 14, 11, 13, 12, 1], [11, 1, 12, 13, 9, 4, 2, 10, 6, 15, 7, 0, 5, 14, 3, 8], [15, 7, 6, 0, 14, 3, 5, 8, 12, 11, 1, 13, 2, 9, 4, 10], [5, 8, 3, 14, 13, 12, 11, 1, 4, 2, 10, 9, 15, 0, 6, 7], [9, 15, 10, 4, 6, 7, 0, 5, 8, 14, 11, 3, 13, 12, 1, 2], [0, 5, 7, 6, 3, 8, 14, 11, 1, 13, 2, 12, 9, 4, 10, 15], [14, 11, 8, 3, 12, 1, 13, 2, 10, 9, 15, 4, 0, 6, 7, 5], [13, 2, 1, 12, 4, 10, 9, 15, 7, 0, 5, 6, 14, 3, 8, 11]]","[[8, 12, 13, 11, 2, 9, 1, 4, 0, 10, 6, 15, 7, 5, 14, 3], [7, 3, 14, 5, 11, 13, 8, 12, 9, 1, 4, 2, 10, 15, 0, 6], [10, 6, 0, 15, 5, 14, 7, 3, 13, 8, 12, 11, 1, 2, 9, 4], [1, 4, 9, 2, 15, 0, 10, 6, 14, 7, 3, 5, 8, 11, 13, 12], [4, 0, 15, 10, 7, 5, 6, 14, 11, 3, 13, 8, 12, 1, 2, 9], [12, 9, 2, 1, 10, 15, 4, 0, 5, 6, 14, 7, 3, 8, 11, 13], [6, 14, 5, 11, 8, 7, 3, 13, 2, 12, 9, 1, 4, 10, 15, 0], [3, 13, 11, 8, 1, 2, 12, 9, 15, 4, 0, 10, 6, 7, 5, 14], [2, 10, 4, 9, 0, 6, 15, 7, 3, 5, 8, 14, 11, 13, 12, 1], [11, 1, 12, 13, 9, 4, 2, 10, 6, 15, 7, 0, 5, 14, 3, 8], [15, 7, 6, 0, 14, 3, 5, 8, 12, 11, 1, 13, 2, 9, 4, 10], [5, 8, 3, 14, 13, 12, 11, 1, 4, 2, 10, 9, 15, 0, 6, 7], [9, 15, 10, 4, 6, 7, 0, 5, 8, 14, 11, 3, 13, 12, 1, 2], [0, 5, 7, 6, 3, 8, 14, 11, 1, 13, 2, 12, 9, 4, 10, 15], [14, 11, 8, 3, 12, 1, 13, 2, 10, 9, 15, 4, 0, 6, 7, 5], [13, 2, 1, 12, 4, 10, 9, 15, 7, 0, 5, 6, 14, 3, 8, 11]]","[[8, 12, 13, 11, 2, 9, 1, 4, 0, 10, 6, 15, 7, 5, 14, 3], [7, 3, 14, 5, 11, 13, 8, 12, 9, 1, 4, 2, 10, 15, 0, 6], [10, 6, 0, 15, 5, 14, 7, 3, 13, 8, 12, 11, 1, 2, 9, 4], [1, 4, 9, 2, 15, 0, 10, 6, 14, 7, 3, 5, 8, 11, 13, 12], [4, 0, 15, 10, 7, 5, 6, 14, 11, 3, 13, 8, 12, 1, 2, 9], [12, 9, 2, 1, 10, 15, 4, 0, 5, 6, 14, 7, 3, 8, 11, 13], [6, 14, 5, 7, 8, 11, 3, 13, 2, 12, 9, 1, 4, 10, 15, 0], [3, 13, 11, 8, 1, 2, 12, 9, 15, 4, 0, 10, 6, 7, 5, 14], [2, 10, 4, 9, 0, 6, 15, 7, 3, 5, 8, 14, 11, 13, 12, 1], [11, 1, 12, 13, 9, 4, 2, 10, 6, 15, 7, 0, 5, 14, 3, 8], [15, 7, 6, 0, 14, 3, 5, 8, 12, 11, 1, 13, 2, 9, 4, 10], [5, 8, 3, 14, 13, 12, 11, 1, 4, 2, 10, 9, 15, 0, 6, 7], [9, 15, 10, 4, 6, 7, 0, 5, 8, 14, 11, 3, 13, 12, 1, 2], [0, 5, 7, 6, 3, 8, 14, 11, 1, 13, 2, 12, 9, 4, 10, 15], [14, 11, 8, 3, 12, 1, 13, 2, 10, 9, 15, 4, 0, 6, 7, 5], [13, 2, 1, 12, 4, 10, 9, 15, 5, 0, 7, 6, 14, 3, 8, 11]]",A,"[[8, 12, 13, 11, 2, 9, 1, 4, 0, 10, 6, 15, 7, 5, 14, 3], [7, 3, 14, 5, 11, 13, 8, 12, 9, 1, 4, 2, 10, 15, 0, 6], [10, 6, 0, 15, 5, 14, 7, 3, 13, 8, 12, 11, 1, 2, 9, 4], [1, 4, 9, 2, 15, 0, 10, 6, 14, 7, 3, 5, 8, 11, 13, 12], [4, 0, 15, 10, 7, 5, 6, 14, 11, 3, 13, 8, 12, 1, 2, 9], [12, 9, 2, 1, 10, 15, 4, 0, 5, 6, 14, 7, 3, 8, 11, 13], [6, 14, 5, 7, 8, 11, 3, 13, 2, 12, 9, 1, 4, 10, 15, 0], [3, 13, 11, 8, 1, 2, 12, 9, 15, 4, 0, 10, 6, 7, 5, 14], [2, 10, 4, 9, 0, 6, 15, 7, 3, 5, 8, 14, 11, 13, 12, 1], [11, 1, 12, 13, 9, 4, 2, 10, 6, 15, 7, 0, 5, 14, 3, 8], [15, 7, 6, 0, 14, 3, 5, 8, 12, 11, 1, 13, 2, 9, 4, 10], [5, 8, 3, 14, 13, 12, 11, 1, 4, 2, 10, 9, 15, 0, 6, 7], [9, 15, 10, 4, 6, 7, 0, 5, 8, 14, 11, 3, 13, 12, 1, 2], [0, 5, 7, 6, 3, 8, 14, 11, 1, 13, 2, 12, 9, 4, 10, 15], [14, 11, 8, 3, 12, 1, 13, 2, 10, 9, 15, 4, 0, 6, 7, 5], [13, 2, 1, 12, 4, 10, 9, 15, 7, 0, 5, 6, 14, 3, 8, 11]]","{""num_givens"": 100, ""grid_size"": 16}"
sudoku_cf4_hex_0030,sudoku_cf4_hex,counterfactual,"[[null, null, null, null, 14, 3, 15, 13, null, null, null, 10, null, 11, 7, 2], [12, null, null, null, null, 4, 5, 8, null, 2, null, null, null, 14, 15, null], [9, null, null, null, 10, null, null, 12, null, null, null, 14, null, null, 5, null], [null, null, null, 3, 11, null, null, null, null, null, null, 1, 12, 10, null, 6], [null, 6, 12, null, 4, null, null, null, null, 14, null, null, 5, 3, 13, null], [null, 4, 8, 10, null, null, null, 5, null, null, null, null, null, null, null, null], [5, 3, 13, 1, null, null, 9, null, 0, 10, 8, null, null, null, null, 11], [null, 2, 9, null, null, null, 12, null, null, null, null, 3, null, 4, 8, null], [10, 0, 4, null, null, null, null, 1, 11, null, 6, null, null, 15, 2, null], [null, 7, null, null, 0, null, 4, null, 14, null, null, 15, null, 5, null, null], [null, null, 2, null, null, null, null, null, null, null, null, null, null, 0, 4, null], [null, null, 3, 8, 15, null, 2, 14, null, null, null, null, null, null, 6, null], [null, null, null, null, 9, null, null, null, 4, 0, 1, null, null, null, 10, null], [null, null, null, 7, 8, null, 1, null, null, null, null, null, 3, 13, null, 5], [null, 8, 1, 0, 13, null, 14, null, 6, 7, null, 12, null, null, null, 15], [null, null, 11, null, 12, null, null, null, 3, null, null, null, 4, null, null, 0]]","Solve the following hexadecimal Sudoku puzzle.
Rule change: The grid is 16×16 (instead of 9×9). The blocks are 4×4 (instead of 3×3). The valid symbols are the hexadecimal digits {0, 1, 2, 3, 4, 5, 6, 7, 8, 9, A, B, C, D, E, F}. Each row, column, and 4×4 block must contain each symbol exactly once.

Puzzle (. = empty cell):
. . . . | E 3 F D | . . . A | . B 7 2
C . . . | . 4 5 8 | . 2 . . | . E F .
9 . . . | A . . C | . . . E | . . 5 .
. . . 3 | B . . . | . . . 1 | C A . 6
-------------------------------------
. 6 C . | 4 . . . | . E . . | 5 3 D .
. 4 8 A | . . . 5 | . . . . | . . . .
5 3 D 1 | . . 9 . | . A 8 . | . . . B
. 2 9 . | . . C . | . . . 3 | . 4 8 .
-------------------------------------
A . 4 . | . . . 1 | B . 6 . | . F 2 .
. 7 . . | . . 4 . | E . . F | . 5 . .
. . 2 . | . . . . | . . . . | . . 4 .
. . 3 8 | F . 2 E | . . . . | . . 6 .
-------------------------------------
. . . . | 9 . . . | 4 . 1 . | . . A .
. . . 7 | 8 . 1 . | . . . . | 3 D . 5
. 8 1 . | D . E . | 6 7 . C | . . . F
. . B . | C . . . | 3 . . . | 4 . . .

Which of the following is the correct completed solution?","[[8, 1, 5, 4, 14, 3, 15, 13, 12, 6, 0, 10, 9, 11, 7, 2], [12, 10, 0, 6, 1, 4, 5, 8, 9, 2, 13, 11, 7, 14, 15, 3], [9, 11, 7, 2, 10, 6, 0, 12, 13, 3, 15, 14, 8, 1, 5, 4], [13, 14, 15, 3, 11, 2, 7, 9, 8, 4, 5, 1, 12, 10, 0, 6], [7, 6, 12, 11, 4, 10, 8, 0, 15, 14, 9, 2, 5, 3, 13, 1], [0, 4, 8, 10, 3, 1, 13, 5, 7, 11, 12, 6, 15, 2, 9, 14], [5, 3, 13, 1, 2, 14, 9, 15, 0, 10, 8, 4, 7, 6, 12, 11], [15, 2, 9, 14, 6, 11, 12, 7, 5, 1, 13, 3, 0, 4, 8, 10], [10, 0, 4, 12, 5, 8, 3, 1, 11, 9, 6, 7, 14, 15, 2, 13], [11, 7, 6, 9, 0, 12, 4, 10, 14, 13, 2, 15, 1, 5, 3, 8], [14, 15, 2, 13, 7, 9, 6, 11, 1, 8, 3, 5, 10, 0, 4, 12], [1, 5, 3, 8, 15, 13, 2, 14, 10, 12, 4, 0, 11, 7, 6, 9], [3, 13, 14, 5, 9, 15, 11, 2, 4, 0, 1, 8, 6, 12, 10, 7], [6, 12, 10, 7, 8, 0, 1, 4, 2, 15, 11, 9, 3, 13, 14, 5], [4, 8, 1, 0, 13, 5, 14, 3, 6, 7, 10, 12, 2, 9, 11, 15], [2, 9, 11, 15, 12, 7, 10, 6, 3, 5, 14, 13, 4, 8, 1, 0]]","[[8, 1, 5, 4, 14, 3, 15, 13, 12, 6, 0, 10, 9, 11, 7, 2], [12, 10, 0, 6, 1, 4, 5, 8, 9, 2, 7, 11, 13, 14, 15, 3], [9, 11, 7, 2, 10, 6, 0, 12, 13, 3, 15, 14, 8, 1, 5, 4], [13, 14, 15, 3, 11, 2, 7, 9, 8, 4, 5, 1, 12, 10, 0, 6], [7, 6, 12, 11, 4, 10, 8, 0, 15, 14, 9, 2, 5, 3, 13, 1], [0, 4, 8, 10, 3, 1, 13, 5, 7, 11, 12, 6, 15, 2, 9, 14], [5, 3, 13, 1, 2, 14, 9, 15, 0, 10, 8, 4, 7, 6, 12, 11], [15, 2, 9, 14, 6, 11, 12, 7, 5, 1, 13, 3, 0, 4, 8, 10], [10, 0, 4, 12, 5, 8, 3, 1, 11, 9, 6, 7, 14, 15, 2, 13], [11, 7, 6, 9, 0, 12, 4, 10, 14, 13, 2, 15, 1, 5, 3, 8], [14, 15, 2, 13, 7, 9, 6, 11, 1, 8, 10, 5, 3, 0, 4, 12], [1, 5, 3, 8, 15, 13, 2, 14, 10, 12, 4, 0, 11, 7, 6, 9], [3, 13, 14, 5, 9, 15, 11, 2, 4, 0, 1, 8, 6, 12, 10, 7], [6, 12, 10, 7, 8, 0, 1, 4, 2, 15, 11, 9, 3, 13, 14, 5], [4, 8, 1, 0, 13, 5, 14, 3, 6, 7, 10, 12, 2, 9, 11, 15], [2, 9, 11, 15, 12, 7, 10, 6, 3, 5, 14, 13, 4, 8, 1, 0]]","[[8, 1, 5, 4, 14, 3, 15, 13, 12, 6, 0, 10, 9, 11, 7, 2], [12, 10, 0, 6, 1, 4, 5, 8, 9, 2, 7, 11, 13, 14, 15, 3], [9, 11, 7, 2, 10, 6, 0, 12, 13, 3, 15, 14, 8, 1, 5, 4], [13, 14, 15, 3, 11, 2, 7, 9, 8, 4, 5, 1, 12, 10, 0, 6], [7, 6, 12, 11, 4, 10, 8, 0, 15, 14, 9, 2, 5, 3, 13, 1], [0, 4, 8, 10, 3, 1, 13, 5, 7, 11, 12, 6, 15, 2, 9, 14], [5, 3, 13, 1, 2, 14, 9, 15, 0, 10, 8, 4, 7, 6, 12, 11], [15, 2, 9, 14, 6, 11, 12, 7, 5, 1, 13, 3, 0, 4, 8, 10], [10, 0, 4, 12, 5, 8, 3, 1, 11, 9, 6, 7, 14, 15, 2, 13], [11, 7, 6, 9, 0, 12, 4, 10, 14, 13, 2, 15, 1, 5, 3, 8], [14, 15, 2, 13, 7, 9, 6, 11, 1, 8, 3, 10, 5, 0, 4, 12], [1, 5, 3, 8, 15, 13, 2, 14, 10, 12, 4, 0, 11, 7, 6, 9], [3, 13, 14, 5, 9, 15, 11, 2, 4, 0, 1, 8, 6, 12, 10, 7], [6, 12, 10, 7, 8, 0, 1, 4, 2, 15, 11, 9, 3, 13, 14, 5], [4, 8, 1, 0, 13, 5, 14, 3, 6, 7, 10, 12, 2, 9, 11, 15], [2, 9, 11, 15, 12, 7, 10, 6, 3, 5, 14, 13, 4, 8, 1, 0]]","[[8, 1, 5, 4, 14, 3, 15, 13, 12, 6, 0, 10, 9, 11, 7, 2], [12, 10, 0, 6, 1, 4, 5, 8, 9, 2, 7, 11, 13, 14, 15, 3], [9, 11, 7, 2, 10, 6, 0, 12, 13, 3, 15, 14, 8, 1, 5, 4], [13, 14, 15, 3, 11, 2, 7, 9, 8, 4, 5, 1, 12, 10, 0, 6], [7, 6, 12, 11, 4, 10, 8, 0, 15, 14, 9, 2, 5, 3, 13, 1], [0, 4, 8, 10, 3, 1, 13, 5, 7, 11, 12, 6, 15, 2, 9, 14], [5, 3, 13, 1, 2, 14, 9, 15, 0, 10, 8, 4, 7, 6, 12, 11], [15, 2, 9, 14, 6, 11, 12, 7, 5, 1, 13, 3, 0, 4, 8, 10], [10, 0, 4, 12, 5, 8, 3, 1, 11, 9, 6, 7, 14, 15, 2, 13], [11, 7, 6, 9, 0, 12, 4, 10, 14, 13, 2, 15, 1, 5, 3, 8], [14, 15, 2, 13, 7, 9, 6, 11, 1, 8, 3, 5, 10, 0, 4, 12], [1, 5, 3, 8, 15, 13, 2, 14, 10, 12, 4, 0, 11, 7, 6, 9], [3, 13, 14, 5, 9, 15, 11, 2, 4, 0, 1, 8, 6, 12, 10, 7], [6, 12, 10, 7, 8, 0, 1, 4, 2, 15, 11, 9, 3, 13, 14, 5], [4, 8, 1, 0, 13, 5, 14, 3, 6, 7, 10, 12, 2, 9, 11, 15], [2, 9, 11, 15, 12, 7, 10, 6, 3, 5, 14, 13, 4, 8, 1, 0]]",D,"[[8, 1, 5, 4, 14, 3, 15, 13, 12, 6, 0, 10, 9, 11, 7, 2], [12, 10, 0, 6, 1, 4, 5, 8, 9, 2, 7, 11, 13, 14, 15, 3], [9, 11, 7, 2, 10, 6, 0, 12, 13, 3, 15, 14, 8, 1, 5, 4], [13, 14, 15, 3, 11, 2, 7, 9, 8, 4, 5, 1, 12, 10, 0, 6], [7, 6, 12, 11, 4, 10, 8, 0, 15, 14, 9, 2, 5, 3, 13, 1], [0, 4, 8, 10, 3, 1, 13, 5, 7, 11, 12, 6, 15, 2, 9, 14], [5, 3, 13, 1, 2, 14, 9, 15, 0, 10, 8, 4, 7, 6, 12, 11], [15, 2, 9, 14, 6, 11, 12, 7, 5, 1, 13, 3, 0, 4, 8, 10], [10, 0, 4, 12, 5, 8, 3, 1, 11, 9, 6, 7, 14, 15, 2, 13], [11, 7, 6, 9, 0, 12, 4, 10, 14, 13, 2, 15, 1, 5, 3, 8], [14, 15, 2, 13, 7, 9, 6, 11, 1, 8, 3, 5, 10, 0, 4, 12], [1, 5, 3, 8, 15, 13, 2, 14, 10, 12, 4, 0, 11, 7, 6, 9], [3, 13, 14, 5, 9, 15, 11, 2, 4, 0, 1, 8, 6, 12, 10, 7], [6, 12, 10, 7, 8, 0, 1, 4, 2, 15, 11, 9, 3, 13, 14, 5], [4, 8, 1, 0, 13, 5, 14, 3, 6, 7, 10, 12, 2, 9, 11, 15], [2, 9, 11, 15, 12, 7, 10, 6, 3, 5, 14, 13, 4, 8, 1, 0]]","{""num_givens"": 100, ""grid_size"": 16}"
sudoku_cf4_hex_0031,sudoku_cf4_hex,counterfactual,"[[null, null, 5, 3, null, null, 14, null, null, null, null, 1, null, 12, 13, 9], [null, 15, null, null, null, null, null, null, null, 12, 9, 13, null, null, null, null], [7, null, null, 2, null, 0, null, null, null, null, null, null, null, null, null, 3], [0, 13, 12, 9, null, null, null, null, null, null, null, null, 6, null, 15, null], [null, 12, null, null, null, null, null, null, null, null, 1, null, 14, null, null, 13], [null, null, null, null, 6, 14, 13, 11, 2, null, 15, 8, null, null, 12, null], [null, null, 7, null, null, null, null, null, null, null, null, 11, 3, 4, null, 1], [null, 11, null, null, 4, null, 1, 5, 9, 0, null, 12, null, null, null, null], [null, 9, 10, 4, 15, null, null, null, null, null, 7, null, null, null, null, 0], [11, null, 15, null, 10, 5, 4, 9, 12, 13, 0, null, null, null, 3, 7], [null, null, null, 7, null, null, 0, null, 11, 15, null, null, 5, 10, null, null], [null, null, null, null, null, null, 7, null, null, 10, 4, null, null, null, 2, 6], [null, 7, 2, null, null, null, null, null, 13, 14, 12, 6, 1, null, null, null], [null, null, null, null, null, null, null, 6, null, 2, 11, null, null, 9, null, null], [10, 0, null, null, null, null, 11, 7, 1, 3, null, null, 13, null, 6, null], [null, 6, 14, null, null, null, null, null, 10, 9, null, 0, 15, 2, null, 11]]","Solve the following hexadecimal Sudoku puzzle.
Rule change: The grid is 16×16 (instead of 9×9). The blocks are 4×4 (instead of 3×3). The valid symbols are the hexadecimal digits {0, 1, 2, 3, 4, 5, 6, 7, 8, 9, A, B, C, D, E, F}. Each row, column, and 4×4 block must contain each symbol exactly once.

Puzzle (. = empty cell):
. . 5 3 | . . E . | . . . 1 | . C D 9
. F . . | . . . . | . C 9 D | . . . .
7 . . 2 | . . . . | . . . . | . . . 3
. D C 9 | . . . . | . . . . | 6 . F .
-------------------------------------
. C . . | . . . . | . . 1 . | E . . D
. . . . | 6 E D B | 2 . F 8 | . . C .
. . 7 . | . . . . | . . . B | 3 4 . 1
. B . . | 4 . 1 5 | 9 . . C | . . . .
-------------------------------------
. 9 A 4 | F . . . | . . 7 . | . . . .
B . F . | A 5 4 9 | C D . . | . . 3 7
. . . 7 | . . . . | B F . . | 5 A . .
. . . . | . . 7 . | . A 4 . | . . 2 6
-------------------------------------
. 7 2 . | . . . . | D E C 6 | 1 . . .
. . . . | . . . 6 | . 2 B . | . 9 . .
A . . . | . . B 7 | 1 3 . . | D . 6 .
. 6 E . | . . . . | A 9 . . | F 2 . B

Which of the following is the correct completed solution?","[[4, 10, 5, 3, 11, 6, 14, 15, 7, 8, 2, 1, 0, 12, 13, 9], [6, 15, 11, 14, 5, 4, 3, 10, 0, 12, 9, 13, 7, 8, 1, 2], [7, 1, 8, 2, 12, 0, 9, 13, 6, 11, 14, 15, 4, 5, 10, 3], [0, 13, 12, 9, 8, 7, 2, 1, 4, 5, 3, 10, 6, 11, 15, 14], [9, 12, 0, 10, 7, 2, 15, 8, 3, 4, 1, 5, 14, 6, 11, 13], [3, 5, 4, 1, 6, 14, 13, 11, 2, 7, 15, 8, 9, 0, 12, 10], [2, 8, 7, 15, 0, 9, 10, 12, 14, 6, 13, 11, 3, 4, 5, 1], [14, 11, 6, 13, 4, 3, 1, 5, 9, 0, 10, 12, 15, 7, 8, 2], [5, 9, 10, 4, 15, 11, 6, 2, 8, 1, 7, 3, 12, 13, 14, 0], [11, 2, 15, 6, 10, 5, 4, 9, 12, 13, 0, 14, 8, 1, 3, 7], [8, 3, 1, 7, 13, 12, 0, 14, 11, 15, 6, 2, 5, 10, 9, 4], [12, 14, 13, 0, 1, 8, 7, 3, 5, 10, 4, 9, 11, 15, 2, 6], [15, 7, 2, 11, 9, 10, 5, 0, 13, 14, 12, 6, 1, 3, 4, 8], [1, 4, 3, 8, 14, 13, 12, 6, 15, 2, 11, 7, 10, 9, 0, 5], [10, 0, 9, 5, 2, 15, 11, 7, 1, 3, 8, 4, 13, 14, 6, 12], [13, 6, 14, 12, 3, 1, 8, 4, 10, 9, 5, 0, 15, 2, 7, 11]]","[[4, 10, 5, 3, 11, 6, 14, 15, 7, 8, 2, 1, 0, 12, 13, 9], [6, 15, 11, 14, 5, 4, 3, 10, 0, 12, 9, 13, 7, 8, 1, 2], [7, 1, 8, 2, 12, 0, 9, 13, 6, 11, 14, 15, 10, 5, 4, 3], [0, 13, 12, 9, 8, 7, 2, 1, 4, 5, 3, 10, 6, 11, 15, 14], [9, 12, 0, 10, 7, 2, 15, 8, 3, 4, 1, 5, 14, 6, 11, 13], [3, 5, 4, 1, 6, 14, 13, 11, 2, 7, 15, 8, 9, 0, 12, 10], [2, 8, 7, 15, 0, 9, 10, 12, 14, 6, 13, 11, 3, 4, 5, 1], [14, 11, 6, 13, 4, 3, 1, 5, 9, 0, 10, 12, 2, 7, 8, 15], [5, 9, 10, 4, 15, 11, 6, 2, 8, 1, 7, 3, 12, 13, 14, 0], [11, 2, 15, 6, 10, 5, 4, 9, 12, 13, 0, 14, 8, 1, 3, 7], [8, 3, 1, 7, 13, 12, 0, 14, 11, 15, 6, 2, 5, 10, 9, 4], [12, 14, 13, 0, 1, 8, 7, 3, 5, 10, 4, 9, 11, 15, 2, 6], [15, 7, 2, 11, 9, 10, 5, 0, 13, 14, 12, 6, 1, 3, 4, 8], [1, 4, 3, 8, 14, 13, 12, 6, 15, 2, 11, 7, 10, 9, 0, 5], [10, 0, 9, 5, 2, 15, 11, 7, 1, 3, 8, 4, 13, 14, 6, 12], [13, 6, 14, 12, 3, 1, 8, 4, 10, 9, 5, 0, 15, 2, 7, 11]]","[[4, 10, 5, 3, 11, 6, 14, 15, 7, 8, 2, 1, 0, 12, 13, 9], [6, 15, 11, 14, 5, 4, 3, 10, 0, 12, 9, 13, 7, 8, 1, 2], [7, 1, 8, 2, 12, 0, 9, 13, 6, 11, 14, 15, 4, 5, 10, 3], [0, 13, 12, 9, 8, 7, 2, 1, 4, 5, 3, 10, 6, 11, 15, 14], [9, 12, 0, 10, 7, 2, 15, 8, 3, 4, 1, 5, 14, 6, 11, 13], [3, 5, 4, 1, 6, 14, 13, 11, 2, 7, 15, 8, 9, 0, 12, 10], [2, 8, 7, 15, 0, 9, 10, 12, 14, 6, 13, 11, 3, 4, 5, 1], [14, 11, 6, 13, 4, 3, 1, 5, 9, 0, 10, 12, 2, 7, 8, 15], [5, 9, 10, 4, 15, 11, 6, 2, 8, 1, 7, 3, 12, 13, 14, 0], [11, 2, 15, 6, 10, 5, 4, 9, 12, 13, 0, 14, 8, 1, 3, 7], [8, 3, 1, 7, 13, 12, 0, 14, 11, 15, 6, 2, 5, 10, 9, 4], [12, 14, 13, 0, 1, 8, 7, 3, 5, 10, 4, 9, 11, 15, 2, 6], [15, 7, 2, 11, 9, 10, 5, 0, 13, 14, 12, 6, 1, 3, 4, 8], [1, 4, 3, 8, 14, 13, 12, 6, 15, 2, 11, 7, 10, 9, 0, 5], [10, 0, 9, 5, 2, 15, 11, 7, 1, 3, 8, 4, 13, 14, 6, 12], [13, 6, 14, 12, 3, 1, 8, 4, 10, 9, 5, 0, 15, 2, 7, 11]]","[[4, 10, 5, 3, 11, 6, 14, 15, 7, 8, 2, 1, 0, 12, 13, 9], [6, 15, 11, 14, 5, 4, 3, 10, 0, 12, 9, 13, 7, 8, 1, 2], [7, 1, 8, 2, 12, 0, 9, 13, 6, 11, 14, 15, 4, 5, 10, 3], [0, 13, 12, 9, 8, 7, 2, 1, 4, 5, 3, 10, 6, 11, 15, 14], [9, 12, 0, 10, 7, 2, 15, 8, 3, 4, 1, 5, 14, 6, 11, 13], [3, 5, 4, 1, 6, 14, 13, 11, 2, 7, 15, 8, 9, 0, 12, 10], [2, 8, 7, 15, 0, 9, 10, 12, 14, 6, 13, 11, 3, 4, 5, 1], [14, 11, 6, 13, 4, 3, 1, 5, 9, 0, 10, 12, 2, 7, 8, 15], [5, 9, 10, 4, 15, 11, 6, 2, 8, 1, 7, 3, 12, 13, 14, 0], [11, 2, 15, 6, 10, 5, 4, 9, 12, 13, 0, 14, 8, 1, 3, 7], [8, 3, 1, 7, 13, 12, 0, 14, 11, 15, 6, 2, 5, 10, 9, 4], [12, 14, 13, 0, 1, 8, 7, 3, 5, 10, 4, 9, 11, 15, 2, 6], [15, 7, 2, 11, 9, 10, 5, 0, 13, 14, 12, 6, 1, 3, 4, 8], [1, 4, 10, 8, 14, 13, 12, 6, 15, 2, 11, 7, 3, 9, 0, 5], [10, 0, 9, 5, 2, 15, 11, 7, 1, 3, 8, 4, 13, 14, 6, 12], [13, 6, 14, 12, 3, 1, 8, 4, 10, 9, 5, 0, 15, 2, 7, 11]]",C,"[[4, 10, 5, 3, 11, 6, 14, 15, 7, 8, 2, 1, 0, 12, 13, 9], [6, 15, 11, 14, 5, 4, 3, 10, 0, 12, 9, 13, 7, 8, 1, 2], [7, 1, 8, 2, 12, 0, 9, 13, 6, 11, 14, 15, 4, 5, 10, 3], [0, 13, 12, 9, 8, 7, 2, 1, 4, 5, 3, 10, 6, 11, 15, 14], [9, 12, 0, 10, 7, 2, 15, 8, 3, 4, 1, 5, 14, 6, 11, 13], [3, 5, 4, 1, 6, 14, 13, 11, 2, 7, 15, 8, 9, 0, 12, 10], [2, 8, 7, 15, 0, 9, 10, 12, 14, 6, 13, 11, 3, 4, 5, 1], [14, 11, 6, 13, 4, 3, 1, 5, 9, 0, 10, 12, 2, 7, 8, 15], [5, 9, 10, 4, 15, 11, 6, 2, 8, 1, 7, 3, 12, 13, 14, 0], [11, 2, 15, 6, 10, 5, 4, 9, 12, 13, 0, 14, 8, 1, 3, 7], [8, 3, 1, 7, 13, 12, 0, 14, 11, 15, 6, 2, 5, 10, 9, 4], [12, 14, 13, 0, 1, 8, 7, 3, 5, 10, 4, 9, 11, 15, 2, 6], [15, 7, 2, 11, 9, 10, 5, 0, 13, 14, 12, 6, 1, 3, 4, 8], [1, 4, 3, 8, 14, 13, 12, 6, 15, 2, 11, 7, 10, 9, 0, 5], [10, 0, 9, 5, 2, 15, 11, 7, 1, 3, 8, 4, 13, 14, 6, 12], [13, 6, 14, 12, 3, 1, 8, 4, 10, 9, 5, 0, 15, 2, 7, 11]]","{""num_givens"": 100, ""grid_size"": 16}"
sudoku_cf4_hex_0032,sudoku_cf4_hex,counterfactual,"[[null, null, 14, null, null, 3, 10, null, 9, null, null, null, null, null, 7, null], [2, 12, null, null, null, null, null, 13, null, null, 0, 7, 3, null, null, null], [null, 15, null, 3, null, null, null, 1, 14, null, null, 4, null, 9, null, 12], [7, null, 8, null, 9, null, null, null, null, 15, null, 10, null, null, null, null], [null, 10, null, null, null, null, null, null, 11, null, 5, null, 14, 6, 13, 2], [null, null, null, 5, 3, null, 1, null, null, null, 14, null, null, null, 12, null], [null, 7, 0, 9, 6, null, null, 2, null, 10, null, 1, 5, null, 15, null], [null, null, null, 14, 11, null, null, null, null, 7, 9, null, null, 3, null, 10], [null, null, null, null, 7, null, 6, null, 4, 5, null, null, null, 2, null, null], [null, 9, 7, 12, null, null, 11, null, null, null, 1, 0, null, null, null, null], [null, 5, null, 15, 10, null, null, null, 2, null, 13, null, 12, null, null, 9], [11, null, null, null, null, null, 3, null, null, null, null, 6, 1, null, 0, null], [8, null, null, 10, null, null, null, 0, 13, 11, 4, null, 2, null, null, 6], [null, null, 13, null, 15, 10, null, 3, 12, null, 2, null, null, 1, null, null], [9, 0, null, null, 12, null, 14, null, null, 3, null, 8, 4, null, 5, null], [null, 6, null, 2, null, null, null, null, 1, null, null, 9, null, null, null, null]]","Solve the following hexadecimal Sudoku puzzle.
Rule change: The grid is 16×16 (instead of 9×9). The blocks are 4×4 (instead of 3×3). The valid symbols are the hexadecimal digits {0, 1, 2, 3, 4, 5, 6, 7, 8, 9, A, B, C, D, E, F}. Each row, column, and 4×4 block must contain each symbol exactly once.

Puzzle (. = empty cell):
. . E . | . 3 A . | 9 . . . | . . 7 .
2 C . . | . . . D | . . . 7 | 3 . . .
. F . 3 | . . . 1 | E . . 4 | . 9 . C
7 . 8 . | 9 . . . | . F . A | . . . .
-------------------------------------
. A . . | . . . . | B . 5 . | E 6 D 2
. . . 5 | 3 . 1 . | . . E . | . . C .
. 7 . 9 | 6 . . 2 | . A . 1 | 5 . F .
. . . E | B . . . | . 7 9 . | . 3 . A
-------------------------------------
. . . . | 7 . 6 . | 4 5 . . | . 2 . .
. 9 7 C | . . B . | . . 1 . | . . . .
. 5 . F | A . . . | 2 . D . | C . . 9
B . . . | . . 3 . | . . . 6 | 1 . . .
-------------------------------------
8 . . A | . . . . | D B 4 . | 2 . . 6
. . D . | F A . 3 | C . 2 . | . 1 . .
9 . . . | C . E . | . 3 . 8 | 4 . 5 .
. 6 . 2 | . . . . | 1 . . 9 | . . . .

Which of the following is the correct completed solution?","[[4, 13, 14, 11, 5, 3, 10, 15, 9, 12, 6, 2, 0, 8, 7, 1], [2, 12, 9, 6, 14, 11, 4, 13, 8, 1, 0, 7, 3, 5, 10, 15], [10, 15, 5, 3, 8, 0, 7, 1, 14, 13, 11, 4, 6, 9, 2, 12], [7, 1, 8, 0, 9, 6, 2, 12, 5, 15, 3, 10, 11, 14, 4, 13], [1, 10, 3, 8, 0, 9, 12, 7, 11, 4, 5, 15, 14, 6, 13, 2], [15, 4, 11, 5, 3, 7, 1, 10, 6, 2, 14, 13, 9, 0, 12, 8], [12, 7, 0, 9, 6, 14, 13, 2, 3, 10, 8, 1, 5, 11, 15, 4], [13, 2, 6, 14, 11, 5, 15, 4, 0, 7, 9, 12, 8, 3, 1, 10], [0, 8, 10, 1, 7, 12, 6, 9, 4, 5, 15, 3, 13, 2, 11, 14], [6, 9, 7, 12, 2, 13, 11, 14, 10, 8, 1, 0, 15, 4, 3, 5], [3, 5, 4, 15, 10, 1, 0, 8, 2, 14, 13, 11, 12, 7, 6, 9], [11, 14, 2, 13, 4, 15, 3, 5, 7, 9, 12, 6, 1, 10, 0, 8], [8, 3, 15, 10, 1, 7, 9, 0, 13, 11, 4, 5, 2, 12, 14, 6], [5, 11, 13, 4, 15, 10, 8, 3, 12, 6, 2, 14, 7, 1, 9, 0], [9, 0, 1, 7, 12, 2, 14, 6, 15, 3, 10, 8, 4, 13, 5, 11], [14, 6, 12, 2, 13, 4, 5, 11, 1, 0, 7, 9, 10, 15, 8, 3]]","[[4, 13, 14, 11, 5, 3, 10, 15, 9, 12, 6, 2, 0, 8, 7, 1], [2, 12, 9, 6, 14, 11, 4, 13, 8, 1, 0, 7, 3, 5, 10, 15], [10, 15, 5, 3, 8, 0, 7, 1, 14, 13, 11, 4, 6, 9, 2, 12], [7, 1, 8, 0, 9, 6, 2, 12, 5, 15, 3, 10, 11, 14, 4, 13], [1, 10, 3, 8, 0, 9, 12, 7, 11, 4, 5, 15, 14, 6, 13, 2], [15, 4, 11, 5, 3, 8, 1, 10, 6, 2, 14, 13, 9, 0, 12, 7], [12, 7, 0, 9, 6, 14, 13, 2, 3, 10, 8, 1, 5, 11, 15, 4], [13, 2, 6, 14, 11, 5, 15, 4, 0, 7, 9, 12, 8, 3, 1, 10], [0, 8, 10, 1, 7, 12, 6, 9, 4, 5, 15, 3, 13, 2, 11, 14], [6, 9, 7, 12, 2, 13, 11, 14, 10, 8, 1, 0, 15, 4, 3, 5], [3, 5, 4, 15, 10, 1, 0, 8, 2, 14, 13, 11, 12, 7, 6, 9], [11, 14, 2, 13, 4, 15, 3, 5, 7, 9, 12, 6, 1, 10, 0, 8], [8, 3, 15, 10, 7, 1, 9, 0, 13, 11, 4, 5, 2, 12, 14, 6], [5, 11, 13, 4, 15, 10, 8, 3, 12, 6, 2, 14, 7, 1, 9, 0], [9, 0, 1, 7, 12, 2, 14, 6, 15, 3, 10, 8, 4, 13, 5, 11], [14, 6, 12, 2, 13, 4, 5, 11, 1, 0, 7, 9, 10, 15, 8, 3]]","[[4, 13, 14, 11, 5, 3, 10, 15, 9, 12, 6, 2, 0, 8, 7, 1], [2, 12, 9, 6, 14, 11, 4, 13, 8, 1, 0, 7, 3, 5, 10, 15], [10, 15, 5, 3, 8, 0, 7, 1, 14, 13, 11, 4, 6, 9, 2, 12], [7, 1, 8, 0, 9, 6, 2, 12, 5, 15, 3, 10, 11, 14, 4, 13], [1, 10, 3, 8, 0, 9, 12, 7, 11, 4, 5, 15, 14, 6, 13, 2], [15, 4, 11, 5, 3, 8, 1, 10, 6, 2, 14, 13, 9, 0, 12, 7], [12, 7, 0, 9, 6, 14, 13, 2, 3, 10, 8, 1, 5, 11, 15, 4], [13, 2, 6, 14, 11, 5, 15, 4, 0, 7, 9, 12, 8, 3, 1, 10], [0, 8, 10, 1, 7, 12, 6, 9, 4, 5, 15, 3, 13, 2, 11, 14], [6, 9, 7, 12, 2, 13, 11, 14, 10, 8, 1, 0, 15, 4, 3, 5], [3, 5, 4, 15, 10, 1, 0, 8, 2, 14, 13, 11, 12, 7, 6, 9], [11, 14, 2, 13, 4, 15, 3, 5, 7, 9, 12, 6, 1, 10, 0, 8], [8, 3, 15, 10, 1, 7, 9, 0, 13, 11, 4, 5, 2, 12, 14, 6], [5, 11, 13, 4, 15, 10, 8, 3, 12, 6, 2, 14, 7, 1, 9, 0], [9, 0, 1, 7, 12, 2, 14, 6, 15, 3, 10, 8, 4, 13, 5, 11], [14, 6, 12, 2, 13, 4, 5, 11, 1, 0, 7, 9, 10, 15, 8, 3]]","[[4, 13, 14, 11, 5, 3, 10, 15, 9, 12, 6, 2, 0, 8, 7, 1], [2, 12, 9, 6, 14, 11, 4, 13, 8, 1, 0, 7, 3, 5, 10, 15], [10, 15, 5, 3, 8, 0, 7, 1, 14, 13, 11, 4, 6, 9, 2, 12], [7, 1, 8, 0, 9, 6, 2, 12, 5, 15, 3, 10, 11, 14, 4, 13], [1, 10, 3, 8, 0, 9, 12, 7, 11, 4, 5, 15, 14, 6, 13, 2], [15, 4, 11, 5, 3, 8, 1, 10, 6, 2, 14, 13, 9, 0, 12, 7], [12, 7, 0, 9, 6, 14, 3, 2, 13, 10, 8, 1, 5, 11, 15, 4], [13, 2, 6, 14, 11, 5, 15, 4, 0, 7, 9, 12, 8, 3, 1, 10], [0, 8, 10, 1, 7, 12, 6, 9, 4, 5, 15, 3, 13, 2, 11, 14], [6, 9, 7, 12, 2, 13, 11, 14, 10, 8, 1, 0, 15, 4, 3, 5], [3, 5, 4, 15, 10, 1, 0, 8, 2, 14, 13, 11, 12, 7, 6, 9], [11, 14, 2, 13, 4, 15, 3, 5, 7, 9, 12, 6, 1, 10, 0, 8], [8, 3, 15, 10, 1, 7, 9, 0, 13, 11, 4, 5, 2, 12, 14, 6], [5, 11, 13, 4, 15, 10, 8, 3, 12, 6, 2, 14, 7, 1, 9, 0], [9, 0, 1, 7, 12, 2, 14, 6, 15, 3, 10, 8, 4, 13, 5, 11], [14, 6, 12, 2, 13, 4, 5, 11, 1, 0, 7, 9, 10, 15, 8, 3]]",C,"[[4, 13, 14, 11, 5, 3, 10, 15, 9, 12, 6, 2, 0, 8, 7, 1], [2, 12, 9, 6, 14, 11, 4, 13, 8, 1, 0, 7, 3, 5, 10, 15], [10, 15, 5, 3, 8, 0, 7, 1, 14, 13, 11, 4, 6, 9, 2, 12], [7, 1, 8, 0, 9, 6, 2, 12, 5, 15, 3, 10, 11, 14, 4, 13], [1, 10, 3, 8, 0, 9, 12, 7, 11, 4, 5, 15, 14, 6, 13, 2], [15, 4, 11, 5, 3, 8, 1, 10, 6, 2, 14, 13, 9, 0, 12, 7], [12, 7, 0, 9, 6, 14, 13, 2, 3, 10, 8, 1, 5, 11, 15, 4], [13, 2, 6, 14, 11, 5, 15, 4, 0, 7, 9, 12, 8, 3, 1, 10], [0, 8, 10, 1, 7, 12, 6, 9, 4, 5, 15, 3, 13, 2, 11, 14], [6, 9, 7, 12, 2, 13, 11, 14, 10, 8, 1, 0, 15, 4, 3, 5], [3, 5, 4, 15, 10, 1, 0, 8, 2, 14, 13, 11, 12, 7, 6, 9], [11, 14, 2, 13, 4, 15, 3, 5, 7, 9, 12, 6, 1, 10, 0, 8], [8, 3, 15, 10, 1, 7, 9, 0, 13, 11, 4, 5, 2, 12, 14, 6], [5, 11, 13, 4, 15, 10, 8, 3, 12, 6, 2, 14, 7, 1, 9, 0], [9, 0, 1, 7, 12, 2, 14, 6, 15, 3, 10, 8, 4, 13, 5, 11], [14, 6, 12, 2, 13, 4, 5, 11, 1, 0, 7, 9, 10, 15, 8, 3]]","{""num_givens"": 100, ""grid_size"": 16}"
sudoku_cf4_hex_0033,sudoku_cf4_hex,counterfactual,"[[null, 7, null, null, null, null, 11, null, null, 5, 14, null, null, 9, null, null], [1, 5, null, null, 7, null, null, 6, null, null, null, null, null, null, 2, null], [2, null, 11, 0, 15, null, 9, null, null, null, 12, null, 5, 4, 1, null], [null, 15, 9, 8, 5, null, null, null, 11, null, 0, null, 7, null, 6, 12], [null, null, null, null, null, 5, null, 12, null, 11, null, 8, null, 6, null, 7], [null, 3, 6, null, 11, null, null, 8, null, null, null, null, 9, null, null, 15], [12, 4, null, null, null, 7, null, null, null, null, 15, null, 11, 2, null, null], [8, 11, 2, null, null, null, null, 14, 6, null, null, 0, null, 1, null, 5], [null, 8, null, null, null, 13, null, null, null, null, 6, null, 12, null, null, null], [null, null, null, 1, null, null, null, 11, null, 14, null, 4, null, null, null, null], [null, 14, 5, null, 12, 1, null, null, null, null, 2, null, null, null, null, 6], [null, 0, 10, null, null, 2, null, null, 7, 12, null, 3, null, 5, 4, null], [7, null, 12, null, null, null, null, null, null, 13, 9, null, null, 8, null, null], [15, null, 8, 11, null, 9, null, 5, 0, null, null, null, 1, null, null, 4], [10, null, null, null, null, 11, null, null, null, null, null, null, 13, 14, 5, null], [5, null, null, null, 1, null, 12, 7, 8, null, 11, null, null, null, null, null]]","Solve the following hexadecimal Sudoku puzzle.
Rule change: The grid is 16×16 (instead of 9×9). The blocks are 4×4 (instead of 3×3). The valid symbols are the hexadecimal digits {0, 1, 2, 3, 4, 5, 6, 7, 8, 9, A, B, C, D, E, F}. Each row, column, and 4×4 block must contain each symbol exactly once.

Puzzle (. = empty cell):
. 7 . . | . . B . | . 5 E . | . 9 . .
1 5 . . | 7 . . 6 | . . . . | . . 2 .
2 . B . | F . 9 . | . . C . | 5 4 1 .
. F 9 8 | 5 . . . | B . . . | 7 . 6 C
-------------------------------------
. . . . | . 5 . C | . B . 8 | . 6 . 7
. 3 6 . | B . . 8 | . . . . | 9 . . F
C 4 . . | . 7 . . | . . F . | B 2 . .
8 B 2 . | . . . E | 6 . . . | . 1 . 5
-------------------------------------
. 8 . . | . D . . | . . 6 . | C . . .
. . . 1 | . . . B | . E . 4 | . . . .
. E 5 . | C 1 . . | . . 2 . | . . . 6
. . A . | . 2 . . | 7 C . 3 | . 5 4 .
-------------------------------------
7 . C . | . . . . | . D 9 . | . 8 . .
F . 8 B | . 9 . 5 | . . . . | 1 . . 4
A . . . | . B . . | . . . . | D E 5 .
5 . . . | 1 . C 7 | 8 . B . | . . . .

Which of the following is the correct completed solution?","[[6, 7, 3, 12, 10, 0, 11, 2, 4, 5, 14, 1, 15, 9, 13, 8], [1, 5, 4, 14, 7, 12, 3, 6, 9, 15, 8, 13, 10, 11, 2, 0], [2, 10, 11, 0, 15, 8, 9, 13, 3, 7, 12, 6, 5, 4, 1, 14], [13, 15, 9, 8, 5, 14, 4, 1, 11, 10, 0, 2, 7, 3, 6, 12], [14, 9, 13, 15, 4, 5, 1, 12, 2, 11, 10, 8, 3, 6, 0, 7], [0, 3, 6, 7, 11, 10, 2, 8, 1, 4, 5, 12, 9, 13, 14, 15], [12, 4, 1, 5, 3, 7, 6, 0, 13, 9, 15, 14, 11, 2, 8, 10], [8, 11, 2, 10, 9, 15, 13, 14, 6, 3, 7, 0, 4, 1, 12, 5], [9, 8, 15, 2, 14, 13, 5, 4, 10, 0, 6, 11, 12, 7, 3, 1], [3, 12, 7, 1, 0, 6, 10, 11, 5, 14, 13, 4, 8, 15, 9, 2], [4, 14, 5, 13, 12, 1, 7, 3, 15, 8, 2, 9, 0, 10, 11, 6], [11, 0, 10, 6, 8, 2, 15, 9, 7, 12, 1, 3, 14, 5, 4, 13], [7, 1, 12, 4, 6, 3, 0, 10, 14, 13, 9, 5, 2, 8, 15, 11], [15, 2, 8, 11, 13, 9, 14, 5, 0, 6, 3, 10, 1, 12, 7, 4], [10, 6, 0, 3, 2, 11, 8, 15, 12, 1, 4, 7, 13, 14, 5, 9], [5, 13, 14, 9, 1, 4, 12, 7, 8, 2, 11, 15, 6, 0, 10, 3]]","[[6, 7, 3, 12, 10, 0, 11, 2, 4, 5, 14, 1, 15, 9, 13, 8], [1, 5, 4, 14, 7, 12, 3, 6, 9, 15, 8, 13, 10, 11, 2, 0], [2, 10, 11, 0, 15, 8, 9, 13, 3, 7, 12, 6, 5, 4, 1, 14], [13, 15, 9, 8, 5, 14, 4, 1, 11, 10, 0, 2, 7, 3, 6, 12], [14, 9, 13, 15, 4, 5, 1, 12, 2, 11, 10, 8, 3, 6, 0, 7], [0, 3, 6, 7, 11, 10, 2, 8, 1, 4, 5, 12, 9, 13, 14, 15], [12, 4, 1, 5, 3, 7, 6, 0, 13, 9, 15, 14, 11, 2, 8, 10], [8, 11, 2, 10, 9, 15, 13, 14, 6, 3, 7, 0, 4, 1, 12, 5], [9, 8, 15, 2, 14, 13, 5, 4, 10, 0, 6, 11, 12, 7, 3, 1], [3, 12, 7, 1, 0, 6, 10, 11, 5, 14, 13, 4, 8, 15, 9, 2], [4, 14, 5, 7, 12, 1, 13, 3, 15, 8, 2, 9, 0, 10, 11, 6], [11, 0, 10, 6, 8, 2, 15, 9, 7, 12, 1, 3, 14, 5, 4, 13], [7, 1, 12, 4, 6, 3, 0, 10, 14, 13, 9, 5, 2, 8, 15, 11], [15, 2, 8, 11, 13, 9, 14, 5, 0, 6, 3, 10, 1, 12, 7, 4], [10, 6, 0, 3, 2, 11, 8, 15, 12, 1, 4, 7, 13, 14, 5, 9], [5, 13, 14, 9, 1, 4, 12, 7, 8, 2, 11, 15, 6, 0, 10, 3]]","[[6, 7, 3, 12, 10, 0, 11, 2, 4, 5, 14, 1, 15, 9, 13, 8], [1, 5, 4, 14, 7, 12, 3, 6, 9, 15, 8, 13, 10, 11, 2, 0], [2, 10, 11, 0, 15, 8, 9, 13, 3, 14, 12, 6, 5, 4, 1, 7], [13, 15, 9, 8, 5, 14, 4, 1, 11, 10, 0, 2, 7, 3, 6, 12], [14, 9, 13, 15, 4, 5, 1, 12, 2, 11, 10, 8, 3, 6, 0, 7], [0, 3, 6, 7, 11, 10, 2, 8, 1, 4, 5, 12, 9, 13, 14, 15], [12, 4, 1, 5, 3, 7, 6, 0, 13, 9, 15, 14, 11, 2, 8, 10], [8, 11, 2, 10, 9, 15, 13, 14, 6, 3, 7, 0, 4, 1, 12, 5], [9, 8, 15, 2, 14, 13, 5, 4, 10, 0, 6, 11, 12, 7, 3, 1], [3, 12, 7, 1, 0, 6, 10, 11, 5, 14, 13, 4, 8, 15, 9, 2], [4, 14, 5, 13, 12, 1, 7, 3, 15, 8, 2, 9, 0, 10, 11, 6], [11, 0, 10, 6, 8, 2, 15, 9, 7, 12, 1, 3, 14, 5, 4, 13], [7, 1, 12, 4, 6, 3, 0, 10, 14, 13, 9, 5, 2, 8, 15, 11], [15, 2, 8, 11, 13, 9, 14, 5, 0, 6, 3, 10, 1, 12, 7, 4], [10, 6, 0, 3, 2, 11, 8, 15, 12, 1, 4, 7, 13, 14, 5, 9], [5, 13, 14, 9, 1, 4, 12, 7, 8, 2, 11, 15, 6, 0, 10, 3]]","[[6, 7, 3, 12, 10, 0, 11, 4, 2, 5, 14, 1, 15, 9, 13, 8], [1, 5, 4, 14, 7, 12, 3, 6, 9, 15, 8, 13, 10, 11, 2, 0], [2, 10, 11, 0, 15, 8, 9, 13, 3, 7, 12, 6, 5, 4, 1, 14], [13, 15, 9, 8, 5, 14, 4, 1, 11, 10, 0, 2, 7, 3, 6, 12], [14, 9, 13, 15, 4, 5, 1, 12, 2, 11, 10, 8, 3, 6, 0, 7], [0, 3, 6, 7, 11, 10, 2, 8, 1, 4, 5, 12, 9, 13, 14, 15], [12, 4, 1, 5, 3, 7, 6, 0, 13, 9, 15, 14, 11, 2, 8, 10], [8, 11, 2, 10, 9, 15, 13, 14, 6, 3, 7, 0, 4, 1, 12, 5], [9, 8, 15, 2, 14, 13, 5, 4, 10, 0, 6, 11, 12, 7, 3, 1], [3, 12, 7, 1, 0, 6, 10, 11, 5, 14, 13, 4, 8, 15, 9, 2], [4, 14, 5, 13, 12, 1, 7, 3, 15, 8, 2, 9, 0, 10, 11, 6], [11, 0, 10, 6, 8, 2, 15, 9, 7, 12, 1, 3, 14, 5, 4, 13], [7, 1, 12, 4, 6, 3, 0, 10, 14, 13, 9, 5, 2, 8, 15, 11], [15, 2, 8, 11, 13, 9, 14, 5, 0, 6, 3, 10, 1, 12, 7, 4], [10, 6, 0, 3, 2, 11, 8, 15, 12, 1, 4, 7, 13, 14, 5, 9], [5, 13, 14, 9, 1, 4, 12, 7, 8, 2, 11, 15, 6, 0, 10, 3]]",A,"[[6, 7, 3, 12, 10, 0, 11, 2, 4, 5, 14, 1, 15, 9, 13, 8], [1, 5, 4, 14, 7, 12, 3, 6, 9, 15, 8, 13, 10, 11, 2, 0], [2, 10, 11, 0, 15, 8, 9, 13, 3, 7, 12, 6, 5, 4, 1, 14], [13, 15, 9, 8, 5, 14, 4, 1, 11, 10, 0, 2, 7, 3, 6, 12], [14, 9, 13, 15, 4, 5, 1, 12, 2, 11, 10, 8, 3, 6, 0, 7], [0, 3, 6, 7, 11, 10, 2, 8, 1, 4, 5, 12, 9, 13, 14, 15], [12, 4, 1, 5, 3, 7, 6, 0, 13, 9, 15, 14, 11, 2, 8, 10], [8, 11, 2, 10, 9, 15, 13, 14, 6, 3, 7, 0, 4, 1, 12, 5], [9, 8, 15, 2, 14, 13, 5, 4, 10, 0, 6, 11, 12, 7, 3, 1], [3, 12, 7, 1, 0, 6, 10, 11, 5, 14, 13, 4, 8, 15, 9, 2], [4, 14, 5, 13, 12, 1, 7, 3, 15, 8, 2, 9, 0, 10, 11, 6], [11, 0, 10, 6, 8, 2, 15, 9, 7, 12, 1, 3, 14, 5, 4, 13], [7, 1, 12, 4, 6, 3, 0, 10, 14, 13, 9, 5, 2, 8, 15, 11], [15, 2, 8, 11, 13, 9, 14, 5, 0, 6, 3, 10, 1, 12, 7, 4], [10, 6, 0, 3, 2, 11, 8, 15, 12, 1, 4, 7, 13, 14, 5, 9], [5, 13, 14, 9, 1, 4, 12, 7, 8, 2, 11, 15, 6, 0, 10, 3]]","{""num_givens"": 100, ""grid_size"": 16}"
sudoku_cf4_hex_0034,sudoku_cf4_hex,counterfactual,"[[null, null, null, null, null, null, null, 3, 8, null, null, null, null, null, null, null], [3, null, null, null, null, null, 0, 4, null, 15, null, 11, 8, 13, null, 5], [4, null, 0, null, 13, null, null, null, null, 6, null, 9, null, null, null, null], [8, 13, null, null, null, null, 10, null, 4, 2, null, 1, null, 6, 12, null], [null, 1, 2, null, null, null, null, 7, null, null, 6, 4, null, 11, null, null], [null, null, null, 14, null, 3, null, 10, null, null, null, null, null, null, null, null], [12, 9, 6, null, null, null, null, null, null, null, null, null, null, 5, null, 14], [null, null, 15, null, null, null, null, 12, null, 5, null, 14, null, 1, null, 8], [null, 8, null, null, null, 10, null, null, 6, null, 9, null, 15, null, null, 12], [null, null, 5, 10, null, null, null, 15, null, 8, null, 7, null, null, null, null], [null, null, 11, 12, 4, 0, null, 6, 13, 14, 5, 10, 2, null, null, 7], [6, 4, 9, 0, 8, null, 1, 2, 15, null, null, 12, null, null, null, null], [11, null, null, null, 0, null, null, null, 5, null, null, 15, null, 7, null, null], [9, null, null, null, null, 13, null, null, 11, null, 3, 6, null, null, 14, null], [5, 10, null, null, null, null, 3, 11, null, 7, 8, null, null, null, 4, null], [1, 7, 8, null, null, null, 14, 5, 9, 0, null, null, 11, null, null, null]]","Solve the following hexadecimal Sudoku puzzle.
Rule change: The grid is 16×16 (instead of 9×9). The blocks are 4×4 (instead of 3×3). The valid symbols are the hexadecimal digits {0, 1, 2, 3, 4, 5, 6, 7, 8, 9, A, B, C, D, E, F}. Each row, column, and 4×4 block must contain each symbol exactly once.

Puzzle (. = empty cell):
. . . . | . . . 3 | 8 . . . | . . . .
3 . . . | . . . 4 | . F . B | 8 D . 5
4 . . . | D . . . | . 6 . 9 | . . . .
8 D . . | . . A . | 4 2 . 1 | . 6 C .
-------------------------------------
. 1 2 . | . . . 7 | . . 6 4 | . B . .
. . . E | . 3 . A | . . . . | . . . .
C 9 6 . | . . . . | . . . . | . 5 . E
. . F . | . . . C | . 5 . E | . 1 . 8
-------------------------------------
. 8 . . | . A . . | 6 . 9 . | F . . C
. . 5 A | . . . F | . 8 . 7 | . . . .
. . B C | 4 . . 6 | D E 5 A | 2 . . 7
6 4 9 . | 8 . 1 2 | F . . C | . . . .
-------------------------------------
B . . . | . . . . | 5 . . F | . 7 . .
9 . . . | . D . . | B . 3 6 | . . E .
5 A . . | . . 3 B | . 7 8 . | . . 4 .
1 7 8 . | . . E 5 | 9 . . . | B . . .

Which of the following is the correct completed solution?","[[14, 15, 10, 11, 6, 9, 12, 3, 8, 13, 7, 5, 4, 2, 0, 1], [3, 6, 12, 9, 2, 1, 0, 4, 14, 15, 10, 11, 8, 13, 7, 5], [4, 2, 0, 1, 13, 5, 7, 8, 3, 6, 12, 9, 14, 15, 10, 11], [8, 13, 7, 5, 15, 11, 10, 14, 4, 2, 0, 1, 3, 6, 12, 9], [0, 1, 2, 8, 5, 14, 13, 7, 12, 9, 6, 4, 10, 11, 15, 3], [7, 5, 13, 14, 11, 3, 15, 10, 0, 1, 2, 8, 12, 9, 6, 4], [12, 9, 6, 4, 1, 8, 2, 0, 10, 11, 15, 3, 7, 5, 13, 14], [10, 11, 15, 3, 9, 4, 6, 12, 7, 5, 13, 14, 0, 1, 2, 8], [2, 8, 1, 7, 14, 10, 5, 13, 6, 4, 9, 0, 15, 3, 11, 12], [13, 14, 5, 10, 3, 12, 11, 15, 2, 8, 1, 7, 6, 4, 9, 0], [15, 3, 11, 12, 4, 0, 9, 6, 13, 14, 5, 10, 2, 8, 1, 7], [6, 4, 9, 0, 8, 7, 1, 2, 15, 3, 11, 12, 13, 14, 5, 10], [11, 12, 6, 3, 0, 2, 4, 9, 5, 10, 14, 15, 1, 7, 8, 13], [9, 0, 4, 2, 7, 13, 8, 1, 11, 12, 3, 6, 5, 10, 14, 15], [5, 10, 14, 15, 12, 6, 3, 11, 1, 7, 8, 13, 9, 0, 4, 2], [1, 7, 8, 13, 10, 15, 14, 5, 9, 0, 4, 2, 11, 12, 3, 6]]","[[14, 15, 10, 11, 6, 9, 12, 3, 8, 13, 7, 5, 4, 2, 0, 1], [3, 6, 12, 9, 2, 1, 0, 4, 14, 15, 10, 11, 8, 13, 7, 5], [4, 2, 0, 1, 13, 5, 7, 8, 3, 6, 12, 9, 14, 15, 10, 11], [8, 13, 7, 5, 15, 11, 10, 14, 4, 2, 0, 1, 3, 6, 12, 9], [0, 1, 2, 8, 5, 14, 13, 7, 12, 9, 6, 4, 10, 11, 15, 3], [7, 5, 13, 14, 11, 3, 15, 10, 0, 1, 2, 8, 12, 9, 6, 4], [12, 9, 6, 4, 1, 8, 2, 0, 10, 11, 15, 3, 7, 5, 13, 14], [10, 11, 15, 3, 9, 4, 6, 12, 7, 5, 13, 14, 0, 1, 2, 8], [2, 8, 1, 7, 14, 10, 5, 13, 6, 4, 9, 0, 15, 3, 11, 12], [13, 14, 5, 10, 3, 12, 11, 15, 2, 8, 1, 7, 6, 4, 9, 0], [15, 3, 11, 12, 4, 0, 9, 6, 13, 14, 5, 10, 2, 8, 1, 7], [6, 4, 9, 0, 8, 7, 1, 2, 15, 3, 11, 12, 13, 14, 5, 10], [11, 12, 3, 6, 0, 2, 4, 9, 5, 10, 14, 15, 1, 7, 8, 13], [9, 0, 4, 2, 7, 13, 8, 1, 11, 12, 3, 6, 5, 10, 14, 15], [5, 10, 14, 15, 12, 6, 3, 11, 1, 7, 8, 13, 9, 0, 4, 2], [1, 7, 8, 13, 10, 15, 14, 5, 9, 0, 4, 2, 11, 12, 3, 6]]","[[14, 15, 10, 11, 6, 9, 12, 3, 8, 13, 7, 5, 4, 2, 0, 1], [3, 6, 12, 9, 2, 1, 0, 4, 14, 15, 10, 11, 8, 13, 7, 5], [4, 2, 0, 1, 13, 5, 7, 8, 3, 6, 12, 9, 14, 15, 10, 11], [8, 13, 7, 5, 3, 11, 10, 14, 4, 2, 0, 1, 15, 6, 12, 9], [0, 1, 2, 8, 5, 14, 13, 7, 12, 9, 6, 4, 10, 11, 15, 3], [7, 5, 13, 14, 11, 3, 15, 10, 0, 1, 2, 8, 12, 9, 6, 4], [12, 9, 6, 4, 1, 8, 2, 0, 10, 11, 15, 3, 7, 5, 13, 14], [10, 11, 15, 3, 9, 4, 6, 12, 7, 5, 13, 14, 0, 1, 2, 8], [2, 8, 1, 7, 14, 10, 5, 13, 6, 4, 9, 0, 15, 3, 11, 12], [13, 14, 5, 10, 3, 12, 11, 15, 2, 8, 1, 7, 6, 4, 9, 0], [15, 3, 11, 12, 4, 0, 9, 6, 13, 14, 5, 10, 2, 8, 1, 7], [6, 4, 9, 0, 8, 7, 1, 2, 15, 3, 11, 12, 13, 14, 5, 10], [11, 12, 3, 6, 0, 2, 4, 9, 5, 10, 14, 15, 1, 7, 8, 13], [9, 0, 4, 2, 7, 13, 8, 1, 11, 12, 3, 6, 5, 10, 14, 15], [5, 10, 14, 15, 12, 6, 3, 11, 1, 7, 8, 13, 9, 0, 4, 2], [1, 7, 8, 13, 10, 15, 14, 5, 9, 0, 4, 2, 11, 12, 3, 6]]","[[7, 15, 10, 11, 6, 9, 12, 3, 8, 13, 14, 5, 4, 2, 0, 1], [3, 6, 12, 9, 2, 1, 0, 4, 14, 15, 10, 11, 8, 13, 7, 5], [4, 2, 0, 1, 13, 5, 7, 8, 3, 6, 12, 9, 14, 15, 10, 11], [8, 13, 7, 5, 15, 11, 10, 14, 4, 2, 0, 1, 3, 6, 12, 9], [0, 1, 2, 8, 5, 14, 13, 7, 12, 9, 6, 4, 10, 11, 15, 3], [7, 5, 13, 14, 11, 3, 15, 10, 0, 1, 2, 8, 12, 9, 6, 4], [12, 9, 6, 4, 1, 8, 2, 0, 10, 11, 15, 3, 7, 5, 13, 14], [10, 11, 15, 3, 9, 4, 6, 12, 7, 5, 13, 14, 0, 1, 2, 8], [2, 8, 1, 7, 14, 10, 5, 13, 6, 4, 9, 0, 15, 3, 11, 12], [13, 14, 5, 10, 3, 12, 11, 15, 2, 8, 1, 7, 6, 4, 9, 0], [15, 3, 11, 12, 4, 0, 9, 6, 13, 14, 5, 10, 2, 8, 1, 7], [6, 4, 9, 0, 8, 7, 1, 2, 15, 3, 11, 12, 13, 14, 5, 10], [11, 12, 3, 6, 0, 2, 4, 9, 5, 10, 14, 15, 1, 7, 8, 13], [9, 0, 4, 2, 7, 13, 8, 1, 11, 12, 3, 6, 5, 10, 14, 15], [5, 10, 14, 15, 12, 6, 3, 11, 1, 7, 8, 13, 9, 0, 4, 2], [1, 7, 8, 13, 10, 15, 14, 5, 9, 0, 4, 2, 11, 12, 3, 6]]",B,"[[14, 15, 10, 11, 6, 9, 12, 3, 8, 13, 7, 5, 4, 2, 0, 1], [3, 6, 12, 9, 2, 1, 0, 4, 14, 15, 10, 11, 8, 13, 7, 5], [4, 2, 0, 1, 13, 5, 7, 8, 3, 6, 12, 9, 14, 15, 10, 11], [8, 13, 7, 5, 15, 11, 10, 14, 4, 2, 0, 1, 3, 6, 12, 9], [0, 1, 2, 8, 5, 14, 13, 7, 12, 9, 6, 4, 10, 11, 15, 3], [7, 5, 13, 14, 11, 3, 15, 10, 0, 1, 2, 8, 12, 9, 6, 4], [12, 9, 6, 4, 1, 8, 2, 0, 10, 11, 15, 3, 7, 5, 13, 14], [10, 11, 15, 3, 9, 4, 6, 12, 7, 5, 13, 14, 0, 1, 2, 8], [2, 8, 1, 7, 14, 10, 5, 13, 6, 4, 9, 0, 15, 3, 11, 12], [13, 14, 5, 10, 3, 12, 11, 15, 2, 8, 1, 7, 6, 4, 9, 0], [15, 3, 11, 12, 4, 0, 9, 6, 13, 14, 5, 10, 2, 8, 1, 7], [6, 4, 9, 0, 8, 7, 1, 2, 15, 3, 11, 12, 13, 14, 5, 10], [11, 12, 3, 6, 0, 2, 4, 9, 5, 10, 14, 15, 1, 7, 8, 13], [9, 0, 4, 2, 7, 13, 8, 1, 11, 12, 3, 6, 5, 10, 14, 15], [5, 10, 14, 15, 12, 6, 3, 11, 1, 7, 8, 13, 9, 0, 4, 2], [1, 7, 8, 13, 10, 15, 14, 5, 9, 0, 4, 2, 11, 12, 3, 6]]","{""num_givens"": 100, ""grid_size"": 16}"
sudoku_cf4_hex_0035,sudoku_cf4_hex,counterfactual,"[[null, null, 6, null, null, null, 14, null, null, null, null, null, 15, null, null, null], [15, null, 12, 5, null, 7, 0, null, 13, 4, 9, null, 10, null, null, 11], [10, null, 2, null, 12, 15, null, 1, null, 8, null, 0, 13, null, null, null], [null, 4, null, null, 2, null, null, 11, 15, 1, null, null, null, null, null, 8], [null, 0, 13, null, 10, 4, 9, 14, 11, null, null, null, null, null, 12, null], [1, 5, null, null, 13, 8, null, null, null, 14, null, 9, 11, null, null, 3], [4, 14, null, 9, null, null, 2, null, 1, null, null, 12, 8, null, 6, 0], [null, null, null, null, 7, null, null, null, null, null, null, null, null, 10, null, null], [null, null, 11, null, null, null, 15, 2, 5, 12, null, null, 0, 4, null, null], [5, null, 8, null, null, null, 13, 6, null, null, 11, 10, null, null, null, 2], [null, 2, 1, 15, null, 5, 7, null, 0, null, null, null, null, 11, null, 9], [null, 6, 4, 13, null, null, 10, null, 3, null, 1, 15, null, null, null, null], [null, null, null, null, 5, 2, null, null, null, 7, null, null, null, null, null, null], [null, 7, 0, null, null, null, null, null, null, null, 3, 11, null, null, null, null], [null, null, null, null, null, null, null, 10, null, null, null, 1, null, null, 8, null], [2, 15, 5, 1, null, 12, null, null, null, null, null, 4, 9, null, null, null]]","Solve the following hexadecimal Sudoku puzzle.
Rule change: The grid is 16×16 (instead of 9×9). The blocks are 4×4 (instead of 3×3). The valid symbols are the hexadecimal digits {0, 1, 2, 3, 4, 5, 6, 7, 8, 9, A, B, C, D, E, F}. Each row, column, and 4×4 block must contain each symbol exactly once.

Puzzle (. = empty cell):
. . 6 . | . . E . | . . . . | F . . .
F . C 5 | . 7 . . | D 4 9 . | A . . B
A . 2 . | C F . 1 | . 8 . . | D . . .
. 4 . . | 2 . . B | F 1 . . | . . . 8
-------------------------------------
. . D . | A 4 9 E | B . . . | . . C .
1 5 . . | D 8 . . | . E . 9 | B . . 3
4 E . 9 | . . 2 . | 1 . . C | 8 . 6 .
. . . . | 7 . . . | . . . . | . A . .
-------------------------------------
. . B . | . . F 2 | 5 C . . | . 4 . .
5 . 8 . | . . D 6 | . . B A | . . . 2
. 2 1 F | . 5 7 . | . . . . | . B . 9
. 6 4 D | . . A . | 3 . 1 F | . . . .
-------------------------------------
. . . . | 5 2 . . | . 7 . . | . . . .
. 7 . . | . . . . | . . 3 B | . . . .
. . . . | . . . A | . . . 1 | . . 8 .
2 F 5 1 | . C . . | . . . 4 | 9 . . .

Which of the following is the correct completed solution?","[[7, 8, 6, 0, 9, 13, 14, 4, 10, 11, 2, 3, 15, 12, 5, 1], [15, 2, 12, 5, 6, 7, 0, 8, 13, 4, 9, 14, 10, 1, 3, 11], [10, 11, 2, 3, 12, 15, 5, 1, 7, 8, 6, 0, 13, 9, 14, 4], [13, 4, 9, 14, 2, 10, 3, 11, 15, 1, 12, 5, 7, 6, 0, 8], [8, 0, 13, 6, 10, 4, 9, 14, 11, 3, 15, 2, 1, 7, 12, 5], [1, 5, 7, 12, 13, 8, 6, 0, 4, 14, 10, 9, 11, 15, 2, 3], [4, 14, 10, 9, 15, 11, 2, 3, 1, 5, 7, 12, 8, 13, 6, 0], [11, 3, 15, 2, 7, 1, 12, 5, 8, 0, 13, 6, 4, 10, 9, 14], [14, 9, 11, 10, 1, 3, 15, 2, 5, 12, 8, 7, 0, 4, 13, 6], [5, 12, 8, 7, 4, 0, 13, 6, 14, 9, 11, 10, 3, 1, 15, 2], [3, 2, 1, 15, 8, 5, 7, 12, 0, 6, 4, 13, 14, 11, 10, 9], [0, 6, 4, 13, 11, 14, 10, 9, 3, 2, 1, 15, 5, 8, 7, 12], [9, 10, 3, 11, 5, 2, 1, 15, 12, 7, 0, 8, 6, 14, 4, 13], [12, 7, 0, 8, 14, 6, 4, 13, 9, 10, 3, 11, 2, 5, 1, 15], [6, 13, 14, 4, 3, 9, 11, 10, 2, 15, 5, 1, 12, 0, 8, 7], [2, 15, 5, 1, 0, 12, 8, 7, 6, 13, 14, 4, 9, 3, 11, 10]]","[[7, 8, 6, 0, 9, 13, 14, 4, 1, 11, 2, 3, 15, 12, 5, 10], [15, 1, 12, 5, 6, 7, 0, 8, 13, 4, 9, 14, 10, 2, 3, 11], [10, 11, 2, 3, 12, 15, 5, 1, 7, 8, 6, 0, 13, 9, 14, 4], [13, 4, 9, 14, 2, 10, 3, 11, 15, 1, 12, 5, 7, 6, 0, 8], [8, 0, 13, 6, 10, 4, 9, 14, 11, 3, 15, 2, 1, 7, 12, 5], [1, 5, 7, 12, 13, 8, 6, 0, 4, 14, 10, 9, 11, 15, 2, 3], [4, 14, 10, 9, 15, 11, 2, 3, 1, 5, 7, 12, 8, 13, 6, 0], [11, 3, 15, 2, 7, 1, 12, 5, 8, 0, 13, 6, 4, 10, 9, 14], [14, 9, 11, 10, 1, 3, 15, 2, 5, 12, 8, 7, 0, 4, 13, 6], [5, 12, 8, 7, 4, 0, 13, 6, 14, 9, 11, 10, 3, 1, 15, 2], [3, 2, 1, 15, 8, 5, 7, 12, 0, 6, 4, 13, 14, 11, 10, 9], [0, 6, 4, 13, 11, 14, 10, 9, 3, 2, 1, 15, 5, 8, 7, 12], [9, 10, 3, 11, 5, 2, 1, 15, 12, 7, 0, 8, 6, 14, 4, 13], [12, 7, 0, 8, 14, 6, 4, 13, 9, 10, 3, 11, 2, 5, 1, 15], [6, 13, 14, 4, 3, 9, 11, 10, 2, 15, 5, 1, 12, 0, 8, 7], [2, 15, 5, 1, 0, 12, 8, 7, 6, 13, 14, 4, 9, 3, 11, 10]]","[[7, 8, 6, 0, 9, 13, 14, 4, 10, 11, 2, 3, 15, 12, 5, 1], [15, 1, 12, 5, 6, 7, 0, 8, 13, 4, 9, 14, 10, 2, 3, 11], [10, 11, 2, 3, 12, 15, 5, 1, 7, 8, 6, 0, 13, 9, 14, 4], [13, 4, 9, 14, 2, 10, 3, 11, 15, 1, 12, 5, 7, 6, 0, 8], [8, 0, 13, 6, 10, 4, 9, 14, 11, 3, 15, 2, 1, 7, 12, 5], [1, 5, 7, 12, 13, 8, 6, 0, 4, 14, 10, 9, 11, 15, 2, 3], [4, 14, 10, 9, 15, 11, 2, 3, 1, 5, 7, 12, 8, 13, 6, 0], [11, 3, 15, 2, 7, 1, 12, 5, 8, 0, 13, 6, 4, 10, 9, 14], [10, 9, 11, 14, 1, 3, 15, 2, 5, 12, 8, 7, 0, 4, 13, 6], [5, 12, 8, 7, 4, 0, 13, 6, 14, 9, 11, 10, 3, 1, 15, 2], [3, 2, 1, 15, 8, 5, 7, 12, 0, 6, 4, 13, 14, 11, 10, 9], [0, 6, 4, 13, 11, 14, 10, 9, 3, 2, 1, 15, 5, 8, 7, 12], [9, 10, 3, 11, 5, 2, 1, 15, 12, 7, 0, 8, 6, 14, 4, 13], [12, 7, 0, 8, 14, 6, 4, 13, 9, 10, 3, 11, 2, 5, 1, 15], [6, 13, 14, 4, 3, 9, 11, 10, 2, 15, 5, 1, 12, 0, 8, 7], [2, 15, 5, 1, 0, 12, 8, 7, 6, 13, 14, 4, 9, 3, 11, 10]]","[[7, 8, 6, 0, 9, 13, 14, 4, 10, 11, 2, 3, 15, 12, 5, 1], [15, 1, 12, 5, 6, 7, 0, 8, 13, 4, 9, 14, 10, 2, 3, 11], [10, 11, 2, 3, 12, 15, 5, 1, 7, 8, 6, 0, 13, 9, 14, 4], [13, 4, 9, 14, 2, 10, 3, 11, 15, 1, 12, 5, 7, 6, 0, 8], [8, 0, 13, 6, 10, 4, 9, 14, 11, 3, 15, 2, 1, 7, 12, 5], [1, 5, 7, 12, 13, 8, 6, 0, 4, 14, 10, 9, 11, 15, 2, 3], [4, 14, 10, 9, 15, 11, 2, 3, 1, 5, 7, 12, 8, 13, 6, 0], [11, 3, 15, 2, 7, 1, 12, 5, 8, 0, 13, 6, 4, 10, 9, 14], [14, 9, 11, 10, 1, 3, 15, 2, 5, 12, 8, 7, 0, 4, 13, 6], [5, 12, 8, 7, 4, 0, 13, 6, 14, 9, 11, 10, 3, 1, 15, 2], [3, 2, 1, 15, 8, 5, 7, 12, 0, 6, 4, 13, 14, 11, 10, 9], [0, 6, 4, 13, 11, 14, 10, 9, 3, 2, 1, 15, 5, 8, 7, 12], [9, 10, 3, 11, 5, 2, 1, 15, 12, 7, 0, 8, 6, 14, 4, 13], [12, 7, 0, 8, 14, 6, 4, 13, 9, 10, 3, 11, 2, 5, 1, 15], [6, 13, 14, 4, 3, 9, 11, 10, 2, 15, 5, 1, 12, 0, 8, 7], [2, 15, 5, 1, 0, 12, 8, 7, 6, 13, 14, 4, 9, 3, 11, 10]]",D,"[[7, 8, 6, 0, 9, 13, 14, 4, 10, 11, 2, 3, 15, 12, 5, 1], [15, 1, 12, 5, 6, 7, 0, 8, 13, 4, 9, 14, 10, 2, 3, 11], [10, 11, 2, 3, 12, 15, 5, 1, 7, 8, 6, 0, 13, 9, 14, 4], [13, 4, 9, 14, 2, 10, 3, 11, 15, 1, 12, 5, 7, 6, 0, 8], [8, 0, 13, 6, 10, 4, 9, 14, 11, 3, 15, 2, 1, 7, 12, 5], [1, 5, 7, 12, 13, 8, 6, 0, 4, 14, 10, 9, 11, 15, 2, 3], [4, 14, 10, 9, 15, 11, 2, 3, 1, 5, 7, 12, 8, 13, 6, 0], [11, 3, 15, 2, 7, 1, 12, 5, 8, 0, 13, 6, 4, 10, 9, 14], [14, 9, 11, 10, 1, 3, 15, 2, 5, 12, 8, 7, 0, 4, 13, 6], [5, 12, 8, 7, 4, 0, 13, 6, 14, 9, 11, 10, 3, 1, 15, 2], [3, 2, 1, 15, 8, 5, 7, 12, 0, 6, 4, 13, 14, 11, 10, 9], [0, 6, 4, 13, 11, 14, 10, 9, 3, 2, 1, 15, 5, 8, 7, 12], [9, 10, 3, 11, 5, 2, 1, 15, 12, 7, 0, 8, 6, 14, 4, 13], [12, 7, 0, 8, 14, 6, 4, 13, 9, 10, 3, 11, 2, 5, 1, 15], [6, 13, 14, 4, 3, 9, 11, 10, 2, 15, 5, 1, 12, 0, 8, 7], [2, 15, 5, 1, 0, 12, 8, 7, 6, 13, 14, 4, 9, 3, 11, 10]]","{""num_givens"": 100, ""grid_size"": 16}"
sudoku_cf4_hex_0036,sudoku_cf4_hex,counterfactual,"[[2, null, null, 10, 13, null, null, null, null, 14, 12, null, 6, 1, null, 8], [null, null, null, null, null, null, 15, 12, 11, 10, null, 2, 0, null, 4, null], [null, 7, null, null, null, 6, 9, null, null, null, null, null, null, null, 2, 11], [4, 13, null, 0, null, 10, 2, null, 8, null, 1, 9, 14, null, null, 7], [12, null, null, null, 9, null, 1, 0, null, 13, null, null, null, 6, 5, null], [null, 4, 14, null, 2, 11, 5, null, null, 8, null, null, 7, 10, null, 15], [1, 9, 0, null, null, null, 12, null, 2, null, null, 5, null, 14, 3, null], [null, null, null, null, null, null, null, null, 15, null, 10, null, null, 0, null, null], [null, null, 8, null, null, null, 14, 7, null, null, null, null, null, 13, null, null], [null, null, null, null, null, 15, 10, 11, null, null, 8, 6, null, 7, null, null], [null, 3, 7, null, 5, null, 6, null, null, 9, null, 0, null, 11, 10, 12], [null, 12, null, 15, null, null, 0, null, null, null, null, null, null, null, 6, null], [null, null, null, null, null, null, null, null, null, null, null, null, 1, null, null, null], [null, null, null, null, 6, 5, null, 9, 0, 1, 4, null, null, 2, null, 10], [null, null, null, null, 0, null, null, null, null, 3, null, null, null, 9, null, 6], [null, null, 4, 1, null, null, 11, 2, null, null, 9, 8, null, null, 7, null]]","Solve the following hexadecimal Sudoku puzzle.
Rule change: The grid is 16×16 (instead of 9×9). The blocks are 4×4 (instead of 3×3). The valid symbols are the hexadecimal digits {0, 1, 2, 3, 4, 5, 6, 7, 8, 9, A, B, C, D, E, F}. Each row, column, and 4×4 block must contain each symbol exactly once.

Puzzle (. = empty cell):
2 . . A | D . . . | . E C . | 6 1 . 8
. . . . | . . F C | B A . 2 | . . 4 .
. 7 . . | . 6 9 . | . . . . | . . 2 B
4 D . . | . A 2 . | 8 . 1 9 | E . . 7
-------------------------------------
C . . . | 9 . 1 . | . D . . | . 6 5 .
. 4 E . | 2 B 5 . | . 8 . . | 7 A . F
1 9 . . | . . C . | 2 . . 5 | . E 3 .
. . . . | . . . . | F . A . | . . . .
-------------------------------------
. . 8 . | . . E 7 | . . . . | . D . .
. . . . | . F A B | . . 8 6 | . 7 . .
. 3 7 . | 5 . 6 . | . 9 . . | . B A C
. C . F | . . . . | . . . . | . . 6 .
-------------------------------------
. . . . | . . . . | . . . . | 1 . . .
. . . . | 6 5 . 9 | . 1 4 . | . 2 . A
. . . . | . . . . | . 3 . . | . 9 . 6
. . 4 1 | . . B 2 | . . 9 8 | . . 7 .

Which of the following is the correct completed solution?","[[2, 11, 5, 10, 13, 0, 4, 3, 7, 14, 12, 15, 6, 1, 9, 8], [9, 8, 1, 6, 7, 14, 15, 12, 11, 10, 5, 2, 0, 3, 4, 13], [15, 7, 12, 14, 8, 6, 9, 1, 13, 0, 3, 4, 10, 5, 2, 11], [4, 13, 3, 0, 11, 10, 2, 5, 8, 6, 1, 9, 14, 12, 15, 7], [12, 15, 10, 7, 9, 8, 1, 0, 4, 13, 14, 3, 11, 6, 5, 2], [3, 4, 14, 13, 2, 11, 5, 6, 9, 8, 0, 1, 7, 10, 12, 15], [1, 9, 0, 8, 15, 7, 12, 10, 2, 11, 6, 5, 13, 14, 3, 4], [5, 2, 6, 11, 4, 13, 3, 14, 15, 7, 10, 12, 8, 0, 1, 9], [6, 5, 8, 2, 3, 4, 14, 7, 12, 15, 11, 10, 9, 13, 0, 1], [0, 1, 13, 9, 12, 15, 10, 11, 5, 2, 8, 6, 4, 7, 14, 3], [14, 3, 7, 4, 5, 2, 6, 8, 1, 9, 13, 0, 15, 11, 10, 12], [10, 12, 11, 15, 1, 9, 0, 13, 3, 4, 7, 14, 2, 8, 6, 5], [8, 6, 9, 5, 13, 3, 7, 15, 10, 12, 2, 11, 1, 4, 14, 0], [7, 14, 15, 3, 6, 5, 8, 9, 0, 1, 4, 13, 12, 2, 11, 10], [11, 10, 2, 12, 0, 1, 13, 4, 14, 3, 15, 7, 5, 9, 8, 6], [13, 0, 4, 1, 10, 12, 11, 2, 6, 5, 9, 8, 3, 15, 7, 14]]","[[2, 11, 5, 10, 13, 0, 4, 3, 7, 14, 12, 15, 6, 1, 9, 8], [9, 8, 1, 6, 7, 14, 15, 12, 11, 10, 5, 2, 0, 3, 4, 13], [15, 7, 12, 14, 8, 6, 9, 1, 13, 0, 3, 4, 10, 5, 2, 11], [4, 13, 3, 0, 11, 10, 2, 5, 8, 6, 1, 9, 14, 12, 15, 7], [12, 15, 10, 7, 9, 8, 1, 0, 4, 13, 14, 3, 11, 6, 5, 2], [3, 4, 14, 13, 2, 11, 5, 6, 9, 8, 0, 1, 7, 10, 12, 15], [1, 9, 0, 8, 15, 7, 12, 10, 2, 11, 6, 5, 13, 14, 3, 4], [5, 2, 6, 11, 4, 13, 3, 14, 15, 7, 10, 12, 8, 0, 1, 9], [6, 5, 8, 2, 3, 4, 14, 7, 12, 15, 11, 10, 9, 13, 0, 1], [0, 1, 13, 9, 12, 15, 10, 11, 5, 2, 8, 6, 4, 7, 14, 3], [14, 3, 7, 4, 5, 2, 6, 8, 1, 9, 13, 0, 15, 11, 10, 12], [10, 12, 11, 15, 1, 9, 0, 13, 3, 4, 7, 14, 2, 8, 6, 5], [8, 6, 9, 5, 14, 3, 7, 15, 10, 12, 2, 11, 1, 4, 13, 0], [7, 14, 15, 3, 6, 5, 8, 9, 0, 1, 4, 13, 12, 2, 11, 10], [11, 10, 2, 12, 0, 1, 13, 4, 14, 3, 15, 7, 5, 9, 8, 6], [13, 0, 4, 1, 10, 12, 11, 2, 6, 5, 9, 8, 3, 15, 7, 14]]","[[2, 11, 5, 10, 13, 0, 4, 3, 7, 14, 12, 15, 6, 1, 9, 8], [9, 8, 1, 6, 7, 14, 15, 12, 11, 10, 5, 2, 0, 3, 4, 13], [15, 7, 12, 14, 8, 6, 9, 1, 13, 0, 3, 4, 10, 5, 2, 11], [4, 13, 3, 0, 11, 10, 2, 5, 8, 6, 1, 9, 14, 12, 15, 7], [12, 15, 10, 7, 9, 8, 1, 0, 4, 13, 3, 14, 11, 6, 5, 2], [3, 4, 14, 13, 2, 11, 5, 6, 9, 8, 0, 1, 7, 10, 12, 15], [1, 9, 0, 8, 15, 7, 12, 10, 2, 11, 6, 5, 13, 14, 3, 4], [5, 2, 6, 11, 4, 13, 3, 14, 15, 7, 10, 12, 8, 0, 1, 9], [6, 5, 8, 2, 3, 4, 14, 7, 12, 15, 11, 10, 9, 13, 0, 1], [0, 1, 13, 9, 12, 15, 10, 11, 5, 2, 8, 6, 4, 7, 14, 3], [14, 3, 7, 4, 5, 2, 6, 8, 1, 9, 13, 0, 15, 11, 10, 12], [10, 12, 11, 15, 1, 9, 0, 13, 3, 4, 7, 14, 2, 8, 6, 5], [8, 6, 9, 5, 14, 3, 7, 15, 10, 12, 2, 11, 1, 4, 13, 0], [7, 14, 15, 3, 6, 5, 8, 9, 0, 1, 4, 13, 12, 2, 11, 10], [11, 10, 2, 12, 0, 1, 13, 4, 14, 3, 15, 7, 5, 9, 8, 6], [13, 0, 4, 1, 10, 12, 11, 2, 6, 5, 9, 8, 3, 15, 7, 14]]","[[2, 11, 5, 10, 13, 9, 4, 3, 7, 14, 12, 15, 6, 1, 0, 8], [9, 8, 1, 6, 7, 14, 15, 12, 11, 10, 5, 2, 0, 3, 4, 13], [15, 7, 12, 14, 8, 6, 9, 1, 13, 0, 3, 4, 10, 5, 2, 11], [4, 13, 3, 0, 11, 10, 2, 5, 8, 6, 1, 9, 14, 12, 15, 7], [12, 15, 10, 7, 9, 8, 1, 0, 4, 13, 14, 3, 11, 6, 5, 2], [3, 4, 14, 13, 2, 11, 5, 6, 9, 8, 0, 1, 7, 10, 12, 15], [1, 9, 0, 8, 15, 7, 12, 10, 2, 11, 6, 5, 13, 14, 3, 4], [5, 2, 6, 11, 4, 13, 3, 14, 15, 7, 10, 12, 8, 0, 1, 9], [6, 5, 8, 2, 3, 4, 14, 7, 12, 15, 11, 10, 9, 13, 0, 1], [0, 1, 13, 9, 12, 15, 10, 11, 5, 2, 8, 6, 4, 7, 14, 3], [14, 3, 7, 4, 5, 2, 6, 8, 1, 9, 13, 0, 15, 11, 10, 12], [10, 12, 11, 15, 1, 9, 0, 13, 3, 4, 7, 14, 2, 8, 6, 5], [8, 6, 9, 5, 14, 3, 7, 15, 10, 12, 2, 11, 1, 4, 13, 0], [7, 14, 15, 3, 6, 5, 8, 9, 0, 1, 4, 13, 12, 2, 11, 10], [11, 10, 2, 12, 0, 1, 13, 4, 14, 3, 15, 7, 5, 9, 8, 6], [13, 0, 4, 1, 10, 12, 11, 2, 6, 5, 9, 8, 3, 15, 7, 14]]",B,"[[2, 11, 5, 10, 13, 0, 4, 3, 7, 14, 12, 15, 6, 1, 9, 8], [9, 8, 1, 6, 7, 14, 15, 12, 11, 10, 5, 2, 0, 3, 4, 13], [15, 7, 12, 14, 8, 6, 9, 1, 13, 0, 3, 4, 10, 5, 2, 11], [4, 13, 3, 0, 11, 10, 2, 5, 8, 6, 1, 9, 14, 12, 15, 7], [12, 15, 10, 7, 9, 8, 1, 0, 4, 13, 14, 3, 11, 6, 5, 2], [3, 4, 14, 13, 2, 11, 5, 6, 9, 8, 0, 1, 7, 10, 12, 15], [1, 9, 0, 8, 15, 7, 12, 10, 2, 11, 6, 5, 13, 14, 3, 4], [5, 2, 6, 11, 4, 13, 3, 14, 15, 7, 10, 12, 8, 0, 1, 9], [6, 5, 8, 2, 3, 4, 14, 7, 12, 15, 11, 10, 9, 13, 0, 1], [0, 1, 13, 9, 12, 15, 10, 11, 5, 2, 8, 6, 4, 7, 14, 3], [14, 3, 7, 4, 5, 2, 6, 8, 1, 9, 13, 0, 15, 11, 10, 12], [10, 12, 11, 15, 1, 9, 0, 13, 3, 4, 7, 14, 2, 8, 6, 5], [8, 6, 9, 5, 14, 3, 7, 15, 10, 12, 2, 11, 1, 4, 13, 0], [7, 14, 15, 3, 6, 5, 8, 9, 0, 1, 4, 13, 12, 2, 11, 10], [11, 10, 2, 12, 0, 1, 13, 4, 14, 3, 15, 7, 5, 9, 8, 6], [13, 0, 4, 1, 10, 12, 11, 2, 6, 5, 9, 8, 3, 15, 7, 14]]","{""num_givens"": 100, ""grid_size"": 16}"
sudoku_cf4_hex_0037,sudoku_cf4_hex,counterfactual,"[[9, null, null, null, null, null, null, null, null, null, null, 10, null, null, null, null], [null, 10, null, 8, null, 3, 4, 1, null, null, 14, null, 15, null, 7, null], [5, null, null, 1, null, 13, 12, null, null, null, null, null, null, 11, 8, null], [null, null, null, null, 0, null, null, null, 5, null, 1, null, 12, null, 14, null], [null, null, null, 13, null, 6, null, 2, null, 0, null, null, null, 5, null, null], [null, 1, 0, null, null, 5, null, null, null, 9, 13, null, 8, null, 2, null], [null, null, 5, 3, null, null, null, null, null, 6, null, 8, 1, 0, null, null], [null, null, 6, null, null, null, null, null, null, null, 3, 14, null, null, 13, 12], [null, null, null, null, null, null, 11, 6, 1, 10, null, null, 13, null, null, null], [null, null, null, 5, 7, null, null, null, null, 15, 6, null, null, null, null, 1], [null, null, 15, null, null, null, null, 0, null, 4, 5, null, 2, 12, null, 7], [1, 3, null, null, null, null, 13, null, 7, 12, 9, null, 11, null, null, 8], [null, null, null, null, null, null, null, 10, 13, 14, null, 9, 6, null, null, 2], [null, 5, 1, 10, 13, null, null, 4, 2, null, null, null, null, null, null, null], [13, null, null, 4, 2, 7, 6, null, null, null, null, 0, 5, 1, 10, 3], [null, 6, null, 12, null, 8, 0, null, null, 1, null, 5, 9, 14, null, 13]]","Solve the following hexadecimal Sudoku puzzle.
Rule change: The grid is 16×16 (instead of 9×9). The blocks are 4×4 (instead of 3×3). The valid symbols are the hexadecimal digits {0, 1, 2, 3, 4, 5, 6, 7, 8, 9, A, B, C, D, E, F}. Each row, column, and 4×4 block must contain each symbol exactly once.

Puzzle (. = empty cell):
9 . . . | . . . . | . . . A | . . . .
. A . 8 | . 3 4 1 | . . E . | F . 7 .
5 . . 1 | . D C . | . . . . | . B 8 .
. . . . | . . . . | 5 . 1 . | C . E .
-------------------------------------
. . . D | . 6 . 2 | . . . . | . 5 . .
. 1 . . | . 5 . . | . 9 D . | 8 . 2 .
. . 5 3 | . . . . | . 6 . 8 | 1 . . .
. . 6 . | . . . . | . . 3 E | . . D C
-------------------------------------
. . . . | . . B 6 | 1 A . . | D . . .
. . . 5 | 7 . . . | . F 6 . | . . . 1
. . F . | . . . . | . 4 5 . | 2 C . 7
1 3 . . | . . D . | 7 C 9 . | B . . 8
-------------------------------------
. . . . | . . . A | D E . 9 | 6 . . 2
. 5 1 A | D . . 4 | 2 . . . | . . . .
D . . 4 | 2 7 6 . | . . . . | 5 1 A 3
. 6 . C | . 8 . . | . 1 . 5 | 9 E . D

Which of the following is the correct completed solution?","[[9, 12, 13, 14, 6, 2, 15, 7, 0, 11, 8, 10, 4, 3, 1, 5], [0, 10, 11, 8, 5, 3, 4, 1, 9, 13, 14, 12, 15, 2, 7, 6], [5, 4, 3, 1, 9, 13, 12, 14, 6, 2, 7, 15, 10, 11, 8, 0], [6, 15, 2, 7, 0, 11, 10, 8, 5, 3, 1, 4, 12, 13, 14, 9], [12, 7, 9, 13, 14, 6, 8, 2, 10, 0, 11, 1, 15, 5, 3, 4], [10, 1, 0, 11, 4, 5, 14, 3, 12, 9, 13, 7, 8, 6, 2, 15], [4, 14, 5, 3, 12, 9, 7, 13, 15, 6, 2, 8, 1, 0, 11, 10], [15, 8, 6, 2, 10, 0, 1, 11, 4, 5, 3, 14, 7, 9, 13, 12], [7, 2, 12, 9, 8, 15, 11, 6, 1, 10, 0, 3, 13, 4, 5, 14], [14, 13, 4, 5, 7, 12, 2, 9, 8, 15, 6, 11, 3, 10, 0, 1], [8, 11, 15, 6, 1, 10, 3, 0, 14, 4, 5, 13, 2, 12, 9, 7], [1, 3, 10, 0, 14, 4, 13, 5, 7, 12, 9, 2, 11, 15, 6, 8], [11, 0, 8, 15, 3, 1, 5, 10, 13, 14, 4, 9, 6, 7, 12, 2], [3, 5, 1, 10, 13, 14, 9, 4, 2, 7, 12, 6, 0, 8, 15, 11], [13, 9, 14, 4, 2, 7, 6, 12, 11, 8, 15, 0, 5, 1, 10, 3], [2, 6, 7, 12, 11, 8, 0, 15, 3, 1, 10, 5, 9, 14, 4, 13]]","[[9, 12, 13, 14, 6, 2, 15, 7, 0, 11, 8, 10, 4, 3, 1, 5], [0, 10, 11, 8, 5, 3, 4, 1, 9, 13, 14, 12, 15, 2, 7, 6], [5, 4, 3, 1, 9, 13, 12, 14, 6, 2, 7, 15, 10, 11, 8, 0], [6, 15, 2, 7, 0, 11, 10, 8, 5, 3, 1, 4, 12, 13, 14, 9], [12, 7, 9, 13, 15, 6, 8, 2, 10, 0, 11, 1, 14, 5, 3, 4], [10, 1, 0, 11, 4, 5, 14, 3, 12, 9, 13, 7, 8, 6, 2, 15], [4, 14, 5, 3, 12, 7, 9, 13, 15, 6, 2, 8, 1, 0, 11, 10], [15, 8, 6, 2, 10, 0, 1, 11, 4, 5, 3, 14, 7, 9, 13, 12], [7, 2, 12, 9, 8, 15, 11, 6, 1, 10, 0, 3, 13, 4, 5, 14], [14, 13, 4, 5, 7, 12, 2, 9, 8, 15, 6, 11, 3, 10, 0, 1], [8, 11, 15, 6, 1, 10, 3, 0, 14, 4, 5, 13, 2, 12, 9, 7], [1, 3, 10, 0, 14, 4, 13, 5, 7, 12, 9, 2, 11, 15, 6, 8], [11, 0, 8, 15, 3, 1, 5, 10, 13, 14, 4, 9, 6, 7, 12, 2], [3, 5, 1, 10, 13, 14, 9, 4, 2, 7, 12, 6, 0, 8, 15, 11], [13, 9, 14, 4, 2, 7, 6, 12, 11, 8, 15, 0, 5, 1, 10, 3], [2, 6, 7, 12, 11, 8, 0, 15, 3, 1, 10, 5, 9, 14, 4, 13]]","[[9, 12, 13, 14, 6, 2, 15, 7, 0, 11, 8, 10, 4, 3, 1, 5], [0, 10, 11, 8, 5, 3, 4, 1, 9, 13, 14, 12, 15, 2, 7, 6], [5, 4, 3, 1, 9, 13, 12, 14, 6, 2, 7, 15, 10, 11, 8, 0], [6, 15, 2, 7, 0, 11, 10, 8, 5, 3, 1, 4, 12, 13, 14, 9], [12, 7, 9, 13, 15, 6, 8, 2, 10, 0, 11, 1, 14, 5, 3, 4], [10, 1, 0, 11, 4, 5, 14, 3, 12, 9, 13, 7, 8, 6, 2, 15], [4, 14, 5, 3, 12, 9, 7, 13, 15, 6, 2, 8, 1, 0, 11, 10], [15, 8, 6, 2, 10, 0, 1, 11, 4, 5, 3, 14, 7, 9, 13, 12], [7, 2, 12, 9, 8, 15, 11, 6, 1, 10, 0, 3, 13, 4, 5, 14], [14, 13, 4, 5, 7, 12, 2, 9, 8, 15, 6, 11, 3, 10, 0, 1], [8, 11, 15, 6, 1, 10, 3, 0, 14, 4, 5, 13, 2, 12, 9, 7], [1, 3, 10, 0, 14, 4, 13, 5, 7, 12, 9, 2, 11, 15, 6, 8], [11, 0, 8, 15, 3, 1, 5, 10, 13, 14, 4, 9, 6, 7, 12, 2], [3, 5, 1, 10, 13, 14, 9, 4, 2, 7, 12, 6, 0, 8, 15, 11], [13, 9, 14, 4, 2, 7, 6, 12, 11, 8, 15, 0, 5, 1, 10, 3], [2, 6, 7, 12, 11, 8, 0, 15, 3, 1, 10, 5, 9, 14, 4, 13]]","[[9, 12, 13, 14, 6, 2, 15, 7, 0, 11, 8, 10, 4, 3, 1, 5], [0, 10, 11, 8, 5, 3, 4, 1, 9, 13, 14, 12, 15, 2, 7, 6], [5, 15, 3, 1, 9, 13, 12, 14, 6, 2, 7, 4, 10, 11, 8, 0], [6, 15, 2, 7, 0, 11, 10, 8, 5, 3, 1, 4, 12, 13, 14, 9], [12, 7, 9, 13, 15, 6, 8, 2, 10, 0, 11, 1, 14, 5, 3, 4], [10, 1, 0, 11, 4, 5, 14, 3, 12, 9, 13, 7, 8, 6, 2, 15], [4, 14, 5, 3, 12, 9, 7, 13, 15, 6, 2, 8, 1, 0, 11, 10], [15, 8, 6, 2, 10, 0, 1, 11, 4, 5, 3, 14, 7, 9, 13, 12], [7, 2, 12, 9, 8, 15, 11, 6, 1, 10, 0, 3, 13, 4, 5, 14], [14, 13, 4, 5, 7, 12, 2, 9, 8, 15, 6, 11, 3, 10, 0, 1], [8, 11, 15, 6, 1, 10, 3, 0, 14, 4, 5, 13, 2, 12, 9, 7], [1, 3, 10, 0, 14, 4, 13, 5, 7, 12, 9, 2, 11, 15, 6, 8], [11, 0, 8, 15, 3, 1, 5, 10, 13, 14, 4, 9, 6, 7, 12, 2], [3, 5, 1, 10, 13, 14, 9, 4, 2, 7, 12, 6, 0, 8, 15, 11], [13, 9, 14, 4, 2, 7, 6, 12, 11, 8, 15, 0, 5, 1, 10, 3], [2, 6, 7, 12, 11, 8, 0, 15, 3, 1, 10, 5, 9, 14, 4, 13]]",C,"[[9, 12, 13, 14, 6, 2, 15, 7, 0, 11, 8, 10, 4, 3, 1, 5], [0, 10, 11, 8, 5, 3, 4, 1, 9, 13, 14, 12, 15, 2, 7, 6], [5, 4, 3, 1, 9, 13, 12, 14, 6, 2, 7, 15, 10, 11, 8, 0], [6, 15, 2, 7, 0, 11, 10, 8, 5, 3, 1, 4, 12, 13, 14, 9], [12, 7, 9, 13, 15, 6, 8, 2, 10, 0, 11, 1, 14, 5, 3, 4], [10, 1, 0, 11, 4, 5, 14, 3, 12, 9, 13, 7, 8, 6, 2, 15], [4, 14, 5, 3, 12, 9, 7, 13, 15, 6, 2, 8, 1, 0, 11, 10], [15, 8, 6, 2, 10, 0, 1, 11, 4, 5, 3, 14, 7, 9, 13, 12], [7, 2, 12, 9, 8, 15, 11, 6, 1, 10, 0, 3, 13, 4, 5, 14], [14, 13, 4, 5, 7, 12, 2, 9, 8, 15, 6, 11, 3, 10, 0, 1], [8, 11, 15, 6, 1, 10, 3, 0, 14, 4, 5, 13, 2, 12, 9, 7], [1, 3, 10, 0, 14, 4, 13, 5, 7, 12, 9, 2, 11, 15, 6, 8], [11, 0, 8, 15, 3, 1, 5, 10, 13, 14, 4, 9, 6, 7, 12, 2], [3, 5, 1, 10, 13, 14, 9, 4, 2, 7, 12, 6, 0, 8, 15, 11], [13, 9, 14, 4, 2, 7, 6, 12, 11, 8, 15, 0, 5, 1, 10, 3], [2, 6, 7, 12, 11, 8, 0, 15, 3, 1, 10, 5, 9, 14, 4, 13]]","{""num_givens"": 100, ""grid_size"": 16}"
sudoku_cf4_hex_0038,sudoku_cf4_hex,counterfactual,"[[null, null, 2, null, null, 12, null, null, 9, 5, 14, null, null, 3, 13, 4], [15, null, 5, null, 3, 13, null, 8, null, null, 6, 12, null, 11, null, null], [null, 6, null, null, null, 7, null, 1, 8, null, null, null, null, null, 15, null], [null, null, null, 8, null, null, 5, null, null, 2, null, null, null, null, 12, null], [null, null, null, 2, null, 3, null, 10, null, 15, 9, null, null, null, null, null], [11, 8, null, null, 9, null, null, 5, null, 7, null, null, 10, 0, null, 12], [3, 0, null, 10, null, 14, 7, null, 4, 13, null, null, 5, null, 6, null], [6, null, null, 5, 8, null, 13, 4, 10, 12, null, null, 2, null, null, null], [null, 12, null, 3, null, null, null, null, 11, null, null, 2, null, null, null, 0], [null, 13, null, null, null, null, null, null, null, 9, 7, null, null, null, 4, 8], [null, 7, null, 14, 12, null, null, null, null, null, null, 10, null, null, 2, null], [null, null, null, 6, null, 2, null, 11, null, null, null, 4, null, 7, null, null], [0, null, null, 15, null, null, 11, null, null, null, 10, 8, null, null, 9, null], [null, null, 11, 13, 5, null, null, null, 7, 14, null, 9, null, 10, null, 3], [9, null, 14, null, null, null, null, 12, null, null, 5, null, 13, 4, null, null], [null, null, null, null, null, null, 14, null, 13, null, null, 1, null, 5, 0, null]]","Solve the following hexadecimal Sudoku puzzle.
Rule change: The grid is 16×16 (instead of 9×9). The blocks are 4×4 (instead of 3×3). The valid symbols are the hexadecimal digits {0, 1, 2, 3, 4, 5, 6, 7, 8, 9, A, B, C, D, E, F}. Each row, column, and 4×4 block must contain each symbol exactly once.

Puzzle (. = empty cell):
. . 2 . | . C . . | 9 5 E . | . 3 D 4
F . 5 . | 3 D . 8 | . . 6 C | . B . .
. 6 . . | . 7 . 1 | 8 . . . | . . F .
. . . 8 | . . 5 . | . 2 . . | . . C .
-------------------------------------
. . . 2 | . 3 . A | . F 9 . | . . . .
B 8 . . | 9 . . 5 | . 7 . . | A . . C
3 . . A | . E 7 . | 4 D . . | 5 . 6 .
6 . . 5 | 8 . D 4 | A C . . | 2 . . .
-------------------------------------
. C . 3 | . . . . | B . . 2 | . . . .
. D . . | . . . . | . 9 7 . | . . 4 8
. 7 . E | C . . . | . . . A | . . 2 .
. . . 6 | . 2 . B | . . . 4 | . 7 . .
-------------------------------------
. . . F | . . B . | . . A 8 | . . 9 .
. . B D | 5 . . . | 7 E . 9 | . A . 3
9 . E . | . . . C | . . 5 . | D 4 . .
. . . . | . . E . | D . . 1 | . 5 . .

Which of the following is the correct completed solution?","[[7, 11, 2, 1, 6, 12, 10, 0, 9, 5, 14, 15, 8, 3, 13, 4], [15, 14, 5, 9, 3, 13, 4, 8, 0, 10, 6, 12, 1, 11, 7, 2], [12, 6, 10, 0, 11, 7, 2, 1, 8, 4, 3, 13, 9, 14, 15, 5], [13, 3, 4, 8, 14, 15, 5, 9, 1, 2, 11, 7, 0, 6, 12, 10], [14, 1, 7, 2, 0, 3, 12, 10, 5, 15, 9, 6, 4, 8, 11, 13], [11, 8, 13, 4, 9, 6, 15, 5, 2, 7, 1, 14, 10, 0, 3, 12], [3, 0, 12, 10, 1, 14, 7, 2, 4, 13, 8, 11, 5, 9, 6, 15], [6, 9, 15, 5, 8, 11, 13, 4, 10, 12, 0, 3, 2, 1, 14, 7], [4, 12, 8, 3, 7, 5, 9, 14, 11, 1, 13, 2, 6, 15, 10, 0], [2, 13, 1, 11, 15, 10, 0, 6, 14, 9, 7, 5, 3, 12, 4, 8], [5, 7, 9, 14, 12, 4, 8, 3, 6, 0, 15, 10, 11, 13, 2, 1], [10, 15, 0, 6, 13, 2, 1, 11, 3, 8, 12, 4, 14, 7, 5, 9], [0, 5, 6, 15, 4, 1, 11, 13, 12, 3, 10, 8, 7, 2, 9, 14], [1, 4, 11, 13, 5, 0, 6, 15, 7, 14, 2, 9, 12, 10, 8, 3], [9, 2, 14, 7, 10, 8, 3, 12, 15, 6, 5, 0, 13, 4, 1, 11], [8, 10, 3, 12, 2, 9, 14, 7, 13, 11, 4, 1, 15, 5, 0, 6]]","[[7, 11, 2, 1, 6, 12, 10, 0, 9, 5, 14, 15, 8, 3, 13, 4], [15, 14, 5, 9, 3, 13, 4, 8, 0, 10, 6, 12, 1, 11, 7, 2], [12, 6, 10, 0, 11, 7, 2, 1, 8, 4, 3, 13, 9, 14, 15, 5], [13, 3, 4, 8, 14, 15, 5, 9, 1, 2, 11, 7, 0, 6, 12, 10], [14, 1, 7, 2, 0, 3, 12, 10, 5, 15, 9, 6, 4, 8, 11, 13], [11, 8, 13, 4, 9, 6, 15, 5, 2, 7, 1, 14, 10, 0, 3, 12], [3, 0, 12, 10, 1, 14, 7, 2, 4, 13, 8, 11, 5, 9, 6, 15], [6, 9, 15, 5, 8, 11, 13, 4, 10, 12, 0, 3, 2, 1, 14, 7], [4, 12, 8, 3, 7, 5, 9, 14, 11, 1, 13, 2, 6, 15, 10, 0], [2, 13, 1, 11, 15, 10, 0, 6, 14, 9, 7, 5, 3, 12, 4, 8], [5, 7, 9, 14, 12, 4, 8, 3, 6, 0, 15, 10, 13, 11, 2, 1], [10, 15, 0, 6, 13, 2, 1, 11, 3, 8, 12, 4, 14, 7, 5, 9], [0, 5, 6, 15, 4, 1, 11, 13, 12, 3, 10, 8, 7, 2, 9, 14], [1, 4, 11, 13, 5, 0, 6, 15, 7, 14, 2, 9, 12, 10, 8, 3], [9, 2, 14, 7, 10, 8, 3, 12, 15, 6, 5, 0, 13, 4, 1, 11], [8, 10, 3, 12, 2, 9, 14, 7, 13, 11, 4, 1, 15, 5, 0, 6]]","[[7, 11, 2, 1, 6, 12, 10, 0, 9, 5, 14, 15, 8, 3, 13, 4], [15, 14, 5, 9, 3, 13, 4, 8, 0, 10, 6, 12, 1, 11, 7, 2], [12, 6, 10, 0, 11, 7, 2, 1, 8, 4, 3, 13, 9, 14, 15, 5], [13, 3, 4, 8, 14, 15, 5, 9, 1, 2, 11, 7, 0, 6, 12, 10], [14, 1, 7, 2, 0, 3, 12, 10, 5, 15, 9, 6, 4, 8, 11, 13], [11, 8, 13, 4, 9, 6, 15, 5, 2, 7, 1, 14, 10, 0, 3, 12], [3, 0, 12, 10, 1, 14, 7, 2, 4, 13, 8, 11, 5, 9, 6, 15], [6, 9, 11, 5, 8, 15, 13, 4, 10, 12, 0, 3, 2, 1, 14, 7], [4, 12, 8, 3, 7, 5, 9, 14, 11, 1, 13, 2, 6, 15, 10, 0], [2, 13, 1, 11, 15, 10, 0, 6, 14, 9, 7, 5, 3, 12, 4, 8], [5, 7, 9, 14, 12, 4, 8, 3, 6, 0, 15, 10, 11, 13, 2, 1], [10, 15, 0, 6, 13, 2, 1, 11, 3, 8, 12, 4, 14, 7, 5, 9], [0, 5, 6, 15, 4, 1, 11, 13, 12, 3, 10, 8, 7, 2, 9, 14], [1, 4, 11, 13, 5, 0, 6, 15, 7, 14, 2, 9, 12, 10, 8, 3], [9, 2, 14, 7, 10, 8, 3, 12, 15, 6, 5, 0, 13, 4, 1, 11], [8, 10, 3, 12, 2, 9, 14, 7, 13, 11, 4, 1, 15, 5, 0, 6]]","[[7, 11, 2, 1, 6, 12, 10, 0, 9, 5, 14, 15, 8, 3, 13, 4], [15, 14, 5, 9, 3, 13, 4, 8, 0, 10, 6, 12, 1, 11, 7, 2], [12, 6, 10, 0, 11, 7, 2, 1, 8, 4, 3, 13, 9, 14, 15, 5], [13, 3, 4, 8, 14, 15, 5, 9, 1, 2, 11, 7, 0, 6, 12, 10], [14, 1, 7, 2, 0, 3, 12, 10, 5, 15, 9, 6, 4, 8, 11, 13], [11, 8, 13, 4, 9, 6, 15, 5, 2, 7, 1, 14, 10, 0, 3, 12], [3, 0, 12, 10, 1, 14, 7, 2, 4, 13, 8, 11, 5, 9, 6, 15], [6, 9, 15, 5, 8, 11, 13, 4, 10, 12, 0, 3, 2, 1, 14, 7], [4, 12, 8, 3, 7, 5, 9, 14, 11, 1, 13, 2, 6, 15, 10, 0], [2, 13, 1, 11, 15, 10, 0, 6, 14, 9, 7, 5, 3, 12, 4, 8], [5, 7, 9, 14, 12, 4, 8, 3, 6, 0, 15, 10, 11, 13, 2, 1], [10, 15, 0, 6, 13, 2, 1, 11, 3, 8, 12, 4, 14, 7, 5, 9], [0, 5, 6, 15, 4, 1, 11, 13, 12, 3, 10, 8, 14, 2, 9, 7], [1, 4, 11, 13, 5, 0, 6, 15, 7, 14, 2, 9, 12, 10, 8, 3], [9, 2, 14, 7, 10, 8, 3, 12, 15, 6, 5, 0, 13, 4, 1, 11], [8, 10, 3, 12, 2, 9, 14, 7, 13, 11, 4, 1, 15, 5, 0, 6]]",A,"[[7, 11, 2, 1, 6, 12, 10, 0, 9, 5, 14, 15, 8, 3, 13, 4], [15, 14, 5, 9, 3, 13, 4, 8, 0, 10, 6, 12, 1, 11, 7, 2], [12, 6, 10, 0, 11, 7, 2, 1, 8, 4, 3, 13, 9, 14, 15, 5], [13, 3, 4, 8, 14, 15, 5, 9, 1, 2, 11, 7, 0, 6, 12, 10], [14, 1, 7, 2, 0, 3, 12, 10, 5, 15, 9, 6, 4, 8, 11, 13], [11, 8, 13, 4, 9, 6, 15, 5, 2, 7, 1, 14, 10, 0, 3, 12], [3, 0, 12, 10, 1, 14, 7, 2, 4, 13, 8, 11, 5, 9, 6, 15], [6, 9, 15, 5, 8, 11, 13, 4, 10, 12, 0, 3, 2, 1, 14, 7], [4, 12, 8, 3, 7, 5, 9, 14, 11, 1, 13, 2, 6, 15, 10, 0], [2, 13, 1, 11, 15, 10, 0, 6, 14, 9, 7, 5, 3, 12, 4, 8], [5, 7, 9, 14, 12, 4, 8, 3, 6, 0, 15, 10, 11, 13, 2, 1], [10, 15, 0, 6, 13, 2, 1, 11, 3, 8, 12, 4, 14, 7, 5, 9], [0, 5, 6, 15, 4, 1, 11, 13, 12, 3, 10, 8, 7, 2, 9, 14], [1, 4, 11, 13, 5, 0, 6, 15, 7, 14, 2, 9, 12, 10, 8, 3], [9, 2, 14, 7, 10, 8, 3, 12, 15, 6, 5, 0, 13, 4, 1, 11], [8, 10, 3, 12, 2, 9, 14, 7, 13, 11, 4, 1, 15, 5, 0, 6]]","{""num_givens"": 100, ""grid_size"": 16}"
sudoku_cf4_hex_0039,sudoku_cf4_hex,counterfactual,"[[null, 2, 8, null, null, 0, null, 10, 11, null, null, 3, null, null, null, null], [null, null, 13, 12, null, 3, null, 1, null, 8, 14, 15, 0, 10, 7, 9], [4, null, null, 3, 5, null, null, 13, 9, 10, null, null, 15, 8, 14, null], [null, 9, null, 0, null, 15, null, 8, 5, null, null, null, null, null, null, null], [8, 15, null, 5, 0, null, 10, null, 3, null, null, 2, 9, null, null, null], [10, null, null, 11, null, null, null, 6, 12, 7, null, null, 2, 14, null, null], [13, null, null, null, 3, null, 1, null, null, 6, null, 5, null, null, null, 0], [null, null, null, 2, null, 9, null, 7, null, null, null, 11, 5, 6, 8, null], [null, null, null, 8, 7, 10, null, null, null, 11, null, 1, null, 5, null, null], [null, 6, null, null, 4, null, null, null, 14, 2, null, 8, null, 9, null, null], [12, 7, 9, 10, null, null, null, null, 6, null, null, null, null, null, null, 4], [null, null, null, null, null, 13, null, 5, null, null, null, 10, null, 2, null, null], [2, null, null, null, null, null, null, 0, null, null, null, 14, 7, null, 5, null], [null, null, null, null, null, null, 2, null, 13, null, null, null, null, 3, null, null], [null, null, 12, null, null, 14, null, 3, null, 15, null, null, 4, 0, 9, 10], [null, null, null, null, null, 7, null, 12, null, null, null, null, 6, null, null, null]]","Solve the following hexadecimal Sudoku puzzle.
Rule change: The grid is 16×16 (instead of 9×9). The blocks are 4×4 (instead of 3×3). The valid symbols are the hexadecimal digits {0, 1, 2, 3, 4, 5, 6, 7, 8, 9, A, B, C, D, E, F}. Each row, column, and 4×4 block must contain each symbol exactly once.

Puzzle (. = empty cell):
. 2 8 . | . . . A | B . . 3 | . . . .
. . D C | . 3 . 1 | . 8 E F | . A 7 9
4 . . 3 | 5 . . D | 9 A . . | F 8 E .
. 9 . . | . F . 8 | 5 . . . | . . . .
-------------------------------------
8 F . 5 | . . A . | 3 . . 2 | 9 . . .
A . . B | . . . 6 | C 7 . . | 2 E . .
D . . . | 3 . 1 . | . 6 . 5 | . . . .
. . . 2 | . 9 . 7 | . . . B | 5 6 8 .
-------------------------------------
. . . 8 | 7 A . . | . B . 1 | . 5 . .
. 6 . . | 4 . . . | E 2 . 8 | . 9 . .
C 7 9 A | . . . . | 6 . . . | . . . 4
. . . . | . D . 5 | . . . A | . 2 . .
-------------------------------------
2 . . . | . . . . | . . . E | 7 . 5 .
. . . . | . . 2 . | D . . . | . 3 . .
. . C . | . E . 3 | . F . . | 4 . 9 A
. . . . | . 7 . C | . . . . | 6 . . .

Which of the following is the correct completed solution?","[[14, 2, 8, 15, 9, 0, 7, 10, 11, 1, 4, 3, 12, 13, 6, 5], [6, 5, 13, 12, 11, 3, 4, 1, 2, 8, 14, 15, 0, 10, 7, 9], [4, 11, 1, 3, 5, 12, 2, 13, 9, 10, 7, 0, 15, 8, 14, 6], [7, 9, 10, 0, 2, 15, 14, 8, 5, 13, 6, 12, 3, 1, 4, 11], [8, 15, 6, 5, 0, 11, 10, 4, 3, 14, 1, 2, 9, 7, 13, 12], [10, 0, 4, 11, 15, 5, 8, 6, 12, 7, 13, 9, 2, 14, 1, 3], [13, 12, 7, 9, 3, 2, 1, 14, 15, 6, 8, 5, 11, 4, 10, 0], [1, 3, 14, 2, 12, 9, 13, 7, 0, 4, 10, 11, 5, 6, 8, 15], [3, 14, 2, 8, 7, 10, 12, 9, 4, 11, 0, 1, 13, 5, 15, 6], [15, 6, 5, 13, 4, 1, 0, 11, 14, 2, 3, 8, 10, 9, 12, 7], [12, 7, 9, 10, 14, 8, 3, 2, 6, 5, 15, 13, 1, 11, 0, 4], [0, 4, 11, 1, 6, 13, 15, 5, 7, 9, 12, 10, 8, 2, 3, 14], [2, 8, 15, 6, 10, 4, 9, 0, 1, 3, 11, 14, 7, 12, 5, 13], [9, 10, 0, 4, 8, 6, 2, 15, 13, 12, 5, 7, 14, 3, 11, 1], [5, 13, 12, 7, 1, 14, 11, 3, 8, 15, 2, 6, 4, 0, 9, 10], [11, 1, 3, 14, 13, 7, 5, 12, 10, 0, 9, 4, 6, 15, 2, 8]]","[[14, 2, 8, 15, 9, 0, 7, 10, 11, 1, 4, 3, 12, 13, 6, 5], [6, 5, 13, 12, 11, 3, 4, 1, 2, 8, 14, 15, 0, 10, 7, 9], [4, 11, 1, 3, 5, 12, 6, 13, 9, 10, 7, 0, 15, 8, 14, 2], [7, 9, 10, 0, 2, 15, 14, 8, 5, 13, 6, 12, 3, 1, 4, 11], [8, 15, 6, 5, 0, 11, 10, 4, 3, 14, 1, 2, 9, 7, 13, 12], [10, 0, 4, 11, 15, 5, 8, 6, 12, 7, 13, 9, 2, 14, 1, 3], [13, 12, 7, 9, 3, 2, 1, 14, 15, 6, 8, 5, 11, 4, 10, 0], [1, 3, 14, 2, 12, 9, 13, 7, 0, 4, 10, 11, 5, 6, 8, 15], [3, 14, 2, 8, 7, 10, 12, 9, 4, 11, 0, 1, 13, 5, 15, 6], [15, 6, 5, 13, 4, 1, 0, 11, 14, 2, 3, 8, 10, 9, 12, 7], [12, 7, 9, 10, 14, 8, 3, 2, 6, 5, 15, 13, 1, 11, 0, 4], [0, 4, 11, 1, 6, 13, 15, 5, 7, 9, 12, 10, 8, 2, 3, 14], [2, 8, 15, 6, 10, 4, 9, 0, 1, 3, 11, 14, 7, 12, 5, 13], [9, 10, 0, 4, 8, 6, 2, 15, 13, 12, 5, 7, 14, 3, 11, 1], [5, 13, 12, 7, 1, 14, 11, 3, 8, 15, 2, 6, 4, 0, 9, 10], [11, 1, 3, 14, 13, 7, 5, 12, 10, 0, 9, 4, 6, 15, 2, 8]]","[[14, 2, 8, 15, 9, 0, 7, 10, 11, 1, 4, 3, 12, 13, 6, 5], [6, 5, 13, 12, 11, 3, 4, 1, 2, 8, 14, 15, 0, 10, 7, 9], [4, 11, 1, 3, 5, 12, 6, 13, 9, 10, 7, 0, 15, 8, 14, 2], [7, 9, 10, 0, 2, 15, 14, 8, 5, 13, 6, 12, 3, 1, 4, 11], [8, 15, 6, 5, 0, 11, 10, 4, 3, 14, 1, 2, 9, 7, 13, 12], [10, 0, 4, 11, 15, 5, 8, 6, 12, 7, 13, 9, 2, 14, 1, 3], [13, 12, 7, 9, 3, 2, 1, 14, 15, 6, 8, 5, 11, 4, 10, 0], [1, 3, 14, 2, 12, 9, 13, 7, 0, 4, 10, 11, 5, 6, 8, 15], [3, 14, 2, 8, 7, 10, 12, 9, 15, 11, 0, 1, 13, 5, 4, 6], [15, 6, 5, 13, 4, 1, 0, 11, 14, 2, 3, 8, 10, 9, 12, 7], [12, 7, 9, 10, 14, 8, 3, 2, 6, 5, 15, 13, 1, 11, 0, 4], [0, 4, 11, 1, 6, 13, 15, 5, 7, 9, 12, 10, 8, 2, 3, 14], [2, 8, 15, 6, 10, 4, 9, 0, 1, 3, 11, 14, 7, 12, 5, 13], [9, 10, 0, 4, 8, 6, 2, 15, 13, 12, 5, 7, 14, 3, 11, 1], [5, 13, 12, 7, 1, 14, 11, 3, 8, 15, 2, 6, 4, 0, 9, 10], [11, 1, 3, 14, 13, 7, 5, 12, 10, 0, 9, 4, 6, 15, 2, 8]]","[[14, 2, 8, 15, 9, 0, 7, 10, 11, 1, 4, 3, 12, 13, 6, 5], [6, 5, 13, 12, 11, 3, 4, 1, 2, 8, 14, 15, 0, 10, 7, 9], [4, 11, 1, 3, 5, 12, 6, 13, 9, 10, 7, 0, 15, 8, 14, 2], [7, 9, 10, 0, 2, 15, 14, 8, 5, 13, 6, 12, 3, 1, 4, 11], [8, 15, 6, 5, 0, 11, 10, 4, 3, 14, 1, 2, 9, 7, 13, 12], [10, 0, 4, 11, 15, 5, 8, 6, 12, 7, 13, 9, 2, 14, 1, 3], [13, 12, 7, 9, 3, 2, 1, 14, 15, 6, 8, 5, 11, 4, 10, 0], [1, 3, 14, 2, 12, 9, 13, 7, 0, 4, 10, 11, 5, 6, 8, 15], [3, 14, 2, 8, 7, 10, 0, 9, 4, 11, 12, 1, 13, 5, 15, 6], [15, 6, 5, 13, 4, 1, 0, 11, 14, 2, 3, 8, 10, 9, 12, 7], [12, 7, 9, 10, 14, 8, 3, 2, 6, 5, 15, 13, 1, 11, 0, 4], [0, 4, 11, 1, 6, 13, 15, 5, 7, 9, 12, 10, 8, 2, 3, 14], [2, 8, 15, 6, 10, 4, 9, 0, 1, 3, 11, 14, 7, 12, 5, 13], [9, 10, 0, 4, 8, 6, 2, 15, 13, 12, 5, 7, 14, 3, 11, 1], [5, 13, 12, 7, 1, 14, 11, 3, 8, 15, 2, 6, 4, 0, 9, 10], [11, 1, 3, 14, 13, 7, 5, 12, 10, 0, 9, 4, 6, 15, 2, 8]]",B,"[[14, 2, 8, 15, 9, 0, 7, 10, 11, 1, 4, 3, 12, 13, 6, 5], [6, 5, 13, 12, 11, 3, 4, 1, 2, 8, 14, 15, 0, 10, 7, 9], [4, 11, 1, 3, 5, 12, 6, 13, 9, 10, 7, 0, 15, 8, 14, 2], [7, 9, 10, 0, 2, 15, 14, 8, 5, 13, 6, 12, 3, 1, 4, 11], [8, 15, 6, 5, 0, 11, 10, 4, 3, 14, 1, 2, 9, 7, 13, 12], [10, 0, 4, 11, 15, 5, 8, 6, 12, 7, 13, 9, 2, 14, 1, 3], [13, 12, 7, 9, 3, 2, 1, 14, 15, 6, 8, 5, 11, 4, 10, 0], [1, 3, 14, 2, 12, 9, 13, 7, 0, 4, 10, 11, 5, 6, 8, 15], [3, 14, 2, 8, 7, 10, 12, 9, 4, 11, 0, 1, 13, 5, 15, 6], [15, 6, 5, 13, 4, 1, 0, 11, 14, 2, 3, 8, 10, 9, 12, 7], [12, 7, 9, 10, 14, 8, 3, 2, 6, 5, 15, 13, 1, 11, 0, 4], [0, 4, 11, 1, 6, 13, 15, 5, 7, 9, 12, 10, 8, 2, 3, 14], [2, 8, 15, 6, 10, 4, 9, 0, 1, 3, 11, 14, 7, 12, 5, 13], [9, 10, 0, 4, 8, 6, 2, 15, 13, 12, 5, 7, 14, 3, 11, 1], [5, 13, 12, 7, 1, 14, 11, 3, 8, 15, 2, 6, 4, 0, 9, 10], [11, 1, 3, 14, 13, 7, 5, 12, 10, 0, 9, 4, 6, 15, 2, 8]]","{""num_givens"": 100, ""grid_size"": 16}"
sudoku_cf4_hex_0040,sudoku_cf4_hex,counterfactual,"[[0, null, null, null, 12, null, null, 8, null, 2, null, null, 15, 4, null, null], [1, 6, null, null, null, 13, null, null, null, 8, 12, 7, 5, 0, 11, null], [null, null, null, null, null, 6, 1, null, null, null, 11, 3, null, 9, null, 7], [9, 7, null, null, 11, null, 0, null, 4, 15, null, null, null, 1, null, 6], [null, null, null, 2, 15, 10, 13, 9, null, 1, null, 12, null, null, 5, null], [null, null, null, null, null, 14, null, null, 3, null, 5, null, null, null, 8, null], [null, 12, null, null, 5, 11, null, 4, null, null, null, null, 0, null, 2, null], [3, null, null, 5, null, 12, 7, null, null, 0, null, null, null, null, 15, null], [14, null, 3, null, 9, null, null, 7, 12, null, null, null, 13, null, null, null], [null, null, null, 4, null, null, null, null, 14, null, null, 2, null, null, 9, 15], [null, null, null, 1, null, 5, 11, null, null, 7, null, null, null, null, 0, 2], [null, null, 7, null, null, null, null, 3, null, null, null, 5, 6, null, 1, null], [8, null, null, 6, 13, null, 5, null, null, null, null, null, 11, null, 3, 0], [null, null, null, 3, null, null, 15, null, null, null, null, 1, null, null, 13, null], [15, 9, null, 7, 3, null, null, 11, null, null, 13, null, 14, 8, null, 1], [null, null, null, 13, 6, 1, null, null, null, null, null, 0, null, null, 7, null]]","Solve the following hexadecimal Sudoku puzzle.
Rule change: The grid is 16×16 (instead of 9×9). The blocks are 4×4 (instead of 3×3). The valid symbols are the hexadecimal digits {0, 1, 2, 3, 4, 5, 6, 7, 8, 9, A, B, C, D, E, F}. Each row, column, and 4×4 block must contain each symbol exactly once.

Puzzle (. = empty cell):
. . . . | C . . 8 | . 2 . . | F 4 . .
1 6 . . | . D . . | . 8 C 7 | 5 . B .
. . . . | . 6 1 . | . . B 3 | . 9 . 7
9 7 . . | B . . . | 4 F . . | . 1 . 6
-------------------------------------
. . . 2 | F A D 9 | . 1 . C | . . 5 .
. . . . | . E . . | 3 . 5 . | . . 8 .
. C . . | 5 B . 4 | . . . . | . . 2 .
3 . . 5 | . C 7 . | . . . . | . . F .
-------------------------------------
E . 3 . | 9 . . 7 | C . . . | D . . .
. . . 4 | . . . . | E . . 2 | . . 9 F
. . . 1 | . 5 B . | . 7 . . | . . . 2
. . 7 . | . . . 3 | . . . 5 | 6 . 1 .
-------------------------------------
8 . . 6 | D . 5 . | . . . . | B . 3 .
. . . 3 | . . F . | . . . 1 | . . D .
F 9 . 7 | 3 . . B | . . D . | E 8 . 1
. . . D | 6 1 . . | . . . . | . . 7 .

Which of the following is the correct completed solution?","[[0, 3, 5, 11, 12, 7, 9, 8, 1, 2, 14, 6, 15, 4, 10, 13], [1, 6, 2, 14, 10, 13, 4, 15, 9, 8, 12, 7, 5, 0, 11, 3], [4, 13, 15, 10, 14, 6, 1, 2, 0, 5, 11, 3, 8, 9, 12, 7], [9, 7, 8, 12, 11, 3, 0, 5, 4, 15, 10, 13, 2, 1, 14, 6], [6, 14, 0, 2, 15, 10, 13, 9, 7, 1, 8, 12, 4, 3, 5, 11], [13, 10, 9, 15, 2, 14, 6, 0, 3, 4, 5, 11, 1, 7, 8, 12], [7, 12, 1, 8, 5, 11, 3, 4, 13, 9, 15, 10, 0, 6, 2, 14], [3, 11, 4, 5, 8, 12, 7, 1, 6, 0, 2, 14, 9, 13, 15, 10], [14, 2, 3, 0, 9, 15, 10, 7, 12, 6, 1, 8, 13, 11, 4, 5], [11, 5, 13, 4, 1, 8, 12, 6, 14, 3, 0, 2, 7, 10, 9, 15], [12, 8, 6, 1, 4, 5, 11, 13, 10, 7, 9, 15, 3, 14, 0, 2], [10, 15, 7, 9, 11, 2, 14, 3, 0, 13, 4, 5, 6, 12, 1, 8], [8, 1, 14, 6, 13, 4, 5, 10, 15, 12, 7, 9, 11, 2, 3, 0], [2, 0, 11, 3, 7, 9, 15, 12, 8, 14, 6, 1, 10, 5, 13, 4], [15, 9, 12, 7, 3, 0, 2, 11, 5, 10, 13, 4, 14, 8, 6, 1], [5, 4, 10, 13, 6, 1, 8, 14, 2, 11, 3, 0, 12, 15, 7, 9]]","[[0, 3, 5, 11, 12, 7, 9, 8, 1, 2, 14, 6, 15, 4, 10, 13], [1, 6, 2, 14, 10, 13, 4, 15, 9, 8, 12, 7, 5, 0, 11, 3], [4, 13, 15, 10, 14, 6, 1, 2, 0, 5, 11, 3, 8, 9, 12, 7], [9, 7, 8, 12, 11, 3, 0, 5, 4, 15, 10, 13, 2, 1, 14, 6], [6, 14, 0, 2, 15, 10, 13, 9, 7, 1, 8, 12, 4, 3, 5, 11], [13, 10, 9, 15, 2, 14, 6, 0, 3, 4, 5, 11, 1, 7, 8, 12], [7, 12, 1, 8, 5, 11, 3, 4, 13, 9, 15, 10, 0, 6, 2, 14], [3, 11, 4, 5, 8, 12, 7, 1, 6, 0, 2, 14, 9, 13, 15, 10], [14, 2, 3, 0, 9, 15, 10, 7, 12, 6, 1, 8, 13, 11, 4, 5], [11, 5, 13, 4, 1, 8, 12, 6, 14, 3, 0, 2, 7, 10, 9, 15], [12, 8, 6, 1, 4, 5, 11, 13, 10, 7, 9, 15, 3, 14, 0, 2], [10, 15, 7, 9, 0, 2, 14, 3, 11, 13, 4, 5, 6, 12, 1, 8], [8, 1, 14, 6, 13, 4, 5, 10, 15, 12, 7, 9, 11, 2, 3, 0], [2, 0, 11, 3, 7, 9, 15, 12, 8, 14, 6, 1, 10, 5, 13, 4], [15, 9, 12, 7, 3, 0, 2, 11, 5, 10, 13, 4, 14, 8, 6, 1], [5, 4, 10, 13, 6, 1, 8, 14, 2, 11, 3, 0, 12, 15, 7, 9]]","[[0, 3, 5, 11, 12, 7, 9, 8, 1, 2, 14, 6, 15, 4, 10, 13], [1, 6, 2, 14, 10, 13, 4, 15, 9, 8, 12, 7, 5, 0, 11, 3], [4, 13, 15, 10, 14, 6, 1, 2, 0, 5, 11, 3, 8, 9, 12, 7], [9, 7, 5, 12, 11, 3, 0, 8, 4, 15, 10, 13, 2, 1, 14, 6], [6, 14, 0, 2, 15, 10, 13, 9, 7, 1, 8, 12, 4, 3, 5, 11], [13, 10, 9, 15, 2, 14, 6, 0, 3, 4, 5, 11, 1, 7, 8, 12], [7, 12, 1, 8, 5, 11, 3, 4, 13, 9, 15, 10, 0, 6, 2, 14], [3, 11, 4, 5, 8, 12, 7, 1, 6, 0, 2, 14, 9, 13, 15, 10], [14, 2, 3, 0, 9, 15, 10, 7, 12, 6, 1, 8, 13, 11, 4, 5], [11, 5, 13, 4, 1, 8, 12, 6, 14, 3, 0, 2, 7, 10, 9, 15], [12, 8, 6, 1, 4, 5, 11, 13, 10, 7, 9, 15, 3, 14, 0, 2], [10, 15, 7, 9, 0, 2, 14, 3, 11, 13, 4, 5, 6, 12, 1, 8], [8, 1, 14, 6, 13, 4, 5, 10, 15, 12, 7, 9, 11, 2, 3, 0], [2, 0, 11, 3, 7, 9, 15, 12, 8, 14, 6, 1, 10, 5, 13, 4], [15, 9, 12, 7, 3, 0, 2, 11, 5, 10, 13, 4, 14, 8, 6, 1], [5, 4, 10, 13, 6, 1, 8, 14, 2, 11, 3, 0, 12, 15, 7, 9]]","[[0, 3, 5, 11, 12, 7, 9, 8, 1, 2, 14, 6, 15, 4, 10, 13], [1, 6, 2, 14, 10, 13, 4, 15, 9, 8, 12, 7, 5, 0, 11, 3], [4, 13, 15, 10, 14, 6, 1, 2, 0, 5, 11, 3, 8, 9, 12, 7], [9, 7, 8, 12, 11, 3, 0, 5, 4, 15, 10, 13, 2, 1, 14, 6], [6, 14, 0, 2, 15, 10, 13, 9, 7, 1, 8, 12, 4, 3, 5, 11], [13, 10, 9, 15, 2, 14, 6, 0, 3, 4, 5, 11, 1, 7, 8, 12], [7, 12, 1, 8, 5, 11, 3, 4, 13, 9, 15, 10, 0, 6, 2, 14], [3, 11, 4, 5, 8, 12, 7, 1, 6, 0, 2, 14, 9, 13, 15, 10], [14, 2, 3, 0, 9, 15, 10, 7, 12, 6, 1, 8, 13, 11, 4, 5], [11, 5, 13, 4, 1, 8, 12, 6, 14, 3, 0, 2, 7, 10, 9, 15], [12, 8, 6, 1, 4, 5, 11, 13, 10, 7, 9, 15, 3, 14, 0, 2], [10, 15, 7, 9, 0, 2, 14, 3, 11, 13, 4, 5, 6, 12, 1, 8], [8, 1, 14, 6, 13, 4, 5, 10, 15, 12, 7, 9, 11, 2, 3, 0], [2, 0, 11, 3, 7, 9, 15, 14, 8, 12, 6, 1, 10, 5, 13, 4], [15, 9, 12, 7, 3, 0, 2, 11, 5, 10, 13, 4, 14, 8, 6, 1], [5, 4, 10, 13, 6, 1, 8, 14, 2, 11, 3, 0, 12, 15, 7, 9]]",B,"[[0, 3, 5, 11, 12, 7, 9, 8, 1, 2, 14, 6, 15, 4, 10, 13], [1, 6, 2, 14, 10, 13, 4, 15, 9, 8, 12, 7, 5, 0, 11, 3], [4, 13, 15, 10, 14, 6, 1, 2, 0, 5, 11, 3, 8, 9, 12, 7], [9, 7, 8, 12, 11, 3, 0, 5, 4, 15, 10, 13, 2, 1, 14, 6], [6, 14, 0, 2, 15, 10, 13, 9, 7, 1, 8, 12, 4, 3, 5, 11], [13, 10, 9, 15, 2, 14, 6, 0, 3, 4, 5, 11, 1, 7, 8, 12], [7, 12, 1, 8, 5, 11, 3, 4, 13, 9, 15, 10, 0, 6, 2, 14], [3, 11, 4, 5, 8, 12, 7, 1, 6, 0, 2, 14, 9, 13, 15, 10], [14, 2, 3, 0, 9, 15, 10, 7, 12, 6, 1, 8, 13, 11, 4, 5], [11, 5, 13, 4, 1, 8, 12, 6, 14, 3, 0, 2, 7, 10, 9, 15], [12, 8, 6, 1, 4, 5, 11, 13, 10, 7, 9, 15, 3, 14, 0, 2], [10, 15, 7, 9, 0, 2, 14, 3, 11, 13, 4, 5, 6, 12, 1, 8], [8, 1, 14, 6, 13, 4, 5, 10, 15, 12, 7, 9, 11, 2, 3, 0], [2, 0, 11, 3, 7, 9, 15, 12, 8, 14, 6, 1, 10, 5, 13, 4], [15, 9, 12, 7, 3, 0, 2, 11, 5, 10, 13, 4, 14, 8, 6, 1], [5, 4, 10, 13, 6, 1, 8, 14, 2, 11, 3, 0, 12, 15, 7, 9]]","{""num_givens"": 100, ""grid_size"": 16}"
sudoku_cf4_hex_0041,sudoku_cf4_hex,counterfactual,"[[1, 9, null, null, null, 10, 5, null, null, null, null, null, null, 12, 0, 6], [null, 0, null, null, null, 15, null, null, 11, null, 5, 10, null, 14, 9, 1], [null, null, 3, null, 1, 9, null, 14, null, null, null, 0, null, null, null, 7], [null, null, null, 11, 6, null, null, null, null, 1, null, null, 3, 2, null, 8], [null, null, 1, null, null, 11, null, null, null, null, 8, null, 6, 5, null, 0], [null, null, null, null, 15, 2, null, null, null, null, null, null, null, null, null, null], [null, null, null, null, 9, null, null, 3, null, null, null, null, null, null, 11, null], [10, 11, null, null, null, 12, null, null, null, 9, 1, 14, 8, null, 2, null], [null, 1, 11, null, 5, 7, null, null, null, null, null, 8, null, null, null, 4], [3, null, null, null, null, 1, null, null, 0, null, 2, null, 12, 10, null, 5], [5, null, 12, 10, null, null, 2, null, 9, null, null, null, 14, null, 8, null], [4, null, 2, 0, 3, null, null, 15, 10, null, null, null, null, 9, 1, null], [null, null, null, 6, null, null, null, null, null, null, 0, null, null, null, 13, 11], [null, null, 9, 8, 11, 13, 10, null, null, null, null, 4, null, 7, null, 12], [null, 5, 0, 7, null, 4, 15, null, 1, null, 10, 13, 9, 8, null, 14], [null, null, null, null, null, null, 0, null, 8, null, null, 3, null, null, null, null]]","Solve the following hexadecimal Sudoku puzzle.
Rule change: The grid is 16×16 (instead of 9×9). The blocks are 4×4 (instead of 3×3). The valid symbols are the hexadecimal digits {0, 1, 2, 3, 4, 5, 6, 7, 8, 9, A, B, C, D, E, F}. Each row, column, and 4×4 block must contain each symbol exactly once.

Puzzle (. = empty cell):
1 9 . . | . A 5 . | . . . . | . C . 6
. . . . | . F . . | B . 5 A | . E 9 1
. . 3 . | 1 9 . E | . . . . | . . . 7
. . . B | 6 . . . | . 1 . . | 3 2 . 8
-------------------------------------
. . 1 . | . B . . | . . 8 . | 6 5 . .
. . . . | F 2 . . | . . . . | . . . .
. . . . | 9 . . 3 | . . . . | . . B .
A B . . | . C . . | . 9 1 E | 8 . 2 .
-------------------------------------
. 1 B . | 5 7 . . | . . . 8 | . . . 4
3 . . . | . 1 . . | . . 2 . | C A . 5
5 . C A | . . 2 . | 9 . . . | E . 8 .
4 . 2 . | 3 . . F | A . . . | . 9 1 .
-------------------------------------
. . . 6 | . . . . | . . . . | . . D B
. . 9 8 | B D A . | . . . 4 | . 7 . C
. 5 . 7 | . 4 F . | 1 . A D | 9 8 . E
. . . . | . . . . | 8 . . 3 | . . . .

Which of the following is the correct completed solution?","[[1, 9, 13, 14, 7, 10, 5, 11, 2, 8, 3, 15, 4, 12, 0, 6], [6, 0, 4, 12, 8, 15, 3, 2, 11, 7, 5, 10, 13, 14, 9, 1], [8, 15, 3, 2, 1, 9, 13, 14, 12, 6, 4, 0, 5, 11, 10, 7], [7, 10, 5, 11, 6, 0, 4, 12, 14, 1, 13, 9, 3, 2, 15, 8], [9, 14, 1, 3, 10, 11, 7, 13, 4, 15, 8, 2, 6, 5, 12, 0], [0, 12, 6, 5, 15, 2, 8, 4, 13, 10, 7, 11, 1, 3, 14, 9], [15, 2, 8, 4, 9, 14, 1, 3, 5, 0, 6, 12, 7, 13, 11, 10], [10, 11, 7, 13, 0, 12, 6, 5, 3, 9, 1, 14, 8, 4, 2, 15], [13, 1, 11, 9, 5, 7, 12, 10, 15, 3, 14, 8, 2, 0, 6, 4], [3, 8, 14, 15, 13, 1, 11, 9, 0, 4, 2, 6, 12, 10, 7, 5], [5, 7, 12, 10, 4, 6, 2, 0, 9, 13, 11, 1, 14, 15, 8, 3], [4, 6, 2, 0, 3, 8, 14, 15, 10, 5, 12, 7, 11, 9, 1, 13], [2, 4, 15, 6, 14, 3, 9, 8, 7, 12, 0, 5, 10, 1, 13, 11], [14, 3, 9, 8, 11, 13, 10, 1, 6, 2, 15, 4, 0, 7, 5, 12], [12, 5, 0, 7, 2, 4, 15, 6, 1, 11, 10, 13, 9, 8, 3, 14], [11, 13, 10, 1, 12, 5, 0, 7, 8, 14, 9, 3, 15, 6, 4, 2]]","[[1, 9, 13, 14, 7, 10, 5, 11, 2, 8, 3, 15, 4, 12, 0, 6], [6, 0, 4, 12, 8, 15, 3, 2, 11, 7, 5, 10, 13, 14, 9, 1], [8, 15, 3, 2, 1, 9, 13, 14, 12, 6, 4, 0, 5, 11, 10, 7], [7, 10, 5, 11, 6, 0, 4, 12, 14, 1, 13, 9, 3, 2, 15, 8], [9, 14, 1, 3, 10, 11, 7, 13, 4, 15, 8, 2, 6, 5, 12, 0], [0, 12, 6, 5, 15, 2, 8, 4, 13, 10, 7, 11, 1, 3, 14, 9], [15, 2, 8, 4, 9, 14, 1, 3, 5, 0, 6, 12, 7, 13, 11, 10], [10, 11, 7, 3, 0, 12, 6, 5, 13, 9, 1, 14, 8, 4, 2, 15], [13, 1, 11, 9, 5, 7, 12, 10, 15, 3, 14, 8, 2, 0, 6, 4], [3, 8, 14, 15, 13, 1, 11, 9, 0, 4, 2, 6, 12, 10, 7, 5], [5, 7, 12, 10, 4, 6, 2, 0, 9, 13, 11, 1, 14, 15, 8, 3], [4, 6, 2, 0, 3, 8, 14, 15, 10, 5, 12, 7, 11, 9, 1, 13], [2, 4, 15, 6, 14, 3, 9, 8, 7, 12, 0, 5, 10, 1, 13, 11], [14, 3, 9, 8, 11, 13, 10, 1, 6, 2, 15, 4, 0, 7, 5, 12], [12, 5, 0, 7, 2, 4, 15, 6, 1, 11, 10, 13, 9, 8, 3, 14], [11, 13, 10, 1, 12, 5, 0, 7, 8, 14, 9, 3, 15, 6, 4, 2]]","[[1, 9, 13, 14, 7, 10, 5, 11, 2, 8, 3, 15, 4, 12, 0, 6], [6, 0, 4, 12, 8, 15, 3, 2, 11, 7, 5, 10, 13, 14, 9, 1], [8, 15, 3, 2, 1, 9, 13, 14, 12, 6, 4, 0, 5, 11, 10, 7], [7, 10, 5, 11, 6, 0, 4, 12, 14, 1, 13, 9, 3, 2, 15, 8], [9, 14, 1, 3, 10, 11, 7, 13, 4, 15, 8, 2, 6, 5, 12, 0], [0, 12, 6, 5, 15, 2, 8, 4, 13, 10, 7, 11, 1, 3, 14, 9], [15, 2, 8, 4, 9, 14, 1, 3, 5, 0, 6, 12, 7, 13, 11, 10], [10, 11, 7, 13, 0, 12, 6, 5, 3, 9, 1, 14, 8, 4, 2, 15], [13, 1, 11, 9, 5, 7, 12, 10, 15, 3, 14, 8, 2, 0, 6, 4], [3, 8, 14, 15, 13, 1, 11, 9, 0, 4, 2, 6, 12, 10, 7, 5], [5, 7, 12, 10, 4, 6, 2, 0, 9, 13, 11, 1, 14, 15, 8, 3], [4, 6, 2, 0, 3, 8, 14, 15, 10, 5, 12, 7, 11, 9, 1, 13], [2, 4, 15, 6, 14, 3, 9, 8, 7, 12, 0, 5, 10, 1, 13, 11], [14, 3, 9, 8, 11, 13, 10, 1, 6, 2, 15, 4, 0, 7, 5, 12], [12, 5, 0, 7, 2, 4, 15, 6, 1, 11, 10, 13, 9, 8, 3, 14], [11, 6, 10, 1, 12, 5, 0, 7, 8, 14, 9, 3, 15, 13, 4, 2]]","[[1, 9, 13, 14, 7, 10, 5, 11, 2, 8, 3, 15, 4, 12, 0, 6], [6, 0, 4, 12, 8, 15, 3, 2, 11, 7, 5, 10, 13, 14, 9, 1], [8, 15, 3, 2, 1, 9, 13, 14, 12, 11, 4, 0, 5, 6, 10, 7], [7, 10, 5, 11, 6, 0, 4, 12, 14, 1, 13, 9, 3, 2, 15, 8], [9, 14, 1, 3, 10, 11, 7, 13, 4, 15, 8, 2, 6, 5, 12, 0], [0, 12, 6, 5, 15, 2, 8, 4, 13, 10, 7, 11, 1, 3, 14, 9], [15, 2, 8, 4, 9, 14, 1, 3, 5, 0, 6, 12, 7, 13, 11, 10], [10, 11, 7, 13, 0, 12, 6, 5, 3, 9, 1, 14, 8, 4, 2, 15], [13, 1, 11, 9, 5, 7, 12, 10, 15, 3, 14, 8, 2, 0, 6, 4], [3, 8, 14, 15, 13, 1, 11, 9, 0, 4, 2, 6, 12, 10, 7, 5], [5, 7, 12, 10, 4, 6, 2, 0, 9, 13, 11, 1, 14, 15, 8, 3], [4, 6, 2, 0, 3, 8, 14, 15, 10, 5, 12, 7, 11, 9, 1, 13], [2, 4, 15, 6, 14, 3, 9, 8, 7, 12, 0, 5, 10, 1, 13, 11], [14, 3, 9, 8, 11, 13, 10, 1, 6, 2, 15, 4, 0, 7, 5, 12], [12, 5, 0, 7, 2, 4, 15, 6, 1, 11, 10, 13, 9, 8, 3, 14], [11, 13, 10, 1, 12, 5, 0, 7, 8, 14, 9, 3, 15, 6, 4, 2]]",A,"[[1, 9, 13, 14, 7, 10, 5, 11, 2, 8, 3, 15, 4, 12, 0, 6], [6, 0, 4, 12, 8, 15, 3, 2, 11, 7, 5, 10, 13, 14, 9, 1], [8, 15, 3, 2, 1, 9, 13, 14, 12, 6, 4, 0, 5, 11, 10, 7], [7, 10, 5, 11, 6, 0, 4, 12, 14, 1, 13, 9, 3, 2, 15, 8], [9, 14, 1, 3, 10, 11, 7, 13, 4, 15, 8, 2, 6, 5, 12, 0], [0, 12, 6, 5, 15, 2, 8, 4, 13, 10, 7, 11, 1, 3, 14, 9], [15, 2, 8, 4, 9, 14, 1, 3, 5, 0, 6, 12, 7, 13, 11, 10], [10, 11, 7, 13, 0, 12, 6, 5, 3, 9, 1, 14, 8, 4, 2, 15], [13, 1, 11, 9, 5, 7, 12, 10, 15, 3, 14, 8, 2, 0, 6, 4], [3, 8, 14, 15, 13, 1, 11, 9, 0, 4, 2, 6, 12, 10, 7, 5], [5, 7, 12, 10, 4, 6, 2, 0, 9, 13, 11, 1, 14, 15, 8, 3], [4, 6, 2, 0, 3, 8, 14, 15, 10, 5, 12, 7, 11, 9, 1, 13], [2, 4, 15, 6, 14, 3, 9, 8, 7, 12, 0, 5, 10, 1, 13, 11], [14, 3, 9, 8, 11, 13, 10, 1, 6, 2, 15, 4, 0, 7, 5, 12], [12, 5, 0, 7, 2, 4, 15, 6, 1, 11, 10, 13, 9, 8, 3, 14], [11, 13, 10, 1, 12, 5, 0, 7, 8, 14, 9, 3, 15, 6, 4, 2]]","{""num_givens"": 100, ""grid_size"": 16}"
sudoku_cf4_hex_0042,sudoku_cf4_hex,counterfactual,"[[null, null, 7, 5, 3, 8, 11, null, null, null, null, 14, null, 13, 10, null], [null, null, null, 4, null, null, null, 13, null, null, null, null, null, 9, 8, 3], [3, 9, null, 11, null, null, null, null, null, null, null, null, null, null, 7, null], [null, 13, 10, null, 0, null, null, null, 11, 9, 3, 8, 4, null, 14, 15], [5, null, null, null, null, null, null, null, 1, null, 4, null, null, 14, null, null], [2, null, null, null, null, null, null, 10, null, 7, 11, 3, null, 8, 15, null], [4, 8, null, 1, null, 6, null, null, null, 10, null, null, null, 7, 3, 11], [11, 7, null, null, null, null, null, null, null, null, 2, 6, null, null, 0, null], [null, 3, null, null, null, null, null, null, 10, 6, null, 5, 7, 0, null, null], [null, 0, null, null, null, null, 8, null, null, null, 13, 2, null, 6, null, null], [null, null, null, null, null, null, 7, 0, 8, 3, null, 4, null, null, 2, 13], [13, null, 2, 14, null, null, null, null, 7, null, null, null, 8, 3, null, 1], [14, 4, null, null, 10, null, 6, null, 0, null, null, null, null, 11, null, 8], [null, null, null, null, null, 9, null, null, null, 11, null, null, 15, null, null, null], [7, null, null, 0, null, 1, null, null, null, 4, 14, null, null, null, 12, null], [null, 11, null, null, 14, null, null, 4, 6, 2, 10, 12, null, null, 9, null]]","Solve the following hexadecimal Sudoku puzzle.
Rule change: The grid is 16×16 (instead of 9×9). The blocks are 4×4 (instead of 3×3). The valid symbols are the hexadecimal digits {0, 1, 2, 3, 4, 5, 6, 7, 8, 9, A, B, C, D, E, F}. Each row, column, and 4×4 block must contain each symbol exactly once.

Puzzle (. = empty cell):
. . 7 5 | 3 8 B . | . . . E | . D A .
. . . 4 | . . . D | . . . . | . 9 8 3
3 9 . B | . . . . | . . . . | . . 7 .
. D A . | . . . . | B 9 3 8 | 4 . E F
-------------------------------------
5 . . . | . . . . | 1 . 4 . | . E . .
2 . . . | . . . A | . 7 B 3 | . 8 F .
4 8 . 1 | . 6 . . | . A . . | . 7 3 B
B 7 . . | . . . . | . . 2 6 | . . . .
-------------------------------------
. 3 . . | . . . . | A 6 . 5 | 7 . . .
. . . . | . . 8 . | . . D 2 | . 6 . .
. . . . | . . 7 . | 8 3 . 4 | . . 2 D
D . 2 E | . . . . | 7 . . . | 8 3 . 1
-------------------------------------
E 4 . . | A . 6 . | . . . . | . B . 8
. . . . | . 9 . . | . B . . | F . . .
7 . . . | . 1 . . | . 4 E . | . . C .
. B . . | E . . 4 | 6 2 A C | . . 9 .

Which of the following is the correct completed solution?","[[0, 12, 7, 5, 3, 8, 11, 9, 4, 1, 15, 14, 2, 13, 10, 6], [15, 1, 14, 4, 6, 10, 2, 13, 5, 12, 0, 7, 11, 9, 8, 3], [3, 9, 8, 11, 15, 14, 4, 1, 2, 13, 6, 10, 5, 12, 7, 0], [6, 13, 10, 2, 0, 7, 5, 12, 11, 9, 3, 8, 4, 1, 14, 15], [5, 10, 0, 12, 11, 3, 9, 7, 1, 8, 4, 15, 13, 14, 6, 2], [2, 14, 6, 13, 5, 0, 12, 10, 9, 7, 11, 3, 1, 8, 15, 4], [4, 8, 15, 1, 2, 6, 13, 14, 12, 10, 5, 0, 9, 7, 3, 11], [11, 7, 3, 9, 4, 15, 1, 8, 13, 14, 2, 6, 12, 10, 0, 5], [1, 3, 4, 8, 13, 2, 14, 15, 10, 6, 12, 5, 7, 0, 11, 9], [9, 0, 11, 7, 1, 4, 8, 3, 14, 15, 13, 2, 10, 6, 5, 12], [12, 6, 5, 10, 9, 11, 7, 0, 8, 3, 1, 4, 14, 15, 2, 13], [13, 15, 2, 14, 12, 5, 10, 6, 7, 0, 9, 11, 8, 3, 4, 1], [14, 4, 13, 15, 10, 12, 6, 2, 0, 5, 7, 9, 3, 11, 1, 8], [10, 2, 12, 6, 7, 9, 0, 5, 3, 11, 8, 1, 15, 4, 13, 14], [7, 5, 9, 0, 8, 1, 3, 11, 15, 4, 14, 13, 6, 2, 12, 10], [8, 11, 1, 3, 14, 13, 15, 4, 6, 2, 10, 12, 0, 5, 9, 7]]","[[0, 12, 7, 5, 3, 8, 11, 9, 4, 1, 15, 14, 2, 13, 10, 6], [15, 1, 14, 4, 7, 10, 2, 13, 5, 12, 0, 6, 11, 9, 8, 3], [3, 9, 8, 11, 15, 14, 4, 1, 2, 13, 6, 10, 5, 12, 7, 0], [6, 13, 10, 2, 0, 7, 5, 12, 11, 9, 3, 8, 4, 1, 14, 15], [5, 10, 0, 12, 11, 3, 9, 7, 1, 8, 4, 15, 13, 14, 6, 2], [2, 14, 6, 13, 5, 0, 12, 10, 9, 7, 11, 3, 1, 8, 15, 4], [4, 8, 15, 1, 2, 6, 13, 14, 12, 10, 5, 0, 9, 7, 3, 11], [11, 7, 3, 9, 4, 15, 1, 8, 13, 14, 2, 6, 12, 10, 0, 5], [1, 3, 4, 8, 13, 2, 14, 15, 10, 6, 12, 5, 7, 0, 11, 9], [9, 0, 11, 7, 1, 4, 8, 3, 14, 15, 13, 2, 10, 6, 5, 12], [12, 6, 5, 10, 9, 11, 7, 0, 8, 3, 1, 4, 14, 15, 2, 13], [13, 15, 2, 14, 12, 5, 10, 6, 7, 0, 9, 11, 8, 3, 4, 1], [14, 4, 13, 15, 10, 12, 6, 2, 0, 5, 7, 9, 3, 11, 1, 8], [10, 2, 12, 6, 7, 9, 0, 5, 3, 11, 8, 1, 15, 4, 13, 14], [7, 5, 9, 0, 8, 1, 3, 11, 15, 4, 14, 13, 6, 2, 12, 10], [8, 11, 1, 3, 14, 13, 15, 4, 6, 2, 10, 12, 0, 5, 9, 7]]","[[0, 12, 7, 5, 3, 8, 11, 9, 4, 1, 15, 14, 2, 13, 10, 6], [15, 1, 14, 4, 6, 10, 2, 13, 5, 12, 0, 7, 11, 9, 8, 3], [3, 9, 8, 11, 15, 14, 4, 1, 2, 13, 6, 10, 5, 12, 7, 0], [6, 13, 10, 2, 0, 5, 7, 12, 11, 9, 3, 8, 4, 1, 14, 15], [5, 10, 0, 12, 11, 3, 9, 7, 1, 8, 4, 15, 13, 14, 6, 2], [2, 14, 6, 13, 5, 0, 12, 10, 9, 7, 11, 3, 1, 8, 15, 4], [4, 8, 15, 1, 2, 6, 13, 14, 12, 10, 5, 0, 9, 7, 3, 11], [11, 7, 3, 9, 4, 15, 1, 8, 13, 14, 2, 6, 12, 10, 0, 5], [1, 3, 4, 8, 13, 2, 14, 15, 10, 6, 12, 5, 7, 0, 11, 9], [9, 0, 11, 7, 1, 4, 8, 3, 14, 15, 13, 2, 10, 6, 5, 12], [12, 6, 5, 10, 9, 11, 7, 0, 8, 3, 1, 4, 14, 15, 2, 13], [13, 15, 2, 14, 12, 5, 10, 6, 7, 0, 9, 11, 8, 3, 4, 1], [14, 4, 13, 15, 10, 12, 6, 2, 0, 5, 7, 9, 3, 11, 1, 8], [10, 2, 12, 6, 7, 9, 0, 5, 3, 11, 8, 1, 15, 4, 13, 14], [7, 5, 9, 0, 8, 1, 3, 11, 15, 4, 14, 13, 6, 2, 12, 10], [8, 11, 1, 3, 14, 13, 15, 4, 6, 2, 10, 12, 0, 5, 9, 7]]","[[0, 12, 7, 5, 3, 8, 11, 9, 4, 1, 15, 14, 2, 13, 10, 6], [15, 1, 14, 4, 6, 10, 2, 13, 5, 12, 0, 7, 11, 9, 8, 3], [3, 9, 8, 11, 15, 14, 4, 1, 2, 13, 6, 10, 5, 12, 7, 0], [6, 13, 10, 2, 0, 7, 5, 12, 11, 9, 3, 8, 4, 1, 14, 15], [5, 10, 0, 12, 11, 3, 9, 7, 1, 8, 4, 15, 13, 14, 6, 2], [2, 14, 6, 13, 5, 0, 12, 10, 9, 7, 11, 3, 1, 8, 15, 4], [4, 8, 15, 1, 2, 6, 13, 14, 12, 10, 5, 0, 9, 7, 3, 11], [11, 7, 3, 9, 4, 15, 1, 8, 13, 14, 2, 6, 12, 10, 0, 5], [1, 3, 4, 8, 13, 2, 14, 11, 10, 6, 12, 5, 7, 0, 15, 9], [9, 0, 11, 7, 1, 4, 8, 3, 14, 15, 13, 2, 10, 6, 5, 12], [12, 6, 5, 10, 9, 11, 7, 0, 8, 3, 1, 4, 14, 15, 2, 13], [13, 15, 2, 14, 12, 5, 10, 6, 7, 0, 9, 11, 8, 3, 4, 1], [14, 4, 13, 15, 10, 12, 6, 2, 0, 5, 7, 9, 3, 11, 1, 8], [10, 2, 12, 6, 7, 9, 0, 5, 3, 11, 8, 1, 15, 4, 13, 14], [7, 5, 9, 0, 8, 1, 3, 11, 15, 4, 14, 13, 6, 2, 12, 10], [8, 11, 1, 3, 14, 13, 15, 4, 6, 2, 10, 12, 0, 5, 9, 7]]",A,"[[0, 12, 7, 5, 3, 8, 11, 9, 4, 1, 15, 14, 2, 13, 10, 6], [15, 1, 14, 4, 6, 10, 2, 13, 5, 12, 0, 7, 11, 9, 8, 3], [3, 9, 8, 11, 15, 14, 4, 1, 2, 13, 6, 10, 5, 12, 7, 0], [6, 13, 10, 2, 0, 7, 5, 12, 11, 9, 3, 8, 4, 1, 14, 15], [5, 10, 0, 12, 11, 3, 9, 7, 1, 8, 4, 15, 13, 14, 6, 2], [2, 14, 6, 13, 5, 0, 12, 10, 9, 7, 11, 3, 1, 8, 15, 4], [4, 8, 15, 1, 2, 6, 13, 14, 12, 10, 5, 0, 9, 7, 3, 11], [11, 7, 3, 9, 4, 15, 1, 8, 13, 14, 2, 6, 12, 10, 0, 5], [1, 3, 4, 8, 13, 2, 14, 15, 10, 6, 12, 5, 7, 0, 11, 9], [9, 0, 11, 7, 1, 4, 8, 3, 14, 15, 13, 2, 10, 6, 5, 12], [12, 6, 5, 10, 9, 11, 7, 0, 8, 3, 1, 4, 14, 15, 2, 13], [13, 15, 2, 14, 12, 5, 10, 6, 7, 0, 9, 11, 8, 3, 4, 1], [14, 4, 13, 15, 10, 12, 6, 2, 0, 5, 7, 9, 3, 11, 1, 8], [10, 2, 12, 6, 7, 9, 0, 5, 3, 11, 8, 1, 15, 4, 13, 14], [7, 5, 9, 0, 8, 1, 3, 11, 15, 4, 14, 13, 6, 2, 12, 10], [8, 11, 1, 3, 14, 13, 15, 4, 6, 2, 10, 12, 0, 5, 9, 7]]","{""num_givens"": 100, ""grid_size"": 16}"
sudoku_cf4_hex_0043,sudoku_cf4_hex,counterfactual,"[[null, null, null, 11, null, null, 15, null, 10, null, null, 6, null, null, null, null], [null, null, 10, 4, 1, null, null, null, null, 11, null, 7, null, 5, 15, null], [5, 15, null, 9, null, 4, null, null, null, null, 13, null, null, null, 8, null], [null, null, 1, null, null, null, null, null, null, null, 15, 5, null, 6, 2, null], [null, null, 13, 14, null, null, null, null, null, 5, null, 0, null, null, null, null], [0, null, null, null, 2, null, 12, 10, null, null, 11, null, 8, null, null, null], [null, null, null, 6, null, null, 11, null, 8, null, null, 3, 15, null, 4, null], [null, 9, 8, null, 15, null, null, null, 2, null, null, 10, null, null, 11, null], [null, 7, null, 1, null, null, null, 8, null, 0, null, null, null, 2, 14, 10], [null, 6, null, 0, null, 10, 14, 2, null, null, 7, 13, null, 8, null, null], [null, 5, null, 3, null, null, null, 15, null, null, 14, null, 11, null, null, null], [2, 14, 12, null, null, null, 7, null, null, 3, null, 8, null, 15, 6, 0], [null, null, null, null, 7, null, 3, null, 5, 8, null, 9, 6, null, null, 15], [null, 3, null, 13, null, null, 0, null, null, null, 10, null, 14, null, null, 2], [null, 10, 6, null, null, null, null, null, 7, 13, 3, 11, 5, 9, null, null], [null, 0, null, null, null, 15, 10, null, 14, null, null, 12, null, 11, null, null]]","Solve the following hexadecimal Sudoku puzzle.
Rule change: The grid is 16×16 (instead of 9×9). The blocks are 4×4 (instead of 3×3). The valid symbols are the hexadecimal digits {0, 1, 2, 3, 4, 5, 6, 7, 8, 9, A, B, C, D, E, F}. Each row, column, and 4×4 block must contain each symbol exactly once.

Puzzle (. = empty cell):
. . . B | . . F . | A . . 6 | . . . .
. . A 4 | 1 . . . | . B . 7 | . 5 F .
5 F . 9 | . 4 . . | . . D . | . . 8 .
. . 1 . | . . . . | . . F 5 | . 6 2 .
-------------------------------------
. . D E | . . . . | . 5 . . | . . . .
. . . . | 2 . C A | . . B . | 8 . . .
. . . 6 | . . B . | 8 . . 3 | F . 4 .
. 9 8 . | F . . . | 2 . . A | . . B .
-------------------------------------
. 7 . 1 | . . . 8 | . . . . | . 2 E A
. 6 . . | . A E 2 | . . 7 D | . 8 . .
. 5 . 3 | . . . F | . . E . | B . . .
2 E C . | . . 7 . | . 3 . 8 | . F 6 .
-------------------------------------
. . . . | 7 . 3 . | 5 8 . 9 | 6 . . F
. 3 . D | . . . . | . . A . | E . . 2
. A 6 . | . . . . | 7 D 3 B | 5 9 . .
. . . . | . F A . | E . . C | . B . .

Which of the following is the correct completed solution?","[[7, 8, 3, 11, 0, 9, 15, 5, 10, 4, 2, 6, 1, 14, 13, 12], [6, 2, 10, 4, 1, 12, 13, 14, 3, 11, 8, 7, 0, 5, 15, 9], [5, 15, 0, 9, 10, 4, 2, 6, 1, 12, 13, 14, 3, 7, 8, 11], [14, 13, 1, 12, 3, 11, 8, 7, 0, 9, 15, 5, 10, 6, 2, 4], [1, 11, 13, 14, 8, 7, 9, 3, 15, 5, 4, 0, 2, 10, 12, 6], [0, 4, 15, 5, 2, 6, 12, 10, 13, 14, 11, 1, 8, 3, 9, 7], [10, 12, 2, 6, 13, 14, 11, 1, 8, 7, 9, 3, 15, 0, 4, 5], [3, 9, 8, 7, 15, 5, 4, 0, 2, 6, 12, 10, 13, 1, 11, 14], [13, 7, 11, 1, 9, 3, 5, 8, 4, 0, 6, 15, 12, 2, 14, 10], [15, 6, 4, 0, 12, 10, 14, 2, 11, 1, 7, 13, 9, 8, 5, 3], [8, 5, 9, 3, 4, 0, 6, 15, 12, 10, 14, 2, 11, 13, 7, 1], [2, 14, 12, 10, 11, 1, 7, 13, 9, 3, 5, 8, 4, 15, 6, 0], [12, 1, 14, 2, 7, 13, 3, 11, 5, 8, 0, 9, 6, 4, 10, 15], [11, 3, 7, 13, 5, 8, 0, 9, 6, 15, 10, 4, 14, 12, 1, 2], [4, 10, 6, 15, 14, 2, 1, 12, 7, 13, 3, 11, 5, 9, 0, 8], [9, 0, 5, 8, 6, 15, 10, 4, 14, 2, 1, 12, 7, 11, 3, 13]]","[[7, 8, 3, 11, 0, 9, 15, 5, 10, 4, 2, 6, 1, 14, 13, 12], [6, 2, 10, 4, 1, 12, 13, 14, 3, 11, 8, 7, 0, 5, 15, 9], [5, 15, 0, 9, 10, 4, 2, 6, 1, 12, 13, 14, 3, 7, 8, 11], [14, 13, 1, 12, 3, 11, 8, 7, 0, 9, 15, 5, 10, 6, 2, 4], [1, 11, 13, 14, 8, 7, 9, 3, 15, 5, 4, 0, 2, 10, 12, 6], [0, 4, 15, 5, 2, 6, 12, 10, 13, 14, 11, 1, 8, 3, 9, 7], [10, 12, 2, 6, 13, 14, 11, 1, 8, 7, 9, 3, 15, 0, 4, 5], [3, 9, 8, 7, 15, 5, 4, 0, 2, 6, 12, 10, 13, 1, 11, 14], [13, 7, 11, 1, 9, 3, 5, 8, 4, 0, 6, 15, 12, 2, 14, 10], [15, 6, 4, 0, 12, 10, 14, 2, 11, 1, 7, 13, 9, 8, 5, 3], [8, 5, 9, 3, 4, 0, 6, 15, 12, 10, 14, 2, 11, 13, 7, 1], [2, 14, 12, 10, 11, 1, 7, 13, 9, 3, 5, 8, 4, 15, 6, 0], [12, 1, 14, 2, 7, 13, 3, 11, 5, 8, 0, 9, 6, 4, 10, 15], [11, 3, 7, 13, 5, 8, 0, 9, 6, 15, 10, 4, 14, 12, 1, 2], [4, 10, 6, 15, 14, 2, 1, 12, 7, 13, 3, 11, 5, 9, 0, 8], [9, 0, 3, 8, 6, 15, 10, 4, 14, 2, 1, 12, 7, 11, 5, 13]]","[[7, 8, 3, 11, 0, 9, 15, 5, 10, 4, 2, 6, 1, 14, 13, 12], [6, 2, 10, 4, 1, 12, 13, 14, 3, 11, 8, 7, 0, 5, 15, 9], [5, 15, 0, 9, 10, 4, 2, 6, 14, 12, 13, 1, 3, 7, 8, 11], [14, 13, 1, 12, 3, 11, 8, 7, 0, 9, 15, 5, 10, 6, 2, 4], [1, 11, 13, 14, 8, 7, 9, 3, 15, 5, 4, 0, 2, 10, 12, 6], [0, 4, 15, 5, 2, 6, 12, 10, 13, 14, 11, 1, 8, 3, 9, 7], [10, 12, 2, 6, 13, 14, 11, 1, 8, 7, 9, 3, 15, 0, 4, 5], [3, 9, 8, 7, 15, 5, 4, 0, 2, 6, 12, 10, 13, 1, 11, 14], [13, 7, 11, 1, 9, 3, 5, 8, 4, 0, 6, 15, 12, 2, 14, 10], [15, 6, 4, 0, 12, 10, 14, 2, 11, 1, 7, 13, 9, 8, 5, 3], [8, 5, 9, 3, 4, 0, 6, 15, 12, 10, 14, 2, 11, 13, 7, 1], [2, 14, 12, 10, 11, 1, 7, 13, 9, 3, 5, 8, 4, 15, 6, 0], [12, 1, 14, 2, 7, 13, 3, 11, 5, 8, 0, 9, 6, 4, 10, 15], [11, 3, 7, 13, 5, 8, 0, 9, 6, 15, 10, 4, 14, 12, 1, 2], [4, 10, 6, 15, 14, 2, 1, 12, 7, 13, 3, 11, 5, 9, 0, 8], [9, 0, 5, 8, 6, 15, 10, 4, 14, 2, 1, 12, 7, 11, 3, 13]]","[[7, 8, 3, 11, 0, 9, 15, 5, 10, 4, 2, 6, 1, 14, 13, 12], [6, 2, 10, 4, 1, 12, 13, 14, 3, 11, 8, 7, 0, 5, 15, 9], [5, 15, 0, 9, 10, 4, 2, 6, 1, 12, 13, 14, 3, 7, 8, 11], [14, 13, 1, 12, 3, 11, 8, 7, 0, 9, 15, 5, 10, 6, 2, 4], [1, 11, 13, 14, 8, 7, 9, 3, 15, 5, 4, 0, 2, 10, 12, 6], [0, 4, 15, 5, 2, 6, 12, 10, 13, 14, 11, 1, 8, 3, 9, 7], [10, 12, 2, 6, 13, 14, 11, 1, 8, 7, 9, 3, 15, 0, 4, 5], [3, 9, 8, 7, 15, 5, 4, 0, 2, 6, 12, 10, 13, 1, 11, 14], [13, 7, 11, 1, 9, 3, 5, 8, 4, 0, 6, 15, 12, 2, 14, 10], [15, 6, 4, 0, 12, 10, 14, 2, 11, 1, 7, 13, 9, 8, 5, 3], [8, 5, 9, 3, 4, 0, 6, 15, 12, 10, 14, 2, 11, 13, 7, 1], [2, 14, 12, 10, 11, 1, 7, 13, 9, 3, 5, 8, 4, 15, 6, 0], [12, 1, 14, 2, 7, 13, 3, 11, 5, 8, 4, 9, 6, 0, 10, 15], [11, 3, 7, 13, 5, 8, 0, 9, 6, 15, 10, 4, 14, 12, 1, 2], [4, 10, 6, 15, 14, 2, 1, 12, 7, 13, 3, 11, 5, 9, 0, 8], [9, 0, 5, 8, 6, 15, 10, 4, 14, 2, 1, 12, 7, 11, 3, 13]]",A,"[[7, 8, 3, 11, 0, 9, 15, 5, 10, 4, 2, 6, 1, 14, 13, 12], [6, 2, 10, 4, 1, 12, 13, 14, 3, 11, 8, 7, 0, 5, 15, 9], [5, 15, 0, 9, 10, 4, 2, 6, 1, 12, 13, 14, 3, 7, 8, 11], [14, 13, 1, 12, 3, 11, 8, 7, 0, 9, 15, 5, 10, 6, 2, 4], [1, 11, 13, 14, 8, 7, 9, 3, 15, 5, 4, 0, 2, 10, 12, 6], [0, 4, 15, 5, 2, 6, 12, 10, 13, 14, 11, 1, 8, 3, 9, 7], [10, 12, 2, 6, 13, 14, 11, 1, 8, 7, 9, 3, 15, 0, 4, 5], [3, 9, 8, 7, 15, 5, 4, 0, 2, 6, 12, 10, 13, 1, 11, 14], [13, 7, 11, 1, 9, 3, 5, 8, 4, 0, 6, 15, 12, 2, 14, 10], [15, 6, 4, 0, 12, 10, 14, 2, 11, 1, 7, 13, 9, 8, 5, 3], [8, 5, 9, 3, 4, 0, 6, 15, 12, 10, 14, 2, 11, 13, 7, 1], [2, 14, 12, 10, 11, 1, 7, 13, 9, 3, 5, 8, 4, 15, 6, 0], [12, 1, 14, 2, 7, 13, 3, 11, 5, 8, 0, 9, 6, 4, 10, 15], [11, 3, 7, 13, 5, 8, 0, 9, 6, 15, 10, 4, 14, 12, 1, 2], [4, 10, 6, 15, 14, 2, 1, 12, 7, 13, 3, 11, 5, 9, 0, 8], [9, 0, 5, 8, 6, 15, 10, 4, 14, 2, 1, 12, 7, 11, 3, 13]]","{""num_givens"": 100, ""grid_size"": 16}"
sudoku_cf4_hex_0044,sudoku_cf4_hex,counterfactual,"[[null, null, null, 12, null, 13, 8, null, 10, 3, 15, null, 5, null, null, null], [3, null, 10, 15, null, 4, null, 9, 1, null, 7, null, 14, null, null, 11], [null, 14, null, null, null, null, 7, null, 9, 4, null, null, null, null, null, null], [null, 5, 1, 7, null, 3, null, 10, null, null, 8, null, null, null, null, 9], [null, null, null, null, null, 8, 14, null, 3, null, 6, null, null, 7, null, 2], [null, null, 3, null, 10, 12, null, null, null, null, 5, null, 9, null, null, 13], [8, 9, null, null, 11, 7, 5, null, null, 12, 0, null, 1, null, null, null], [null, null, null, null, null, 15, null, null, null, null, null, null, 10, null, null, null], [1, 7, null, 2, 15, null, 3, null, null, 11, 13, null, null, 9, null, null], [null, null, null, null, null, null, 2, null, null, null, 4, 12, 15, 10, null, null], [9, 12, null, null, null, null, null, 5, null, null, null, null, null, null, 2, null], [10, null, null, null, 12, null, null, 14, 6, null, 2, 7, null, null, null, null], [null, 13, null, null, 2, null, null, 15, null, null, 9, 4, null, 0, 10, null], [null, null, null, null, null, null, 9, null, 15, null, 1, null, 13, 5, null, 7], [null, null, null, null, 3, null, 10, null, 7, 5, null, null, null, null, null, null], [14, 4, 8, 9, 13, 5, 11, 7, null, null, 10, null, null, null, 1, 15]]","Solve the following hexadecimal Sudoku puzzle.
Rule change: The grid is 16×16 (instead of 9×9). The blocks are 4×4 (instead of 3×3). The valid symbols are the hexadecimal digits {0, 1, 2, 3, 4, 5, 6, 7, 8, 9, A, B, C, D, E, F}. Each row, column, and 4×4 block must contain each symbol exactly once.

Puzzle (. = empty cell):
. . . C | . D 8 . | A 3 F . | 5 . . .
3 . A F | . 4 . 9 | 1 . 7 . | E . . B
. E . . | . . 7 . | 9 4 . . | . . . .
. 5 1 7 | . 3 . A | . . 8 . | . . . 9
-------------------------------------
. . . . | . 8 E . | 3 . 6 . | . 7 . 2
. . 3 . | A C . . | . . 5 . | 9 . . D
8 9 . . | B 7 5 . | . C . . | 1 . . .
. . . . | . F . . | . . . . | A . . .
-------------------------------------
1 7 . 2 | F . 3 . | . B D . | . 9 . .
. . . . | . . 2 . | . . 4 C | F A . .
9 C . . | . . . 5 | . . . . | . . 2 .
A . . . | C . . E | 6 . 2 7 | . . . .
-------------------------------------
. D . . | 2 . . F | . . 9 4 | . . A .
. . . . | . . 9 . | F . 1 . | D 5 . 7
. . . . | 3 . A . | 7 5 . . | . . . .
E 4 8 9 | D 5 B 7 | . . A . | . . 1 F

Which of the following is the correct completed solution?","[[4, 0, 9, 12, 14, 13, 8, 11, 10, 3, 15, 6, 5, 2, 7, 1], [3, 6, 10, 15, 0, 4, 12, 9, 1, 2, 7, 5, 14, 13, 8, 11], [13, 14, 11, 8, 5, 2, 7, 1, 9, 4, 12, 0, 6, 3, 15, 10], [2, 5, 1, 7, 6, 3, 15, 10, 11, 13, 8, 14, 0, 4, 12, 9], [12, 10, 4, 0, 9, 8, 14, 13, 3, 15, 6, 1, 11, 7, 5, 2], [15, 1, 3, 6, 10, 12, 0, 4, 2, 7, 5, 11, 9, 8, 14, 13], [8, 9, 13, 14, 11, 7, 5, 2, 4, 12, 0, 10, 1, 15, 6, 3], [7, 11, 2, 5, 1, 15, 6, 3, 13, 8, 14, 9, 10, 12, 0, 4], [1, 7, 6, 2, 15, 10, 3, 0, 5, 11, 13, 8, 14, 9, 4, 12], [11, 8, 5, 13, 7, 1, 2, 6, 14, 9, 4, 12, 15, 10, 3, 0], [9, 12, 14, 4, 8, 11, 13, 5, 0, 10, 3, 15, 7, 1, 2, 6], [10, 15, 0, 3, 12, 9, 4, 14, 6, 1, 2, 7, 8, 11, 13, 5], [5, 13, 7, 11, 2, 6, 1, 15, 8, 14, 9, 4, 3, 0, 10, 12], [0, 3, 12, 10, 4, 14, 9, 8, 15, 6, 1, 2, 13, 5, 11, 7], [6, 2, 15, 1, 3, 0, 10, 12, 7, 5, 11, 13, 4, 14, 9, 8], [14, 4, 8, 9, 13, 5, 11, 7, 12, 0, 10, 3, 2, 6, 1, 15]]","[[4, 0, 9, 12, 14, 13, 8, 11, 10, 3, 15, 6, 5, 2, 7, 1], [3, 6, 10, 15, 0, 4, 12, 9, 1, 2, 7, 5, 14, 13, 8, 11], [13, 14, 11, 8, 5, 2, 7, 1, 9, 4, 12, 0, 6, 3, 15, 10], [2, 5, 1, 7, 6, 3, 15, 10, 11, 13, 8, 14, 0, 4, 12, 9], [12, 10, 4, 0, 9, 8, 14, 13, 3, 15, 6, 1, 11, 7, 5, 2], [15, 1, 3, 6, 10, 12, 0, 4, 2, 7, 5, 11, 9, 8, 14, 13], [8, 9, 13, 14, 11, 7, 5, 2, 4, 12, 0, 10, 1, 15, 6, 3], [7, 11, 2, 5, 1, 15, 6, 3, 13, 8, 14, 9, 10, 12, 0, 4], [1, 7, 6, 2, 15, 10, 3, 0, 5, 11, 13, 8, 12, 9, 4, 14], [11, 8, 5, 13, 7, 1, 2, 6, 14, 9, 4, 12, 15, 10, 3, 0], [9, 12, 14, 4, 8, 11, 13, 5, 10, 0, 3, 15, 7, 1, 2, 6], [10, 15, 0, 3, 12, 9, 4, 14, 6, 1, 2, 7, 8, 11, 13, 5], [5, 13, 7, 11, 2, 6, 1, 15, 8, 14, 9, 4, 3, 0, 10, 12], [0, 3, 12, 10, 4, 14, 9, 8, 15, 6, 1, 2, 13, 5, 11, 7], [6, 2, 15, 1, 3, 0, 10, 12, 7, 5, 11, 13, 4, 14, 9, 8], [14, 4, 8, 9, 13, 5, 11, 7, 12, 0, 10, 3, 2, 6, 1, 15]]","[[4, 0, 9, 12, 14, 13, 8, 11, 10, 3, 15, 6, 5, 2, 7, 1], [3, 6, 10, 15, 0, 4, 12, 9, 1, 2, 7, 5, 14, 13, 8, 11], [13, 14, 11, 8, 5, 2, 7, 1, 9, 4, 12, 0, 6, 3, 15, 10], [2, 5, 1, 7, 6, 3, 15, 10, 11, 13, 8, 14, 0, 4, 12, 9], [12, 10, 4, 0, 9, 8, 14, 13, 3, 15, 6, 1, 11, 7, 5, 2], [15, 1, 3, 6, 10, 12, 0, 4, 2, 7, 5, 11, 9, 8, 14, 13], [8, 9, 13, 14, 11, 7, 5, 2, 4, 12, 0, 10, 1, 15, 6, 3], [7, 11, 2, 5, 1, 15, 6, 3, 13, 8, 14, 9, 10, 12, 0, 4], [1, 7, 6, 2, 15, 10, 3, 0, 5, 11, 13, 8, 12, 9, 4, 14], [11, 8, 5, 13, 7, 1, 2, 6, 14, 9, 4, 12, 15, 10, 3, 0], [9, 12, 14, 4, 8, 11, 13, 5, 0, 10, 3, 15, 7, 1, 2, 6], [10, 15, 0, 3, 12, 9, 4, 14, 6, 1, 2, 7, 8, 11, 13, 5], [5, 13, 7, 11, 2, 6, 1, 15, 8, 14, 9, 4, 3, 0, 10, 12], [0, 3, 12, 10, 4, 14, 9, 8, 15, 6, 1, 2, 13, 5, 11, 7], [6, 2, 15, 1, 3, 0, 10, 12, 7, 5, 11, 13, 4, 14, 9, 8], [14, 4, 8, 9, 13, 5, 11, 7, 12, 0, 10, 3, 2, 6, 1, 15]]","[[4, 0, 9, 12, 14, 13, 8, 11, 10, 3, 15, 6, 5, 2, 7, 1], [3, 6, 10, 15, 0, 4, 12, 9, 1, 2, 7, 5, 14, 13, 8, 11], [13, 14, 11, 8, 5, 2, 7, 1, 9, 4, 12, 0, 6, 3, 15, 10], [2, 5, 1, 7, 6, 3, 15, 10, 11, 13, 8, 14, 0, 4, 12, 9], [12, 10, 4, 0, 9, 8, 14, 13, 3, 15, 6, 1, 11, 7, 5, 2], [15, 1, 3, 6, 10, 12, 0, 4, 2, 7, 5, 11, 9, 8, 14, 13], [8, 9, 15, 14, 11, 7, 5, 2, 4, 12, 0, 10, 1, 13, 6, 3], [7, 11, 2, 5, 1, 15, 6, 3, 13, 8, 14, 9, 10, 12, 0, 4], [1, 7, 6, 2, 15, 10, 3, 0, 5, 11, 13, 8, 12, 9, 4, 14], [11, 8, 5, 13, 7, 1, 2, 6, 14, 9, 4, 12, 15, 10, 3, 0], [9, 12, 14, 4, 8, 11, 13, 5, 0, 10, 3, 15, 7, 1, 2, 6], [10, 15, 0, 3, 12, 9, 4, 14, 6, 1, 2, 7, 8, 11, 13, 5], [5, 13, 7, 11, 2, 6, 1, 15, 8, 14, 9, 4, 3, 0, 10, 12], [0, 3, 12, 10, 4, 14, 9, 8, 15, 6, 1, 2, 13, 5, 11, 7], [6, 2, 15, 1, 3, 0, 10, 12, 7, 5, 11, 13, 4, 14, 9, 8], [14, 4, 8, 9, 13, 5, 11, 7, 12, 0, 10, 3, 2, 6, 1, 15]]",C,"[[4, 0, 9, 12, 14, 13, 8, 11, 10, 3, 15, 6, 5, 2, 7, 1], [3, 6, 10, 15, 0, 4, 12, 9, 1, 2, 7, 5, 14, 13, 8, 11], [13, 14, 11, 8, 5, 2, 7, 1, 9, 4, 12, 0, 6, 3, 15, 10], [2, 5, 1, 7, 6, 3, 15, 10, 11, 13, 8, 14, 0, 4, 12, 9], [12, 10, 4, 0, 9, 8, 14, 13, 3, 15, 6, 1, 11, 7, 5, 2], [15, 1, 3, 6, 10, 12, 0, 4, 2, 7, 5, 11, 9, 8, 14, 13], [8, 9, 13, 14, 11, 7, 5, 2, 4, 12, 0, 10, 1, 15, 6, 3], [7, 11, 2, 5, 1, 15, 6, 3, 13, 8, 14, 9, 10, 12, 0, 4], [1, 7, 6, 2, 15, 10, 3, 0, 5, 11, 13, 8, 12, 9, 4, 14], [11, 8, 5, 13, 7, 1, 2, 6, 14, 9, 4, 12, 15, 10, 3, 0], [9, 12, 14, 4, 8, 11, 13, 5, 0, 10, 3, 15, 7, 1, 2, 6], [10, 15, 0, 3, 12, 9, 4, 14, 6, 1, 2, 7, 8, 11, 13, 5], [5, 13, 7, 11, 2, 6, 1, 15, 8, 14, 9, 4, 3, 0, 10, 12], [0, 3, 12, 10, 4, 14, 9, 8, 15, 6, 1, 2, 13, 5, 11, 7], [6, 2, 15, 1, 3, 0, 10, 12, 7, 5, 11, 13, 4, 14, 9, 8], [14, 4, 8, 9, 13, 5, 11, 7, 12, 0, 10, 3, 2, 6, 1, 15]]","{""num_givens"": 100, ""grid_size"": 16}"
sudoku_cf4_hex_0045,sudoku_cf4_hex,counterfactual,"[[null, 13, 4, 7, null, null, 0, 14, 5, 6, null, 9, null, null, 12, null], [null, null, null, null, null, 4, null, null, 8, null, 2, null, null, null, 14, null], [null, 12, null, null, 5, null, null, 6, 1, null, 0, null, 4, 7, null, null], [0, 14, 15, null, null, null, 2, null, null, null, null, null, null, null, null, null], [8, null, null, null, null, 6, 5, 4, null, null, null, null, null, null, null, 7], [null, null, null, null, 10, null, null, null, 0, 15, null, null, 6, 11, 4, 5], [null, 15, null, null, null, 14, null, null, null, null, null, 6, 12, null, null, 8], [null, 4, null, null, 0, null, null, 15, 10, 9, 8, null, null, 2, null, null], [4, null, null, null, null, null, 15, null, null, null, null, 8, null, null, 2, 3], [null, null, 1, null, null, null, 9, null, null, null, 15, 7, 5, 13, null, null], [9, 10, 8, null, 13, 5, 4, null, null, null, null, 1, null, null, null, 15], [null, 0, 7, 14, 12, null, 3, null, null, null, 4, null, null, 6, 10, 9], [null, 8, null, null, 4, 10, null, null, null, 1, null, null, null, null, null, null], [null, null, 0, null, null, 2, null, 8, null, null, 13, null, null, 4, null, null], [null, 5, 10, 4, null, null, 13, null, null, 8, null, 2, null, 3, 1, 14], [13, 7, 11, null, 3, null, null, null, null, null, null, 10, 2, null, null, null]]","Solve the following hexadecimal Sudoku puzzle.
Rule change: The grid is 16×16 (instead of 9×9). The blocks are 4×4 (instead of 3×3). The valid symbols are the hexadecimal digits {0, 1, 2, 3, 4, 5, 6, 7, 8, 9, A, B, C, D, E, F}. Each row, column, and 4×4 block must contain each symbol exactly once.

Puzzle (. = empty cell):
. D 4 7 | . . . E | 5 6 . 9 | . . C .
. . . . | . 4 . . | 8 . 2 . | . . E .
. C . . | 5 . . 6 | 1 . . . | 4 7 . .
. E F . | . . 2 . | . . . . | . . . .
-------------------------------------
8 . . . | . 6 5 4 | . . . . | . . . 7
. . . . | A . . . | . F . . | 6 B 4 5
. F . . | . E . . | . . . 6 | C . . 8
. 4 . . | . . . F | A 9 8 . | . 2 . .
-------------------------------------
4 . . . | . . F . | . . . 8 | . . 2 3
. . 1 . | . . 9 . | . . F 7 | 5 D . .
9 A 8 . | D 5 4 . | . . . 1 | . . . F
. . 7 E | C . 3 . | . . 4 . | . 6 A 9
-------------------------------------
. 8 . . | 4 A . . | . 1 . . | . . . .
. . . . | . 2 . 8 | . . D . | . 4 . .
. 5 A 4 | . . D . | . 8 . 2 | . 3 1 E
D 7 B . | 3 . . . | . . . A | 2 . . .

Which of the following is the correct completed solution?","[[11, 13, 4, 7, 1, 15, 0, 14, 5, 6, 10, 9, 3, 8, 12, 2], [10, 6, 9, 5, 7, 4, 11, 13, 8, 12, 2, 3, 15, 1, 14, 0], [2, 12, 3, 8, 5, 9, 10, 6, 1, 14, 0, 15, 4, 7, 13, 11], [0, 14, 15, 1, 8, 3, 2, 12, 7, 13, 11, 4, 9, 5, 6, 10], [8, 9, 12, 10, 11, 6, 5, 4, 2, 3, 1, 14, 13, 0, 15, 7], [1, 3, 14, 2, 10, 12, 8, 9, 0, 15, 7, 13, 6, 11, 4, 5], [7, 15, 13, 0, 2, 14, 1, 3, 11, 4, 5, 6, 12, 10, 9, 8], [5, 4, 6, 11, 0, 13, 7, 15, 10, 9, 8, 12, 14, 2, 3, 1], [4, 11, 5, 13, 14, 7, 15, 0, 6, 10, 9, 8, 1, 12, 2, 3], [3, 2, 1, 12, 6, 8, 9, 10, 14, 0, 15, 7, 5, 13, 11, 4], [9, 10, 8, 6, 13, 5, 4, 11, 12, 2, 3, 1, 7, 14, 0, 15], [15, 0, 7, 14, 12, 1, 3, 2, 13, 11, 4, 5, 8, 6, 10, 9], [12, 8, 2, 9, 4, 10, 6, 5, 3, 1, 14, 0, 11, 15, 7, 13], [14, 1, 0, 3, 9, 2, 12, 8, 15, 7, 13, 11, 10, 4, 5, 6], [6, 5, 10, 4, 15, 11, 13, 7, 9, 8, 12, 2, 0, 3, 1, 14], [13, 7, 11, 15, 3, 0, 14, 1, 4, 5, 6, 10, 2, 9, 8, 12]]","[[11, 13, 4, 7, 1, 15, 0, 14, 5, 6, 10, 9, 3, 8, 12, 2], [10, 6, 9, 5, 7, 4, 11, 13, 8, 12, 2, 3, 15, 1, 14, 0], [2, 12, 3, 8, 5, 9, 10, 6, 1, 14, 0, 15, 4, 7, 13, 11], [0, 14, 15, 1, 8, 3, 2, 12, 7, 13, 11, 4, 9, 5, 6, 10], [8, 9, 12, 10, 11, 6, 5, 4, 2, 3, 1, 14, 13, 0, 15, 7], [1, 3, 14, 2, 10, 12, 8, 9, 0, 15, 7, 13, 6, 11, 4, 5], [7, 15, 13, 0, 2, 14, 1, 3, 11, 4, 5, 6, 12, 10, 9, 8], [5, 4, 6, 11, 0, 13, 7, 15, 10, 9, 8, 12, 14, 2, 3, 1], [4, 11, 5, 13, 14, 7, 15, 0, 6, 10, 9, 8, 1, 12, 2, 3], [3, 2, 1, 12, 6, 8, 9, 10, 14, 0, 15, 7, 5, 13, 11, 4], [9, 10, 8, 6, 13, 5, 4, 11, 12, 2, 3, 1, 7, 14, 0, 15], [15, 0, 7, 14, 12, 1, 3, 2, 13, 11, 4, 5, 8, 6, 10, 9], [12, 8, 2, 9, 4, 10, 6, 5, 3, 1, 14, 0, 11, 15, 7, 13], [14, 1, 0, 3, 9, 2, 12, 8, 15, 7, 13, 11, 10, 4, 5, 6], [11, 5, 10, 4, 15, 6, 13, 7, 9, 8, 12, 2, 0, 3, 1, 14], [13, 7, 11, 15, 3, 0, 14, 1, 4, 5, 6, 10, 2, 9, 8, 12]]","[[11, 13, 4, 7, 1, 15, 0, 14, 5, 6, 10, 9, 3, 8, 12, 2], [10, 6, 9, 5, 7, 4, 11, 13, 8, 12, 2, 3, 15, 1, 14, 0], [2, 12, 3, 8, 5, 9, 10, 6, 1, 14, 0, 15, 4, 7, 13, 11], [0, 14, 15, 1, 8, 3, 2, 12, 7, 13, 11, 4, 9, 5, 6, 10], [8, 9, 12, 10, 11, 6, 5, 4, 2, 3, 1, 14, 13, 0, 15, 7], [1, 3, 13, 2, 10, 12, 8, 9, 0, 15, 7, 14, 6, 11, 4, 5], [7, 15, 13, 0, 2, 14, 1, 3, 11, 4, 5, 6, 12, 10, 9, 8], [5, 4, 6, 11, 0, 13, 7, 15, 10, 9, 8, 12, 14, 2, 3, 1], [4, 11, 5, 13, 14, 7, 15, 0, 6, 10, 9, 8, 1, 12, 2, 3], [3, 2, 1, 12, 6, 8, 9, 10, 14, 0, 15, 7, 5, 13, 11, 4], [9, 10, 8, 6, 13, 5, 4, 11, 12, 2, 3, 1, 7, 14, 0, 15], [15, 0, 7, 14, 12, 1, 3, 2, 13, 11, 4, 5, 8, 6, 10, 9], [12, 8, 2, 9, 4, 10, 6, 5, 3, 1, 14, 0, 11, 15, 7, 13], [14, 1, 0, 3, 9, 2, 12, 8, 15, 7, 13, 11, 10, 4, 5, 6], [6, 5, 10, 4, 15, 11, 13, 7, 9, 8, 12, 2, 0, 3, 1, 14], [13, 7, 11, 15, 3, 0, 14, 1, 4, 5, 6, 10, 2, 9, 8, 12]]","[[11, 13, 4, 7, 1, 15, 0, 14, 5, 6, 10, 9, 3, 8, 12, 2], [10, 6, 9, 5, 7, 4, 11, 13, 8, 12, 2, 3, 15, 1, 14, 0], [2, 12, 3, 8, 5, 9, 10, 6, 1, 14, 0, 15, 4, 7, 13, 11], [0, 14, 15, 1, 8, 3, 2, 12, 7, 13, 11, 4, 9, 5, 6, 10], [8, 9, 12, 10, 11, 6, 5, 4, 2, 3, 1, 14, 13, 0, 15, 7], [1, 3, 14, 2, 10, 12, 8, 9, 0, 15, 7, 13, 6, 11, 4, 5], [7, 15, 13, 0, 2, 14, 1, 3, 11, 4, 5, 6, 12, 10, 9, 8], [5, 4, 6, 11, 0, 13, 7, 15, 10, 9, 8, 12, 14, 2, 3, 1], [4, 11, 7, 13, 14, 5, 15, 0, 6, 10, 9, 8, 1, 12, 2, 3], [3, 2, 1, 12, 6, 8, 9, 10, 14, 0, 15, 7, 5, 13, 11, 4], [9, 10, 8, 6, 13, 5, 4, 11, 12, 2, 3, 1, 7, 14, 0, 15], [15, 0, 7, 14, 12, 1, 3, 2, 13, 11, 4, 5, 8, 6, 10, 9], [12, 8, 2, 9, 4, 10, 6, 5, 3, 1, 14, 0, 11, 15, 7, 13], [14, 1, 0, 3, 9, 2, 12, 8, 15, 7, 13, 11, 10, 4, 5, 6], [6, 5, 10, 4, 15, 11, 13, 7, 9, 8, 12, 2, 0, 3, 1, 14], [13, 7, 11, 15, 3, 0, 14, 1, 4, 5, 6, 10, 2, 9, 8, 12]]",A,"[[11, 13, 4, 7, 1, 15, 0, 14, 5, 6, 10, 9, 3, 8, 12, 2], [10, 6, 9, 5, 7, 4, 11, 13, 8, 12, 2, 3, 15, 1, 14, 0], [2, 12, 3, 8, 5, 9, 10, 6, 1, 14, 0, 15, 4, 7, 13, 11], [0, 14, 15, 1, 8, 3, 2, 12, 7, 13, 11, 4, 9, 5, 6, 10], [8, 9, 12, 10, 11, 6, 5, 4, 2, 3, 1, 14, 13, 0, 15, 7], [1, 3, 14, 2, 10, 12, 8, 9, 0, 15, 7, 13, 6, 11, 4, 5], [7, 15, 13, 0, 2, 14, 1, 3, 11, 4, 5, 6, 12, 10, 9, 8], [5, 4, 6, 11, 0, 13, 7, 15, 10, 9, 8, 12, 14, 2, 3, 1], [4, 11, 5, 13, 14, 7, 15, 0, 6, 10, 9, 8, 1, 12, 2, 3], [3, 2, 1, 12, 6, 8, 9, 10, 14, 0, 15, 7, 5, 13, 11, 4], [9, 10, 8, 6, 13, 5, 4, 11, 12, 2, 3, 1, 7, 14, 0, 15], [15, 0, 7, 14, 12, 1, 3, 2, 13, 11, 4, 5, 8, 6, 10, 9], [12, 8, 2, 9, 4, 10, 6, 5, 3, 1, 14, 0, 11, 15, 7, 13], [14, 1, 0, 3, 9, 2, 12, 8, 15, 7, 13, 11, 10, 4, 5, 6], [6, 5, 10, 4, 15, 11, 13, 7, 9, 8, 12, 2, 0, 3, 1, 14], [13, 7, 11, 15, 3, 0, 14, 1, 4, 5, 6, 10, 2, 9, 8, 12]]","{""num_givens"": 100, ""grid_size"": 16}"
sudoku_cf4_hex_0046,sudoku_cf4_hex,counterfactual,"[[13, null, 5, 10, null, null, 15, null, 3, null, null, 11, null, null, null, null], [null, null, 11, 3, null, 7, null, 12, 8, 0, null, 2, null, null, null, null], [9, null, 6, 12, null, null, 14, null, null, 1, null, null, null, 0, 2, null], [15, null, null, null, null, null, 13, null, 12, null, 9, null, 3, null, 11, null], [null, null, 4, null, null, null, null, null, 2, null, null, null, null, 14, null, 10], [null, 9, null, 2, null, null, 10, 5, 6, null, null, null, 11, null, 4, null], [12, null, 7, 6, 4, 15, 3, 11, null, null, null, 1, 2, null, null, 8], [null, null, null, null, 0, null, 8, 2, 11, null, null, 4, 6, 13, null, 12], [1, 11, null, null, 12, null, null, null, 15, null, null, null, null, null, null, null], [null, null, null, 9, null, null, 1, null, 13, 5, null, 10, 15, null, null, null], [null, null, null, null, null, 2, null, 15, null, null, null, 3, 9, null, 12, null], [4, null, 8, null, 10, null, null, null, null, null, 0, null, null, 11, 3, null], [11, null, null, 4, 13, 10, null, null, null, 12, null, 9, null, null, null, null], [null, 10, null, null, 15, null, 11, null, null, null, null, 14, null, null, 9, 2], [null, null, null, 0, null, 3, 5, null, 7, 10, 6, null, null, null, null, 11], [5, 3, null, null, 9, null, null, null, null, null, 11, null, null, 10, null, null]]","Solve the following hexadecimal Sudoku puzzle.
Rule change: The grid is 16×16 (instead of 9×9). The blocks are 4×4 (instead of 3×3). The valid symbols are the hexadecimal digits {0, 1, 2, 3, 4, 5, 6, 7, 8, 9, A, B, C, D, E, F}. Each row, column, and 4×4 block must contain each symbol exactly once.

Puzzle (. = empty cell):
D . 5 A | . . F . | 3 . . B | . . . .
. . B 3 | . 7 . C | 8 . . 2 | . . . .
9 . 6 C | . . E . | . 1 . . | . . 2 .
F . . . | . . D . | C . 9 . | 3 . B .
-------------------------------------
. . 4 . | . . . . | 2 . . . | . E . A
. 9 . 2 | . . A 5 | 6 . . . | B . 4 .
C . 7 6 | 4 F 3 B | . . . 1 | 2 . . 8
. . . . | . . 8 2 | B . . 4 | 6 D . C
-------------------------------------
1 B . . | C . . . | F . . . | . . . .
. . . 9 | . . 1 . | D 5 . A | F . . .
. . . . | . 2 . F | . . . 3 | 9 . C .
4 . 8 . | A . . . | . . . . | . B 3 .
-------------------------------------
B . . 4 | D A . . | . C . 9 | . . . .
. A . . | F . B . | . . . E | . . 9 2
. . . . | . 3 5 . | 7 A 6 . | . . . B
5 3 . . | 9 . . . | . . B . | . A . .

Which of the following is the correct completed solution?","[[13, 1, 5, 10, 2, 0, 15, 8, 3, 4, 14, 11, 12, 7, 6, 9], [14, 4, 11, 3, 6, 7, 9, 12, 8, 0, 15, 2, 10, 1, 5, 13], [9, 7, 6, 12, 11, 4, 14, 3, 10, 1, 13, 5, 8, 0, 2, 15], [15, 0, 2, 8, 5, 1, 13, 10, 12, 7, 9, 6, 3, 4, 11, 14], [3, 15, 4, 11, 7, 13, 12, 6, 2, 9, 8, 0, 5, 14, 1, 10], [8, 9, 0, 2, 1, 14, 10, 5, 6, 13, 12, 7, 11, 15, 4, 3], [12, 13, 7, 6, 4, 15, 3, 11, 5, 14, 10, 1, 2, 9, 0, 8], [10, 14, 1, 5, 0, 9, 8, 2, 11, 15, 3, 4, 6, 13, 7, 12], [1, 11, 3, 14, 12, 6, 0, 9, 15, 2, 4, 8, 13, 5, 10, 7], [0, 6, 12, 9, 3, 11, 1, 14, 13, 5, 7, 10, 15, 2, 8, 4], [8, 5, 10, 13, 7, 2, 4, 15, 14, 11, 1, 3, 9, 6, 12, 0], [4, 2, 8, 15, 10, 5, 7, 13, 9, 6, 0, 12, 14, 11, 3, 1], [11, 8, 15, 4, 13, 10, 6, 7, 0, 12, 2, 9, 1, 3, 14, 5], [6, 10, 13, 7, 15, 8, 11, 4, 1, 3, 5, 14, 0, 12, 9, 2], [2, 12, 9, 0, 14, 3, 5, 1, 7, 10, 6, 13, 4, 8, 15, 11], [5, 3, 14, 1, 9, 12, 2, 0, 4, 8, 11, 15, 7, 10, 13, 6]]","[[13, 1, 5, 10, 2, 0, 15, 8, 3, 4, 14, 11, 12, 7, 6, 9], [14, 4, 11, 3, 6, 7, 9, 12, 8, 0, 15, 2, 10, 1, 5, 13], [9, 7, 6, 12, 11, 4, 14, 3, 10, 1, 13, 5, 8, 0, 2, 15], [15, 0, 2, 8, 5, 1, 13, 10, 12, 7, 9, 6, 3, 4, 11, 14], [3, 15, 4, 11, 7, 13, 12, 6, 2, 9, 8, 0, 5, 14, 1, 10], [8, 9, 0, 2, 1, 14, 10, 5, 6, 13, 12, 7, 11, 15, 4, 3], [12, 13, 7, 6, 4, 15, 3, 11, 5, 14, 10, 1, 2, 9, 0, 8], [10, 14, 1, 5, 0, 9, 8, 2, 11, 15, 3, 4, 6, 13, 7, 12], [1, 11, 3, 14, 12, 6, 0, 9, 15, 2, 4, 8, 13, 5, 10, 7], [0, 6, 12, 9, 3, 11, 1, 14, 13, 5, 7, 10, 15, 2, 8, 4], [7, 5, 10, 13, 8, 2, 4, 15, 14, 11, 1, 3, 9, 6, 12, 0], [4, 2, 8, 15, 10, 5, 7, 13, 9, 6, 0, 12, 14, 11, 3, 1], [11, 8, 15, 4, 13, 10, 6, 7, 0, 12, 2, 9, 1, 3, 14, 5], [6, 10, 13, 7, 15, 8, 11, 4, 1, 3, 5, 14, 0, 12, 9, 2], [2, 12, 15, 0, 14, 3, 5, 1, 7, 10, 6, 13, 4, 8, 9, 11], [5, 3, 14, 1, 9, 12, 2, 0, 4, 8, 11, 15, 7, 10, 13, 6]]","[[13, 1, 5, 10, 2, 0, 15, 8, 3, 4, 14, 11, 12, 7, 6, 9], [14, 4, 11, 3, 6, 7, 9, 12, 8, 0, 15, 2, 10, 1, 5, 13], [9, 7, 6, 12, 11, 4, 14, 3, 10, 1, 13, 5, 8, 0, 2, 15], [15, 0, 2, 8, 5, 1, 13, 10, 12, 7, 9, 6, 3, 4, 11, 14], [3, 15, 4, 11, 7, 13, 12, 6, 2, 9, 8, 0, 5, 14, 1, 10], [8, 9, 0, 2, 1, 14, 10, 5, 6, 13, 12, 7, 11, 15, 4, 3], [12, 13, 7, 6, 4, 15, 3, 11, 5, 14, 10, 1, 2, 9, 0, 8], [10, 14, 1, 5, 0, 9, 8, 2, 11, 15, 3, 4, 6, 13, 7, 12], [1, 11, 3, 14, 12, 6, 0, 9, 15, 2, 4, 8, 13, 5, 10, 7], [0, 6, 12, 9, 3, 11, 1, 14, 13, 5, 7, 10, 15, 2, 8, 4], [7, 5, 10, 13, 8, 2, 4, 15, 14, 11, 1, 3, 9, 6, 12, 0], [4, 2, 8, 15, 10, 5, 7, 13, 9, 6, 0, 12, 14, 11, 3, 1], [11, 8, 14, 4, 13, 10, 6, 7, 0, 12, 2, 9, 1, 3, 15, 5], [6, 10, 13, 7, 15, 8, 11, 4, 1, 3, 5, 14, 0, 12, 9, 2], [2, 12, 9, 0, 14, 3, 5, 1, 7, 10, 6, 13, 4, 8, 15, 11], [5, 3, 14, 1, 9, 12, 2, 0, 4, 8, 11, 15, 7, 10, 13, 6]]","[[13, 1, 5, 10, 2, 0, 15, 8, 3, 4, 14, 11, 12, 7, 6, 9], [14, 4, 11, 3, 6, 7, 9, 12, 8, 0, 15, 2, 10, 1, 5, 13], [9, 7, 6, 12, 11, 4, 14, 3, 10, 1, 13, 5, 8, 0, 2, 15], [15, 0, 2, 8, 5, 1, 13, 10, 12, 7, 9, 6, 3, 4, 11, 14], [3, 15, 4, 11, 7, 13, 12, 6, 2, 9, 8, 0, 5, 14, 1, 10], [8, 9, 0, 2, 1, 14, 10, 5, 6, 13, 12, 7, 11, 15, 4, 3], [12, 13, 7, 6, 4, 15, 3, 11, 5, 14, 10, 1, 2, 9, 0, 8], [10, 14, 1, 5, 0, 9, 8, 2, 11, 15, 3, 4, 6, 13, 7, 12], [1, 11, 3, 14, 12, 6, 0, 9, 15, 2, 4, 8, 13, 5, 10, 7], [0, 6, 12, 9, 3, 11, 1, 14, 13, 5, 7, 10, 15, 2, 8, 4], [7, 5, 10, 13, 8, 2, 4, 15, 14, 11, 1, 3, 9, 6, 12, 0], [4, 2, 8, 15, 10, 5, 7, 13, 9, 6, 0, 12, 14, 11, 3, 1], [11, 8, 15, 4, 13, 10, 6, 7, 0, 12, 2, 9, 1, 3, 14, 5], [6, 10, 13, 7, 15, 8, 11, 4, 1, 3, 5, 14, 0, 12, 9, 2], [2, 12, 9, 0, 14, 3, 5, 1, 7, 10, 6, 13, 4, 8, 15, 11], [5, 3, 14, 1, 9, 12, 2, 0, 4, 8, 11, 15, 7, 10, 13, 6]]",D,"[[13, 1, 5, 10, 2, 0, 15, 8, 3, 4, 14, 11, 12, 7, 6, 9], [14, 4, 11, 3, 6, 7, 9, 12, 8, 0, 15, 2, 10, 1, 5, 13], [9, 7, 6, 12, 11, 4, 14, 3, 10, 1, 13, 5, 8, 0, 2, 15], [15, 0, 2, 8, 5, 1, 13, 10, 12, 7, 9, 6, 3, 4, 11, 14], [3, 15, 4, 11, 7, 13, 12, 6, 2, 9, 8, 0, 5, 14, 1, 10], [8, 9, 0, 2, 1, 14, 10, 5, 6, 13, 12, 7, 11, 15, 4, 3], [12, 13, 7, 6, 4, 15, 3, 11, 5, 14, 10, 1, 2, 9, 0, 8], [10, 14, 1, 5, 0, 9, 8, 2, 11, 15, 3, 4, 6, 13, 7, 12], [1, 11, 3, 14, 12, 6, 0, 9, 15, 2, 4, 8, 13, 5, 10, 7], [0, 6, 12, 9, 3, 11, 1, 14, 13, 5, 7, 10, 15, 2, 8, 4], [7, 5, 10, 13, 8, 2, 4, 15, 14, 11, 1, 3, 9, 6, 12, 0], [4, 2, 8, 15, 10, 5, 7, 13, 9, 6, 0, 12, 14, 11, 3, 1], [11, 8, 15, 4, 13, 10, 6, 7, 0, 12, 2, 9, 1, 3, 14, 5], [6, 10, 13, 7, 15, 8, 11, 4, 1, 3, 5, 14, 0, 12, 9, 2], [2, 12, 9, 0, 14, 3, 5, 1, 7, 10, 6, 13, 4, 8, 15, 11], [5, 3, 14, 1, 9, 12, 2, 0, 4, 8, 11, 15, 7, 10, 13, 6]]","{""num_givens"": 100, ""grid_size"": 16}"
sudoku_cf4_hex_0047,sudoku_cf4_hex,counterfactual,"[[12, 4, null, null, null, 3, null, 8, 2, null, null, null, null, null, null, null], [13, 3, null, null, 6, null, null, 1, null, 5, null, null, 11, null, null, null], [null, 10, null, 0, null, null, null, null, 15, 1, 6, null, 13, 9, null, null], [6, 14, null, 1, 11, null, null, null, null, 8, null, null, null, 7, 5, 4], [null, null, null, null, null, null, null, null, null, 6, null, 2, null, null, null, null], [null, null, 1, 6, 10, 7, null, null, null, null, null, null, null, null, 12, null], [null, null, 8, 13, null, null, 1, 6, 5, 12, null, 9, null, null, null, null], [null, 9, null, 12, null, 15, 8, null, 0, null, null, null, null, null, 6, null], [7, null, 11, null, null, null, null, null, 6, null, null, null, null, 13, null, null], [null, 0, 6, 14, 7, null, null, null, null, 3, 15, null, 9, null, 4, null], [15, null, 13, null, 2, null, null, 14, null, null, null, 8, 7, null, 10, 5], [null, null, null, null, null, null, 13, null, null, 10, 7, 5, null, 6, 14, null], [null, 12, null, 7, null, null, null, 9, null, null, 0, null, null, null, null, null], [null, 6, null, 15, 0, 11, null, 2, null, 9, null, 13, 5, 10, null, 12], [null, null, 4, 9, null, null, null, 15, 10, 7, 5, 12, 0, null, null, null], [null, null, 14, null, null, 12, null, 7, null, 15, 1, null, null, null, null, 13]]","Solve the following hexadecimal Sudoku puzzle.
Rule change: The grid is 16×16 (instead of 9×9). The blocks are 4×4 (instead of 3×3). The valid symbols are the hexadecimal digits {0, 1, 2, 3, 4, 5, 6, 7, 8, 9, A, B, C, D, E, F}. Each row, column, and 4×4 block must contain each symbol exactly once.

Puzzle (. = empty cell):
C 4 . . | . 3 . 8 | 2 . . . | . . . .
D 3 . . | 6 . . 1 | . 5 . . | B . . .
. A . . | . . . . | F 1 6 . | D 9 . .
6 E . 1 | B . . . | . 8 . . | . 7 5 4
-------------------------------------
. . . . | . . . . | . 6 . 2 | . . . .
. . 1 6 | A 7 . . | . . . . | . . C .
. . 8 D | . . 1 6 | 5 C . 9 | . . . .
. 9 . C | . F 8 . | . . . . | . . 6 .
-------------------------------------
7 . B . | . . . . | 6 . . . | . D . .
. . 6 E | 7 . . . | . 3 F . | 9 . 4 .
F . D . | 2 . . E | . . . 8 | 7 . A 5
. . . . | . . D . | . A 7 5 | . 6 E .
-------------------------------------
. C . 7 | . . . 9 | . . . . | . . . .
. 6 . F | . B . 2 | . 9 . D | 5 A . C
. . 4 9 | . . . F | A 7 5 C | . . . .
. . E . | . C . 7 | . F 1 . | . . . D

Which of the following is the correct completed solution?","[[12, 4, 7, 5, 13, 3, 9, 8, 2, 0, 11, 10, 6, 15, 1, 14], [13, 3, 9, 8, 6, 14, 15, 1, 7, 5, 12, 4, 11, 2, 0, 10], [11, 10, 2, 0, 12, 4, 7, 5, 15, 1, 6, 14, 13, 9, 8, 3], [6, 14, 15, 1, 11, 10, 2, 0, 9, 8, 13, 3, 12, 7, 5, 4], [10, 7, 0, 11, 4, 9, 5, 12, 1, 6, 14, 2, 3, 8, 13, 15], [14, 2, 1, 6, 10, 7, 0, 11, 8, 13, 3, 15, 4, 5, 12, 9], [3, 15, 8, 13, 14, 2, 1, 6, 5, 12, 4, 9, 10, 0, 11, 7], [2, 9, 5, 12, 3, 15, 8, 13, 0, 11, 10, 7, 14, 1, 6, 4], [7, 5, 11, 10, 9, 8, 12, 4, 6, 14, 2, 0, 15, 13, 3, 1], [2, 0, 6, 14, 7, 5, 11, 10, 13, 3, 15, 1, 9, 12, 4, 8], [15, 1, 13, 3, 2, 0, 6, 14, 12, 4, 9, 8, 7, 11, 10, 5], [9, 8, 12, 4, 15, 1, 13, 3, 11, 10, 7, 5, 2, 6, 14, 0], [5, 12, 10, 7, 8, 13, 4, 9, 14, 2, 0, 11, 1, 3, 15, 6], [1, 6, 3, 15, 0, 11, 14, 2, 4, 9, 8, 13, 5, 10, 7, 12], [8, 13, 4, 9, 1, 6, 3, 15, 10, 7, 5, 12, 0, 14, 2, 11], [0, 11, 14, 2, 5, 12, 10, 7, 3, 15, 1, 6, 8, 4, 9, 13]]","[[12, 4, 7, 5, 13, 3, 9, 8, 2, 0, 11, 10, 6, 15, 1, 14], [13, 3, 9, 8, 6, 14, 15, 1, 7, 5, 12, 4, 11, 2, 0, 10], [11, 10, 2, 0, 12, 4, 7, 5, 15, 1, 6, 14, 13, 9, 8, 3], [6, 14, 15, 1, 11, 10, 2, 0, 9, 8, 13, 3, 12, 7, 5, 4], [10, 7, 0, 11, 4, 9, 5, 12, 1, 6, 14, 2, 3, 8, 13, 15], [14, 2, 1, 6, 10, 7, 0, 11, 8, 13, 3, 15, 4, 5, 12, 9], [3, 15, 8, 13, 14, 2, 1, 6, 5, 12, 4, 9, 10, 0, 11, 7], [4, 9, 5, 12, 3, 15, 8, 13, 0, 11, 10, 7, 14, 1, 6, 2], [7, 5, 11, 10, 9, 8, 12, 4, 6, 14, 2, 0, 15, 13, 3, 1], [2, 0, 6, 14, 7, 5, 11, 10, 13, 3, 15, 1, 9, 12, 4, 8], [15, 1, 13, 3, 2, 0, 6, 14, 12, 4, 9, 8, 7, 11, 10, 5], [9, 8, 12, 4, 15, 1, 13, 3, 11, 10, 7, 5, 2, 6, 14, 0], [5, 12, 10, 7, 8, 13, 4, 9, 14, 2, 0, 11, 1, 3, 15, 6], [1, 6, 3, 15, 0, 11, 14, 2, 4, 9, 8, 13, 5, 10, 7, 12], [8, 13, 4, 9, 1, 6, 3, 15, 10, 7, 5, 12, 0, 14, 2, 11], [0, 11, 14, 2, 5, 12, 10, 7, 3, 15, 1, 6, 8, 4, 9, 13]]","[[12, 4, 7, 5, 13, 3, 9, 8, 2, 0, 11, 10, 6, 15, 1, 14], [13, 3, 9, 14, 6, 8, 15, 1, 7, 5, 12, 4, 11, 2, 0, 10], [11, 10, 2, 0, 12, 4, 7, 5, 15, 1, 6, 14, 13, 9, 8, 3], [6, 14, 15, 1, 11, 10, 2, 0, 9, 8, 13, 3, 12, 7, 5, 4], [10, 7, 0, 11, 4, 9, 5, 12, 1, 6, 14, 2, 3, 8, 13, 15], [14, 2, 1, 6, 10, 7, 0, 11, 8, 13, 3, 15, 4, 5, 12, 9], [3, 15, 8, 13, 14, 2, 1, 6, 5, 12, 4, 9, 10, 0, 11, 7], [4, 9, 5, 12, 3, 15, 8, 13, 0, 11, 10, 7, 14, 1, 6, 2], [7, 5, 11, 10, 9, 8, 12, 4, 6, 14, 2, 0, 15, 13, 3, 1], [2, 0, 6, 14, 7, 5, 11, 10, 13, 3, 15, 1, 9, 12, 4, 8], [15, 1, 13, 3, 2, 0, 6, 14, 12, 4, 9, 8, 7, 11, 10, 5], [9, 8, 12, 4, 15, 1, 13, 3, 11, 10, 7, 5, 2, 6, 14, 0], [5, 12, 10, 7, 8, 13, 4, 9, 14, 2, 0, 11, 1, 3, 15, 6], [1, 6, 3, 15, 0, 11, 14, 2, 4, 9, 8, 13, 5, 10, 7, 12], [8, 13, 4, 9, 1, 6, 3, 15, 10, 7, 5, 12, 0, 14, 2, 11], [0, 11, 14, 2, 5, 12, 10, 7, 3, 15, 1, 6, 8, 4, 9, 13]]","[[12, 4, 7, 5, 13, 3, 9, 8, 2, 0, 11, 10, 6, 15, 1, 14], [13, 3, 9, 8, 6, 14, 15, 1, 7, 5, 12, 4, 11, 2, 0, 10], [11, 10, 2, 0, 12, 4, 7, 5, 15, 1, 6, 14, 13, 9, 8, 3], [6, 14, 15, 1, 11, 10, 2, 0, 9, 8, 13, 3, 12, 7, 5, 4], [10, 7, 0, 11, 4, 9, 5, 12, 1, 6, 14, 2, 3, 8, 13, 15], [14, 2, 1, 6, 10, 7, 15, 11, 8, 13, 3, 0, 4, 5, 12, 9], [3, 15, 8, 13, 14, 2, 1, 6, 5, 12, 4, 9, 10, 0, 11, 7], [4, 9, 5, 12, 3, 15, 8, 13, 0, 11, 10, 7, 14, 1, 6, 2], [7, 5, 11, 10, 9, 8, 12, 4, 6, 14, 2, 0, 15, 13, 3, 1], [2, 0, 6, 14, 7, 5, 11, 10, 13, 3, 15, 1, 9, 12, 4, 8], [15, 1, 13, 3, 2, 0, 6, 14, 12, 4, 9, 8, 7, 11, 10, 5], [9, 8, 12, 4, 15, 1, 13, 3, 11, 10, 7, 5, 2, 6, 14, 0], [5, 12, 10, 7, 8, 13, 4, 9, 14, 2, 0, 11, 1, 3, 15, 6], [1, 6, 3, 15, 0, 11, 14, 2, 4, 9, 8, 13, 5, 10, 7, 12], [8, 13, 4, 9, 1, 6, 3, 15, 10, 7, 5, 12, 0, 14, 2, 11], [0, 11, 14, 2, 5, 12, 10, 7, 3, 15, 1, 6, 8, 4, 9, 13]]",B,"[[12, 4, 7, 5, 13, 3, 9, 8, 2, 0, 11, 10, 6, 15, 1, 14], [13, 3, 9, 8, 6, 14, 15, 1, 7, 5, 12, 4, 11, 2, 0, 10], [11, 10, 2, 0, 12, 4, 7, 5, 15, 1, 6, 14, 13, 9, 8, 3], [6, 14, 15, 1, 11, 10, 2, 0, 9, 8, 13, 3, 12, 7, 5, 4], [10, 7, 0, 11, 4, 9, 5, 12, 1, 6, 14, 2, 3, 8, 13, 15], [14, 2, 1, 6, 10, 7, 0, 11, 8, 13, 3, 15, 4, 5, 12, 9], [3, 15, 8, 13, 14, 2, 1, 6, 5, 12, 4, 9, 10, 0, 11, 7], [4, 9, 5, 12, 3, 15, 8, 13, 0, 11, 10, 7, 14, 1, 6, 2], [7, 5, 11, 10, 9, 8, 12, 4, 6, 14, 2, 0, 15, 13, 3, 1], [2, 0, 6, 14, 7, 5, 11, 10, 13, 3, 15, 1, 9, 12, 4, 8], [15, 1, 13, 3, 2, 0, 6, 14, 12, 4, 9, 8, 7, 11, 10, 5], [9, 8, 12, 4, 15, 1, 13, 3, 11, 10, 7, 5, 2, 6, 14, 0], [5, 12, 10, 7, 8, 13, 4, 9, 14, 2, 0, 11, 1, 3, 15, 6], [1, 6, 3, 15, 0, 11, 14, 2, 4, 9, 8, 13, 5, 10, 7, 12], [8, 13, 4, 9, 1, 6, 3, 15, 10, 7, 5, 12, 0, 14, 2, 11], [0, 11, 14, 2, 5, 12, 10, 7, 3, 15, 1, 6, 8, 4, 9, 13]]","{""num_givens"": 100, ""grid_size"": 16}"
sudoku_cf4_hex_0048,sudoku_cf4_hex,counterfactual,"[[null, 3, null, null, 10, null, 11, null, null, null, null, null, null, null, 7, null], [4, null, null, null, null, null, null, null, 1, null, 5, 6, null, null, null, null], [null, null, null, 0, null, 7, null, 6, 3, 12, null, 13, null, 11, 4, null], [null, 1, null, 6, null, 12, 14, 13, null, null, 11, 9, null, null, null, null], [null, 4, null, 11, 15, null, 10, null, null, null, null, 5, 12, 1, 13, null], [0, 15, 10, 2, null, 6, null, 5, null, null, 1, null, null, null, 9, 11], [null, 7, null, null, 12, 13, null, 14, 4, null, 3, null, 15, 10, 0, null], [null, 12, null, 14, 4, null, null, null, 15, 0, null, null, null, null, 6, null], [10, null, null, null, 5, null, null, 15, null, 1, null, null, null, null, 3, 12], [1, null, 6, null, null, null, null, null, 2, null, null, null, 5, null, null, null], [null, null, null, 15, null, 1, null, 7, null, 3, null, null, 2, null, null, 4], [null, null, null, null, null, null, null, null, null, 8, 0, 15, null, null, 1, null], [null, null, 12, 3, 0, null, null, 10, null, 5, null, null, 13, null, 14, null], [14, null, 7, null, null, null, 12, 3, null, null, null, 10, 6, null, null, null], [5, null, 15, null, 13, null, 7, null, null, null, null, 3, 0, null, null, null], [2, null, null, null, 6, 5, null, 8, 13, null, null, null, null, null, null, 3]]","Solve the following hexadecimal Sudoku puzzle.
Rule change: The grid is 16×16 (instead of 9×9). The blocks are 4×4 (instead of 3×3). The valid symbols are the hexadecimal digits {0, 1, 2, 3, 4, 5, 6, 7, 8, 9, A, B, C, D, E, F}. Each row, column, and 4×4 block must contain each symbol exactly once.

Puzzle (. = empty cell):
. 3 . . | A . B . | . . . . | . . 7 .
4 . . . | . . . . | 1 . 5 6 | . . . .
. . . . | . 7 . 6 | 3 C . D | . B 4 .
. 1 . 6 | . C E D | . . B 9 | . . . .
-------------------------------------
. 4 . B | F . A . | . . . 5 | C 1 D .
. F A 2 | . 6 . 5 | . . 1 . | . . 9 B
. 7 . . | C D . E | 4 . 3 . | F A . .
. C . E | 4 . . . | F . . . | . . 6 .
-------------------------------------
A . . . | 5 . . F | . 1 . . | . . 3 C
1 . 6 . | . . . . | 2 . . . | 5 . . .
. . . F | . 1 . 7 | . 3 . . | 2 . . 4
. . . . | . . . . | . 8 . F | . . 1 .
-------------------------------------
. . C 3 | . . . A | . 5 . . | D . E .
E . 7 . | . . C 3 | . . . A | 6 . . .
5 . F . | D . 7 . | . . . 3 | . . . .
2 . . . | 6 5 . 8 | D . . . | . . . 3

Which of the following is the correct completed solution?","[[12, 3, 14, 13, 10, 4, 11, 9, 8, 15, 2, 0, 1, 5, 7, 6], [4, 10, 11, 9, 8, 15, 2, 0, 1, 7, 5, 6, 3, 14, 12, 13], [15, 8, 2, 0, 1, 7, 5, 6, 3, 12, 14, 13, 10, 11, 4, 9], [7, 1, 5, 6, 3, 12, 14, 13, 10, 4, 11, 9, 8, 2, 15, 0], [9, 4, 3, 11, 15, 0, 10, 2, 7, 6, 8, 5, 12, 1, 13, 14], [0, 15, 10, 2, 7, 6, 8, 5, 12, 13, 1, 14, 4, 3, 9, 11], [6, 7, 8, 5, 12, 13, 9, 14, 4, 1, 3, 11, 15, 10, 0, 2], [13, 12, 1, 14, 4, 9, 3, 11, 15, 0, 10, 2, 7, 8, 6, 5], [10, 2, 9, 4, 5, 8, 0, 15, 14, 1, 6, 7, 11, 13, 3, 12], [1, 14, 6, 7, 11, 3, 13, 12, 2, 10, 9, 4, 5, 0, 8, 15], [8, 5, 0, 15, 14, 1, 6, 7, 11, 3, 13, 12, 2, 9, 10, 4], [3, 11, 13, 12, 2, 10, 9, 4, 5, 8, 0, 15, 14, 6, 1, 7], [11, 9, 12, 3, 0, 2, 4, 10, 6, 5, 15, 8, 13, 7, 14, 1], [14, 13, 7, 1, 9, 11, 12, 3, 0, 2, 4, 10, 6, 15, 5, 8], [5, 6, 15, 8, 13, 14, 7, 1, 9, 11, 12, 3, 0, 4, 2, 10], [2, 0, 4, 10, 6, 5, 15, 8, 13, 14, 7, 1, 9, 12, 11, 3]]","[[12, 3, 14, 13, 10, 4, 11, 9, 8, 15, 2, 0, 1, 5, 7, 6], [4, 10, 11, 9, 8, 15, 2, 0, 1, 7, 5, 6, 3, 14, 12, 13], [15, 8, 2, 0, 1, 7, 5, 6, 3, 12, 14, 13, 10, 11, 4, 9], [7, 1, 5, 6, 3, 12, 14, 13, 10, 4, 11, 9, 8, 2, 15, 0], [9, 4, 3, 11, 15, 0, 10, 2, 7, 6, 8, 5, 12, 1, 13, 14], [0, 15, 10, 2, 7, 6, 8, 5, 12, 13, 1, 14, 4, 3, 9, 11], [6, 7, 8, 5, 12, 13, 1, 14, 4, 11, 3, 9, 15, 10, 0, 2], [13, 12, 1, 14, 4, 9, 3, 11, 15, 0, 10, 2, 7, 8, 6, 5], [10, 2, 9, 4, 5, 8, 0, 15, 14, 1, 6, 7, 11, 13, 3, 12], [1, 14, 6, 7, 11, 3, 13, 12, 2, 10, 9, 4, 5, 0, 8, 15], [8, 5, 0, 15, 14, 1, 6, 7, 11, 3, 13, 12, 2, 9, 10, 4], [3, 11, 13, 12, 2, 10, 9, 4, 5, 8, 0, 15, 14, 6, 1, 7], [11, 9, 12, 3, 0, 2, 4, 10, 6, 5, 15, 8, 13, 7, 14, 1], [14, 13, 7, 1, 9, 11, 12, 3, 0, 2, 4, 10, 6, 15, 5, 8], [5, 6, 15, 8, 13, 14, 7, 1, 9, 11, 12, 3, 0, 4, 2, 10], [2, 0, 4, 10, 6, 5, 15, 8, 13, 14, 7, 1, 9, 12, 11, 3]]","[[12, 3, 14, 13, 10, 4, 11, 9, 8, 15, 2, 0, 1, 5, 7, 6], [4, 10, 11, 9, 8, 15, 2, 0, 1, 7, 5, 6, 3, 14, 12, 13], [15, 8, 2, 0, 1, 7, 5, 6, 3, 12, 14, 13, 10, 11, 4, 9], [7, 1, 5, 6, 3, 12, 14, 13, 10, 4, 11, 9, 8, 2, 15, 0], [9, 4, 3, 11, 15, 0, 10, 2, 7, 6, 8, 5, 12, 1, 13, 14], [0, 15, 10, 2, 7, 6, 8, 5, 12, 13, 1, 14, 4, 3, 9, 11], [6, 7, 8, 5, 12, 13, 1, 14, 4, 9, 3, 11, 15, 10, 0, 2], [13, 12, 1, 14, 4, 9, 3, 11, 15, 0, 10, 2, 7, 8, 6, 5], [10, 2, 9, 4, 5, 8, 0, 15, 14, 1, 6, 7, 11, 13, 3, 12], [1, 14, 6, 7, 11, 3, 13, 12, 2, 10, 9, 4, 5, 0, 8, 15], [8, 5, 0, 15, 14, 1, 6, 7, 11, 3, 13, 12, 2, 9, 10, 4], [3, 11, 13, 12, 2, 10, 9, 4, 5, 8, 0, 15, 14, 6, 1, 7], [11, 9, 12, 3, 0, 2, 4, 10, 6, 5, 15, 8, 13, 7, 14, 1], [14, 13, 7, 1, 9, 11, 12, 3, 0, 2, 4, 10, 6, 15, 5, 8], [5, 6, 15, 8, 13, 14, 7, 1, 9, 11, 12, 3, 0, 4, 2, 10], [2, 0, 4, 10, 6, 5, 15, 8, 13, 14, 7, 1, 9, 12, 11, 3]]","[[12, 3, 14, 13, 10, 15, 11, 9, 8, 4, 2, 0, 1, 5, 7, 6], [4, 10, 11, 9, 8, 15, 2, 0, 1, 7, 5, 6, 3, 14, 12, 13], [15, 8, 2, 0, 1, 7, 5, 6, 3, 12, 14, 13, 10, 11, 4, 9], [7, 1, 5, 6, 3, 12, 14, 13, 10, 4, 11, 9, 8, 2, 15, 0], [9, 4, 3, 11, 15, 0, 10, 2, 7, 6, 8, 5, 12, 1, 13, 14], [0, 15, 10, 2, 7, 6, 8, 5, 12, 13, 1, 14, 4, 3, 9, 11], [6, 7, 8, 5, 12, 13, 1, 14, 4, 9, 3, 11, 15, 10, 0, 2], [13, 12, 1, 14, 4, 9, 3, 11, 15, 0, 10, 2, 7, 8, 6, 5], [10, 2, 9, 4, 5, 8, 0, 15, 14, 1, 6, 7, 11, 13, 3, 12], [1, 14, 6, 7, 11, 3, 13, 12, 2, 10, 9, 4, 5, 0, 8, 15], [8, 5, 0, 15, 14, 1, 6, 7, 11, 3, 13, 12, 2, 9, 10, 4], [3, 11, 13, 12, 2, 10, 9, 4, 5, 8, 0, 15, 14, 6, 1, 7], [11, 9, 12, 3, 0, 2, 4, 10, 6, 5, 15, 8, 13, 7, 14, 1], [14, 13, 7, 1, 9, 11, 12, 3, 0, 2, 4, 10, 6, 15, 5, 8], [5, 6, 15, 8, 13, 14, 7, 1, 9, 11, 12, 3, 0, 4, 2, 10], [2, 0, 4, 10, 6, 5, 15, 8, 13, 14, 7, 1, 9, 12, 11, 3]]",C,"[[12, 3, 14, 13, 10, 4, 11, 9, 8, 15, 2, 0, 1, 5, 7, 6], [4, 10, 11, 9, 8, 15, 2, 0, 1, 7, 5, 6, 3, 14, 12, 13], [15, 8, 2, 0, 1, 7, 5, 6, 3, 12, 14, 13, 10, 11, 4, 9], [7, 1, 5, 6, 3, 12, 14, 13, 10, 4, 11, 9, 8, 2, 15, 0], [9, 4, 3, 11, 15, 0, 10, 2, 7, 6, 8, 5, 12, 1, 13, 14], [0, 15, 10, 2, 7, 6, 8, 5, 12, 13, 1, 14, 4, 3, 9, 11], [6, 7, 8, 5, 12, 13, 1, 14, 4, 9, 3, 11, 15, 10, 0, 2], [13, 12, 1, 14, 4, 9, 3, 11, 15, 0, 10, 2, 7, 8, 6, 5], [10, 2, 9, 4, 5, 8, 0, 15, 14, 1, 6, 7, 11, 13, 3, 12], [1, 14, 6, 7, 11, 3, 13, 12, 2, 10, 9, 4, 5, 0, 8, 15], [8, 5, 0, 15, 14, 1, 6, 7, 11, 3, 13, 12, 2, 9, 10, 4], [3, 11, 13, 12, 2, 10, 9, 4, 5, 8, 0, 15, 14, 6, 1, 7], [11, 9, 12, 3, 0, 2, 4, 10, 6, 5, 15, 8, 13, 7, 14, 1], [14, 13, 7, 1, 9, 11, 12, 3, 0, 2, 4, 10, 6, 15, 5, 8], [5, 6, 15, 8, 13, 14, 7, 1, 9, 11, 12, 3, 0, 4, 2, 10], [2, 0, 4, 10, 6, 5, 15, 8, 13, 14, 7, 1, 9, 12, 11, 3]]","{""num_givens"": 100, ""grid_size"": 16}"
sudoku_cf4_hex_0049,sudoku_cf4_hex,counterfactual,"[[0, null, 6, 1, 8, null, 5, 9, 4, 10, null, 2, null, null, null, 7], [14, null, null, null, null, 11, null, 7, null, 9, null, null, 6, null, null, null], [15, null, 5, 9, 13, null, 6, 1, 3, 7, null, 12, 2, 4, 14, null], [null, null, null, null, 4, 14, null, null, null, 1, 0, null, null, null, null, 9], [null, null, null, 13, null, null, 15, null, null, null, null, 14, null, null, 9, 3], [null, null, 11, null, 2, null, null, null, null, 13, null, null, null, 5, null, 8], [10, null, null, 8, null, null, null, 13, 12, null, 9, 11, null, null, null, null], [1, null, null, null, null, null, 11, null, 5, 8, null, null, null, null, null, 13], [null, null, null, null, 0, null, 7, null, null, 12, 8, null, null, null, null, null], [8, null, null, null, null, null, null, null, 0, 6, 3, null, null, null, 4, 5], [3, null, null, null, 15, 4, 10, null, null, 2, null, 1, null, null, null, null], [null, 14, null, 2, null, null, null, null, null, 5, 4, null, null, 0, null, null], [null, null, null, 15, null, null, null, 0, null, 11, 5, null, null, 1, 6, 14], [null, null, 8, 11, 1, 6, 13, null, 7, null, null, 3, null, null, null, null], [12, null, 3, null, null, 2, 4, null, null, null, null, null, 8, 9, 5, 11], [null, null, null, 14, null, null, 8, null, null, null, null, 4, null, null, null, 0]]","Solve the following hexadecimal Sudoku puzzle.
Rule change: The grid is 16×16 (instead of 9×9). The blocks are 4×4 (instead of 3×3). The valid symbols are the hexadecimal digits {0, 1, 2, 3, 4, 5, 6, 7, 8, 9, A, B, C, D, E, F}. Each row, column, and 4×4 block must contain each symbol exactly once.

Puzzle (. = empty cell):
. . 6 1 | 8 . 5 9 | 4 A . 2 | . . . 7
E . . . | . B . 7 | . 9 . . | 6 . . .
F . 5 9 | D . 6 1 | 3 7 . C | 2 4 E .
. . . . | 4 E . . | . 1 . . | . . . 9
-------------------------------------
. . . D | . . F . | . . . E | . . 9 3
. . B . | 2 . . . | . D . . | . 5 . 8
A . . 8 | . . . D | C . 9 B | . . . .
1 . . . | . . B . | 5 8 . . | . . . D
-------------------------------------
. . . . | . . 7 . | . C 8 . | . . . .
8 . . . | . . . . | . 6 3 . | . . 4 5
3 . . . | F 4 A . | . 2 . 1 | . . . .
. E . 2 | . . . . | . 5 4 . | . . . .
-------------------------------------
. . . F | . . . . | . B 5 . | . 1 6 E
. . 8 B | 1 6 D . | 7 . . 3 | . . . .
C . 3 . | . 2 4 . | . . . . | 8 9 5 B
. . . E | . . 8 . | . . . 4 | . . . .

Which of the following is the correct completed solution?","[[0, 13, 6, 1, 8, 15, 5, 9, 4, 10, 14, 2, 12, 3, 11, 7], [14, 4, 2, 10, 3, 11, 12, 7, 8, 9, 15, 5, 6, 13, 0, 1], [15, 8, 5, 9, 13, 0, 6, 1, 3, 7, 11, 12, 2, 4, 14, 10], [11, 3, 12, 7, 4, 14, 2, 10, 13, 1, 0, 6, 5, 8, 15, 9], [7, 6, 0, 13, 5, 10, 15, 8, 2, 4, 1, 14, 11, 12, 9, 3], [9, 12, 11, 3, 2, 1, 14, 4, 6, 13, 7, 0, 15, 5, 10, 8], [10, 5, 15, 8, 6, 7, 0, 13, 12, 3, 9, 11, 14, 2, 1, 4], [1, 2, 14, 4, 12, 9, 11, 3, 5, 8, 10, 15, 0, 6, 7, 13], [4, 15, 11, 5, 0, 3, 7, 6, 10, 12, 8, 9, 1, 14, 13, 2], [8, 11, 9, 12, 14, 13, 1, 2, 0, 6, 3, 7, 10, 15, 4, 5], [3, 0, 7, 6, 15, 4, 10, 5, 14, 2, 13, 1, 9, 11, 8, 12], [13, 14, 1, 2, 11, 8, 9, 12, 15, 5, 4, 10, 7, 0, 3, 6], [2, 10, 4, 15, 7, 12, 3, 0, 9, 11, 5, 8, 13, 1, 6, 14], [5, 9, 8, 11, 1, 6, 13, 14, 7, 0, 12, 3, 4, 10, 2, 15], [12, 7, 3, 0, 10, 2, 4, 15, 1, 14, 6, 13, 8, 9, 5, 11], [6, 1, 13, 14, 9, 5, 8, 11, 10, 15, 2, 4, 3, 7, 12, 0]]","[[0, 13, 6, 1, 8, 15, 5, 9, 4, 10, 14, 2, 12, 3, 11, 7], [14, 4, 2, 10, 3, 11, 12, 7, 8, 9, 15, 5, 6, 13, 0, 1], [15, 8, 5, 9, 13, 0, 6, 1, 3, 7, 11, 12, 2, 4, 14, 10], [11, 3, 12, 7, 4, 14, 2, 10, 13, 1, 0, 6, 5, 8, 15, 9], [7, 6, 0, 13, 5, 10, 15, 8, 2, 4, 1, 14, 11, 12, 9, 3], [9, 12, 11, 3, 2, 1, 14, 4, 6, 13, 7, 0, 15, 5, 10, 8], [10, 5, 15, 8, 6, 7, 0, 13, 12, 3, 9, 11, 14, 2, 1, 4], [1, 2, 14, 4, 12, 9, 11, 3, 5, 8, 10, 15, 0, 6, 7, 13], [4, 15, 10, 5, 0, 3, 7, 6, 11, 12, 8, 9, 1, 14, 13, 2], [8, 11, 9, 12, 14, 13, 1, 2, 0, 6, 3, 7, 10, 15, 4, 5], [3, 0, 7, 6, 15, 4, 10, 5, 14, 2, 13, 1, 9, 11, 8, 12], [13, 14, 1, 2, 11, 8, 9, 12, 15, 5, 4, 10, 7, 0, 3, 6], [2, 10, 4, 15, 7, 12, 3, 0, 9, 11, 5, 8, 13, 1, 6, 14], [5, 9, 8, 11, 1, 6, 13, 14, 7, 0, 12, 3, 4, 10, 2, 15], [12, 7, 3, 0, 10, 2, 4, 15, 1, 14, 6, 13, 8, 9, 5, 11], [6, 1, 13, 14, 9, 5, 8, 11, 10, 15, 2, 4, 3, 7, 12, 0]]","[[0, 13, 6, 1, 8, 15, 5, 9, 4, 10, 14, 2, 12, 3, 11, 7], [14, 4, 2, 10, 3, 11, 12, 7, 8, 9, 15, 5, 6, 13, 0, 1], [15, 8, 5, 9, 13, 0, 6, 1, 3, 7, 11, 12, 2, 4, 14, 10], [11, 3, 12, 7, 4, 14, 2, 10, 13, 1, 0, 6, 5, 8, 15, 9], [7, 6, 0, 13, 5, 10, 15, 8, 2, 4, 1, 14, 11, 12, 9, 3], [9, 12, 11, 3, 2, 1, 14, 4, 6, 13, 7, 0, 15, 5, 10, 8], [10, 5, 15, 8, 6, 7, 0, 13, 12, 3, 9, 11, 14, 2, 1, 4], [1, 2, 14, 4, 12, 9, 11, 3, 5, 8, 10, 15, 0, 6, 7, 13], [4, 15, 10, 5, 0, 3, 7, 13, 11, 12, 8, 9, 1, 14, 6, 2], [8, 11, 9, 12, 14, 13, 1, 2, 0, 6, 3, 7, 10, 15, 4, 5], [3, 0, 7, 6, 15, 4, 10, 5, 14, 2, 13, 1, 9, 11, 8, 12], [13, 14, 1, 2, 11, 8, 9, 12, 15, 5, 4, 10, 7, 0, 3, 6], [2, 10, 4, 15, 7, 12, 3, 0, 9, 11, 5, 8, 13, 1, 6, 14], [5, 9, 8, 11, 1, 6, 13, 14, 7, 0, 12, 3, 4, 10, 2, 15], [12, 7, 3, 0, 10, 2, 4, 15, 1, 14, 6, 13, 8, 9, 5, 11], [6, 1, 13, 14, 9, 5, 8, 11, 10, 15, 2, 4, 3, 7, 12, 0]]","[[0, 13, 6, 1, 8, 15, 5, 9, 4, 10, 14, 2, 12, 3, 11, 7], [14, 4, 2, 10, 3, 11, 12, 7, 8, 9, 15, 5, 6, 13, 0, 1], [15, 8, 5, 9, 13, 0, 6, 1, 3, 7, 11, 12, 2, 4, 14, 10], [11, 3, 12, 7, 4, 14, 2, 10, 13, 1, 0, 6, 5, 8, 15, 9], [7, 6, 0, 13, 5, 10, 15, 8, 2, 4, 1, 14, 11, 12, 9, 3], [9, 12, 11, 3, 2, 1, 14, 4, 6, 13, 7, 0, 15, 5, 10, 8], [10, 5, 15, 8, 6, 7, 0, 13, 12, 3, 9, 11, 14, 2, 1, 4], [1, 2, 14, 4, 15, 9, 11, 3, 5, 8, 10, 12, 0, 6, 7, 13], [4, 15, 10, 5, 0, 3, 7, 6, 11, 12, 8, 9, 1, 14, 13, 2], [8, 11, 9, 12, 14, 13, 1, 2, 0, 6, 3, 7, 10, 15, 4, 5], [3, 0, 7, 6, 15, 4, 10, 5, 14, 2, 13, 1, 9, 11, 8, 12], [13, 14, 1, 2, 11, 8, 9, 12, 15, 5, 4, 10, 7, 0, 3, 6], [2, 10, 4, 15, 7, 12, 3, 0, 9, 11, 5, 8, 13, 1, 6, 14], [5, 9, 8, 11, 1, 6, 13, 14, 7, 0, 12, 3, 4, 10, 2, 15], [12, 7, 3, 0, 10, 2, 4, 15, 1, 14, 6, 13, 8, 9, 5, 11], [6, 1, 13, 14, 9, 5, 8, 11, 10, 15, 2, 4, 3, 7, 12, 0]]",B,"[[0, 13, 6, 1, 8, 15, 5, 9, 4, 10, 14, 2, 12, 3, 11, 7], [14, 4, 2, 10, 3, 11, 12, 7, 8, 9, 15, 5, 6, 13, 0, 1], [15, 8, 5, 9, 13, 0, 6, 1, 3, 7, 11, 12, 2, 4, 14, 10], [11, 3, 12, 7, 4, 14, 2, 10, 13, 1, 0, 6, 5, 8, 15, 9], [7, 6, 0, 13, 5, 10, 15, 8, 2, 4, 1, 14, 11, 12, 9, 3], [9, 12, 11, 3, 2, 1, 14, 4, 6, 13, 7, 0, 15, 5, 10, 8], [10, 5, 15, 8, 6, 7, 0, 13, 12, 3, 9, 11, 14, 2, 1, 4], [1, 2, 14, 4, 12, 9, 11, 3, 5, 8, 10, 15, 0, 6, 7, 13], [4, 15, 10, 5, 0, 3, 7, 6, 11, 12, 8, 9, 1, 14, 13, 2], [8, 11, 9, 12, 14, 13, 1, 2, 0, 6, 3, 7, 10, 15, 4, 5], [3, 0, 7, 6, 15, 4, 10, 5, 14, 2, 13, 1, 9, 11, 8, 12], [13, 14, 1, 2, 11, 8, 9, 12, 15, 5, 4, 10, 7, 0, 3, 6], [2, 10, 4, 15, 7, 12, 3, 0, 9, 11, 5, 8, 13, 1, 6, 14], [5, 9, 8, 11, 1, 6, 13, 14, 7, 0, 12, 3, 4, 10, 2, 15], [12, 7, 3, 0, 10, 2, 4, 15, 1, 14, 6, 13, 8, 9, 5, 11], [6, 1, 13, 14, 9, 5, 8, 11, 10, 15, 2, 4, 3, 7, 12, 0]]","{""num_givens"": 100, ""grid_size"": 16}"
sudoku_cf4_hex_0050,sudoku_cf4_hex,counterfactual,"[[null, null, null, null, null, null, 4, 1, null, 15, 3, null, 2, null, null, null], [null, null, null, null, null, null, 11, null, 9, 2, 0, 5, null, null, 10, null], [null, null, null, null, null, null, null, null, null, 11, null, null, 4, null, 8, null], [null, null, null, 15, null, 5, null, 0, 12, null, null, null, null, 6, 13, 14], [4, null, null, 7, 13, null, 9, null, null, null, 2, null, null, null, null, null], [null, null, 0, 12, 10, 3, null, null, 13, 9, 11, 6, 7, null, null, null], [15, 10, null, null, 5, null, 12, null, null, 7, null, 1, null, null, 6, 13], [11, null, 6, null, 8, 1, null, null, null, null, null, null, 12, null, 0, 5], [null, null, null, null, 0, 2, null, null, null, null, null, null, 5, null, 11, 6], [12, 0, 2, 8, 3, 15, null, 14, null, null, 9, 11, null, null, null, null], [7, 1, 4, null, 6, 11, null, null, null, null, 12, 2, 13, null, 15, null], [null, null, null, null, null, 4, 10, 7, null, null, null, null, null, null, 2, 0], [null, null, null, 6, 2, null, null, 8, 4, 3, null, 7, 0, null, 9, null], [10, null, null, 3, null, null, 0, null, null, null, null, null, null, 13, 14, null], [null, null, null, 0, 4, null, null, null, null, null, null, null, 1, 8, null, null], [8, null, null, null, null, 14, null, 13, null, null, null, null, 3, 10, null, null]]","Solve the following hexadecimal Sudoku puzzle.
Rule change: The grid is 16×16 (instead of 9×9). The blocks are 4×4 (instead of 3×3). The valid symbols are the hexadecimal digits {0, 1, 2, 3, 4, 5, 6, 7, 8, 9, A, B, C, D, E, F}. Each row, column, and 4×4 block must contain each symbol exactly once.

Puzzle (. = empty cell):
. . . . | . . 4 1 | . F 3 . | 2 . . .
. . . . | . . B . | 9 2 . 5 | . . A .
. . . . | . . . . | . B . . | 4 . 8 .
. . . F | . 5 . . | C . . . | . 6 D E
-------------------------------------
4 . . 7 | D . 9 . | . . 2 . | . . . .
. . . C | A 3 . . | D 9 B 6 | 7 . . .
F A . . | 5 . C . | . 7 . 1 | . . 6 D
B . 6 . | 8 1 . . | . . . . | C . . 5
-------------------------------------
. . . . | . 2 . . | . . . . | 5 . B 6
C . 2 8 | 3 F . E | . . 9 B | . . . .
7 1 4 . | 6 B . . | . . C 2 | D . F .
. . . . | . 4 A 7 | . . . . | . . 2 .
-------------------------------------
. . . 6 | 2 . . 8 | 4 3 . 7 | . . 9 .
A . . 3 | . . . . | . . . . | . D E .
. . . . | 4 . . . | . . . . | 1 8 . .
8 . . . | . E . D | . . . . | 3 A . .

Which of the following is the correct completed solution?","[[6, 14, 13, 11, 12, 8, 4, 1, 7, 15, 3, 10, 2, 0, 5, 9], [1, 12, 8, 4, 14, 13, 11, 6, 9, 2, 0, 5, 15, 3, 10, 7], [0, 9, 5, 2, 7, 10, 15, 3, 14, 11, 6, 13, 4, 1, 8, 12], [3, 7, 10, 15, 9, 5, 2, 0, 12, 4, 1, 8, 11, 6, 13, 14], [4, 8, 1, 7, 13, 6, 9, 11, 5, 12, 2, 0, 14, 15, 3, 10], [2, 5, 0, 12, 10, 3, 14, 15, 13, 9, 11, 6, 7, 4, 1, 8], [15, 10, 3, 14, 5, 0, 12, 2, 8, 7, 4, 1, 9, 11, 6, 13], [11, 13, 6, 9, 8, 1, 7, 4, 10, 14, 15, 3, 12, 2, 0, 5], [14, 3, 15, 13, 0, 2, 8, 12, 1, 10, 7, 4, 5, 9, 11, 6], [12, 0, 2, 8, 3, 15, 13, 14, 6, 5, 9, 11, 10, 7, 4, 1], [7, 1, 4, 10, 6, 11, 5, 9, 0, 8, 12, 2, 13, 14, 15, 3], [9, 6, 11, 5, 1, 4, 10, 7, 3, 13, 14, 15, 8, 12, 2, 0], [5, 15, 14, 6, 2, 12, 1, 8, 4, 3, 10, 7, 0, 13, 9, 11], [10, 4, 7, 3, 11, 9, 0, 5, 2, 1, 8, 12, 6, 13, 14, 15], [5, 11, 9, 0, 4, 7, 3, 10, 15, 6, 13, 14, 1, 8, 12, 2], [8, 2, 12, 1, 15, 14, 6, 13, 11, 0, 5, 9, 3, 10, 7, 4]]","[[6, 14, 13, 11, 12, 8, 4, 1, 7, 15, 3, 10, 2, 0, 5, 9], [1, 12, 8, 4, 14, 13, 11, 6, 9, 2, 0, 5, 15, 3, 10, 7], [0, 9, 5, 2, 7, 10, 15, 3, 14, 11, 6, 13, 4, 1, 8, 12], [3, 7, 10, 15, 9, 5, 2, 0, 12, 4, 1, 8, 11, 6, 13, 14], [4, 8, 1, 7, 13, 6, 9, 11, 5, 12, 2, 0, 14, 15, 3, 10], [2, 5, 0, 12, 10, 3, 14, 15, 13, 9, 11, 6, 7, 4, 1, 8], [15, 10, 3, 14, 5, 0, 12, 2, 8, 7, 4, 1, 9, 11, 6, 13], [11, 13, 6, 9, 8, 1, 7, 4, 10, 14, 15, 3, 12, 2, 0, 5], [14, 3, 15, 13, 0, 2, 8, 12, 1, 10, 7, 4, 5, 9, 11, 6], [12, 0, 2, 8, 3, 15, 13, 14, 6, 5, 9, 11, 10, 7, 4, 1], [7, 1, 4, 10, 6, 11, 5, 9, 0, 8, 12, 2, 13, 14, 15, 3], [9, 6, 11, 5, 1, 4, 10, 7, 3, 13, 14, 15, 8, 12, 2, 0], [13, 15, 14, 6, 2, 12, 1, 8, 4, 3, 10, 7, 0, 5, 9, 11], [10, 4, 7, 3, 11, 9, 0, 2, 5, 1, 8, 12, 6, 13, 14, 15], [5, 11, 9, 0, 4, 7, 3, 10, 15, 6, 13, 14, 1, 8, 12, 2], [8, 2, 12, 1, 15, 14, 6, 13, 11, 0, 5, 9, 3, 10, 7, 4]]","[[6, 14, 13, 11, 12, 8, 4, 1, 7, 15, 3, 10, 2, 0, 5, 9], [1, 12, 8, 4, 14, 13, 11, 6, 9, 2, 0, 5, 15, 3, 10, 7], [0, 9, 5, 2, 7, 10, 15, 3, 14, 11, 6, 13, 4, 1, 8, 12], [3, 7, 10, 15, 9, 5, 2, 0, 12, 4, 1, 8, 11, 6, 13, 14], [4, 8, 1, 7, 13, 6, 9, 11, 5, 12, 2, 0, 14, 15, 3, 10], [2, 5, 0, 12, 10, 3, 14, 15, 13, 9, 11, 6, 7, 4, 1, 8], [15, 10, 3, 14, 5, 0, 12, 2, 8, 7, 4, 1, 9, 11, 6, 13], [11, 13, 6, 9, 8, 1, 7, 4, 10, 14, 15, 3, 12, 2, 0, 5], [14, 3, 15, 13, 0, 2, 8, 12, 1, 10, 7, 4, 5, 9, 11, 6], [12, 0, 2, 8, 3, 15, 13, 14, 6, 5, 9, 11, 10, 7, 4, 1], [7, 1, 4, 10, 6, 11, 5, 9, 0, 8, 12, 2, 13, 14, 15, 3], [9, 6, 11, 5, 1, 4, 10, 7, 3, 13, 14, 15, 8, 12, 2, 0], [13, 15, 14, 6, 2, 12, 1, 8, 4, 3, 10, 7, 0, 5, 9, 11], [10, 4, 7, 3, 11, 9, 0, 5, 2, 1, 8, 12, 6, 13, 14, 15], [5, 11, 9, 0, 4, 7, 3, 10, 15, 6, 13, 14, 1, 8, 12, 2], [8, 2, 12, 1, 15, 14, 6, 13, 11, 0, 5, 9, 3, 10, 7, 4]]","[[6, 14, 13, 11, 12, 8, 4, 1, 7, 15, 3, 10, 2, 0, 5, 9], [1, 12, 8, 4, 14, 13, 11, 6, 9, 2, 0, 5, 15, 3, 10, 7], [0, 9, 5, 2, 7, 10, 15, 3, 14, 11, 6, 13, 4, 1, 8, 12], [3, 7, 10, 15, 9, 5, 2, 0, 12, 4, 1, 8, 11, 6, 13, 14], [4, 8, 1, 7, 13, 6, 9, 11, 5, 12, 2, 0, 14, 15, 3, 10], [2, 5, 0, 12, 10, 3, 14, 15, 13, 9, 11, 6, 7, 4, 1, 8], [15, 10, 3, 14, 5, 0, 12, 2, 8, 7, 4, 1, 9, 11, 6, 13], [11, 13, 6, 9, 8, 1, 7, 4, 10, 14, 15, 3, 12, 2, 0, 5], [14, 3, 15, 13, 0, 2, 8, 12, 1, 10, 7, 4, 5, 9, 11, 6], [12, 0, 2, 8, 3, 15, 13, 14, 6, 5, 9, 11, 10, 7, 4, 1], [7, 1, 4, 10, 6, 11, 5, 9, 0, 8, 12, 2, 13, 14, 15, 3], [9, 6, 11, 5, 1, 4, 10, 7, 3, 13, 14, 15, 8, 12, 2, 0], [13, 15, 14, 6, 2, 12, 1, 8, 4, 3, 10, 7, 0, 5, 9, 11], [10, 4, 1, 3, 11, 9, 0, 5, 2, 7, 8, 12, 6, 13, 14, 15], [5, 11, 9, 0, 4, 7, 3, 10, 15, 6, 13, 14, 1, 8, 12, 2], [8, 2, 12, 1, 15, 14, 6, 13, 11, 0, 5, 9, 3, 10, 7, 4]]",C,"[[6, 14, 13, 11, 12, 8, 4, 1, 7, 15, 3, 10, 2, 0, 5, 9], [1, 12, 8, 4, 14, 13, 11, 6, 9, 2, 0, 5, 15, 3, 10, 7], [0, 9, 5, 2, 7, 10, 15, 3, 14, 11, 6, 13, 4, 1, 8, 12], [3, 7, 10, 15, 9, 5, 2, 0, 12, 4, 1, 8, 11, 6, 13, 14], [4, 8, 1, 7, 13, 6, 9, 11, 5, 12, 2, 0, 14, 15, 3, 10], [2, 5, 0, 12, 10, 3, 14, 15, 13, 9, 11, 6, 7, 4, 1, 8], [15, 10, 3, 14, 5, 0, 12, 2, 8, 7, 4, 1, 9, 11, 6, 13], [11, 13, 6, 9, 8, 1, 7, 4, 10, 14, 15, 3, 12, 2, 0, 5], [14, 3, 15, 13, 0, 2, 8, 12, 1, 10, 7, 4, 5, 9, 11, 6], [12, 0, 2, 8, 3, 15, 13, 14, 6, 5, 9, 11, 10, 7, 4, 1], [7, 1, 4, 10, 6, 11, 5, 9, 0, 8, 12, 2, 13, 14, 15, 3], [9, 6, 11, 5, 1, 4, 10, 7, 3, 13, 14, 15, 8, 12, 2, 0], [13, 15, 14, 6, 2, 12, 1, 8, 4, 3, 10, 7, 0, 5, 9, 11], [10, 4, 7, 3, 11, 9, 0, 5, 2, 1, 8, 12, 6, 13, 14, 15], [5, 11, 9, 0, 4, 7, 3, 10, 15, 6, 13, 14, 1, 8, 12, 2], [8, 2, 12, 1, 15, 14, 6, 13, 11, 0, 5, 9, 3, 10, 7, 4]]","{""num_givens"": 100, ""grid_size"": 16}"
sudoku_cf4_hex_0051,sudoku_cf4_hex,counterfactual,"[[null, null, null, null, null, null, null, 5, null, 13, 6, null, null, null, null, 11], [13, 10, null, null, null, null, null, 8, 3, 9, null, 11, null, 0, 4, null], [null, null, 12, null, 10, null, 6, 15, null, null, 0, null, 7, 2, 14, null], [4, 1, null, 5, null, null, null, 11, null, null, null, null, null, 6, null, 15], [null, null, null, null, null, null, null, null, 5, null, 3, null, null, null, 0, 4], [null, null, 1, null, null, null, 3, null, 15, 2, null, 14, null, 10, null, 13], [null, null, null, 14, 8, null, null, 4, null, null, null, null, null, null, null, null], [12, 5, 3, null, 11, null, null, null, null, null, 1, null, null, 7, null, 14], [null, 14, null, null, 4, 3, 5, null, 13, 7, null, 2, 9, 11, null, null], [7, 13, 15, 2, null, null, null, 0, null, 10, 11, null, 4, null, 3, 12], [null, null, 11, null, null, null, null, 2, 4, null, 5, 12, null, 8, 1, null], [null, null, null, null, 9, null, null, null, null, null, null, null, null, null, null, null], [null, 6, null, 7, 2, 8, null, null, null, 11, null, 10, 0, null, 5, null], [8, 2, null, null, null, null, null, null, 6, null, null, 7, null, null, null, 10], [null, null, null, null, 12, null, null, 10, 2, 8, null, null, null, null, 15, 7], [11, null, null, 10, 6, null, null, null, 0, 5, null, null, 2, 14, null, null]]","Solve the following hexadecimal Sudoku puzzle.
Rule change: The grid is 16×16 (instead of 9×9). The blocks are 4×4 (instead of 3×3). The valid symbols are the hexadecimal digits {0, 1, 2, 3, 4, 5, 6, 7, 8, 9, A, B, C, D, E, F}. Each row, column, and 4×4 block must contain each symbol exactly once.

Puzzle (. = empty cell):
. . . . | . . . 5 | . D 6 . | . . . B
D A . . | . . . 8 | 3 9 . B | . . 4 .
. . C . | A . 6 F | . . . . | 7 2 E .
4 1 . 5 | . . . B | . . . . | . 6 . F
-------------------------------------
. . . . | . . . . | 5 . 3 . | . . . 4
. . 1 . | . . 3 . | F 2 . E | . A . D
. . . E | 8 . . 4 | . . . . | . . . .
C 5 3 . | B . . . | . . 1 . | . 7 . E
-------------------------------------
. E . . | 4 3 5 . | D 7 . 2 | 9 B . .
7 D F 2 | . . . . | . A B . | 4 . 3 C
. . B . | . . . 2 | 4 . 5 C | . 8 1 .
. . . . | 9 . . . | . . . . | . . . .
-------------------------------------
. 6 . 7 | 2 8 . . | . B . A | . . 5 .
8 2 . . | . . . . | 6 . . 7 | . . . A
. . . . | C . . A | 2 8 . . | . . F 7
B . . A | 6 . . . | . 5 . . | 2 E . .

Which of the following is the correct completed solution?","[[14, 7, 2, 8, 1, 4, 0, 5, 10, 13, 6, 15, 3, 12, 9, 11], [13, 10, 6, 15, 7, 14, 2, 8, 3, 9, 12, 11, 1, 0, 4, 5], [9, 3, 12, 11, 10, 13, 6, 15, 1, 4, 0, 5, 7, 2, 14, 8], [4, 1, 0, 5, 3, 9, 12, 11, 7, 14, 2, 8, 10, 6, 13, 15], [6, 11, 10, 13, 15, 2, 7, 14, 5, 12, 3, 9, 8, 1, 0, 4], [9, 8, 1, 4, 5, 12, 3, 0, 15, 2, 7, 14, 11, 10, 6, 13], [2, 15, 7, 14, 8, 0, 1, 4, 11, 6, 10, 13, 5, 3, 12, 9], [12, 5, 3, 9, 11, 6, 10, 13, 8, 0, 1, 4, 15, 7, 2, 14], [1, 14, 8, 0, 4, 3, 5, 12, 13, 7, 15, 2, 9, 11, 10, 6], [7, 13, 15, 2, 14, 1, 8, 0, 9, 10, 11, 6, 4, 5, 3, 12], [10, 9, 11, 6, 13, 7, 15, 2, 4, 3, 5, 12, 14, 8, 1, 0], [3, 4, 5, 12, 9, 10, 11, 6, 14, 1, 8, 0, 13, 15, 7, 2], [15, 6, 13, 7, 2, 8, 14, 1, 12, 11, 9, 10, 0, 4, 5, 3], [8, 2, 14, 1, 0, 5, 4, 3, 6, 15, 13, 7, 12, 9, 11, 10], [5, 0, 4, 3, 12, 11, 9, 10, 2, 8, 14, 1, 6, 13, 15, 7], [11, 12, 9, 10, 6, 15, 13, 7, 0, 5, 4, 3, 2, 14, 8, 1]]","[[14, 7, 2, 8, 1, 4, 0, 5, 10, 13, 6, 15, 3, 12, 9, 11], [13, 10, 6, 15, 7, 14, 2, 8, 3, 9, 12, 11, 1, 0, 4, 5], [9, 3, 12, 11, 10, 13, 6, 15, 1, 4, 0, 5, 7, 2, 14, 8], [4, 1, 0, 5, 3, 9, 12, 11, 7, 14, 2, 8, 10, 6, 13, 15], [6, 11, 10, 13, 15, 2, 7, 14, 5, 12, 3, 9, 8, 1, 0, 4], [0, 8, 1, 4, 5, 12, 3, 9, 15, 2, 7, 14, 11, 10, 6, 13], [2, 15, 7, 14, 8, 0, 1, 4, 11, 6, 10, 13, 5, 3, 12, 9], [12, 5, 3, 9, 11, 6, 10, 13, 8, 0, 1, 4, 15, 7, 2, 14], [1, 14, 8, 0, 4, 3, 5, 12, 13, 7, 15, 2, 9, 11, 10, 6], [7, 13, 15, 2, 14, 1, 8, 0, 9, 10, 11, 6, 4, 5, 3, 12], [10, 9, 11, 6, 13, 7, 15, 2, 4, 3, 5, 12, 14, 8, 1, 0], [3, 4, 5, 12, 9, 10, 11, 6, 14, 1, 8, 0, 13, 15, 7, 2], [15, 6, 13, 7, 2, 8, 14, 1, 12, 11, 9, 10, 0, 4, 5, 3], [8, 2, 14, 1, 0, 5, 4, 3, 6, 15, 13, 7, 12, 9, 11, 10], [5, 0, 4, 3, 12, 11, 9, 10, 2, 8, 14, 1, 6, 13, 15, 7], [11, 12, 9, 10, 6, 15, 13, 7, 0, 5, 4, 3, 2, 14, 8, 1]]","[[14, 7, 2, 8, 1, 4, 0, 5, 10, 13, 6, 15, 3, 12, 9, 11], [13, 10, 6, 15, 7, 14, 2, 8, 3, 9, 12, 11, 1, 0, 4, 5], [9, 3, 12, 11, 10, 13, 6, 15, 1, 4, 0, 5, 7, 2, 14, 8], [4, 1, 0, 5, 3, 9, 12, 11, 7, 14, 2, 8, 10, 6, 13, 15], [6, 11, 10, 13, 15, 2, 7, 14, 5, 12, 3, 8, 9, 1, 0, 4], [0, 8, 1, 4, 5, 12, 3, 9, 15, 2, 7, 14, 11, 10, 6, 13], [2, 15, 7, 14, 8, 0, 1, 4, 11, 6, 10, 13, 5, 3, 12, 9], [12, 5, 3, 9, 11, 6, 10, 13, 8, 0, 1, 4, 15, 7, 2, 14], [1, 14, 8, 0, 4, 3, 5, 12, 13, 7, 15, 2, 9, 11, 10, 6], [7, 13, 15, 2, 14, 1, 8, 0, 9, 10, 11, 6, 4, 5, 3, 12], [10, 9, 11, 6, 13, 7, 15, 2, 4, 3, 5, 12, 14, 8, 1, 0], [3, 4, 5, 12, 9, 10, 11, 6, 14, 1, 8, 0, 13, 15, 7, 2], [15, 6, 13, 7, 2, 8, 14, 1, 12, 11, 9, 10, 0, 4, 5, 3], [8, 2, 14, 1, 0, 5, 4, 3, 6, 15, 13, 7, 12, 9, 11, 10], [5, 0, 4, 3, 12, 11, 9, 10, 2, 8, 14, 1, 6, 13, 15, 7], [11, 12, 9, 10, 6, 15, 13, 7, 0, 5, 4, 3, 2, 14, 8, 1]]","[[14, 7, 2, 8, 1, 4, 0, 5, 10, 13, 6, 15, 3, 12, 9, 11], [13, 10, 6, 15, 7, 14, 2, 8, 3, 9, 12, 11, 1, 0, 4, 5], [9, 3, 12, 11, 10, 13, 6, 15, 1, 4, 0, 5, 7, 2, 14, 8], [4, 1, 0, 5, 3, 9, 12, 11, 7, 14, 2, 8, 10, 6, 13, 15], [6, 11, 10, 13, 15, 2, 7, 14, 5, 12, 3, 9, 8, 1, 0, 4], [0, 8, 1, 4, 5, 12, 3, 9, 15, 2, 7, 14, 11, 10, 6, 13], [2, 15, 7, 14, 8, 0, 1, 4, 11, 6, 10, 13, 5, 3, 12, 9], [12, 5, 3, 9, 11, 6, 10, 13, 8, 0, 1, 4, 15, 7, 2, 14], [1, 14, 8, 0, 4, 3, 5, 12, 13, 7, 15, 2, 9, 11, 10, 6], [7, 13, 15, 2, 14, 1, 8, 0, 9, 10, 11, 6, 4, 5, 3, 12], [10, 9, 11, 6, 13, 7, 15, 2, 4, 3, 5, 12, 14, 8, 1, 0], [3, 4, 5, 12, 9, 10, 11, 6, 14, 1, 8, 0, 13, 15, 7, 2], [15, 6, 13, 7, 2, 8, 14, 1, 12, 11, 9, 10, 0, 4, 5, 3], [8, 2, 14, 1, 0, 5, 4, 3, 6, 15, 13, 7, 12, 9, 11, 10], [5, 0, 4, 3, 12, 11, 1, 10, 2, 8, 14, 9, 6, 13, 15, 7], [11, 12, 9, 10, 6, 15, 13, 7, 0, 5, 4, 3, 2, 14, 8, 1]]",B,"[[14, 7, 2, 8, 1, 4, 0, 5, 10, 13, 6, 15, 3, 12, 9, 11], [13, 10, 6, 15, 7, 14, 2, 8, 3, 9, 12, 11, 1, 0, 4, 5], [9, 3, 12, 11, 10, 13, 6, 15, 1, 4, 0, 5, 7, 2, 14, 8], [4, 1, 0, 5, 3, 9, 12, 11, 7, 14, 2, 8, 10, 6, 13, 15], [6, 11, 10, 13, 15, 2, 7, 14, 5, 12, 3, 9, 8, 1, 0, 4], [0, 8, 1, 4, 5, 12, 3, 9, 15, 2, 7, 14, 11, 10, 6, 13], [2, 15, 7, 14, 8, 0, 1, 4, 11, 6, 10, 13, 5, 3, 12, 9], [12, 5, 3, 9, 11, 6, 10, 13, 8, 0, 1, 4, 15, 7, 2, 14], [1, 14, 8, 0, 4, 3, 5, 12, 13, 7, 15, 2, 9, 11, 10, 6], [7, 13, 15, 2, 14, 1, 8, 0, 9, 10, 11, 6, 4, 5, 3, 12], [10, 9, 11, 6, 13, 7, 15, 2, 4, 3, 5, 12, 14, 8, 1, 0], [3, 4, 5, 12, 9, 10, 11, 6, 14, 1, 8, 0, 13, 15, 7, 2], [15, 6, 13, 7, 2, 8, 14, 1, 12, 11, 9, 10, 0, 4, 5, 3], [8, 2, 14, 1, 0, 5, 4, 3, 6, 15, 13, 7, 12, 9, 11, 10], [5, 0, 4, 3, 12, 11, 9, 10, 2, 8, 14, 1, 6, 13, 15, 7], [11, 12, 9, 10, 6, 15, 13, 7, 0, 5, 4, 3, 2, 14, 8, 1]]","{""num_givens"": 100, ""grid_size"": 16}"
sudoku_cf4_hex_0052,sudoku_cf4_hex,counterfactual,"[[null, null, null, null, null, 13, null, null, null, null, 11, null, null, 8, null, null], [null, null, null, null, null, null, null, null, null, null, null, 5, null, null, null, null], [1, null, 4, null, 11, null, null, 7, 15, 13, null, null, 3, null, null, null], [6, 12, null, 7, 3, 2, 10, 5, null, 8, 4, null, 0, null, 9, null], [13, 5, null, null, null, null, null, null, 2, 7, null, null, 6, null, 11, null], [null, null, null, 4, null, null, 12, null, 13, null, 15, null, 10, 7, 3, 2], [null, null, null, 11, 10, null, 2, 3, 8, 9, 1, 4, null, null, 0, null], [null, 7, null, 3, 15, 5, 13, null, 12, null, 6, null, null, 9, null, null], [null, null, null, null, null, null, null, 13, null, 1, 14, null, 9, 15, null, null], [null, 10, null, null, null, null, null, null, null, null, null, null, 14, 1, 12, 4], [4, null, 14, 12, 7, null, null, null, 0, null, 9, null, null, null, 13, 3], [null, null, null, null, null, 1, 4, null, null, 10, null, 13, null, 6, null, 11], [null, null, 2, 10, 13, 3, null, 15, null, null, null, null, null, null, 1, null], [null, 4, null, 6, null, 11, 7, null, 9, 0, null, null, null, 3, null, null], [null, 0, null, 1, null, null, 14, null, null, 3, null, 15, null, 11, null, null], [5, null, null, null, null, null, null, null, null, 11, 2, 10, null, null, null, null]]","Solve the following hexadecimal Sudoku puzzle.
Rule change: The grid is 16×16 (instead of 9×9). The blocks are 4×4 (instead of 3×3). The valid symbols are the hexadecimal digits {0, 1, 2, 3, 4, 5, 6, 7, 8, 9, A, B, C, D, E, F}. Each row, column, and 4×4 block must contain each symbol exactly once.

Puzzle (. = empty cell):
. . . . | . D . . | . . B . | . 8 . .
. . . . | . . . . | . . . 5 | . . . .
1 . 4 . | B . . 7 | F D . . | 3 . . .
6 C . 7 | 3 2 A 5 | . 8 4 . | . . 9 .
-------------------------------------
D 5 . . | . . . . | 2 7 . . | 6 . B .
. . . 4 | . . C . | D . F . | A 7 3 2
. . . B | A . 2 3 | 8 9 1 4 | . . . .
. 7 . 3 | F 5 D . | C . 6 . | . 9 . .
-------------------------------------
. . . . | . . . D | . 1 E . | 9 F . .
. A . . | . . . . | . . . . | E 1 C 4
4 . E C | 7 . . . | . . 9 . | . . D 3
. . . . | . 1 4 . | . A . D | . 6 . B
-------------------------------------
. . 2 A | D 3 . F | . . . . | . . 1 .
. 4 . 6 | . B 7 . | 9 . . . | . 3 . .
. . . 1 | . . E . | . 3 . F | . B . .
5 . . . | . . . . | . B 2 A | . . . .

Which of the following is the correct completed solution?","[[10, 2, 3, 5, 0, 13, 15, 9, 6, 12, 11, 7, 4, 8, 14, 1], [15, 13, 0, 9, 4, 8, 1, 14, 10, 2, 3, 5, 11, 12, 7, 6], [1, 8, 4, 14, 11, 12, 6, 7, 15, 13, 0, 9, 3, 2, 5, 10], [6, 12, 11, 7, 3, 2, 10, 5, 1, 8, 4, 14, 0, 13, 9, 15], [13, 5, 15, 0, 1, 9, 8, 4, 2, 7, 10, 3, 6, 14, 11, 12], [8, 9, 1, 4, 6, 14, 12, 11, 13, 5, 15, 0, 10, 7, 3, 2], [12, 15, 6, 11, 10, 7, 2, 3, 8, 9, 1, 4, 14, 5, 0, 13], [2, 7, 10, 3, 15, 5, 13, 0, 12, 14, 6, 11, 1, 9, 4, 8], [11, 6, 7, 2, 5, 10, 3, 13, 4, 1, 14, 12, 9, 15, 8, 0], [3, 10, 5, 13, 9, 15, 0, 8, 11, 6, 7, 2, 14, 1, 12, 4], [4, 1, 14, 12, 7, 6, 11, 2, 0, 15, 9, 8, 5, 10, 13, 3], [0, 15, 9, 8, 14, 1, 4, 12, 3, 10, 5, 13, 7, 6, 2, 11], [7, 11, 2, 10, 13, 3, 5, 15, 14, 4, 12, 6, 8, 0, 1, 9], [14, 4, 12, 6, 2, 11, 7, 10, 9, 0, 8, 1, 13, 3, 15, 5], [9, 0, 8, 1, 12, 4, 14, 6, 5, 3, 13, 15, 2, 11, 10, 7], [5, 3, 13, 15, 8, 0, 9, 1, 7, 11, 2, 10, 12, 4, 6, 14]]","[[10, 2, 3, 5, 0, 13, 15, 9, 6, 12, 11, 7, 4, 8, 14, 1], [15, 13, 0, 9, 4, 8, 1, 14, 10, 2, 3, 5, 11, 12, 7, 6], [1, 8, 4, 14, 11, 12, 6, 7, 15, 13, 0, 9, 3, 2, 5, 10], [6, 12, 11, 7, 3, 2, 10, 5, 1, 8, 4, 14, 0, 13, 9, 15], [13, 5, 15, 0, 1, 9, 8, 4, 2, 7, 10, 3, 6, 14, 11, 12], [8, 9, 1, 4, 6, 14, 12, 11, 13, 5, 15, 0, 10, 7, 3, 2], [12, 14, 6, 11, 10, 7, 2, 3, 8, 9, 1, 4, 15, 5, 0, 13], [2, 7, 10, 3, 15, 5, 13, 0, 12, 14, 6, 11, 1, 9, 4, 8], [11, 6, 7, 2, 5, 10, 3, 13, 4, 1, 14, 12, 9, 15, 8, 0], [3, 10, 5, 13, 9, 15, 0, 8, 11, 6, 7, 2, 14, 1, 12, 4], [4, 1, 14, 12, 7, 6, 11, 2, 0, 15, 9, 8, 5, 10, 13, 3], [0, 15, 9, 8, 14, 1, 4, 12, 3, 10, 5, 13, 7, 6, 2, 11], [7, 11, 2, 10, 13, 3, 5, 15, 14, 4, 12, 6, 8, 0, 1, 9], [14, 4, 12, 6, 2, 11, 7, 10, 9, 0, 8, 1, 13, 3, 15, 5], [9, 0, 8, 1, 12, 4, 14, 6, 5, 3, 13, 15, 2, 11, 10, 7], [5, 3, 13, 15, 8, 0, 9, 1, 7, 11, 2, 10, 12, 4, 6, 14]]","[[10, 2, 3, 5, 0, 13, 15, 9, 6, 12, 11, 7, 4, 8, 14, 1], [15, 13, 0, 9, 4, 8, 1, 14, 10, 2, 3, 5, 11, 12, 7, 6], [1, 8, 4, 14, 11, 12, 6, 7, 15, 13, 0, 9, 3, 2, 5, 10], [6, 12, 11, 7, 3, 2, 10, 5, 1, 8, 4, 14, 0, 13, 9, 15], [13, 5, 15, 0, 1, 9, 8, 4, 2, 7, 10, 3, 6, 14, 11, 12], [8, 9, 1, 4, 6, 14, 12, 11, 13, 5, 15, 0, 10, 7, 3, 2], [12, 14, 6, 11, 10, 7, 2, 3, 8, 9, 1, 4, 13, 5, 0, 15], [2, 7, 10, 3, 15, 5, 13, 0, 12, 14, 6, 11, 1, 9, 4, 8], [11, 6, 7, 2, 5, 10, 3, 13, 4, 1, 14, 12, 9, 15, 8, 0], [3, 10, 5, 13, 9, 15, 0, 8, 11, 6, 7, 2, 14, 1, 12, 4], [4, 1, 14, 12, 7, 6, 11, 2, 0, 15, 9, 8, 5, 10, 13, 3], [0, 15, 9, 8, 14, 1, 4, 12, 3, 10, 5, 13, 7, 6, 2, 11], [7, 11, 2, 10, 13, 3, 5, 15, 14, 4, 12, 6, 8, 0, 1, 9], [14, 4, 12, 6, 2, 11, 7, 10, 9, 0, 8, 1, 13, 3, 15, 5], [9, 0, 8, 1, 12, 4, 14, 6, 5, 3, 13, 15, 2, 11, 10, 7], [5, 3, 13, 15, 8, 0, 9, 1, 7, 11, 2, 10, 12, 4, 6, 14]]","[[10, 2, 3, 5, 0, 13, 15, 9, 6, 12, 11, 7, 4, 8, 14, 1], [15, 13, 0, 9, 4, 8, 1, 14, 10, 2, 3, 5, 11, 12, 7, 6], [1, 8, 4, 14, 11, 12, 6, 7, 15, 13, 0, 9, 3, 2, 5, 10], [6, 12, 11, 7, 3, 2, 10, 5, 1, 8, 4, 14, 0, 13, 9, 15], [13, 5, 15, 0, 1, 9, 8, 4, 2, 7, 10, 3, 6, 14, 11, 12], [8, 9, 1, 4, 6, 14, 12, 11, 13, 5, 15, 0, 10, 7, 3, 2], [12, 14, 6, 11, 10, 7, 2, 3, 8, 9, 1, 4, 15, 5, 0, 13], [2, 7, 10, 3, 15, 5, 13, 0, 12, 14, 6, 11, 1, 9, 4, 8], [11, 6, 7, 2, 5, 10, 3, 13, 4, 1, 14, 12, 9, 15, 8, 0], [3, 10, 5, 13, 9, 15, 0, 8, 11, 6, 7, 2, 14, 1, 12, 4], [4, 1, 14, 12, 7, 6, 11, 2, 0, 15, 9, 8, 5, 10, 13, 3], [0, 15, 9, 8, 14, 1, 4, 12, 3, 10, 5, 13, 7, 6, 2, 11], [4, 11, 2, 10, 13, 3, 5, 15, 14, 7, 12, 6, 8, 0, 1, 9], [14, 4, 12, 6, 2, 11, 7, 10, 9, 0, 8, 1, 13, 3, 15, 5], [9, 0, 8, 1, 12, 4, 14, 6, 5, 3, 13, 15, 2, 11, 10, 7], [5, 3, 13, 15, 8, 0, 9, 1, 7, 11, 2, 10, 12, 4, 6, 14]]",B,"[[10, 2, 3, 5, 0, 13, 15, 9, 6, 12, 11, 7, 4, 8, 14, 1], [15, 13, 0, 9, 4, 8, 1, 14, 10, 2, 3, 5, 11, 12, 7, 6], [1, 8, 4, 14, 11, 12, 6, 7, 15, 13, 0, 9, 3, 2, 5, 10], [6, 12, 11, 7, 3, 2, 10, 5, 1, 8, 4, 14, 0, 13, 9, 15], [13, 5, 15, 0, 1, 9, 8, 4, 2, 7, 10, 3, 6, 14, 11, 12], [8, 9, 1, 4, 6, 14, 12, 11, 13, 5, 15, 0, 10, 7, 3, 2], [12, 14, 6, 11, 10, 7, 2, 3, 8, 9, 1, 4, 15, 5, 0, 13], [2, 7, 10, 3, 15, 5, 13, 0, 12, 14, 6, 11, 1, 9, 4, 8], [11, 6, 7, 2, 5, 10, 3, 13, 4, 1, 14, 12, 9, 15, 8, 0], [3, 10, 5, 13, 9, 15, 0, 8, 11, 6, 7, 2, 14, 1, 12, 4], [4, 1, 14, 12, 7, 6, 11, 2, 0, 15, 9, 8, 5, 10, 13, 3], [0, 15, 9, 8, 14, 1, 4, 12, 3, 10, 5, 13, 7, 6, 2, 11], [7, 11, 2, 10, 13, 3, 5, 15, 14, 4, 12, 6, 8, 0, 1, 9], [14, 4, 12, 6, 2, 11, 7, 10, 9, 0, 8, 1, 13, 3, 15, 5], [9, 0, 8, 1, 12, 4, 14, 6, 5, 3, 13, 15, 2, 11, 10, 7], [5, 3, 13, 15, 8, 0, 9, 1, 7, 11, 2, 10, 12, 4, 6, 14]]","{""num_givens"": 100, ""grid_size"": 16}"
sudoku_cf4_hex_0053,sudoku_cf4_hex,counterfactual,"[[null, 8, null, 10, null, null, null, null, null, null, null, null, null, null, null, 7], [12, null, null, 14, 4, null, 15, null, null, null, null, null, null, null, null, 0], [null, null, null, null, 10, null, null, null, null, 7, null, 4, null, 12, null, 1], [15, null, 7, null, null, null, null, 1, null, null, 8, null, null, 3, null, null], [2, null, null, 1, null, null, null, null, 11, 15, null, 5, 10, null, null, null], [11, 13, 15, null, null, null, null, null, 9, null, null, 7, 14, null, 1, null], [null, null, null, null, null, 14, null, null, null, 12, null, null, null, 11, 5, null], [null, 10, 12, 0, null, null, null, null, 2, null, 14, null, null, 9, 7, 6], [null, 12, null, null, null, null, null, 4, null, null, 3, 11, null, null, null, null], [null, 15, null, 9, null, null, 0, 14, null, 10, 6, 8, null, null, 11, null], [null, null, 10, 8, null, null, null, 13, null, null, null, null, 15, 5, 9, null], [1, 3, null, 11, 8, 6, 7, null, null, null, null, 9, 12, 0, 2, 14], [null, 0, 2, null, 15, null, null, null, null, null, 1, 3, null, null, null, null], [null, 1, null, null, null, null, null, 8, 13, 9, null, 15, 0, 10, null, null], [13, null, 9, 15, null, null, null, null, 4, null, null, 6, 1, 14, 3, null], [4, null, 8, 6, null, null, 14, null, 10, null, null, 12, null, 13, null, 9]]","Solve the following hexadecimal Sudoku puzzle.
Rule change: The grid is 16×16 (instead of 9×9). The blocks are 4×4 (instead of 3×3). The valid symbols are the hexadecimal digits {0, 1, 2, 3, 4, 5, 6, 7, 8, 9, A, B, C, D, E, F}. Each row, column, and 4×4 block must contain each symbol exactly once.

Puzzle (. = empty cell):
. 8 . A | . . . . | . . . . | . . . 7
C . . E | 4 . F . | . . . . | . . . .
. . . . | A . . . | . 7 . 4 | . C . 1
F . 7 . | . . . 1 | . . 8 . | . 3 . .
-------------------------------------
2 . . 1 | . . . . | B F . 5 | A . . .
B D F . | . . . . | 9 . . 7 | E . 1 .
. . . . | . E . . | . C . . | . B 5 .
. A C . | . . . . | 2 . E . | . 9 7 6
-------------------------------------
. C . . | . . . 4 | . . 3 B | . . . .
. F . 9 | . . . E | . A 6 8 | . . B .
. . A 8 | . . . D | . . . . | F 5 9 .
1 3 . B | 8 6 7 . | . . . 9 | C . 2 E
-------------------------------------
. . 2 . | F . . . | . . 1 3 | . . . .
. 1 . . | . . . 8 | D 9 . F | . A . .
D . 9 F | . . . . | 4 . . 6 | 1 E 3 .
4 . 8 6 | . . E . | A . . C | . D . 9

Which of the following is the correct completed solution?","[[6, 8, 0, 10, 13, 11, 3, 5, 12, 1, 2, 14, 9, 15, 4, 7], [12, 2, 1, 14, 4, 9, 15, 7, 3, 5, 11, 13, 8, 6, 10, 0], [3, 11, 5, 13, 10, 8, 6, 0, 15, 7, 9, 4, 2, 12, 14, 1], [15, 9, 7, 4, 14, 2, 12, 1, 6, 0, 8, 10, 11, 3, 13, 5], [2, 14, 3, 1, 7, 4, 9, 6, 11, 15, 13, 5, 10, 8, 0, 12], [11, 13, 15, 5, 0, 10, 8, 12, 9, 6, 4, 7, 14, 2, 1, 3], [9, 4, 6, 7, 1, 14, 2, 3, 8, 12, 10, 0, 13, 11, 5, 15], [8, 10, 12, 0, 5, 13, 11, 15, 2, 3, 14, 1, 4, 9, 7, 6], [0, 12, 14, 2, 9, 15, 5, 4, 1, 13, 3, 11, 6, 7, 8, 10], [5, 15, 4, 9, 2, 12, 0, 14, 7, 10, 6, 8, 3, 1, 11, 13], [7, 6, 10, 8, 11, 3, 1, 13, 0, 14, 12, 2, 15, 5, 9, 4], [1, 3, 13, 11, 8, 6, 7, 10, 5, 4, 15, 9, 12, 0, 2, 14], [10, 0, 2, 12, 15, 5, 13, 9, 14, 11, 1, 3, 7, 4, 6, 8], [14, 1, 11, 3, 6, 7, 4, 8, 13, 9, 5, 15, 0, 10, 12, 2], [13, 5, 9, 15, 12, 0, 10, 2, 4, 8, 7, 6, 1, 14, 3, 11], [4, 7, 8, 6, 3, 1, 14, 11, 10, 2, 0, 12, 5, 13, 15, 9]]","[[6, 8, 0, 10, 13, 11, 3, 5, 12, 1, 2, 14, 9, 15, 4, 7], [12, 2, 1, 14, 4, 9, 15, 7, 3, 5, 11, 13, 8, 6, 10, 0], [3, 11, 5, 13, 10, 8, 6, 0, 15, 7, 9, 4, 2, 12, 14, 1], [15, 9, 7, 4, 14, 2, 12, 1, 6, 0, 8, 10, 11, 3, 13, 5], [2, 14, 3, 1, 7, 4, 9, 6, 11, 15, 13, 5, 10, 8, 0, 12], [11, 13, 15, 5, 0, 10, 8, 12, 9, 6, 4, 7, 14, 2, 1, 3], [9, 4, 6, 7, 1, 14, 2, 3, 0, 12, 10, 8, 13, 11, 5, 15], [8, 10, 12, 0, 5, 13, 11, 15, 2, 3, 14, 1, 4, 9, 7, 6], [0, 12, 14, 2, 9, 15, 5, 4, 1, 13, 3, 11, 6, 7, 8, 10], [5, 15, 4, 9, 2, 12, 0, 14, 7, 10, 6, 8, 3, 1, 11, 13], [7, 6, 10, 8, 11, 3, 1, 13, 0, 14, 12, 2, 15, 5, 9, 4], [1, 3, 13, 11, 8, 6, 7, 10, 5, 4, 15, 9, 12, 0, 2, 14], [10, 0, 2, 12, 15, 5, 13, 9, 14, 11, 1, 3, 7, 4, 6, 8], [14, 1, 11, 3, 6, 7, 4, 8, 13, 9, 5, 15, 0, 10, 12, 2], [13, 5, 9, 15, 12, 0, 10, 2, 4, 8, 7, 6, 1, 14, 3, 11], [4, 7, 8, 6, 3, 1, 14, 11, 10, 2, 0, 12, 5, 13, 15, 9]]","[[6, 8, 0, 10, 13, 11, 3, 5, 12, 1, 2, 14, 9, 15, 4, 7], [12, 2, 1, 14, 4, 9, 15, 7, 3, 5, 11, 13, 8, 6, 10, 0], [3, 11, 5, 13, 10, 8, 6, 0, 15, 7, 9, 4, 2, 12, 14, 1], [15, 9, 7, 4, 14, 2, 12, 1, 6, 0, 8, 10, 11, 3, 13, 5], [2, 14, 3, 1, 12, 4, 9, 6, 11, 15, 13, 5, 10, 8, 0, 7], [11, 13, 15, 5, 0, 10, 8, 12, 9, 6, 4, 7, 14, 2, 1, 3], [9, 4, 6, 7, 1, 14, 2, 3, 8, 12, 10, 0, 13, 11, 5, 15], [8, 10, 12, 0, 5, 13, 11, 15, 2, 3, 14, 1, 4, 9, 7, 6], [0, 12, 14, 2, 9, 15, 5, 4, 1, 13, 3, 11, 6, 7, 8, 10], [5, 15, 4, 9, 2, 12, 0, 14, 7, 10, 6, 8, 3, 1, 11, 13], [7, 6, 10, 8, 11, 3, 1, 13, 0, 14, 12, 2, 15, 5, 9, 4], [1, 3, 13, 11, 8, 6, 7, 10, 5, 4, 15, 9, 12, 0, 2, 14], [10, 0, 2, 12, 15, 5, 13, 9, 14, 11, 1, 3, 7, 4, 6, 8], [14, 1, 11, 3, 6, 7, 4, 8, 13, 9, 5, 15, 0, 10, 12, 2], [13, 5, 9, 15, 12, 0, 10, 2, 4, 8, 7, 6, 1, 14, 3, 11], [4, 7, 8, 6, 3, 1, 14, 11, 10, 2, 0, 12, 5, 13, 15, 9]]","[[6, 8, 0, 10, 13, 11, 3, 5, 12, 1, 2, 14, 9, 15, 4, 7], [12, 2, 1, 14, 4, 9, 15, 7, 3, 5, 11, 13, 8, 6, 10, 0], [3, 11, 5, 13, 10, 8, 6, 0, 15, 7, 9, 4, 2, 12, 14, 1], [15, 9, 7, 4, 14, 2, 12, 1, 6, 0, 8, 10, 11, 3, 13, 5], [2, 14, 3, 1, 7, 4, 9, 6, 11, 15, 13, 5, 10, 8, 0, 12], [11, 13, 15, 5, 0, 10, 8, 12, 9, 6, 4, 7, 14, 2, 1, 3], [9, 4, 6, 7, 1, 14, 2, 3, 8, 12, 10, 0, 13, 11, 5, 15], [8, 10, 12, 0, 5, 13, 11, 15, 2, 3, 14, 1, 4, 9, 7, 6], [0, 12, 14, 8, 9, 15, 5, 4, 1, 13, 3, 11, 6, 7, 2, 10], [5, 15, 4, 9, 2, 12, 0, 14, 7, 10, 6, 8, 3, 1, 11, 13], [7, 6, 10, 8, 11, 3, 1, 13, 0, 14, 12, 2, 15, 5, 9, 4], [1, 3, 13, 11, 8, 6, 7, 10, 5, 4, 15, 9, 12, 0, 2, 14], [10, 0, 2, 12, 15, 5, 13, 9, 14, 11, 1, 3, 7, 4, 6, 8], [14, 1, 11, 3, 6, 7, 4, 8, 13, 9, 5, 15, 0, 10, 12, 2], [13, 5, 9, 15, 12, 0, 10, 2, 4, 8, 7, 6, 1, 14, 3, 11], [4, 7, 8, 6, 3, 1, 14, 11, 10, 2, 0, 12, 5, 13, 15, 9]]",A,"[[6, 8, 0, 10, 13, 11, 3, 5, 12, 1, 2, 14, 9, 15, 4, 7], [12, 2, 1, 14, 4, 9, 15, 7, 3, 5, 11, 13, 8, 6, 10, 0], [3, 11, 5, 13, 10, 8, 6, 0, 15, 7, 9, 4, 2, 12, 14, 1], [15, 9, 7, 4, 14, 2, 12, 1, 6, 0, 8, 10, 11, 3, 13, 5], [2, 14, 3, 1, 7, 4, 9, 6, 11, 15, 13, 5, 10, 8, 0, 12], [11, 13, 15, 5, 0, 10, 8, 12, 9, 6, 4, 7, 14, 2, 1, 3], [9, 4, 6, 7, 1, 14, 2, 3, 8, 12, 10, 0, 13, 11, 5, 15], [8, 10, 12, 0, 5, 13, 11, 15, 2, 3, 14, 1, 4, 9, 7, 6], [0, 12, 14, 2, 9, 15, 5, 4, 1, 13, 3, 11, 6, 7, 8, 10], [5, 15, 4, 9, 2, 12, 0, 14, 7, 10, 6, 8, 3, 1, 11, 13], [7, 6, 10, 8, 11, 3, 1, 13, 0, 14, 12, 2, 15, 5, 9, 4], [1, 3, 13, 11, 8, 6, 7, 10, 5, 4, 15, 9, 12, 0, 2, 14], [10, 0, 2, 12, 15, 5, 13, 9, 14, 11, 1, 3, 7, 4, 6, 8], [14, 1, 11, 3, 6, 7, 4, 8, 13, 9, 5, 15, 0, 10, 12, 2], [13, 5, 9, 15, 12, 0, 10, 2, 4, 8, 7, 6, 1, 14, 3, 11], [4, 7, 8, 6, 3, 1, 14, 11, 10, 2, 0, 12, 5, 13, 15, 9]]","{""num_givens"": 100, ""grid_size"": 16}"
sudoku_cf4_hex_0054,sudoku_cf4_hex,counterfactual,"[[null, 7, null, null, 6, null, 8, null, null, 1, 15, null, null, 11, 10, 14], [null, 4, null, null, 9, null, 2, 5, null, null, 14, null, null, 0, null, null], [null, null, null, 3, null, null, 13, 14, 2, 9, 5, null, null, null, null, null], [null, null, null, 14, null, 4, 12, null, 8, 6, 3, 0, 2, 7, null, null], [null, null, 13, null, 12, null, null, 7, 10, null, 11, null, null, null, null, null], [null, 15, 12, null, null, null, 6, 0, null, 13, null, 14, 10, null, 8, null], [null, null, null, 11, null, 14, 1, null, null, 2, 0, null, null, null, null, null], [null, null, 2, null, null, null, null, null, null, null, 7, null, null, 14, 13, null], [0, null, 5, null, null, 6, 11, null, null, 15, null, 1, 4, null, 14, null], [null, null, null, null, 15, 1, 7, null, null, null, null, null, null, null, null, null], [null, null, 15, null, 5, 9, null, null, null, null, 13, 10, null, null, 3, null], [null, 6, 3, null, null, null, 4, null, null, null, null, null, 7, null, 15, 12], [5, 12, 7, 9, null, null, null, null, null, null, 1, 13, 14, null, null, 10], [14, null, 11, 10, null, null, null, null, 3, null, null, null, null, null, 7, null], [null, 2, 0, 6, null, 8, null, 10, 5, null, null, null, null, 13, 4, null], [15, null, 4, null, null, null, 5, null, null, 11, null, null, null, null, 0, null]]","Solve the following hexadecimal Sudoku puzzle.
Rule change: The grid is 16×16 (instead of 9×9). The blocks are 4×4 (instead of 3×3). The valid symbols are the hexadecimal digits {0, 1, 2, 3, 4, 5, 6, 7, 8, 9, A, B, C, D, E, F}. Each row, column, and 4×4 block must contain each symbol exactly once.

Puzzle (. = empty cell):
. 7 . . | 6 . 8 . | . 1 F . | . B A E
. 4 . . | 9 . 2 5 | . . E . | . . . .
. . . 3 | . . D E | 2 9 5 . | . . . .
. . . E | . 4 C . | 8 6 3 . | 2 7 . .
-------------------------------------
. . D . | C . . 7 | A . B . | . . . .
. F C . | . . 6 . | . D . E | A . 8 .
. . . B | . E 1 . | . 2 . . | . . . .
. . 2 . | . . . . | . . 7 . | . E D .
-------------------------------------
. . 5 . | . 6 B . | . F . 1 | 4 . E .
. . . . | F 1 7 . | . . . . | . . . .
. . F . | 5 9 . . | . . D A | . . 3 .
. 6 3 . | . . 4 . | . . . . | 7 . F C
-------------------------------------
5 C 7 9 | . . . . | . . 1 D | E . . A
E . B A | . . . . | 3 . . . | . . 7 .
. 2 . 6 | . 8 . A | 5 . . . | . D 4 .
F . 4 . | . . 5 . | . B . . | . . . .

Which of the following is the correct completed solution?","[[2, 7, 9, 5, 6, 0, 8, 3, 12, 1, 15, 4, 13, 11, 10, 14], [12, 4, 1, 15, 9, 7, 2, 5, 13, 10, 14, 11, 8, 0, 6, 3], [8, 0, 6, 3, 10, 11, 13, 14, 2, 9, 5, 7, 12, 4, 1, 15], [13, 11, 10, 14, 1, 4, 12, 15, 8, 6, 3, 0, 2, 7, 9, 5], [1, 14, 13, 4, 12, 15, 9, 7, 10, 8, 11, 3, 6, 5, 2, 0], [9, 15, 12, 7, 2, 5, 6, 0, 1, 13, 4, 14, 10, 3, 8, 11], [10, 3, 8, 11, 13, 14, 1, 4, 6, 2, 0, 5, 9, 15, 12, 7], [6, 5, 2, 0, 8, 3, 10, 11, 9, 12, 7, 15, 1, 14, 13, 4], [0, 9, 5, 2, 3, 6, 11, 8, 7, 15, 12, 1, 4, 10, 14, 13], [4, 10, 14, 13, 15, 1, 7, 12, 11, 3, 8, 6, 0, 9, 5, 2], [7, 1, 15, 12, 5, 9, 0, 2, 4, 14, 13, 10, 11, 6, 3, 8], [11, 6, 3, 8, 14, 10, 4, 13, 0, 5, 2, 9, 7, 1, 15, 12], [5, 12, 7, 9, 0, 2, 3, 6, 15, 4, 1, 13, 14, 8, 11, 10], [14, 8, 11, 10, 4, 13, 15, 1, 3, 0, 6, 2, 5, 12, 7, 9], [3, 2, 0, 6, 11, 8, 14, 10, 5, 7, 9, 12, 15, 13, 4, 1], [15, 13, 4, 1, 7, 12, 5, 9, 14, 11, 10, 8, 3, 2, 0, 6]]","[[2, 7, 9, 5, 6, 0, 8, 3, 12, 1, 15, 4, 13, 11, 10, 14], [12, 4, 1, 15, 9, 7, 2, 5, 13, 10, 14, 11, 8, 0, 6, 3], [8, 0, 6, 3, 10, 11, 13, 14, 2, 9, 5, 7, 12, 4, 1, 15], [13, 11, 10, 14, 1, 4, 12, 15, 8, 6, 3, 0, 2, 7, 9, 5], [1, 14, 13, 4, 12, 15, 9, 7, 10, 8, 11, 3, 6, 5, 2, 0], [3, 15, 12, 7, 2, 5, 6, 0, 1, 13, 4, 14, 10, 9, 8, 11], [10, 3, 8, 11, 13, 14, 1, 4, 6, 2, 0, 5, 9, 15, 12, 7], [6, 5, 2, 0, 8, 3, 10, 11, 9, 12, 7, 15, 1, 14, 13, 4], [0, 9, 5, 2, 3, 6, 11, 8, 7, 15, 12, 1, 4, 10, 14, 13], [4, 10, 14, 13, 15, 1, 7, 12, 11, 3, 8, 6, 0, 9, 5, 2], [7, 1, 15, 12, 5, 9, 0, 2, 4, 14, 13, 10, 11, 6, 3, 8], [11, 6, 3, 8, 14, 10, 4, 13, 0, 5, 2, 9, 7, 1, 15, 12], [5, 12, 7, 9, 0, 2, 3, 6, 15, 4, 1, 13, 14, 8, 11, 10], [14, 8, 11, 10, 4, 13, 15, 1, 3, 0, 6, 2, 5, 12, 7, 9], [3, 2, 0, 6, 11, 8, 14, 10, 5, 7, 9, 12, 15, 13, 4, 1], [15, 13, 4, 1, 7, 12, 5, 9, 14, 11, 10, 8, 3, 2, 0, 6]]","[[2, 7, 9, 5, 6, 0, 8, 3, 12, 1, 15, 4, 13, 11, 10, 14], [12, 4, 1, 15, 9, 7, 2, 5, 13, 10, 14, 11, 8, 0, 6, 3], [8, 0, 6, 3, 10, 11, 13, 14, 2, 9, 5, 7, 12, 4, 1, 15], [13, 11, 10, 14, 1, 4, 12, 15, 8, 6, 3, 0, 2, 7, 9, 5], [1, 14, 13, 4, 12, 15, 9, 7, 10, 8, 11, 3, 6, 5, 2, 0], [9, 15, 12, 7, 2, 5, 6, 0, 1, 13, 4, 14, 10, 3, 8, 11], [10, 3, 8, 11, 13, 14, 1, 4, 6, 2, 0, 5, 9, 15, 12, 7], [6, 5, 2, 0, 8, 3, 10, 11, 9, 12, 7, 15, 1, 14, 13, 4], [0, 9, 5, 2, 3, 6, 11, 8, 7, 15, 12, 1, 4, 10, 14, 13], [4, 10, 14, 13, 15, 1, 7, 12, 11, 3, 8, 6, 0, 9, 5, 2], [7, 1, 15, 12, 5, 9, 0, 2, 4, 14, 13, 10, 11, 6, 3, 8], [11, 6, 3, 8, 14, 10, 4, 13, 0, 5, 2, 9, 7, 1, 15, 12], [5, 12, 7, 9, 0, 2, 3, 6, 15, 4, 1, 13, 14, 8, 11, 10], [14, 8, 11, 10, 4, 13, 15, 9, 3, 0, 6, 2, 5, 12, 7, 1], [3, 2, 0, 6, 11, 8, 14, 10, 5, 7, 9, 12, 15, 13, 4, 1], [15, 13, 4, 1, 7, 12, 5, 9, 14, 11, 10, 8, 3, 2, 0, 6]]","[[2, 7, 9, 5, 6, 0, 8, 3, 12, 1, 15, 4, 13, 11, 10, 14], [12, 4, 1, 15, 9, 7, 2, 5, 13, 10, 14, 11, 8, 0, 6, 3], [8, 0, 6, 3, 10, 11, 13, 14, 2, 9, 5, 7, 12, 4, 1, 15], [13, 11, 10, 14, 1, 4, 12, 15, 8, 6, 3, 0, 2, 7, 9, 5], [1, 14, 13, 4, 12, 15, 9, 7, 10, 8, 11, 3, 6, 5, 2, 0], [9, 15, 12, 7, 2, 5, 6, 0, 1, 13, 4, 14, 10, 3, 8, 11], [10, 3, 8, 11, 13, 14, 1, 4, 6, 2, 0, 5, 9, 15, 12, 7], [6, 5, 2, 0, 8, 3, 10, 11, 9, 12, 7, 15, 1, 14, 13, 4], [0, 9, 5, 2, 3, 6, 11, 8, 7, 15, 12, 1, 4, 10, 14, 13], [4, 10, 14, 13, 15, 1, 7, 12, 11, 3, 8, 6, 0, 9, 5, 2], [7, 1, 15, 12, 5, 9, 0, 2, 4, 14, 13, 10, 11, 6, 3, 8], [11, 6, 3, 8, 14, 10, 4, 13, 0, 5, 2, 9, 7, 1, 15, 12], [5, 12, 7, 9, 0, 2, 3, 6, 15, 4, 1, 13, 14, 8, 11, 10], [14, 5, 11, 10, 4, 13, 15, 1, 3, 0, 6, 2, 8, 12, 7, 9], [3, 2, 0, 6, 11, 8, 14, 10, 5, 7, 9, 12, 15, 13, 4, 1], [15, 13, 4, 1, 7, 12, 5, 9, 14, 11, 10, 8, 3, 2, 0, 6]]",A,"[[2, 7, 9, 5, 6, 0, 8, 3, 12, 1, 15, 4, 13, 11, 10, 14], [12, 4, 1, 15, 9, 7, 2, 5, 13, 10, 14, 11, 8, 0, 6, 3], [8, 0, 6, 3, 10, 11, 13, 14, 2, 9, 5, 7, 12, 4, 1, 15], [13, 11, 10, 14, 1, 4, 12, 15, 8, 6, 3, 0, 2, 7, 9, 5], [1, 14, 13, 4, 12, 15, 9, 7, 10, 8, 11, 3, 6, 5, 2, 0], [9, 15, 12, 7, 2, 5, 6, 0, 1, 13, 4, 14, 10, 3, 8, 11], [10, 3, 8, 11, 13, 14, 1, 4, 6, 2, 0, 5, 9, 15, 12, 7], [6, 5, 2, 0, 8, 3, 10, 11, 9, 12, 7, 15, 1, 14, 13, 4], [0, 9, 5, 2, 3, 6, 11, 8, 7, 15, 12, 1, 4, 10, 14, 13], [4, 10, 14, 13, 15, 1, 7, 12, 11, 3, 8, 6, 0, 9, 5, 2], [7, 1, 15, 12, 5, 9, 0, 2, 4, 14, 13, 10, 11, 6, 3, 8], [11, 6, 3, 8, 14, 10, 4, 13, 0, 5, 2, 9, 7, 1, 15, 12], [5, 12, 7, 9, 0, 2, 3, 6, 15, 4, 1, 13, 14, 8, 11, 10], [14, 8, 11, 10, 4, 13, 15, 1, 3, 0, 6, 2, 5, 12, 7, 9], [3, 2, 0, 6, 11, 8, 14, 10, 5, 7, 9, 12, 15, 13, 4, 1], [15, 13, 4, 1, 7, 12, 5, 9, 14, 11, 10, 8, 3, 2, 0, 6]]","{""num_givens"": 100, ""grid_size"": 16}"
sudoku_cf4_hex_0055,sudoku_cf4_hex,counterfactual,"[[9, null, 6, null, 15, null, 5, 11, 13, 1, 10, null, null, null, null, null], [null, 8, 13, null, null, 3, 2, 9, 14, 12, null, 7, null, null, 4, null], [null, null, null, null, 14, null, null, 0, null, null, null, null, null, null, null, 13], [0, null, null, null, null, 8, null, null, null, null, null, null, null, 2, 3, null], [8, 14, null, null, null, null, null, null, null, null, null, 15, 4, 9, 6, null], [null, 13, null, null, null, null, null, 4, null, 0, null, 14, null, null, null, 5], [null, 6, 2, 9, null, null, null, 7, null, null, null, null, 8, 0, null, null], [null, null, null, 11, 12, null, null, null, null, 9, 4, null, 3, 10, 13, 1], [null, 1, null, null, null, null, null, null, null, 8, 13, 12, null, null, null, null], [null, null, null, null, null, null, 3, 6, 11, null, null, null, null, 4, 2, null], [null, null, 9, 4, 11, null, null, null, null, 3, null, null, null, 8, 12, null], [null, 5, 11, null, 0, null, null, 13, 9, null, null, null, null, null, null, 10], [5, 9, null, null, null, null, 14, null, null, null, null, 10, 1, null, 0, null], [1, 0, null, 13, null, 10, null, null, 7, 14, null, 11, null, 15, null, null], [2, null, null, 6, 4, 9, 15, null, null, null, 1, 0, 12, null, null, null], [null, null, null, 14, null, null, 13, 1, 4, 15, null, null, 2, null, 10, 3]]","Solve the following hexadecimal Sudoku puzzle.
Rule change: The grid is 16×16 (instead of 9×9). The blocks are 4×4 (instead of 3×3). The valid symbols are the hexadecimal digits {0, 1, 2, 3, 4, 5, 6, 7, 8, 9, A, B, C, D, E, F}. Each row, column, and 4×4 block must contain each symbol exactly once.

Puzzle (. = empty cell):
9 . 6 . | F . 5 B | D 1 A . | . . . .
. 8 D . | . 3 2 9 | E C . 7 | . . 4 .
. . . . | E . . . | . . . . | . . . D
. . . . | . 8 . . | . . . . | . 2 3 .
-------------------------------------
8 E . . | . . . . | . . . F | 4 9 6 .
. D . . | . . . 4 | . . . E | . . . 5
. 6 2 9 | . . . 7 | . . . . | 8 . . .
. . . B | C . . . | . 9 4 . | 3 A D 1
-------------------------------------
. 1 . . | . . . . | . 8 D C | . . . .
. . . . | . . 3 6 | B . . . | . 4 2 .
. . 9 4 | B . . . | . 3 . . | . 8 C .
. 5 B . | . . . D | 9 . . . | . . . A
-------------------------------------
5 9 . . | . . E . | . . . A | 1 . . .
1 . . D | . A . . | 7 E . B | . F . .
2 . . 6 | 4 9 F . | . . 1 . | C . . .
. . . E | . . D 1 | 4 F . . | 2 . A 3

Which of the following is the correct completed solution?","[[9, 3, 6, 2, 15, 4, 5, 11, 13, 1, 10, 8, 0, 12, 7, 14], [10, 8, 13, 1, 6, 3, 2, 9, 14, 12, 0, 7, 11, 5, 4, 15], [11, 4, 15, 5, 14, 7, 12, 0, 6, 2, 9, 3, 10, 1, 8, 13], [0, 7, 14, 12, 13, 8, 1, 10, 15, 5, 11, 4, 9, 2, 3, 6], [8, 14, 12, 0, 1, 13, 10, 3, 5, 11, 7, 15, 4, 9, 6, 2], [3, 13, 1, 10, 2, 6, 9, 4, 12, 0, 8, 14, 7, 11, 15, 5], [4, 6, 2, 9, 5, 15, 11, 7, 1, 10, 3, 13, 8, 0, 14, 12], [7, 15, 5, 11, 12, 14, 0, 8, 2, 9, 4, 6, 3, 10, 13, 1], [6, 1, 10, 3, 9, 2, 4, 15, 0, 8, 13, 12, 14, 7, 5, 11], [13, 12, 0, 8, 10, 1, 3, 6, 11, 7, 14, 5, 15, 4, 2, 9], [15, 2, 9, 4, 11, 5, 7, 14, 10, 3, 6, 1, 13, 8, 12, 0], [14, 5, 11, 7, 0, 12, 8, 13, 9, 4, 15, 2, 6, 3, 1, 10], [5, 9, 4, 15, 7, 11, 14, 12, 3, 6, 2, 10, 1, 13, 0, 8], [1, 0, 8, 13, 3, 10, 6, 2, 7, 14, 12, 11, 5, 15, 9, 4], [2, 10, 3, 6, 4, 9, 15, 5, 8, 13, 1, 0, 12, 14, 11, 7], [12, 11, 7, 14, 8, 0, 13, 1, 4, 15, 5, 9, 2, 6, 10, 3]]","[[9, 3, 6, 2, 15, 4, 5, 11, 13, 1, 10, 8, 0, 12, 7, 14], [10, 8, 13, 1, 6, 3, 2, 9, 14, 12, 0, 7, 11, 5, 4, 15], [11, 4, 15, 5, 14, 9, 12, 0, 6, 2, 7, 3, 10, 1, 8, 13], [0, 7, 14, 12, 13, 8, 1, 10, 15, 5, 11, 4, 9, 2, 3, 6], [8, 14, 12, 0, 1, 13, 10, 3, 5, 11, 7, 15, 4, 9, 6, 2], [3, 13, 1, 10, 2, 6, 9, 4, 12, 0, 8, 14, 7, 11, 15, 5], [4, 6, 2, 9, 5, 15, 11, 7, 1, 10, 3, 13, 8, 0, 14, 12], [7, 15, 5, 11, 12, 14, 0, 8, 2, 9, 4, 6, 3, 10, 13, 1], [6, 1, 10, 3, 9, 2, 4, 15, 0, 8, 13, 12, 14, 7, 5, 11], [13, 12, 0, 8, 10, 1, 3, 6, 11, 7, 14, 5, 15, 4, 2, 9], [15, 2, 9, 4, 11, 5, 7, 14, 10, 3, 6, 1, 13, 8, 12, 0], [14, 5, 11, 7, 0, 12, 8, 13, 9, 4, 15, 2, 6, 3, 1, 10], [5, 9, 4, 15, 7, 11, 14, 12, 3, 6, 2, 10, 1, 13, 0, 8], [1, 0, 8, 13, 3, 10, 6, 2, 7, 14, 12, 11, 5, 15, 9, 4], [2, 10, 3, 6, 4, 9, 15, 5, 8, 13, 1, 0, 12, 14, 11, 7], [12, 11, 7, 14, 8, 0, 13, 1, 4, 15, 5, 9, 2, 6, 10, 3]]","[[9, 3, 6, 2, 15, 4, 5, 11, 13, 1, 10, 8, 0, 12, 7, 14], [10, 8, 13, 1, 6, 3, 2, 9, 14, 12, 0, 7, 11, 5, 4, 15], [11, 4, 15, 5, 14, 7, 12, 0, 6, 2, 9, 3, 10, 1, 8, 13], [0, 7, 14, 12, 13, 8, 1, 10, 15, 5, 11, 4, 9, 2, 3, 6], [8, 14, 12, 0, 1, 13, 10, 3, 5, 11, 7, 15, 4, 9, 6, 2], [3, 13, 1, 10, 2, 6, 9, 4, 12, 0, 8, 14, 7, 11, 15, 5], [4, 6, 2, 9, 5, 15, 11, 7, 1, 10, 3, 13, 8, 0, 14, 12], [7, 15, 5, 11, 12, 14, 0, 8, 2, 9, 4, 6, 3, 10, 13, 1], [6, 1, 10, 3, 9, 2, 4, 15, 0, 8, 13, 12, 14, 7, 5, 11], [13, 12, 0, 8, 10, 1, 3, 6, 11, 7, 14, 5, 15, 4, 2, 9], [15, 2, 9, 4, 11, 5, 7, 13, 10, 3, 6, 1, 14, 8, 12, 0], [14, 5, 11, 7, 0, 12, 8, 13, 9, 4, 15, 2, 6, 3, 1, 10], [5, 9, 4, 15, 7, 11, 14, 12, 3, 6, 2, 10, 1, 13, 0, 8], [1, 0, 8, 13, 3, 10, 6, 2, 7, 14, 12, 11, 5, 15, 9, 4], [2, 10, 3, 6, 4, 9, 15, 5, 8, 13, 1, 0, 12, 14, 11, 7], [12, 11, 7, 14, 8, 0, 13, 1, 4, 15, 5, 9, 2, 6, 10, 3]]","[[9, 3, 6, 2, 15, 4, 5, 11, 13, 1, 10, 8, 0, 12, 7, 14], [10, 8, 13, 1, 6, 3, 2, 9, 14, 12, 0, 7, 11, 5, 4, 15], [11, 4, 15, 5, 14, 7, 12, 0, 6, 2, 9, 3, 10, 1, 8, 13], [0, 7, 14, 12, 13, 8, 1, 10, 15, 5, 11, 4, 9, 2, 3, 6], [8, 14, 12, 0, 1, 13, 10, 3, 5, 11, 7, 15, 4, 9, 6, 2], [3, 13, 1, 2, 10, 6, 9, 4, 12, 0, 8, 14, 7, 11, 15, 5], [4, 6, 2, 9, 5, 15, 11, 7, 1, 10, 3, 13, 8, 0, 14, 12], [7, 15, 5, 11, 12, 14, 0, 8, 2, 9, 4, 6, 3, 10, 13, 1], [6, 1, 10, 3, 9, 2, 4, 15, 0, 8, 13, 12, 14, 7, 5, 11], [13, 12, 0, 8, 10, 1, 3, 6, 11, 7, 14, 5, 15, 4, 2, 9], [15, 2, 9, 4, 11, 5, 7, 14, 10, 3, 6, 1, 13, 8, 12, 0], [14, 5, 11, 7, 0, 12, 8, 13, 9, 4, 15, 2, 6, 3, 1, 10], [5, 9, 4, 15, 7, 11, 14, 12, 3, 6, 2, 10, 1, 13, 0, 8], [1, 0, 8, 13, 3, 10, 6, 2, 7, 14, 12, 11, 5, 15, 9, 4], [2, 10, 3, 6, 4, 9, 15, 5, 8, 13, 1, 0, 12, 14, 11, 7], [12, 11, 7, 14, 8, 0, 13, 1, 4, 15, 5, 9, 2, 6, 10, 3]]",A,"[[9, 3, 6, 2, 15, 4, 5, 11, 13, 1, 10, 8, 0, 12, 7, 14], [10, 8, 13, 1, 6, 3, 2, 9, 14, 12, 0, 7, 11, 5, 4, 15], [11, 4, 15, 5, 14, 7, 12, 0, 6, 2, 9, 3, 10, 1, 8, 13], [0, 7, 14, 12, 13, 8, 1, 10, 15, 5, 11, 4, 9, 2, 3, 6], [8, 14, 12, 0, 1, 13, 10, 3, 5, 11, 7, 15, 4, 9, 6, 2], [3, 13, 1, 10, 2, 6, 9, 4, 12, 0, 8, 14, 7, 11, 15, 5], [4, 6, 2, 9, 5, 15, 11, 7, 1, 10, 3, 13, 8, 0, 14, 12], [7, 15, 5, 11, 12, 14, 0, 8, 2, 9, 4, 6, 3, 10, 13, 1], [6, 1, 10, 3, 9, 2, 4, 15, 0, 8, 13, 12, 14, 7, 5, 11], [13, 12, 0, 8, 10, 1, 3, 6, 11, 7, 14, 5, 15, 4, 2, 9], [15, 2, 9, 4, 11, 5, 7, 14, 10, 3, 6, 1, 13, 8, 12, 0], [14, 5, 11, 7, 0, 12, 8, 13, 9, 4, 15, 2, 6, 3, 1, 10], [5, 9, 4, 15, 7, 11, 14, 12, 3, 6, 2, 10, 1, 13, 0, 8], [1, 0, 8, 13, 3, 10, 6, 2, 7, 14, 12, 11, 5, 15, 9, 4], [2, 10, 3, 6, 4, 9, 15, 5, 8, 13, 1, 0, 12, 14, 11, 7], [12, 11, 7, 14, 8, 0, 13, 1, 4, 15, 5, 9, 2, 6, 10, 3]]","{""num_givens"": 100, ""grid_size"": 16}"
sudoku_cf4_hex_0056,sudoku_cf4_hex,counterfactual,"[[5, null, null, null, null, null, null, null, null, null, null, null, null, 4, null, null], [null, 8, 3, null, null, null, null, null, null, null, null, 14, null, null, 6, 7], [null, null, null, 10, null, 0, null, null, null, null, null, null, 12, null, 13, null], [0, 6, 7, null, 8, null, null, null, null, null, null, null, null, null, 11, 14], [6, 1, null, 7, 9, 8, 3, 5, null, null, 12, 15, null, null, 10, null], [11, null, 0, null, null, 6, 7, 4, null, 8, null, null, 2, null, null, 15], [13, 12, null, 2, 10, null, null, null, null, 6, null, 4, 3, 8, null, 5], [null, null, null, null, 12, 13, 2, null, null, 11, null, 0, null, 6, 1, 4], [null, null, 13, null, 2, 12, null, null, null, 10, 14, null, 4, 1, null, null], [null, 14, null, null, 7, 1, null, null, 5, 9, null, 13, 15, null, null, null], [12, null, 11, 15, null, 10, null, null, 4, null, null, 8, null, 9, null, 13], [1, null, null, null, null, null, 5, 13, 15, 12, null, null, null, null, 14, null], [null, null, null, 13, 15, 2, null, 10, null, 14, 0, null, 8, 7, null, null], [null, null, null, 8, null, null, 13, 12, null, null, null, null, 6, 14, null, null], [null, null, null, 11, 0, 14, null, null, null, null, 4, null, null, null, null, 12], [null, null, null, 6, null, null, null, null, 13, null, null, null, null, null, null, null]]","Solve the following hexadecimal Sudoku puzzle.
Rule change: The grid is 16×16 (instead of 9×9). The blocks are 4×4 (instead of 3×3). The valid symbols are the hexadecimal digits {0, 1, 2, 3, 4, 5, 6, 7, 8, 9, A, B, C, D, E, F}. Each row, column, and 4×4 block must contain each symbol exactly once.

Puzzle (. = empty cell):
5 . . . | . . . . | . . . . | . 4 . .
. 8 3 . | . . . . | . . . E | . . 6 7
. . . A | . . . . | . . . . | C . D .
. 6 7 . | 8 . . . | . . . . | . . B E
-------------------------------------
6 1 . 7 | 9 8 3 5 | . . C F | . . A .
B . . . | . 6 7 4 | . 8 . . | 2 . . F
D C . 2 | A . . . | . 6 . 4 | 3 8 . 5
. . . . | C D 2 . | . B . . | . 6 1 4
-------------------------------------
. . D . | 2 C . . | . A E . | 4 1 . .
. E . . | 7 1 . . | 5 9 . D | F . . .
C . B F | . A . . | 4 . . 8 | . 9 . D
1 . . . | . . 5 D | F C . . | . . E .
-------------------------------------
. . . D | F 2 . A | . E . . | 8 7 . .
. . . 8 | . . D C | . . . . | 6 E . .
. . . B | . E . . | . . 4 . | . . . C
. . . 6 | . . . . | D . . . | . . . .

Which of the following is the correct completed solution?","[[5, 13, 2, 12, 11, 15, 10, 14, 1, 0, 6, 7, 9, 4, 8, 3], [4, 8, 3, 9, 13, 5, 12, 2, 10, 15, 11, 14, 1, 0, 6, 7], [15, 11, 14, 10, 6, 0, 1, 7, 9, 4, 8, 3, 12, 5, 13, 2], [0, 6, 7, 1, 8, 4, 9, 3, 12, 5, 13, 2, 10, 15, 11, 14], [6, 1, 4, 7, 9, 8, 3, 5, 2, 13, 12, 15, 14, 11, 10, 0], [11, 10, 0, 14, 1, 6, 7, 4, 3, 8, 9, 5, 2, 13, 12, 15], [13, 12, 15, 2, 10, 11, 14, 0, 7, 6, 1, 4, 3, 8, 9, 5], [8, 9, 5, 3, 12, 13, 2, 15, 14, 11, 10, 0, 7, 6, 1, 4], [9, 3, 13, 5, 2, 12, 15, 11, 0, 10, 14, 6, 4, 1, 7, 8], [10, 14, 6, 0, 7, 1, 4, 8, 5, 9, 3, 13, 15, 12, 2, 11], [12, 2, 11, 15, 14, 10, 0, 6, 4, 1, 7, 8, 5, 9, 3, 13], [1, 7, 8, 4, 3, 9, 5, 13, 15, 12, 2, 11, 0, 10, 14, 6], [3, 5, 12, 13, 15, 2, 11, 10, 6, 14, 0, 1, 8, 7, 4, 9], [7, 4, 9, 8, 5, 3, 13, 12, 11, 2, 15, 10, 6, 14, 0, 1], [2, 15, 10, 11, 0, 14, 6, 1, 8, 7, 4, 9, 13, 3, 5, 12], [14, 0, 1, 6, 4, 7, 8, 9, 13, 3, 5, 12, 11, 2, 15, 10]]","[[5, 13, 2, 12, 11, 15, 10, 14, 1, 0, 6, 7, 9, 4, 8, 3], [4, 8, 3, 9, 13, 5, 12, 2, 10, 15, 11, 14, 1, 0, 6, 7], [15, 11, 14, 10, 6, 0, 1, 7, 9, 4, 8, 3, 12, 5, 13, 2], [0, 6, 7, 1, 8, 4, 9, 3, 12, 5, 13, 2, 10, 15, 11, 14], [6, 1, 4, 7, 9, 8, 3, 5, 2, 13, 12, 15, 14, 11, 10, 0], [11, 10, 0, 14, 1, 6, 7, 4, 3, 8, 9, 5, 2, 13, 12, 15], [13, 12, 15, 2, 10, 11, 14, 0, 7, 6, 1, 4, 3, 8, 9, 5], [8, 9, 5, 3, 12, 13, 2, 15, 14, 11, 10, 0, 7, 6, 1, 4], [9, 3, 13, 5, 2, 12, 15, 11, 0, 10, 14, 6, 4, 1, 7, 8], [10, 14, 6, 0, 7, 1, 4, 8, 5, 9, 3, 13, 15, 12, 2, 11], [12, 2, 11, 15, 14, 10, 0, 6, 4, 1, 7, 8, 5, 9, 3, 13], [1, 7, 8, 10, 3, 9, 5, 13, 15, 12, 2, 11, 0, 4, 14, 6], [3, 5, 12, 13, 15, 2, 11, 10, 6, 14, 0, 1, 8, 7, 4, 9], [7, 4, 9, 8, 5, 3, 13, 12, 11, 2, 15, 10, 6, 14, 0, 1], [2, 15, 10, 11, 0, 14, 6, 1, 8, 7, 4, 9, 13, 3, 5, 12], [14, 0, 1, 6, 4, 7, 8, 9, 13, 3, 5, 12, 11, 2, 15, 10]]","[[5, 13, 2, 12, 11, 15, 10, 14, 1, 0, 6, 7, 9, 4, 8, 3], [4, 8, 3, 9, 13, 5, 12, 2, 10, 15, 11, 14, 1, 0, 6, 7], [15, 11, 14, 10, 6, 0, 1, 7, 9, 4, 8, 3, 12, 5, 13, 2], [0, 6, 7, 1, 8, 4, 9, 3, 12, 5, 13, 2, 10, 15, 11, 14], [6, 1, 4, 7, 9, 8, 3, 5, 2, 13, 12, 15, 14, 11, 10, 0], [11, 10, 0, 14, 1, 6, 7, 4, 3, 8, 9, 5, 2, 13, 12, 15], [13, 12, 15, 2, 10, 11, 14, 0, 7, 6, 1, 4, 3, 8, 9, 5], [8, 9, 5, 3, 12, 13, 2, 15, 14, 11, 10, 0, 7, 6, 1, 4], [9, 3, 13, 5, 2, 12, 15, 11, 0, 10, 14, 6, 4, 1, 7, 8], [10, 14, 6, 0, 7, 1, 4, 8, 5, 9, 3, 13, 15, 12, 2, 11], [12, 2, 11, 15, 14, 10, 0, 6, 4, 1, 7, 8, 5, 9, 3, 13], [1, 7, 8, 4, 3, 9, 5, 13, 15, 12, 2, 11, 0, 10, 14, 6], [3, 5, 12, 13, 15, 2, 11, 10, 6, 14, 0, 1, 8, 7, 4, 9], [7, 4, 9, 8, 2, 3, 13, 12, 11, 5, 15, 10, 6, 14, 0, 1], [2, 15, 10, 11, 0, 14, 6, 1, 8, 7, 4, 9, 13, 3, 5, 12], [14, 0, 1, 6, 4, 7, 8, 9, 13, 3, 5, 12, 11, 2, 15, 10]]","[[5, 13, 2, 12, 11, 15, 10, 14, 1, 0, 6, 7, 9, 4, 8, 3], [4, 8, 3, 9, 13, 5, 12, 2, 10, 15, 11, 14, 1, 0, 6, 7], [15, 11, 14, 10, 6, 0, 1, 7, 9, 4, 8, 3, 12, 5, 13, 2], [0, 6, 7, 1, 8, 4, 9, 3, 12, 5, 13, 2, 10, 15, 11, 14], [6, 1, 4, 7, 9, 8, 3, 5, 2, 13, 12, 15, 14, 11, 10, 0], [11, 10, 0, 14, 1, 6, 7, 4, 3, 8, 9, 5, 2, 13, 12, 15], [13, 12, 15, 2, 10, 11, 14, 0, 7, 6, 1, 4, 3, 8, 9, 5], [8, 9, 5, 3, 12, 13, 2, 15, 14, 11, 10, 0, 7, 6, 1, 4], [9, 3, 13, 5, 2, 12, 15, 0, 11, 10, 14, 6, 4, 1, 7, 8], [10, 14, 6, 0, 7, 1, 4, 8, 5, 9, 3, 13, 15, 12, 2, 11], [12, 2, 11, 15, 14, 10, 0, 6, 4, 1, 7, 8, 5, 9, 3, 13], [1, 7, 8, 4, 3, 9, 5, 13, 15, 12, 2, 11, 0, 10, 14, 6], [3, 5, 12, 13, 15, 2, 11, 10, 6, 14, 0, 1, 8, 7, 4, 9], [7, 4, 9, 8, 5, 3, 13, 12, 11, 2, 15, 10, 6, 14, 0, 1], [2, 15, 10, 11, 0, 14, 6, 1, 8, 7, 4, 9, 13, 3, 5, 12], [14, 0, 1, 6, 4, 7, 8, 9, 13, 3, 5, 12, 11, 2, 15, 10]]",A,"[[5, 13, 2, 12, 11, 15, 10, 14, 1, 0, 6, 7, 9, 4, 8, 3], [4, 8, 3, 9, 13, 5, 12, 2, 10, 15, 11, 14, 1, 0, 6, 7], [15, 11, 14, 10, 6, 0, 1, 7, 9, 4, 8, 3, 12, 5, 13, 2], [0, 6, 7, 1, 8, 4, 9, 3, 12, 5, 13, 2, 10, 15, 11, 14], [6, 1, 4, 7, 9, 8, 3, 5, 2, 13, 12, 15, 14, 11, 10, 0], [11, 10, 0, 14, 1, 6, 7, 4, 3, 8, 9, 5, 2, 13, 12, 15], [13, 12, 15, 2, 10, 11, 14, 0, 7, 6, 1, 4, 3, 8, 9, 5], [8, 9, 5, 3, 12, 13, 2, 15, 14, 11, 10, 0, 7, 6, 1, 4], [9, 3, 13, 5, 2, 12, 15, 11, 0, 10, 14, 6, 4, 1, 7, 8], [10, 14, 6, 0, 7, 1, 4, 8, 5, 9, 3, 13, 15, 12, 2, 11], [12, 2, 11, 15, 14, 10, 0, 6, 4, 1, 7, 8, 5, 9, 3, 13], [1, 7, 8, 4, 3, 9, 5, 13, 15, 12, 2, 11, 0, 10, 14, 6], [3, 5, 12, 13, 15, 2, 11, 10, 6, 14, 0, 1, 8, 7, 4, 9], [7, 4, 9, 8, 5, 3, 13, 12, 11, 2, 15, 10, 6, 14, 0, 1], [2, 15, 10, 11, 0, 14, 6, 1, 8, 7, 4, 9, 13, 3, 5, 12], [14, 0, 1, 6, 4, 7, 8, 9, 13, 3, 5, 12, 11, 2, 15, 10]]","{""num_givens"": 100, ""grid_size"": 16}"
sudoku_cf4_hex_0057,sudoku_cf4_hex,counterfactual,"[[6, null, null, null, 3, null, 0, null, null, 15, 4, null, null, 5, null, null], [null, 0, 2, null, null, null, null, null, null, 1, null, null, null, 11, null, null], [14, 13, 5, 10, 15, 11, null, null, null, 3, 12, null, null, null, null, null], [null, null, 11, null, 1, null, null, 6, null, null, 14, null, null, null, 12, null], [9, null, null, null, null, null, null, null, null, 8, null, 6, 7, 15, null, null], [11, null, null, null, null, null, null, null, null, 7, 5, null, null, null, 2, 14], [2, 14, 10, null, null, 15, 4, 5, 3, 0, 9, null, null, null, 11, 6], [5, null, null, 7, null, 1, 6, 11, null, null, null, null, 0, 3, null, 12], [3, null, null, null, null, 7, 5, 10, null, null, 1, null, 6, null, null, null], [null, null, null, 4, null, null, null, 15, null, 14, 3, 2, null, null, null, null], [null, null, null, 6, null, 0, 9, 1, null, null, null, null, 14, 13, 3, null], [null, null, null, null, null, null, 2, 3, null, 6, null, null, null, 7, 10, 5], [8, 1, null, null, 2, null, null, 0, null, 11, null, null, 5, null, 13, null], [null, null, 4, null, 11, null, 15, null, null, null, null, 3, 9, null, null, null], [null, null, null, 2, null, null, null, 13, 12, null, 8, null, null, null, 7, 15], [7, null, null, null, null, null, null, null, 4, null, null, 10, 2, 14, null, 3]]","Solve the following hexadecimal Sudoku puzzle.
Rule change: The grid is 16×16 (instead of 9×9). The blocks are 4×4 (instead of 3×3). The valid symbols are the hexadecimal digits {0, 1, 2, 3, 4, 5, 6, 7, 8, 9, A, B, C, D, E, F}. Each row, column, and 4×4 block must contain each symbol exactly once.

Puzzle (. = empty cell):
6 . . . | 3 . . . | . F 4 . | . 5 . .
. . 2 . | . . . . | . 1 . . | . B . .
E D 5 A | F B . . | . 3 C . | . . . .
. . B . | 1 . . 6 | . . E . | . . C .
-------------------------------------
9 . . . | . . . . | . 8 . 6 | 7 F . .
B . . . | . . . . | . 7 5 . | . . 2 E
2 E A . | . F 4 5 | 3 . 9 . | . . B 6
5 . . 7 | . 1 6 B | . . . . | . 3 . C
-------------------------------------
3 . . . | . 7 5 A | . . 1 . | 6 . . .
. . . 4 | . . . F | . E 3 2 | . . . .
. . . 6 | . . 9 1 | . . . . | E D 3 .
. . . . | . . 2 3 | . 6 . . | . 7 A 5
-------------------------------------
8 1 . . | 2 . . . | . B . . | 5 . D .
. . 4 . | B . F . | . . . 3 | 9 . . .
. . . 2 | . . . D | C . 8 . | . . 7 F
7 . . . | . . . . | 4 . . A | 2 E . 3

Which of the following is the correct completed solution?","[[6, 8, 9, 1, 3, 2, 0, 12, 11, 15, 4, 7, 10, 5, 14, 13], [12, 0, 2, 3, 10, 5, 13, 14, 9, 1, 6, 8, 15, 11, 4, 7], [14, 13, 5, 10, 15, 11, 7, 4, 2, 3, 12, 0, 1, 9, 6, 8], [4, 7, 11, 15, 1, 9, 8, 6, 5, 10, 14, 13, 3, 2, 12, 0], [9, 12, 3, 0, 13, 10, 14, 2, 1, 8, 11, 6, 7, 15, 5, 4], [11, 6, 1, 8, 0, 3, 12, 9, 15, 7, 5, 4, 13, 10, 2, 14], [2, 14, 10, 13, 7, 15, 4, 5, 3, 0, 9, 12, 8, 1, 11, 6], [5, 4, 15, 7, 8, 1, 6, 11, 10, 13, 2, 14, 0, 3, 9, 12], [3, 2, 13, 14, 4, 7, 5, 10, 0, 12, 1, 9, 6, 8, 15, 11], [10, 5, 7, 4, 6, 8, 11, 15, 13, 14, 3, 2, 12, 0, 1, 9], [15, 11, 8, 6, 12, 0, 9, 1, 7, 4, 10, 5, 14, 13, 3, 2], [1, 9, 0, 12, 14, 13, 2, 3, 8, 6, 15, 11, 4, 7, 10, 5], [8, 1, 12, 9, 2, 14, 3, 0, 6, 11, 7, 15, 5, 4, 13, 10], [13, 10, 4, 5, 11, 6, 15, 7, 14, 2, 0, 3, 9, 12, 8, 1], [0, 3, 14, 2, 5, 4, 10, 13, 12, 9, 8, 1, 11, 6, 7, 15], [7, 5, 6, 11, 9, 12, 1, 8, 4, 15, 13, 10, 2, 14, 0, 3]]","[[6, 8, 9, 1, 3, 2, 0, 12, 11, 15, 4, 7, 10, 5, 14, 13], [12, 0, 2, 3, 10, 5, 13, 14, 9, 1, 6, 8, 15, 11, 4, 7], [14, 13, 5, 10, 15, 11, 7, 4, 2, 3, 12, 0, 1, 9, 6, 8], [4, 7, 11, 15, 1, 9, 8, 6, 5, 10, 14, 13, 3, 2, 12, 0], [9, 12, 3, 0, 13, 10, 14, 2, 1, 8, 11, 6, 7, 15, 5, 4], [11, 6, 1, 8, 0, 3, 12, 9, 15, 7, 5, 4, 13, 10, 2, 14], [2, 14, 10, 13, 7, 15, 4, 5, 3, 0, 9, 12, 8, 1, 11, 6], [5, 4, 15, 7, 8, 1, 6, 11, 10, 13, 2, 14, 0, 3, 9, 12], [3, 2, 13, 14, 4, 7, 5, 10, 0, 12, 1, 9, 6, 8, 15, 11], [10, 5, 7, 4, 6, 1, 11, 15, 13, 14, 3, 2, 12, 0, 8, 9], [15, 11, 8, 6, 12, 0, 9, 1, 7, 4, 10, 5, 14, 13, 3, 2], [1, 9, 0, 12, 14, 13, 2, 3, 8, 6, 15, 11, 4, 7, 10, 5], [8, 1, 12, 9, 2, 14, 3, 0, 6, 11, 7, 15, 5, 4, 13, 10], [13, 10, 4, 5, 11, 6, 15, 7, 14, 2, 0, 3, 9, 12, 8, 1], [0, 3, 14, 2, 5, 4, 10, 13, 12, 9, 8, 1, 11, 6, 7, 15], [7, 15, 6, 11, 9, 12, 1, 8, 4, 5, 13, 10, 2, 14, 0, 3]]","[[6, 8, 9, 1, 3, 2, 0, 12, 11, 15, 4, 7, 10, 5, 14, 13], [12, 0, 2, 3, 10, 5, 13, 14, 9, 1, 6, 8, 15, 11, 4, 7], [14, 13, 5, 10, 15, 11, 7, 4, 2, 3, 12, 0, 1, 9, 6, 8], [4, 7, 11, 15, 1, 9, 8, 6, 5, 10, 14, 13, 3, 2, 12, 0], [9, 12, 3, 0, 13, 10, 14, 2, 1, 8, 11, 6, 7, 15, 5, 4], [11, 6, 1, 8, 0, 3, 12, 9, 15, 7, 5, 4, 13, 10, 2, 14], [2, 14, 10, 13, 7, 15, 4, 5, 3, 0, 9, 12, 8, 1, 11, 6], [5, 4, 15, 7, 8, 1, 6, 11, 10, 13, 2, 14, 0, 3, 9, 12], [3, 2, 13, 14, 4, 7, 5, 10, 0, 12, 1, 9, 6, 8, 15, 11], [10, 5, 7, 4, 6, 8, 11, 15, 13, 14, 3, 2, 12, 0, 1, 9], [15, 11, 8, 6, 12, 0, 9, 1, 7, 4, 10, 5, 14, 13, 3, 2], [1, 9, 0, 12, 14, 13, 2, 3, 8, 6, 15, 11, 4, 7, 10, 5], [8, 1, 12, 9, 2, 14, 3, 0, 6, 11, 7, 15, 5, 4, 13, 10], [13, 10, 4, 5, 11, 6, 15, 7, 14, 2, 0, 3, 9, 12, 8, 1], [0, 3, 14, 2, 5, 4, 10, 13, 12, 9, 8, 1, 11, 6, 7, 15], [7, 15, 6, 11, 9, 12, 1, 8, 4, 5, 13, 10, 2, 14, 0, 3]]","[[6, 8, 9, 1, 3, 2, 0, 12, 11, 15, 4, 7, 10, 5, 14, 13], [12, 0, 2, 3, 10, 5, 13, 14, 9, 1, 6, 8, 15, 11, 4, 7], [14, 13, 5, 10, 15, 11, 7, 4, 2, 3, 12, 0, 1, 9, 6, 8], [4, 7, 11, 15, 1, 9, 8, 6, 5, 10, 14, 13, 3, 2, 12, 0], [9, 12, 3, 0, 13, 10, 14, 2, 1, 8, 11, 6, 7, 15, 5, 4], [11, 6, 1, 8, 0, 3, 12, 9, 15, 7, 5, 4, 13, 10, 2, 14], [2, 14, 10, 13, 7, 15, 4, 5, 3, 0, 9, 12, 8, 1, 11, 6], [5, 4, 15, 7, 8, 1, 6, 11, 10, 13, 2, 14, 0, 3, 9, 12], [3, 2, 13, 14, 4, 7, 5, 10, 0, 12, 1, 9, 6, 8, 15, 11], [10, 5, 7, 4, 6, 8, 11, 15, 13, 14, 3, 2, 12, 0, 1, 9], [15, 11, 8, 6, 12, 0, 9, 1, 7, 4, 10, 5, 14, 13, 3, 2], [1, 9, 0, 12, 14, 13, 2, 3, 8, 6, 15, 11, 4, 7, 10, 5], [8, 1, 12, 9, 2, 14, 3, 0, 6, 11, 7, 15, 5, 4, 13, 10], [13, 6, 4, 5, 11, 10, 15, 7, 14, 2, 0, 3, 9, 12, 8, 1], [0, 3, 14, 2, 5, 4, 10, 13, 12, 9, 8, 1, 11, 6, 7, 15], [7, 15, 6, 11, 9, 12, 1, 8, 4, 5, 13, 10, 2, 14, 0, 3]]",C,"[[6, 8, 9, 1, 3, 2, 0, 12, 11, 15, 4, 7, 10, 5, 14, 13], [12, 0, 2, 3, 10, 5, 13, 14, 9, 1, 6, 8, 15, 11, 4, 7], [14, 13, 5, 10, 15, 11, 7, 4, 2, 3, 12, 0, 1, 9, 6, 8], [4, 7, 11, 15, 1, 9, 8, 6, 5, 10, 14, 13, 3, 2, 12, 0], [9, 12, 3, 0, 13, 10, 14, 2, 1, 8, 11, 6, 7, 15, 5, 4], [11, 6, 1, 8, 0, 3, 12, 9, 15, 7, 5, 4, 13, 10, 2, 14], [2, 14, 10, 13, 7, 15, 4, 5, 3, 0, 9, 12, 8, 1, 11, 6], [5, 4, 15, 7, 8, 1, 6, 11, 10, 13, 2, 14, 0, 3, 9, 12], [3, 2, 13, 14, 4, 7, 5, 10, 0, 12, 1, 9, 6, 8, 15, 11], [10, 5, 7, 4, 6, 8, 11, 15, 13, 14, 3, 2, 12, 0, 1, 9], [15, 11, 8, 6, 12, 0, 9, 1, 7, 4, 10, 5, 14, 13, 3, 2], [1, 9, 0, 12, 14, 13, 2, 3, 8, 6, 15, 11, 4, 7, 10, 5], [8, 1, 12, 9, 2, 14, 3, 0, 6, 11, 7, 15, 5, 4, 13, 10], [13, 10, 4, 5, 11, 6, 15, 7, 14, 2, 0, 3, 9, 12, 8, 1], [0, 3, 14, 2, 5, 4, 10, 13, 12, 9, 8, 1, 11, 6, 7, 15], [7, 15, 6, 11, 9, 12, 1, 8, 4, 5, 13, 10, 2, 14, 0, 3]]","{""num_givens"": 100, ""grid_size"": 16}"
sudoku_cf4_hex_0058,sudoku_cf4_hex,counterfactual,"[[null, null, null, null, null, null, null, null, 7, 10, null, null, 15, null, null, 11], [7, null, 5, null, 15, null, null, null, 13, null, null, 1, null, null, 9, 3], [11, null, 15, null, null, 7, 4, 10, 3, 2, null, null, null, null, null, 13], [null, 8, null, null, null, 3, null, null, null, 14, null, null, 5, 10, null, null], [4, null, 7, null, null, null, null, null, 1, null, null, 14, null, 6, 10, 9], [1, 12, 13, 14, null, 9, 10, null, 0, null, null, 2, null, 5, null, null], [null, null, null, 10, 13, 1, 14, null, 4, null, null, 8, 11, null, null, 0], [null, null, 11, 2, null, null, 8, null, null, 6, null, 10, null, null, null, 1], [null, null, 9, 5, null, null, null, null, null, null, null, null, null, 11, null, null], [null, null, null, null, 4, null, 12, null, null, null, null, 5, null, null, null, null], [null, null, null, null, 9, null, null, 3, null, null, 0, 6, null, null, null, null], [8, 7, null, 12, 0, null, null, 11, 14, 13, null, null, null, null, null, null], [null, null, 14, null, null, null, 7, null, null, null, null, 3, null, 4, 13, 12], [12, null, null, 13, 2, 6, 3, 0, 15, null, 14, null, null, null, null, null], [null, 9, 10, null, null, null, null, 1, null, 4, null, null, 2, null, null, 6], [6, 0, 2, null, null, 12, null, null, null, null, 10, 7, null, 1, 11, 15]]","Solve the following hexadecimal Sudoku puzzle.
Rule change: The grid is 16×16 (instead of 9×9). The blocks are 4×4 (instead of 3×3). The valid symbols are the hexadecimal digits {0, 1, 2, 3, 4, 5, 6, 7, 8, 9, A, B, C, D, E, F}. Each row, column, and 4×4 block must contain each symbol exactly once.

Puzzle (. = empty cell):
. . . . | . . . . | 7 A . . | F . . B
7 . 5 . | F . . . | D . . 1 | . . 9 3
B . F . | . 7 4 A | 3 2 . . | . . . D
. 8 . . | . 3 . . | . E . . | 5 A . .
-------------------------------------
4 . 7 . | . . . . | 1 . . E | . 6 A 9
1 C D E | . 9 A . | . . . 2 | . 5 . .
. . . A | D 1 E . | 4 . . 8 | B . . .
. . B 2 | . . 8 . | . 6 . A | . . . 1
-------------------------------------
. . 9 5 | . . . . | . . . . | . B . .
. . . . | 4 . C . | . . . 5 | . . . .
. . . . | 9 . . 3 | . . . 6 | . . . .
8 7 . C | . . . B | E D . . | . . . .
-------------------------------------
. . E . | . . 7 . | . . . 3 | . 4 D C
C . . D | 2 6 3 . | F . E . | . . . .
. 9 A . | . . . 1 | . 4 . . | 2 . . 6
6 . 2 . | . C . . | . . A 7 | . 1 B F

Which of the following is the correct completed solution?","[[3, 2, 6, 9, 12, 13, 1, 8, 7, 10, 5, 4, 15, 14, 0, 11], [7, 10, 5, 4, 15, 11, 0, 14, 13, 8, 12, 1, 6, 2, 9, 3], [11, 14, 15, 0, 5, 7, 4, 10, 3, 2, 6, 9, 12, 8, 1, 13], [13, 8, 12, 1, 6, 3, 9, 2, 11, 14, 15, 0, 5, 10, 4, 7], [4, 5, 7, 8, 11, 0, 2, 15, 1, 12, 13, 14, 3, 6, 10, 9], [1, 12, 13, 14, 3, 9, 10, 6, 0, 15, 11, 2, 7, 5, 8, 4], [9, 6, 3, 10, 13, 1, 14, 12, 4, 5, 7, 8, 11, 15, 2, 0], [0, 15, 11, 2, 7, 4, 8, 5, 9, 6, 3, 10, 13, 12, 14, 1], [10, 3, 9, 5, 1, 14, 15, 2, 8, 7, 4, 12, 0, 11, 6, 13], [2, 11, 0, 6, 4, 8, 12, 7, 10, 3, 9, 5, 1, 13, 15, 14], [14, 13, 1, 15, 9, 10, 5, 3, 2, 11, 0, 6, 4, 7, 12, 8], [8, 7, 4, 12, 0, 2, 6, 11, 14, 13, 1, 15, 9, 3, 5, 10], [15, 1, 14, 11, 10, 5, 7, 9, 6, 0, 2, 3, 8, 4, 13, 12], [12, 4, 8, 13, 2, 6, 3, 0, 15, 1, 14, 11, 10, 9, 7, 5], [5, 9, 10, 7, 14, 15, 11, 1, 12, 4, 8, 13, 2, 0, 3, 6], [6, 0, 2, 3, 8, 12, 13, 4, 5, 9, 10, 7, 14, 1, 11, 15]]","[[3, 2, 6, 9, 12, 13, 1, 8, 7, 10, 5, 4, 15, 14, 0, 11], [7, 10, 5, 4, 15, 11, 0, 14, 13, 8, 12, 1, 6, 2, 9, 3], [11, 14, 15, 0, 5, 7, 4, 10, 3, 2, 6, 9, 12, 8, 1, 13], [13, 8, 12, 1, 6, 3, 9, 0, 11, 14, 15, 2, 5, 10, 4, 7], [4, 5, 7, 8, 11, 0, 2, 15, 1, 12, 13, 14, 3, 6, 10, 9], [1, 12, 13, 14, 3, 9, 10, 6, 0, 15, 11, 2, 7, 5, 8, 4], [9, 6, 3, 10, 13, 1, 14, 12, 4, 5, 7, 8, 11, 15, 2, 0], [0, 15, 11, 2, 7, 4, 8, 5, 9, 6, 3, 10, 13, 12, 14, 1], [10, 3, 9, 5, 1, 14, 15, 13, 8, 7, 4, 12, 0, 11, 6, 2], [2, 11, 0, 6, 4, 8, 12, 7, 10, 3, 9, 5, 1, 13, 15, 14], [14, 13, 1, 15, 9, 10, 5, 3, 2, 11, 0, 6, 4, 7, 12, 8], [8, 7, 4, 12, 0, 2, 6, 11, 14, 13, 1, 15, 9, 3, 5, 10], [15, 1, 14, 11, 10, 5, 7, 9, 6, 0, 2, 3, 8, 4, 13, 12], [12, 4, 8, 13, 2, 6, 3, 0, 15, 1, 14, 11, 10, 9, 7, 5], [5, 9, 10, 7, 14, 15, 11, 1, 12, 4, 8, 13, 2, 0, 3, 6], [6, 0, 2, 3, 8, 12, 13, 4, 5, 9, 10, 7, 14, 1, 11, 15]]","[[3, 2, 6, 9, 12, 13, 1, 8, 7, 10, 5, 4, 15, 14, 0, 11], [7, 10, 5, 4, 15, 11, 0, 14, 13, 8, 12, 1, 6, 2, 9, 3], [11, 14, 15, 0, 5, 7, 4, 10, 3, 2, 6, 9, 12, 8, 1, 13], [13, 8, 12, 1, 6, 3, 9, 2, 15, 14, 11, 0, 5, 10, 4, 7], [4, 5, 7, 8, 11, 0, 2, 15, 1, 12, 13, 14, 3, 6, 10, 9], [1, 12, 13, 14, 3, 9, 10, 6, 0, 15, 11, 2, 7, 5, 8, 4], [9, 6, 3, 10, 13, 1, 14, 12, 4, 5, 7, 8, 11, 15, 2, 0], [0, 15, 11, 2, 7, 4, 8, 5, 9, 6, 3, 10, 13, 12, 14, 1], [10, 3, 9, 5, 1, 14, 15, 13, 8, 7, 4, 12, 0, 11, 6, 2], [2, 11, 0, 6, 4, 8, 12, 7, 10, 3, 9, 5, 1, 13, 15, 14], [14, 13, 1, 15, 9, 10, 5, 3, 2, 11, 0, 6, 4, 7, 12, 8], [8, 7, 4, 12, 0, 2, 6, 11, 14, 13, 1, 15, 9, 3, 5, 10], [15, 1, 14, 11, 10, 5, 7, 9, 6, 0, 2, 3, 8, 4, 13, 12], [12, 4, 8, 13, 2, 6, 3, 0, 15, 1, 14, 11, 10, 9, 7, 5], [5, 9, 10, 7, 14, 15, 11, 1, 12, 4, 8, 13, 2, 0, 3, 6], [6, 0, 2, 3, 8, 12, 13, 4, 5, 9, 10, 7, 14, 1, 11, 15]]","[[3, 2, 6, 9, 12, 13, 1, 8, 7, 10, 5, 4, 15, 14, 0, 11], [7, 10, 5, 4, 15, 11, 0, 14, 13, 8, 12, 1, 6, 2, 9, 3], [11, 14, 15, 0, 5, 7, 4, 10, 3, 2, 6, 9, 12, 8, 1, 13], [13, 8, 12, 1, 6, 3, 9, 2, 11, 14, 15, 0, 5, 10, 4, 7], [4, 5, 7, 8, 11, 0, 2, 15, 1, 12, 13, 14, 3, 6, 10, 9], [1, 12, 13, 14, 3, 9, 10, 6, 0, 15, 11, 2, 7, 5, 8, 4], [9, 6, 3, 10, 13, 1, 14, 12, 4, 5, 7, 8, 11, 15, 2, 0], [0, 15, 11, 2, 7, 4, 8, 5, 9, 6, 3, 10, 13, 12, 14, 1], [10, 3, 9, 5, 1, 14, 15, 13, 8, 7, 4, 12, 0, 11, 6, 2], [2, 11, 0, 6, 4, 8, 12, 7, 10, 3, 9, 5, 1, 13, 15, 14], [14, 13, 1, 15, 9, 10, 5, 3, 2, 11, 0, 6, 4, 7, 12, 8], [8, 7, 4, 12, 0, 2, 6, 11, 14, 13, 1, 15, 9, 3, 5, 10], [15, 1, 14, 11, 10, 5, 7, 9, 6, 0, 2, 3, 8, 4, 13, 12], [12, 4, 8, 13, 2, 6, 3, 0, 15, 1, 14, 11, 10, 9, 7, 5], [5, 9, 10, 7, 14, 15, 11, 1, 12, 4, 8, 13, 2, 0, 3, 6], [6, 0, 2, 3, 8, 12, 13, 4, 5, 9, 10, 7, 14, 1, 11, 15]]",D,"[[3, 2, 6, 9, 12, 13, 1, 8, 7, 10, 5, 4, 15, 14, 0, 11], [7, 10, 5, 4, 15, 11, 0, 14, 13, 8, 12, 1, 6, 2, 9, 3], [11, 14, 15, 0, 5, 7, 4, 10, 3, 2, 6, 9, 12, 8, 1, 13], [13, 8, 12, 1, 6, 3, 9, 2, 11, 14, 15, 0, 5, 10, 4, 7], [4, 5, 7, 8, 11, 0, 2, 15, 1, 12, 13, 14, 3, 6, 10, 9], [1, 12, 13, 14, 3, 9, 10, 6, 0, 15, 11, 2, 7, 5, 8, 4], [9, 6, 3, 10, 13, 1, 14, 12, 4, 5, 7, 8, 11, 15, 2, 0], [0, 15, 11, 2, 7, 4, 8, 5, 9, 6, 3, 10, 13, 12, 14, 1], [10, 3, 9, 5, 1, 14, 15, 13, 8, 7, 4, 12, 0, 11, 6, 2], [2, 11, 0, 6, 4, 8, 12, 7, 10, 3, 9, 5, 1, 13, 15, 14], [14, 13, 1, 15, 9, 10, 5, 3, 2, 11, 0, 6, 4, 7, 12, 8], [8, 7, 4, 12, 0, 2, 6, 11, 14, 13, 1, 15, 9, 3, 5, 10], [15, 1, 14, 11, 10, 5, 7, 9, 6, 0, 2, 3, 8, 4, 13, 12], [12, 4, 8, 13, 2, 6, 3, 0, 15, 1, 14, 11, 10, 9, 7, 5], [5, 9, 10, 7, 14, 15, 11, 1, 12, 4, 8, 13, 2, 0, 3, 6], [6, 0, 2, 3, 8, 12, 13, 4, 5, 9, 10, 7, 14, 1, 11, 15]]","{""num_givens"": 100, ""grid_size"": 16}"
sudoku_cf4_hex_0059,sudoku_cf4_hex,counterfactual,"[[null, 0, null, null, null, 1, 8, null, null, 15, 9, null, 6, 10, 2, null], [null, 8, null, 1, 7, null, null, 4, 6, 2, null, 10, null, 5, null, 9], [null, null, null, 3, null, null, null, 15, 7, null, null, null, null, null, 12, 1], [null, null, null, null, null, null, 10, null, null, null, null, 8, null, null, 4, null], [null, null, 13, 5, 2, null, 11, 7, 12, null, null, 3, 4, null, 14, 0], [null, 9, null, 0, null, 8, null, 6, null, null, null, null, 2, 11, null, null], [null, 3, null, null, null, null, null, 14, 2, 7, null, 11, 15, null, null, null], [null, null, null, null, null, null, null, null, 4, null, 0, null, null, null, null, 8], [null, null, null, null, null, null, 6, 8, null, 5, 15, 13, 3, 7, null, null], [null, null, null, 12, null, 4, 14, 0, null, 10, 2, null, null, null, null, null], [null, null, 5, null, null, null, 7, null, 1, null, 12, null, null, null, null, null], [3, null, 10, 2, 9, null, 13, 5, null, 0, null, null, null, 6, null, null], [8, 2, 3, null, 0, null, 15, null, null, 11, null, null, null, 12, null, 13], [0, null, 9, 14, null, null, null, 3, 5, 1, null, 12, null, null, null, null], [10, null, null, null, null, null, null, 1, null, 9, null, null, null, null, 3, null], [5, 12, null, 13, null, null, 4, null, null, null, null, 2, null, 15, null, null]]","Solve the following hexadecimal Sudoku puzzle.
Rule change: The grid is 16×16 (instead of 9×9). The blocks are 4×4 (instead of 3×3). The valid symbols are the hexadecimal digits {0, 1, 2, 3, 4, 5, 6, 7, 8, 9, A, B, C, D, E, F}. Each row, column, and 4×4 block must contain each symbol exactly once.

Puzzle (. = empty cell):
. . . . | . 1 8 . | . F 9 . | 6 A 2 .
. 8 . 1 | 7 . . 4 | 6 2 . A | . 5 . 9
. . . 3 | . . . F | 7 . . . | . . C 1
. . . . | . . A . | . . . 8 | . . 4 .
-------------------------------------
. . D 5 | 2 . B 7 | C . . 3 | 4 . E .
. 9 . . | . 8 . 6 | . . . . | 2 B . .
. 3 . . | . . . E | 2 7 . B | F . . .
. . . . | . . . . | 4 . . . | . . . 8
-------------------------------------
. . . . | . . 6 8 | . 5 F D | 3 7 . .
. . . C | . 4 E . | . A 2 . | . . . .
. . 5 . | . . 7 . | 1 . C . | . . . .
3 . A 2 | 9 . D 5 | . . . . | . 6 . .
-------------------------------------
8 2 3 . | . . F . | . B . . | . C . D
. . 9 E | . . . 3 | 5 1 . C | . . . .
A . . . | . . . 1 | . 9 . . | . . 3 .
5 C . D | . . 4 . | . . . 2 | . F . .

Which of the following is the correct completed solution?","[[7, 0, 4, 11, 13, 1, 8, 12, 14, 15, 9, 5, 6, 10, 2, 3], [13, 8, 12, 1, 7, 11, 0, 4, 6, 2, 3, 10, 14, 5, 15, 9], [6, 10, 2, 3, 14, 9, 5, 15, 7, 4, 11, 0, 13, 8, 12, 1], [14, 5, 15, 9, 6, 3, 10, 2, 13, 12, 1, 8, 7, 0, 4, 11], [15, 1, 13, 5, 2, 10, 11, 7, 12, 6, 8, 3, 4, 9, 14, 0], [4, 9, 14, 0, 12, 8, 3, 6, 15, 13, 5, 1, 2, 11, 7, 10], [12, 3, 6, 8, 4, 0, 9, 14, 2, 7, 10, 11, 15, 1, 13, 5], [2, 11, 7, 10, 15, 5, 1, 13, 4, 14, 0, 9, 12, 3, 6, 8], [11, 14, 0, 4, 1, 12, 6, 8, 9, 5, 15, 13, 3, 7, 10, 2], [1, 6, 8, 12, 11, 4, 14, 0, 3, 10, 2, 7, 9, 13, 5, 15], [9, 13, 5, 15, 3, 2, 7, 10, 1, 8, 12, 6, 11, 14, 0, 4], [3, 7, 10, 2, 9, 15, 13, 5, 11, 0, 4, 14, 1, 6, 8, 12], [8, 2, 3, 6, 0, 14, 15, 9, 10, 11, 7, 4, 5, 12, 1, 13], [0, 15, 9, 14, 8, 6, 2, 3, 5, 1, 13, 12, 10, 4, 11, 7], [10, 4, 11, 7, 5, 13, 12, 1, 0, 9, 14, 15, 8, 2, 3, 6], [5, 12, 1, 13, 10, 7, 4, 11, 8, 3, 6, 2, 0, 15, 9, 14]]","[[7, 0, 4, 11, 13, 1, 8, 12, 14, 15, 9, 5, 6, 10, 2, 3], [13, 8, 12, 1, 7, 11, 0, 4, 6, 2, 3, 10, 14, 5, 15, 9], [6, 10, 2, 3, 14, 9, 5, 15, 7, 4, 11, 0, 13, 8, 12, 1], [14, 5, 15, 9, 6, 3, 10, 2, 13, 12, 1, 8, 7, 0, 4, 11], [15, 1, 13, 5, 2, 10, 11, 7, 12, 6, 8, 3, 4, 9, 14, 0], [4, 9, 14, 0, 12, 8, 3, 6, 15, 13, 5, 1, 2, 11, 7, 10], [12, 3, 6, 8, 4, 0, 9, 14, 2, 7, 10, 11, 15, 1, 13, 5], [2, 6, 7, 10, 15, 5, 1, 13, 4, 14, 0, 9, 12, 3, 11, 8], [11, 14, 0, 4, 1, 12, 6, 8, 9, 5, 15, 13, 3, 7, 10, 2], [1, 6, 8, 12, 11, 4, 14, 0, 3, 10, 2, 7, 9, 13, 5, 15], [9, 13, 5, 15, 3, 2, 7, 10, 1, 8, 12, 6, 11, 14, 0, 4], [3, 7, 10, 2, 9, 15, 13, 5, 11, 0, 4, 14, 1, 6, 8, 12], [8, 2, 3, 6, 0, 14, 15, 9, 10, 11, 7, 4, 5, 12, 1, 13], [0, 15, 9, 14, 8, 6, 2, 3, 5, 1, 13, 12, 10, 4, 11, 7], [10, 4, 11, 7, 5, 13, 12, 1, 0, 9, 14, 15, 8, 2, 3, 6], [5, 12, 1, 13, 10, 7, 4, 11, 8, 3, 6, 2, 0, 15, 9, 14]]","[[7, 0, 4, 11, 13, 1, 8, 12, 14, 15, 9, 5, 6, 10, 2, 3], [13, 8, 12, 1, 7, 11, 0, 4, 6, 2, 3, 10, 14, 5, 15, 9], [6, 10, 2, 3, 14, 9, 5, 15, 7, 4, 11, 0, 13, 8, 12, 1], [14, 5, 15, 9, 6, 3, 10, 2, 13, 12, 1, 8, 7, 0, 4, 11], [15, 1, 13, 5, 2, 10, 11, 7, 12, 6, 8, 3, 4, 9, 14, 0], [4, 9, 14, 0, 12, 8, 3, 6, 15, 13, 5, 1, 2, 11, 7, 10], [12, 3, 6, 8, 4, 0, 9, 14, 2, 7, 10, 11, 15, 1, 13, 5], [2, 13, 7, 10, 15, 5, 1, 11, 4, 14, 0, 9, 12, 3, 6, 8], [11, 14, 0, 4, 1, 12, 6, 8, 9, 5, 15, 13, 3, 7, 10, 2], [1, 6, 8, 12, 11, 4, 14, 0, 3, 10, 2, 7, 9, 13, 5, 15], [9, 13, 5, 15, 3, 2, 7, 10, 1, 8, 12, 6, 11, 14, 0, 4], [3, 7, 10, 2, 9, 15, 13, 5, 11, 0, 4, 14, 1, 6, 8, 12], [8, 2, 3, 6, 0, 14, 15, 9, 10, 11, 7, 4, 5, 12, 1, 13], [0, 15, 9, 14, 8, 6, 2, 3, 5, 1, 13, 12, 10, 4, 11, 7], [10, 4, 11, 7, 5, 13, 12, 1, 0, 9, 14, 15, 8, 2, 3, 6], [5, 12, 1, 13, 10, 7, 4, 11, 8, 3, 6, 2, 0, 15, 9, 14]]","[[7, 0, 4, 11, 13, 1, 8, 12, 14, 15, 9, 5, 6, 10, 2, 3], [13, 8, 12, 1, 7, 11, 0, 4, 6, 2, 3, 10, 14, 5, 15, 9], [6, 10, 2, 3, 14, 9, 5, 15, 7, 4, 11, 0, 13, 8, 12, 1], [14, 5, 15, 9, 6, 3, 10, 2, 13, 12, 1, 8, 7, 0, 4, 11], [15, 1, 13, 5, 2, 10, 11, 7, 12, 6, 8, 3, 4, 9, 14, 0], [4, 9, 14, 0, 12, 8, 3, 6, 15, 13, 5, 1, 2, 11, 7, 10], [12, 3, 6, 8, 4, 0, 9, 14, 2, 7, 10, 11, 15, 1, 13, 5], [2, 11, 7, 10, 15, 5, 1, 13, 4, 14, 0, 9, 12, 3, 6, 8], [11, 9, 0, 4, 1, 12, 6, 8, 14, 5, 15, 13, 3, 7, 10, 2], [1, 6, 8, 12, 11, 4, 14, 0, 3, 10, 2, 7, 9, 13, 5, 15], [9, 13, 5, 15, 3, 2, 7, 10, 1, 8, 12, 6, 11, 14, 0, 4], [3, 7, 10, 2, 9, 15, 13, 5, 11, 0, 4, 14, 1, 6, 8, 12], [8, 2, 3, 6, 0, 14, 15, 9, 10, 11, 7, 4, 5, 12, 1, 13], [0, 15, 9, 14, 8, 6, 2, 3, 5, 1, 13, 12, 10, 4, 11, 7], [10, 4, 11, 7, 5, 13, 12, 1, 0, 9, 14, 15, 8, 2, 3, 6], [5, 12, 1, 13, 10, 7, 4, 11, 8, 3, 6, 2, 0, 15, 9, 14]]",A,"[[7, 0, 4, 11, 13, 1, 8, 12, 14, 15, 9, 5, 6, 10, 2, 3], [13, 8, 12, 1, 7, 11, 0, 4, 6, 2, 3, 10, 14, 5, 15, 9], [6, 10, 2, 3, 14, 9, 5, 15, 7, 4, 11, 0, 13, 8, 12, 1], [14, 5, 15, 9, 6, 3, 10, 2, 13, 12, 1, 8, 7, 0, 4, 11], [15, 1, 13, 5, 2, 10, 11, 7, 12, 6, 8, 3, 4, 9, 14, 0], [4, 9, 14, 0, 12, 8, 3, 6, 15, 13, 5, 1, 2, 11, 7, 10], [12, 3, 6, 8, 4, 0, 9, 14, 2, 7, 10, 11, 15, 1, 13, 5], [2, 11, 7, 10, 15, 5, 1, 13, 4, 14, 0, 9, 12, 3, 6, 8], [11, 14, 0, 4, 1, 12, 6, 8, 9, 5, 15, 13, 3, 7, 10, 2], [1, 6, 8, 12, 11, 4, 14, 0, 3, 10, 2, 7, 9, 13, 5, 15], [9, 13, 5, 15, 3, 2, 7, 10, 1, 8, 12, 6, 11, 14, 0, 4], [3, 7, 10, 2, 9, 15, 13, 5, 11, 0, 4, 14, 1, 6, 8, 12], [8, 2, 3, 6, 0, 14, 15, 9, 10, 11, 7, 4, 5, 12, 1, 13], [0, 15, 9, 14, 8, 6, 2, 3, 5, 1, 13, 12, 10, 4, 11, 7], [10, 4, 11, 7, 5, 13, 12, 1, 0, 9, 14, 15, 8, 2, 3, 6], [5, 12, 1, 13, 10, 7, 4, 11, 8, 3, 6, 2, 0, 15, 9, 14]]","{""num_givens"": 100, ""grid_size"": 16}"
sudoku_cf4_hex_0060,sudoku_cf4_hex,counterfactual,"[[1, 7, 3, null, null, 11, 13, null, 9, 4, null, 5, null, null, null, 12], [null, null, null, null, null, null, 3, 1, 10, 12, 14, null, null, null, 5, null], [null, 12, 14, null, null, 4, null, null, 2, null, 3, null, 13, 15, null, null], [null, 4, 6, null, null, 12, 14, 0, 15, 11, 13, 8, 3, 2, null, null], [3, 10, null, null, null, null, 5, 13, null, null, null, 6, null, null, null, null], [null, null, null, null, 7, null, null, 3, null, 15, null, 14, null, null, 6, null], [null, null, null, null, null, null, null, null, 7, 10, null, null, null, 11, null, null], [6, null, null, 4, null, 15, null, null, null, 9, null, null, null, 7, null, null], [15, null, null, null, null, null, null, null, null, 8, 12, null, 4, null, 9, null], [null, null, 12, 14, null, 1, 4, null, null, 0, null, null, 11, null, 15, null], [9, 1, null, null, 14, null, null, null, 13, null, 11, null, null, null, 2, null], [2, null, 7, null, null, null, null, 15, null, 1, 4, null, 12, null, null, 8], [null, 6, 9, null, null, null, null, null, null, null, 15, null, 2, null, 4, 3], [null, 13, null, null, 1, null, null, null, null, null, null, null, null, 5, null, 6], [null, null, null, 1, 8, 13, 15, 12, null, null, 9, 11, null, 0, 7, null], [null, null, 10, null, 5, null, 9, null, 1, 3, null, null, null, null, null, null]]","Solve the following hexadecimal Sudoku puzzle.
Rule change: The grid is 16×16 (instead of 9×9). The blocks are 4×4 (instead of 3×3). The valid symbols are the hexadecimal digits {0, 1, 2, 3, 4, 5, 6, 7, 8, 9, A, B, C, D, E, F}. Each row, column, and 4×4 block must contain each symbol exactly once.

Puzzle (. = empty cell):
1 7 3 . | . B D . | 9 4 . 5 | . . . C
. . . . | . . 3 1 | A C E . | . . 5 .
. C E . | . 4 . . | 2 . 3 . | D F . .
. 4 6 . | . C E . | F B D 8 | 3 2 . .
-------------------------------------
3 A . . | . . 5 D | . . . 6 | . . . .
. . . . | 7 . . 3 | . F . E | . . 6 .
. . . . | . . . . | 7 A . . | . B . .
6 . . 4 | . F . . | . 9 . . | . 7 . .
-------------------------------------
F . . . | . . . . | . 8 C . | 4 . 9 .
. . C E | . 1 4 . | . . . . | B . F .
9 1 . . | E . . . | D . B . | . . 2 .
2 . 7 . | . . . F | . 1 4 . | C . . 8
-------------------------------------
. 6 9 . | . . . . | . . F . | 2 . 4 3
. D . . | 1 . . . | . . . . | . 5 . 6
. . . 1 | 8 D F C | . . 9 B | . . 7 .
. . A . | 5 . 9 . | 1 3 . . | . . . .

Which of the following is the correct completed solution?","[[1, 7, 3, 2, 15, 11, 13, 8, 9, 4, 6, 5, 14, 10, 0, 12], [8, 11, 13, 15, 2, 7, 3, 1, 10, 12, 14, 0, 6, 9, 5, 4], [0, 12, 14, 10, 9, 4, 6, 5, 2, 7, 3, 1, 13, 15, 8, 11], [5, 4, 6, 9, 10, 12, 14, 0, 15, 11, 13, 8, 3, 2, 1, 7], [3, 10, 0, 7, 11, 9, 5, 13, 4, 2, 1, 6, 8, 12, 14, 15], [13, 9, 5, 11, 7, 10, 0, 3, 12, 15, 8, 14, 1, 4, 6, 2], [14, 15, 8, 12, 4, 2, 1, 6, 7, 10, 0, 3, 5, 11, 13, 9], [6, 2, 1, 4, 12, 15, 8, 14, 11, 9, 5, 13, 0, 7, 3, 10], [15, 5, 11, 13, 3, 0, 7, 2, 14, 8, 12, 10, 4, 6, 9, 1], [10, 8, 12, 14, 6, 1, 4, 9, 3, 0, 7, 2, 11, 13, 15, 5], [9, 1, 4, 6, 14, 8, 12, 10, 13, 5, 11, 15, 7, 3, 2, 0], [2, 0, 7, 3, 13, 5, 11, 15, 6, 1, 4, 9, 12, 14, 10, 8], [11, 6, 9, 5, 0, 14, 10, 7, 8, 13, 15, 12, 2, 1, 4, 3], [12, 13, 15, 8, 1, 3, 2, 4, 0, 14, 10, 7, 9, 5, 11, 6], [4, 3, 2, 1, 8, 13, 15, 12, 5, 6, 9, 11, 10, 0, 7, 14], [7, 14, 10, 0, 5, 6, 9, 11, 1, 3, 2, 4, 15, 8, 12, 13]]","[[1, 7, 3, 2, 15, 11, 13, 8, 9, 4, 6, 5, 14, 10, 0, 12], [8, 11, 13, 15, 2, 7, 3, 1, 10, 12, 14, 0, 6, 9, 5, 4], [0, 12, 14, 10, 9, 4, 6, 5, 2, 7, 3, 1, 13, 15, 8, 11], [5, 4, 6, 9, 10, 12, 14, 0, 15, 11, 13, 8, 3, 2, 1, 7], [3, 10, 0, 7, 11, 9, 5, 13, 4, 2, 1, 6, 8, 12, 14, 15], [13, 9, 5, 11, 7, 10, 0, 3, 12, 15, 8, 14, 1, 4, 6, 2], [14, 15, 8, 12, 4, 2, 1, 6, 7, 10, 0, 3, 5, 11, 13, 9], [6, 2, 1, 4, 12, 15, 8, 14, 11, 9, 5, 13, 0, 7, 3, 10], [15, 5, 11, 13, 3, 0, 7, 2, 14, 8, 12, 10, 4, 6, 9, 1], [10, 8, 12, 14, 6, 1, 4, 3, 9, 0, 7, 2, 11, 13, 15, 5], [9, 1, 4, 6, 14, 8, 12, 10, 13, 5, 11, 15, 7, 3, 2, 0], [2, 0, 7, 3, 13, 5, 11, 15, 6, 1, 4, 9, 12, 14, 10, 8], [11, 6, 9, 5, 0, 14, 10, 7, 8, 13, 15, 12, 2, 1, 4, 3], [12, 13, 15, 8, 1, 3, 2, 4, 0, 14, 10, 7, 9, 5, 11, 6], [4, 3, 2, 1, 8, 13, 15, 12, 5, 6, 9, 11, 10, 0, 7, 14], [7, 14, 10, 0, 5, 6, 9, 11, 1, 3, 2, 4, 15, 8, 12, 13]]","[[1, 7, 3, 2, 15, 11, 13, 8, 9, 4, 6, 5, 14, 10, 0, 12], [8, 11, 13, 15, 2, 7, 3, 1, 10, 12, 14, 0, 6, 9, 5, 4], [0, 12, 14, 10, 9, 4, 6, 5, 2, 7, 3, 1, 13, 15, 8, 11], [5, 4, 6, 9, 10, 12, 14, 0, 15, 11, 13, 8, 3, 2, 1, 7], [3, 10, 0, 7, 11, 9, 5, 13, 4, 2, 1, 6, 8, 12, 14, 15], [13, 9, 5, 11, 7, 10, 0, 3, 12, 15, 8, 14, 1, 4, 6, 2], [14, 15, 8, 12, 4, 2, 1, 6, 7, 10, 0, 3, 5, 11, 13, 9], [6, 2, 1, 4, 12, 15, 8, 14, 11, 9, 5, 13, 0, 7, 3, 10], [15, 5, 11, 13, 3, 0, 7, 2, 14, 8, 12, 10, 4, 6, 9, 1], [10, 8, 12, 14, 6, 1, 4, 9, 3, 0, 7, 2, 11, 13, 15, 5], [9, 1, 4, 6, 14, 8, 12, 10, 13, 5, 11, 15, 7, 3, 2, 0], [2, 0, 7, 3, 13, 5, 11, 15, 6, 1, 4, 9, 12, 14, 10, 8], [11, 6, 9, 5, 0, 14, 10, 7, 8, 13, 15, 12, 2, 1, 4, 3], [12, 13, 15, 8, 1, 3, 2, 4, 0, 14, 10, 7, 9, 5, 11, 6], [4, 3, 2, 1, 8, 13, 15, 12, 5, 6, 9, 11, 10, 0, 7, 14], [7, 0, 10, 14, 5, 6, 9, 11, 1, 3, 2, 4, 15, 8, 12, 13]]","[[1, 7, 3, 2, 15, 11, 13, 8, 9, 4, 6, 5, 14, 10, 0, 12], [8, 11, 13, 15, 2, 7, 3, 1, 10, 12, 14, 0, 6, 9, 5, 4], [0, 12, 14, 10, 9, 4, 6, 5, 2, 7, 3, 1, 13, 15, 8, 11], [5, 4, 6, 9, 10, 12, 14, 0, 15, 11, 13, 8, 3, 2, 1, 7], [3, 10, 0, 7, 11, 9, 5, 13, 4, 2, 1, 6, 8, 12, 14, 15], [13, 9, 5, 11, 7, 10, 0, 3, 12, 15, 8, 14, 1, 4, 6, 2], [14, 15, 8, 12, 4, 2, 1, 6, 7, 10, 0, 3, 5, 11, 13, 9], [6, 2, 1, 4, 12, 15, 8, 14, 11, 9, 5, 13, 0, 7, 3, 10], [15, 5, 11, 13, 3, 0, 7, 2, 14, 8, 12, 10, 4, 6, 9, 1], [10, 8, 12, 14, 6, 1, 4, 7, 3, 0, 9, 2, 11, 13, 15, 5], [9, 1, 4, 6, 14, 8, 12, 10, 13, 5, 11, 15, 7, 3, 2, 0], [2, 0, 7, 3, 13, 5, 11, 15, 6, 1, 4, 9, 12, 14, 10, 8], [11, 6, 9, 5, 0, 14, 10, 7, 8, 13, 15, 12, 2, 1, 4, 3], [12, 13, 15, 8, 1, 3, 2, 4, 0, 14, 10, 7, 9, 5, 11, 6], [4, 3, 2, 1, 8, 13, 15, 12, 5, 6, 9, 11, 10, 0, 7, 14], [7, 14, 10, 0, 5, 6, 9, 11, 1, 3, 2, 4, 15, 8, 12, 13]]",A,"[[1, 7, 3, 2, 15, 11, 13, 8, 9, 4, 6, 5, 14, 10, 0, 12], [8, 11, 13, 15, 2, 7, 3, 1, 10, 12, 14, 0, 6, 9, 5, 4], [0, 12, 14, 10, 9, 4, 6, 5, 2, 7, 3, 1, 13, 15, 8, 11], [5, 4, 6, 9, 10, 12, 14, 0, 15, 11, 13, 8, 3, 2, 1, 7], [3, 10, 0, 7, 11, 9, 5, 13, 4, 2, 1, 6, 8, 12, 14, 15], [13, 9, 5, 11, 7, 10, 0, 3, 12, 15, 8, 14, 1, 4, 6, 2], [14, 15, 8, 12, 4, 2, 1, 6, 7, 10, 0, 3, 5, 11, 13, 9], [6, 2, 1, 4, 12, 15, 8, 14, 11, 9, 5, 13, 0, 7, 3, 10], [15, 5, 11, 13, 3, 0, 7, 2, 14, 8, 12, 10, 4, 6, 9, 1], [10, 8, 12, 14, 6, 1, 4, 9, 3, 0, 7, 2, 11, 13, 15, 5], [9, 1, 4, 6, 14, 8, 12, 10, 13, 5, 11, 15, 7, 3, 2, 0], [2, 0, 7, 3, 13, 5, 11, 15, 6, 1, 4, 9, 12, 14, 10, 8], [11, 6, 9, 5, 0, 14, 10, 7, 8, 13, 15, 12, 2, 1, 4, 3], [12, 13, 15, 8, 1, 3, 2, 4, 0, 14, 10, 7, 9, 5, 11, 6], [4, 3, 2, 1, 8, 13, 15, 12, 5, 6, 9, 11, 10, 0, 7, 14], [7, 14, 10, 0, 5, 6, 9, 11, 1, 3, 2, 4, 15, 8, 12, 13]]","{""num_givens"": 100, ""grid_size"": 16}"
sudoku_cf4_hex_0061,sudoku_cf4_hex,counterfactual,"[[null, 1, null, null, null, 3, null, null, null, null, 12, null, null, null, null, null], [12, null, null, null, null, 7, null, null, null, null, 15, null, null, null, null, 11], [null, 7, null, null, 2, null, null, 12, 1, null, null, 8, null, 15, null, 0], [15, 3, null, null, null, null, 8, null, null, null, 13, null, null, null, 4, 2], [0, null, 14, null, 8, null, null, 11, null, null, 9, 1, 3, null, 12, 6], [null, null, null, null, null, null, null, 9, null, null, 0, null, null, null, 5, 8], [11, null, null, 4, null, null, 7, 0, 12, 6, null, 3, null, null, 13, null], [null, null, null, null, null, null, 3, null, 5, 8, null, null, null, null, null, 14], [null, null, null, null, 13, 14, null, 7, null, null, null, 0, 11, null, 10, null], [null, null, 15, null, null, null, null, null, null, null, null, null, null, null, 8, null], [7, 14, null, null, 12, 8, null, null, null, null, 1, 11, 0, 3, 6, null], [null, null, 5, null, 15, 6, 0, 3, 8, 12, null, 2, null, 7, null, null], [14, 0, null, 13, 4, null, null, 8, 9, null, null, 5, null, null, null, null], [null, null, null, 15, 1, 9, null, null, null, null, null, 13, null, 8, null, 4], [8, 11, 4, 12, null, 0, 13, 14, null, null, 6, null, null, null, null, null], [10, null, 1, null, 3, null, null, 6, 11, null, null, null, 13, null, 0, 7]]","Solve the following hexadecimal Sudoku puzzle.
Rule change: The grid is 16×16 (instead of 9×9). The blocks are 4×4 (instead of 3×3). The valid symbols are the hexadecimal digits {0, 1, 2, 3, 4, 5, 6, 7, 8, 9, A, B, C, D, E, F}. Each row, column, and 4×4 block must contain each symbol exactly once.

Puzzle (. = empty cell):
. 1 . . | . 3 . . | . . C . | . . . .
C . . . | . 7 . . | . . F . | . . . B
. 7 . . | 2 . . C | 1 . . 8 | . F . .
F 3 . . | . . 8 . | . . D . | . . 4 2
-------------------------------------
. . E . | 8 . . B | . . 9 1 | 3 . C 6
. . . . | . . . 9 | . . . . | . . 5 8
B . . 4 | . . 7 . | C 6 . 3 | . . D .
. . . . | . . 3 . | 5 8 . . | . . . E
-------------------------------------
. . . . | D E . 7 | . . . . | B . A .
. . F . | . . . . | . . . . | . . 8 .
7 E . . | C 8 . . | . . 1 B | . 3 6 .
. . 5 . | F 6 . 3 | 8 C . 2 | . 7 . .
-------------------------------------
E . . D | 4 . . 8 | 9 . . 5 | . . . .
. . . F | 1 9 . . | . . . D | . 8 . 4
8 B 4 C | . . D E | . . 6 . | . . . .
A . 1 . | 3 . . 6 | B . . . | D . . 7

Which of the following is the correct completed solution?","[[5, 1, 11, 8, 0, 3, 14, 15, 4, 2, 12, 6, 10, 13, 7, 9], [12, 4, 2, 6, 9, 7, 10, 13, 3, 0, 15, 14, 8, 5, 1, 11], [13, 7, 6, 10, 2, 4, 9, 12, 1, 11, 5, 8, 14, 15, 3, 0], [15, 3, 0, 14, 11, 1, 8, 5, 7, 9, 13, 10, 6, 12, 4, 2], [0, 15, 14, 7, 8, 5, 4, 11, 13, 10, 9, 1, 3, 2, 12, 6], [2, 12, 6, 3, 10, 13, 1, 9, 15, 14, 0, 7, 4, 11, 5, 8], [11, 5, 8, 4, 14, 15, 7, 0, 12, 6, 2, 3, 1, 9, 13, 10], [9, 13, 10, 1, 6, 12, 3, 2, 5, 8, 11, 4, 7, 0, 15, 14], [4, 8, 12, 2, 13, 14, 9, 7, 6, 15, 3, 0, 11, 1, 10, 5], [3, 6, 15, 0, 5, 10, 11, 1, 14, 13, 7, 9, 2, 4, 8, 12], [7, 14, 13, 9, 12, 8, 2, 4, 10, 5, 1, 11, 0, 3, 6, 15], [1, 10, 5, 11, 15, 6, 0, 3, 8, 12, 4, 2, 9, 7, 14, 13], [14, 0, 7, 13, 4, 11, 12, 8, 9, 1, 10, 5, 15, 6, 2, 3], [6, 2, 3, 15, 1, 9, 5, 10, 0, 7, 14, 13, 12, 8, 11, 4], [8, 11, 4, 12, 7, 0, 13, 14, 2, 3, 6, 15, 5, 10, 9, 1], [10, 9, 1, 5, 3, 2, 15, 6, 11, 4, 8, 12, 13, 14, 0, 7]]","[[5, 1, 11, 8, 0, 3, 14, 15, 4, 2, 12, 6, 10, 13, 7, 9], [12, 4, 2, 6, 9, 7, 10, 13, 3, 0, 15, 14, 8, 5, 1, 11], [13, 7, 9, 10, 2, 4, 6, 12, 1, 11, 5, 8, 14, 15, 3, 0], [15, 3, 0, 14, 11, 1, 8, 5, 7, 9, 13, 10, 6, 12, 4, 2], [0, 15, 14, 7, 8, 5, 4, 11, 13, 10, 9, 1, 3, 2, 12, 6], [2, 12, 6, 3, 10, 13, 1, 9, 15, 14, 0, 7, 4, 11, 5, 8], [11, 5, 8, 4, 14, 15, 7, 0, 12, 6, 2, 3, 1, 9, 13, 10], [9, 13, 10, 1, 6, 12, 3, 2, 5, 8, 11, 4, 7, 0, 15, 14], [4, 8, 12, 2, 13, 14, 9, 7, 3, 15, 6, 0, 11, 1, 10, 5], [3, 6, 15, 0, 5, 10, 11, 1, 14, 13, 7, 9, 2, 4, 8, 12], [7, 14, 13, 9, 12, 8, 2, 4, 10, 5, 1, 11, 0, 3, 6, 15], [1, 10, 5, 11, 15, 6, 0, 3, 8, 12, 4, 2, 9, 7, 14, 13], [14, 0, 7, 13, 4, 11, 12, 8, 9, 1, 10, 5, 15, 6, 2, 3], [6, 2, 3, 15, 1, 9, 5, 10, 0, 7, 14, 13, 12, 8, 11, 4], [8, 11, 4, 12, 7, 0, 13, 14, 2, 3, 6, 15, 5, 10, 9, 1], [10, 9, 1, 5, 3, 2, 15, 6, 11, 4, 8, 12, 13, 14, 0, 7]]","[[5, 1, 11, 8, 0, 3, 14, 15, 4, 2, 12, 6, 10, 13, 7, 9], [12, 4, 2, 6, 9, 7, 10, 13, 3, 0, 15, 14, 8, 5, 1, 11], [13, 7, 9, 10, 2, 4, 6, 12, 1, 11, 5, 8, 14, 15, 3, 0], [15, 3, 0, 14, 11, 1, 8, 5, 7, 9, 13, 10, 6, 12, 4, 2], [0, 15, 14, 7, 8, 5, 4, 11, 13, 10, 9, 1, 3, 2, 12, 6], [2, 12, 6, 3, 10, 13, 1, 9, 15, 14, 0, 7, 4, 11, 5, 8], [11, 5, 8, 4, 14, 15, 7, 0, 12, 6, 2, 3, 1, 9, 13, 10], [9, 13, 10, 1, 6, 12, 3, 2, 5, 8, 11, 4, 7, 0, 15, 14], [4, 8, 12, 2, 13, 14, 9, 7, 6, 15, 3, 0, 11, 1, 10, 5], [3, 6, 15, 0, 5, 10, 11, 1, 14, 13, 7, 9, 2, 4, 8, 12], [7, 14, 2, 9, 12, 8, 13, 4, 10, 5, 1, 11, 0, 3, 6, 15], [1, 10, 5, 11, 15, 6, 0, 3, 8, 12, 4, 2, 9, 7, 14, 13], [14, 0, 7, 13, 4, 11, 12, 8, 9, 1, 10, 5, 15, 6, 2, 3], [6, 2, 3, 15, 1, 9, 5, 10, 0, 7, 14, 13, 12, 8, 11, 4], [8, 11, 4, 12, 7, 0, 13, 14, 2, 3, 6, 15, 5, 10, 9, 1], [10, 9, 1, 5, 3, 2, 15, 6, 11, 4, 8, 12, 13, 14, 0, 7]]","[[5, 1, 11, 8, 0, 3, 14, 15, 4, 2, 12, 6, 10, 13, 7, 9], [12, 4, 2, 6, 9, 7, 10, 13, 3, 0, 15, 14, 8, 5, 1, 11], [13, 7, 9, 10, 2, 4, 6, 12, 1, 11, 5, 8, 14, 15, 3, 0], [15, 3, 0, 14, 11, 1, 8, 5, 7, 9, 13, 10, 6, 12, 4, 2], [0, 15, 14, 7, 8, 5, 4, 11, 13, 10, 9, 1, 3, 2, 12, 6], [2, 12, 6, 3, 10, 13, 1, 9, 15, 14, 0, 7, 4, 11, 5, 8], [11, 5, 8, 4, 14, 15, 7, 0, 12, 6, 2, 3, 1, 9, 13, 10], [9, 13, 10, 1, 6, 12, 3, 2, 5, 8, 11, 4, 7, 0, 15, 14], [4, 8, 12, 2, 13, 14, 9, 7, 6, 15, 3, 0, 11, 1, 10, 5], [3, 6, 15, 0, 5, 10, 11, 1, 14, 13, 7, 9, 2, 4, 8, 12], [7, 14, 13, 9, 12, 8, 2, 4, 10, 5, 1, 11, 0, 3, 6, 15], [1, 10, 5, 11, 15, 6, 0, 3, 8, 12, 4, 2, 9, 7, 14, 13], [14, 0, 7, 13, 4, 11, 12, 8, 9, 1, 10, 5, 15, 6, 2, 3], [6, 2, 3, 15, 1, 9, 5, 10, 0, 7, 14, 13, 12, 8, 11, 4], [8, 11, 4, 12, 7, 0, 13, 14, 2, 3, 6, 15, 5, 10, 9, 1], [10, 9, 1, 5, 3, 2, 15, 6, 11, 4, 8, 12, 13, 14, 0, 7]]",D,"[[5, 1, 11, 8, 0, 3, 14, 15, 4, 2, 12, 6, 10, 13, 7, 9], [12, 4, 2, 6, 9, 7, 10, 13, 3, 0, 15, 14, 8, 5, 1, 11], [13, 7, 9, 10, 2, 4, 6, 12, 1, 11, 5, 8, 14, 15, 3, 0], [15, 3, 0, 14, 11, 1, 8, 5, 7, 9, 13, 10, 6, 12, 4, 2], [0, 15, 14, 7, 8, 5, 4, 11, 13, 10, 9, 1, 3, 2, 12, 6], [2, 12, 6, 3, 10, 13, 1, 9, 15, 14, 0, 7, 4, 11, 5, 8], [11, 5, 8, 4, 14, 15, 7, 0, 12, 6, 2, 3, 1, 9, 13, 10], [9, 13, 10, 1, 6, 12, 3, 2, 5, 8, 11, 4, 7, 0, 15, 14], [4, 8, 12, 2, 13, 14, 9, 7, 6, 15, 3, 0, 11, 1, 10, 5], [3, 6, 15, 0, 5, 10, 11, 1, 14, 13, 7, 9, 2, 4, 8, 12], [7, 14, 13, 9, 12, 8, 2, 4, 10, 5, 1, 11, 0, 3, 6, 15], [1, 10, 5, 11, 15, 6, 0, 3, 8, 12, 4, 2, 9, 7, 14, 13], [14, 0, 7, 13, 4, 11, 12, 8, 9, 1, 10, 5, 15, 6, 2, 3], [6, 2, 3, 15, 1, 9, 5, 10, 0, 7, 14, 13, 12, 8, 11, 4], [8, 11, 4, 12, 7, 0, 13, 14, 2, 3, 6, 15, 5, 10, 9, 1], [10, 9, 1, 5, 3, 2, 15, 6, 11, 4, 8, 12, 13, 14, 0, 7]]","{""num_givens"": 100, ""grid_size"": 16}"
sudoku_cf4_hex_0062,sudoku_cf4_hex,counterfactual,"[[null, 5, null, null, 4, 9, null, null, null, null, null, 13, 8, 11, null, null], [1, null, null, null, null, null, 15, null, null, null, 3, null, null, null, null, 10], [null, null, 12, null, null, 14, null, null, null, null, 2, null, null, null, 4, null], [null, 8, null, null, null, null, 7, null, null, null, null, 9, 0, 15, null, 13], [null, 10, null, null, null, null, null, null, null, 13, 1, 4, 14, 0, null, 12], [null, null, null, null, 1, null, null, 13, null, null, null, null, null, 8, 11, 3], [0, null, 15, null, null, null, null, 10, 5, null, null, 2, null, null, null, null], [null, null, 1, 4, 15, null, null, null, null, null, 11, null, null, null, null, null], [14, 3, null, null, null, 11, null, 2, null, 4, null, null, 12, 13, null, null], [13, 12, 6, null, 0, 15, null, null, null, 2, 8, 11, null, 9, null, 7], [9, null, null, 7, 6, 1, 13, null, 14, null, 0, null, 2, 10, null, null], [10, 2, 8, null, 5, 7, 9, 4, null, 12, null, null, 3, null, 0, 15], [null, 15, 13, null, null, null, null, 11, null, null, null, 8, null, 4, null, null], [null, 1, 9, null, null, null, 12, null, 3, 11, null, 0, 7, null, 10, null], [null, null, null, null, 10, 8, null, null, null, 1, null, null, null, null, null, 6], [2, null, null, null, null, null, null, null, 12, 15, null, 6, null, null, null, 0]]","Solve the following hexadecimal Sudoku puzzle.
Rule change: The grid is 16×16 (instead of 9×9). The blocks are 4×4 (instead of 3×3). The valid symbols are the hexadecimal digits {0, 1, 2, 3, 4, 5, 6, 7, 8, 9, A, B, C, D, E, F}. Each row, column, and 4×4 block must contain each symbol exactly once.

Puzzle (. = empty cell):
. 5 . . | 4 9 . . | . . . D | 8 B . .
1 . . . | . . F . | . . 3 . | . . . A
. . C . | . E . . | . . 2 . | . . 4 .
. 8 . . | . . 7 . | . . . 9 | . F . D
-------------------------------------
. A . . | . . . . | . D 1 4 | E . . C
. . . . | 1 . . D | . . . . | . 8 B 3
. . F . | . . . A | 5 . . 2 | . . . .
. . 1 4 | F . . . | . . B . | . . . .
-------------------------------------
E 3 . . | . B . 2 | . 4 . . | C D . .
D C 6 . | . F . . | . 2 8 B | . 9 . 7
9 . . 7 | 6 1 D . | E . . . | 2 A . .
A 2 8 . | 5 7 9 4 | . C . . | 3 . . F
-------------------------------------
. F D . | . . . B | . . . 8 | . 4 . .
. 1 9 . | . . C . | 3 B . . | 7 . A .
. . . . | A 8 . . | . 1 . . | . . . 6
2 . . . | . . . . | C F . 6 | . . . .

Which of the following is the correct completed solution?","[[7, 5, 2, 10, 4, 9, 1, 6, 15, 0, 12, 13, 8, 11, 3, 14], [1, 5, 4, 9, 12, 13, 15, 0, 11, 8, 3, 14, 6, 7, 2, 10], [15, 0, 12, 13, 3, 14, 11, 8, 7, 5, 2, 10, 6, 1, 4, 9], [11, 8, 3, 14, 2, 10, 7, 5, 1, 6, 4, 9, 0, 15, 12, 13], [8, 10, 11, 3, 7, 2, 5, 9, 6, 13, 1, 4, 14, 0, 15, 12], [5, 9, 7, 2, 1, 4, 6, 13, 0, 14, 15, 12, 10, 8, 11, 3], [0, 14, 15, 12, 11, 3, 8, 10, 5, 9, 7, 2, 13, 6, 1, 4], [6, 13, 1, 4, 15, 12, 0, 14, 8, 10, 11, 3, 9, 5, 7, 2], [14, 3, 0, 15, 8, 11, 10, 2, 9, 4, 5, 7, 12, 13, 6, 1], [13, 12, 6, 1, 0, 15, 14, 3, 10, 2, 8, 11, 4, 9, 5, 7], [9, 4, 5, 7, 6, 1, 13, 12, 14, 3, 0, 15, 2, 10, 8, 11], [10, 2, 8, 11, 5, 7, 9, 4, 13, 12, 6, 1, 3, 14, 0, 15], [12, 15, 13, 6, 14, 0, 3, 11, 2, 7, 10, 8, 1, 4, 9, 5], [4, 1, 9, 5, 13, 6, 12, 15, 3, 11, 14, 0, 7, 2, 10, 8], [3, 11, 14, 0, 10, 8, 2, 7, 4, 1, 9, 5, 15, 12, 13, 6], [2, 7, 10, 8, 9, 5, 4, 1, 12, 15, 13, 6, 11, 3, 14, 0]]","[[7, 5, 2, 10, 4, 9, 1, 6, 15, 0, 12, 13, 8, 11, 3, 14], [1, 6, 4, 9, 12, 13, 15, 0, 11, 8, 3, 14, 5, 7, 2, 10], [15, 0, 12, 13, 3, 14, 11, 8, 7, 5, 2, 10, 6, 1, 4, 9], [11, 8, 3, 14, 2, 10, 7, 5, 1, 6, 4, 9, 0, 15, 12, 13], [8, 10, 11, 3, 7, 2, 5, 9, 6, 13, 1, 4, 14, 0, 15, 12], [5, 9, 7, 2, 1, 4, 6, 13, 0, 14, 15, 12, 10, 8, 11, 3], [0, 14, 15, 12, 11, 3, 8, 10, 5, 9, 7, 2, 13, 6, 1, 4], [6, 13, 1, 4, 15, 12, 0, 14, 8, 10, 11, 3, 9, 5, 7, 2], [14, 3, 0, 15, 8, 11, 10, 2, 9, 4, 5, 7, 12, 13, 6, 1], [13, 12, 6, 1, 0, 15, 14, 3, 10, 2, 8, 11, 4, 9, 5, 7], [9, 4, 5, 7, 6, 1, 13, 12, 14, 3, 0, 15, 2, 10, 8, 11], [10, 2, 8, 11, 5, 7, 9, 4, 13, 12, 6, 1, 3, 14, 0, 15], [12, 15, 13, 6, 14, 0, 3, 11, 2, 7, 10, 8, 1, 4, 9, 5], [4, 1, 9, 5, 13, 2, 12, 15, 3, 11, 14, 0, 7, 6, 10, 8], [3, 11, 14, 0, 10, 8, 2, 7, 4, 1, 9, 5, 15, 12, 13, 6], [2, 7, 10, 8, 9, 5, 4, 1, 12, 15, 13, 6, 11, 3, 14, 0]]","[[7, 5, 2, 10, 4, 9, 1, 6, 15, 0, 12, 13, 8, 11, 3, 14], [1, 6, 4, 9, 12, 13, 15, 0, 11, 8, 3, 14, 5, 7, 2, 10], [15, 0, 12, 13, 3, 14, 11, 8, 7, 5, 2, 10, 6, 1, 4, 9], [11, 8, 3, 14, 2, 10, 7, 5, 1, 6, 4, 9, 0, 15, 12, 13], [8, 10, 11, 3, 7, 2, 5, 9, 6, 13, 1, 4, 14, 0, 15, 12], [5, 9, 7, 2, 1, 4, 6, 13, 0, 14, 15, 12, 10, 8, 11, 3], [0, 14, 15, 12, 11, 3, 8, 10, 5, 9, 7, 2, 13, 6, 1, 4], [6, 13, 1, 4, 15, 12, 0, 14, 8, 10, 11, 3, 9, 5, 7, 2], [14, 3, 0, 15, 8, 11, 10, 2, 9, 4, 1, 7, 12, 13, 6, 5], [13, 12, 6, 1, 0, 15, 14, 3, 10, 2, 8, 11, 4, 9, 5, 7], [9, 4, 5, 7, 6, 1, 13, 12, 14, 3, 0, 15, 2, 10, 8, 11], [10, 2, 8, 11, 5, 7, 9, 4, 13, 12, 6, 1, 3, 14, 0, 15], [12, 15, 13, 6, 14, 0, 3, 11, 2, 7, 10, 8, 1, 4, 9, 5], [4, 1, 9, 5, 13, 6, 12, 15, 3, 11, 14, 0, 7, 2, 10, 8], [3, 11, 14, 0, 10, 8, 2, 7, 4, 1, 9, 5, 15, 12, 13, 6], [2, 7, 10, 8, 9, 5, 4, 1, 12, 15, 13, 6, 11, 3, 14, 0]]","[[7, 5, 2, 10, 4, 9, 1, 6, 15, 0, 12, 13, 8, 11, 3, 14], [1, 6, 4, 9, 12, 13, 15, 0, 11, 8, 3, 14, 5, 7, 2, 10], [15, 0, 12, 13, 3, 14, 11, 8, 7, 5, 2, 10, 6, 1, 4, 9], [11, 8, 3, 14, 2, 10, 7, 5, 1, 6, 4, 9, 0, 15, 12, 13], [8, 10, 11, 3, 7, 2, 5, 9, 6, 13, 1, 4, 14, 0, 15, 12], [5, 9, 7, 2, 1, 4, 6, 13, 0, 14, 15, 12, 10, 8, 11, 3], [0, 14, 15, 12, 11, 3, 8, 10, 5, 9, 7, 2, 13, 6, 1, 4], [6, 13, 1, 4, 15, 12, 0, 14, 8, 10, 11, 3, 9, 5, 7, 2], [14, 3, 0, 15, 8, 11, 10, 2, 9, 4, 5, 7, 12, 13, 6, 1], [13, 12, 6, 1, 0, 15, 14, 3, 10, 2, 8, 11, 4, 9, 5, 7], [9, 4, 5, 7, 6, 1, 13, 12, 14, 3, 0, 15, 2, 10, 8, 11], [10, 2, 8, 11, 5, 7, 9, 4, 13, 12, 6, 1, 3, 14, 0, 15], [12, 15, 13, 6, 14, 0, 3, 11, 2, 7, 10, 8, 1, 4, 9, 5], [4, 1, 9, 5, 13, 6, 12, 15, 3, 11, 14, 0, 7, 2, 10, 8], [3, 11, 14, 0, 10, 8, 2, 7, 4, 1, 9, 5, 15, 12, 13, 6], [2, 7, 10, 8, 9, 5, 4, 1, 12, 15, 13, 6, 11, 3, 14, 0]]",D,"[[7, 5, 2, 10, 4, 9, 1, 6, 15, 0, 12, 13, 8, 11, 3, 14], [1, 6, 4, 9, 12, 13, 15, 0, 11, 8, 3, 14, 5, 7, 2, 10], [15, 0, 12, 13, 3, 14, 11, 8, 7, 5, 2, 10, 6, 1, 4, 9], [11, 8, 3, 14, 2, 10, 7, 5, 1, 6, 4, 9, 0, 15, 12, 13], [8, 10, 11, 3, 7, 2, 5, 9, 6, 13, 1, 4, 14, 0, 15, 12], [5, 9, 7, 2, 1, 4, 6, 13, 0, 14, 15, 12, 10, 8, 11, 3], [0, 14, 15, 12, 11, 3, 8, 10, 5, 9, 7, 2, 13, 6, 1, 4], [6, 13, 1, 4, 15, 12, 0, 14, 8, 10, 11, 3, 9, 5, 7, 2], [14, 3, 0, 15, 8, 11, 10, 2, 9, 4, 5, 7, 12, 13, 6, 1], [13, 12, 6, 1, 0, 15, 14, 3, 10, 2, 8, 11, 4, 9, 5, 7], [9, 4, 5, 7, 6, 1, 13, 12, 14, 3, 0, 15, 2, 10, 8, 11], [10, 2, 8, 11, 5, 7, 9, 4, 13, 12, 6, 1, 3, 14, 0, 15], [12, 15, 13, 6, 14, 0, 3, 11, 2, 7, 10, 8, 1, 4, 9, 5], [4, 1, 9, 5, 13, 6, 12, 15, 3, 11, 14, 0, 7, 2, 10, 8], [3, 11, 14, 0, 10, 8, 2, 7, 4, 1, 9, 5, 15, 12, 13, 6], [2, 7, 10, 8, 9, 5, 4, 1, 12, 15, 13, 6, 11, 3, 14, 0]]","{""num_givens"": 100, ""grid_size"": 16}"
sudoku_cf4_hex_0063,sudoku_cf4_hex,counterfactual,"[[null, null, null, 4, null, 5, null, 14, null, null, null, 9, 11, 7, null, null], [null, null, null, 2, null, null, null, 13, 15, null, 8, 14, null, 1, null, 10], [null, 14, null, null, 1, null, null, null, null, 3, null, 13, null, 0, 9, 6], [3, 13, null, null, 0, null, null, 9, null, null, 1, 12, 15, null, 14, null], [14, null, 6, 0, null, null, 7, null, 8, null, null, 15, null, null, 4, null], [null, 11, 3, null, null, null, 0, 2, 1, null, null, null, null, null, null, null], [9, null, null, null, null, 13, null, null, 0, null, null, 2, null, 3, 11, null], [13, null, 5, 8, null, null, 1, 4, 7, null, null, null, null, 6, 2, 14], [null, null, 4, 12, 15, null, null, null, 9, 0, 2, 10, null, null, null, null], [null, null, 11, null, 2, null, 9, 10, null, null, null, 3, null, null, null, null], [0, null, 2, 9, null, null, null, null, null, null, 15, null, null, 4, 3, 1], [null, null, null, 14, 4, null, null, null, null, 7, null, null, null, 2, null, 0], [null, null, null, null, null, null, 10, 1, null, null, 12, null, null, null, null, null], [null, 7, 12, null, null, null, 6, null, null, null, null, null, null, 13, null, null], [null, 1, null, 10, 13, null, null, 8, 6, null, 14, null, null, null, 7, 4], [15, null, 14, null, null, null, null, null, null, 11, 13, 8, 10, null, null, null]]","Solve the following hexadecimal Sudoku puzzle.
Rule change: The grid is 16×16 (instead of 9×9). The blocks are 4×4 (instead of 3×3). The valid symbols are the hexadecimal digits {0, 1, 2, 3, 4, 5, 6, 7, 8, 9, A, B, C, D, E, F}. Each row, column, and 4×4 block must contain each symbol exactly once.

Puzzle (. = empty cell):
. . . 4 | . 5 . E | . . . 9 | B 7 . .
. . . 2 | . . . D | F . 8 E | . 1 . A
. E . . | 1 . . . | . 3 . D | . . 9 6
3 D . . | . . . 9 | . . 1 C | F . E .
-------------------------------------
E . 6 . | . . 7 . | 8 . . F | . . 4 .
. B 3 . | . . . 2 | 1 . . . | . . . .
9 . . . | . D . . | . . . 2 | . 3 B .
D . 5 8 | . . 1 4 | 7 . . . | . 6 2 E
-------------------------------------
. . 4 C | F . . . | 9 . 2 A | . . . .
. . B . | 2 . 9 A | . . . 3 | . . . .
. . 2 9 | . . . . | . . F . | . 4 3 1
. . . E | 4 . . . | . 7 . . | . 2 . .
-------------------------------------
. . . . | . . A 1 | . . C . | . . . .
. 7 C . | . . 6 . | . . . . | . D . .
. 1 . A | D . . 8 | 6 . E . | . . 7 4
F . E . | . . . . | . B D 8 | A . . .

Which of the following is the correct completed solution?","[[10, 12, 1, 4, 8, 5, 15, 14, 2, 6, 0, 9, 11, 7, 13, 3], [6, 9, 0, 2, 7, 3, 11, 13, 15, 5, 8, 14, 4, 1, 12, 10], [5, 14, 8, 15, 1, 10, 4, 12, 11, 3, 7, 13, 2, 0, 9, 6], [3, 13, 7, 11, 0, 6, 2, 9, 4, 10, 1, 12, 15, 8, 14, 5], [14, 2, 6, 0, 3, 12, 7, 11, 8, 13, 5, 15, 1, 10, 4, 9], [12, 11, 3, 7, 6, 14, 0, 2, 1, 9, 10, 4, 8, 5, 15, 13], [9, 4, 10, 1, 5, 13, 8, 15, 0, 14, 6, 2, 7, 3, 11, 12], [13, 15, 5, 8, 10, 9, 1, 4, 7, 12, 3, 11, 0, 6, 2, 14], [1, 3, 4, 12, 15, 8, 14, 6, 9, 0, 2, 10, 13, 11, 5, 7], [7, 5, 11, 13, 2, 0, 9, 10, 12, 1, 4, 3, 14, 15, 6, 8], [0, 10, 2, 9, 11, 7, 13, 5, 14, 8, 15, 6, 12, 4, 3, 1], [8, 6, 15, 14, 4, 1, 12, 3, 13, 7, 11, 5, 9, 2, 10, 0], [11, 8, 13, 5, 9, 2, 10, 1, 3, 4, 12, 7, 6, 14, 0, 15], [4, 7, 12, 3, 14, 15, 6, 0, 10, 2, 9, 1, 5, 13, 8, 11], [2, 1, 9, 10, 13, 11, 5, 8, 6, 15, 14, 0, 3, 12, 7, 4], [15, 0, 14, 6, 12, 4, 3, 7, 5, 11, 13, 8, 10, 9, 1, 2]]","[[10, 12, 1, 4, 8, 5, 15, 14, 2, 6, 0, 9, 11, 7, 13, 3], [6, 9, 0, 2, 7, 3, 11, 13, 15, 5, 8, 14, 4, 1, 12, 10], [5, 14, 8, 15, 1, 10, 4, 12, 11, 3, 7, 13, 2, 0, 9, 6], [3, 13, 7, 11, 0, 6, 2, 9, 4, 10, 1, 12, 15, 8, 14, 5], [14, 2, 6, 0, 3, 12, 7, 11, 8, 13, 5, 15, 1, 10, 4, 9], [12, 11, 3, 7, 6, 10, 0, 2, 1, 9, 14, 4, 8, 5, 15, 13], [9, 4, 10, 1, 5, 13, 8, 15, 0, 14, 6, 2, 7, 3, 11, 12], [13, 15, 5, 8, 10, 9, 1, 4, 7, 12, 3, 11, 0, 6, 2, 14], [1, 3, 4, 12, 15, 8, 14, 6, 9, 0, 2, 10, 13, 11, 5, 7], [7, 5, 11, 13, 2, 0, 9, 10, 12, 1, 4, 3, 14, 15, 6, 8], [0, 10, 2, 9, 11, 7, 13, 5, 14, 8, 15, 6, 12, 4, 3, 1], [8, 6, 15, 14, 4, 1, 12, 3, 13, 7, 11, 5, 9, 2, 10, 0], [11, 8, 13, 5, 9, 2, 10, 1, 3, 4, 12, 7, 6, 14, 0, 15], [4, 7, 12, 3, 14, 15, 6, 0, 10, 2, 9, 1, 5, 13, 8, 11], [2, 1, 9, 10, 13, 11, 5, 8, 6, 15, 14, 0, 3, 12, 7, 4], [15, 0, 14, 6, 12, 4, 3, 7, 5, 11, 13, 8, 10, 9, 1, 2]]","[[8, 12, 1, 4, 10, 5, 15, 14, 2, 6, 0, 9, 11, 7, 13, 3], [6, 9, 0, 2, 7, 3, 11, 13, 15, 5, 8, 14, 4, 1, 12, 10], [5, 14, 8, 15, 1, 10, 4, 12, 11, 3, 7, 13, 2, 0, 9, 6], [3, 13, 7, 11, 0, 6, 2, 9, 4, 10, 1, 12, 15, 8, 14, 5], [14, 2, 6, 0, 3, 12, 7, 11, 8, 13, 5, 15, 1, 10, 4, 9], [12, 11, 3, 7, 6, 14, 0, 2, 1, 9, 10, 4, 8, 5, 15, 13], [9, 4, 10, 1, 5, 13, 8, 15, 0, 14, 6, 2, 7, 3, 11, 12], [13, 15, 5, 8, 10, 9, 1, 4, 7, 12, 3, 11, 0, 6, 2, 14], [1, 3, 4, 12, 15, 8, 14, 6, 9, 0, 2, 10, 13, 11, 5, 7], [7, 5, 11, 13, 2, 0, 9, 10, 12, 1, 4, 3, 14, 15, 6, 8], [0, 10, 2, 9, 11, 7, 13, 5, 14, 8, 15, 6, 12, 4, 3, 1], [8, 6, 15, 14, 4, 1, 12, 3, 13, 7, 11, 5, 9, 2, 10, 0], [11, 8, 13, 5, 9, 2, 10, 1, 3, 4, 12, 7, 6, 14, 0, 15], [4, 7, 12, 3, 14, 15, 6, 0, 10, 2, 9, 1, 5, 13, 8, 11], [2, 1, 9, 10, 13, 11, 5, 8, 6, 15, 14, 0, 3, 12, 7, 4], [15, 0, 14, 6, 12, 4, 3, 7, 5, 11, 13, 8, 10, 9, 1, 2]]","[[12, 10, 1, 4, 8, 5, 15, 14, 2, 6, 0, 9, 11, 7, 13, 3], [6, 9, 0, 2, 7, 3, 11, 13, 15, 5, 8, 14, 4, 1, 12, 10], [5, 14, 8, 15, 1, 10, 4, 12, 11, 3, 7, 13, 2, 0, 9, 6], [3, 13, 7, 11, 0, 6, 2, 9, 4, 10, 1, 12, 15, 8, 14, 5], [14, 2, 6, 0, 3, 12, 7, 11, 8, 13, 5, 15, 1, 10, 4, 9], [12, 11, 3, 7, 6, 14, 0, 2, 1, 9, 10, 4, 8, 5, 15, 13], [9, 4, 10, 1, 5, 13, 8, 15, 0, 14, 6, 2, 7, 3, 11, 12], [13, 15, 5, 8, 10, 9, 1, 4, 7, 12, 3, 11, 0, 6, 2, 14], [1, 3, 4, 12, 15, 8, 14, 6, 9, 0, 2, 10, 13, 11, 5, 7], [7, 5, 11, 13, 2, 0, 9, 10, 12, 1, 4, 3, 14, 15, 6, 8], [0, 10, 2, 9, 11, 7, 13, 5, 14, 8, 15, 6, 12, 4, 3, 1], [8, 6, 15, 14, 4, 1, 12, 3, 13, 7, 11, 5, 9, 2, 10, 0], [11, 8, 13, 5, 9, 2, 10, 1, 3, 4, 12, 7, 6, 14, 0, 15], [4, 7, 12, 3, 14, 15, 6, 0, 10, 2, 9, 1, 5, 13, 8, 11], [2, 1, 9, 10, 13, 11, 5, 8, 6, 15, 14, 0, 3, 12, 7, 4], [15, 0, 14, 6, 12, 4, 3, 7, 5, 11, 13, 8, 10, 9, 1, 2]]",A,"[[10, 12, 1, 4, 8, 5, 15, 14, 2, 6, 0, 9, 11, 7, 13, 3], [6, 9, 0, 2, 7, 3, 11, 13, 15, 5, 8, 14, 4, 1, 12, 10], [5, 14, 8, 15, 1, 10, 4, 12, 11, 3, 7, 13, 2, 0, 9, 6], [3, 13, 7, 11, 0, 6, 2, 9, 4, 10, 1, 12, 15, 8, 14, 5], [14, 2, 6, 0, 3, 12, 7, 11, 8, 13, 5, 15, 1, 10, 4, 9], [12, 11, 3, 7, 6, 14, 0, 2, 1, 9, 10, 4, 8, 5, 15, 13], [9, 4, 10, 1, 5, 13, 8, 15, 0, 14, 6, 2, 7, 3, 11, 12], [13, 15, 5, 8, 10, 9, 1, 4, 7, 12, 3, 11, 0, 6, 2, 14], [1, 3, 4, 12, 15, 8, 14, 6, 9, 0, 2, 10, 13, 11, 5, 7], [7, 5, 11, 13, 2, 0, 9, 10, 12, 1, 4, 3, 14, 15, 6, 8], [0, 10, 2, 9, 11, 7, 13, 5, 14, 8, 15, 6, 12, 4, 3, 1], [8, 6, 15, 14, 4, 1, 12, 3, 13, 7, 11, 5, 9, 2, 10, 0], [11, 8, 13, 5, 9, 2, 10, 1, 3, 4, 12, 7, 6, 14, 0, 15], [4, 7, 12, 3, 14, 15, 6, 0, 10, 2, 9, 1, 5, 13, 8, 11], [2, 1, 9, 10, 13, 11, 5, 8, 6, 15, 14, 0, 3, 12, 7, 4], [15, 0, 14, 6, 12, 4, 3, 7, 5, 11, 13, 8, 10, 9, 1, 2]]","{""num_givens"": 100, ""grid_size"": 16}"
sudoku_cf4_hex_0064,sudoku_cf4_hex,counterfactual,"[[null, 14, null, null, 10, null, null, null, null, 8, null, 15, 6, null, null, 7], [null, null, null, 1, null, null, 0, null, 2, null, null, 5, 3, null, 12, 14], [null, 10, null, null, null, null, 12, null, null, null, 7, null, 1, 8, null, null], [null, 7, 4, 6, null, 8, 15, 1, null, 13, null, null, 2, null, null, null], [null, null, 10, null, 3, 14, null, null, 12, 7, null, 4, null, null, 8, null], [null, 6, null, 12, null, 9, null, null, null, null, 3, null, 0, 10, null, null], [null, null, 9, null, 6, null, null, null, null, null, null, 11, null, 14, null, null], [null, null, 14, null, 2, null, null, null, null, 9, 1, 8, null, null, null, null], [null, null, null, 10, null, 12, 6, 14, null, null, null, null, null, null, null, 8], [null, null, null, 7, 8, null, null, 9, null, 12, 13, null, null, 5, 1, 11], [6, null, null, 14, 11, null, null, null, null, null, null, null, 7, null, 2, null], [null, null, 15, null, 4, null, null, null, null, null, 11, null, null, null, null, 13], [null, 0, null, 4, null, 3, 14, null, null, 6, null, 7, null, null, 9, 5], [9, null, 1, 11, null, 6, 7, 13, null, 2, 0, 10, 8, 3, null, null], [7, null, null, null, 5, null, null, null, 8, 3, null, 14, null, null, 10, 0], [null, null, null, null, null, null, 10, null, 11, 1, null, 9, null, null, null, null]]","Solve the following hexadecimal Sudoku puzzle.
Rule change: The grid is 16×16 (instead of 9×9). The blocks are 4×4 (instead of 3×3). The valid symbols are the hexadecimal digits {0, 1, 2, 3, 4, 5, 6, 7, 8, 9, A, B, C, D, E, F}. Each row, column, and 4×4 block must contain each symbol exactly once.

Puzzle (. = empty cell):
. E . . | A . . . | . 8 . F | 6 . . 7
. . . 1 | . . . . | 2 . . 5 | 3 . C E
. A . . | . . C . | . . 7 . | 1 8 . .
. 7 4 6 | . 8 F 1 | . D . . | 2 . . .
-------------------------------------
. . A . | 3 E . . | C 7 . 4 | . . 8 .
. 6 . C | . 9 . . | . . 3 . | . A . .
. . 9 . | 6 . . . | . . . B | . E . .
. . E . | 2 . . . | . 9 1 8 | . . . .
-------------------------------------
. . . A | . C 6 E | . . . . | . . . 8
. . . 7 | 8 . . 9 | . C D . | . 5 1 B
6 . . E | B . . . | . . . . | 7 . 2 .
. . F . | 4 . . . | . . B . | . . . D
-------------------------------------
. . . 4 | . 3 E . | . 6 . 7 | . . 9 5
9 . 1 B | . 6 7 D | . 2 . A | 8 3 . .
7 . . . | 5 . . . | 8 3 . E | . . A .
. . . . | . . A . | B 1 . 9 | . . . .

Which of the following is the correct completed solution?","[[12, 14, 13, 3, 10, 11, 5, 2, 1, 8, 9, 15, 6, 4, 0, 7], [15, 9, 8, 1, 7, 4, 0, 6, 2, 11, 10, 5, 3, 13, 12, 14], [5, 10, 11, 2, 14, 13, 12, 3, 6, 4, 7, 0, 1, 8, 15, 9], [0, 7, 4, 6, 9, 8, 15, 1, 3, 13, 14, 12, 2, 11, 5, 10], [11, 2, 10, 0, 3, 14, 13, 15, 12, 7, 6, 4, 5, 9, 8, 1], [4, 6, 7, 12, 1, 9, 8, 5, 15, 14, 3, 13, 0, 10, 11, 2], [8, 1, 9, 5, 6, 7, 4, 12, 0, 10, 2, 11, 15, 14, 13, 3], [13, 3, 14, 15, 2, 10, 11, 0, 5, 9, 1, 8, 12, 7, 4, 6], [1, 13, 5, 10, 11, 12, 6, 14, 7, 0, 4, 2, 9, 15, 3, 8], [2, 4, 0, 7, 8, 15, 3, 9, 14, 12, 13, 6, 10, 5, 1, 11], [6, 13, 12, 14, 11, 5, 1, 10, 9, 15, 8, 3, 7, 0, 2, 4], [3, 8, 15, 9, 4, 0, 2, 7, 10, 5, 11, 1, 14, 12, 6, 13], [10, 0, 2, 4, 15, 3, 14, 8, 13, 6, 12, 7, 11, 1, 9, 5], [9, 5, 1, 11, 12, 6, 7, 13, 4, 2, 0, 10, 8, 3, 14, 15], [7, 12, 6, 13, 5, 1, 9, 11, 8, 3, 15, 14, 4, 2, 10, 0], [14, 15, 3, 8, 0, 2, 10, 4, 11, 1, 5, 9, 13, 6, 7, 12]]","[[12, 14, 13, 3, 10, 11, 5, 2, 1, 8, 9, 15, 6, 4, 0, 7], [15, 9, 8, 1, 7, 4, 0, 6, 2, 11, 10, 5, 3, 13, 12, 14], [5, 10, 11, 2, 14, 13, 12, 3, 6, 4, 7, 0, 1, 8, 15, 9], [0, 7, 4, 6, 9, 8, 15, 1, 3, 13, 14, 12, 2, 11, 5, 10], [11, 2, 10, 0, 3, 14, 13, 15, 12, 7, 6, 4, 5, 9, 8, 1], [4, 6, 7, 12, 1, 9, 8, 5, 15, 14, 3, 13, 0, 10, 11, 2], [8, 1, 9, 5, 6, 7, 4, 12, 0, 10, 2, 11, 15, 14, 13, 3], [13, 3, 14, 15, 2, 10, 11, 0, 5, 9, 1, 8, 12, 7, 4, 6], [1, 11, 5, 10, 13, 12, 6, 14, 7, 0, 4, 2, 9, 15, 3, 8], [2, 4, 0, 7, 8, 15, 3, 9, 14, 12, 13, 6, 10, 5, 1, 11], [6, 13, 12, 14, 11, 5, 1, 10, 9, 15, 8, 3, 7, 0, 2, 4], [3, 8, 15, 9, 4, 0, 2, 7, 10, 5, 11, 1, 14, 12, 6, 13], [10, 0, 2, 4, 15, 3, 14, 8, 13, 6, 12, 7, 11, 1, 9, 5], [9, 5, 1, 11, 12, 6, 7, 13, 4, 2, 0, 10, 8, 3, 14, 15], [7, 9, 6, 13, 5, 1, 12, 11, 8, 3, 15, 14, 4, 2, 10, 0], [14, 15, 3, 8, 0, 2, 10, 4, 11, 1, 5, 9, 13, 6, 7, 12]]","[[12, 14, 13, 3, 10, 11, 5, 2, 1, 8, 9, 15, 6, 4, 0, 7], [15, 9, 8, 1, 7, 4, 0, 6, 2, 11, 10, 5, 3, 13, 12, 14], [5, 10, 11, 2, 14, 13, 12, 3, 6, 4, 7, 0, 1, 8, 15, 9], [0, 7, 4, 6, 9, 8, 15, 1, 3, 13, 14, 12, 2, 11, 5, 10], [11, 2, 10, 0, 3, 14, 13, 15, 12, 7, 6, 4, 5, 9, 8, 1], [4, 6, 7, 12, 1, 9, 8, 5, 15, 14, 3, 13, 0, 10, 11, 2], [8, 1, 9, 5, 6, 7, 4, 12, 0, 10, 2, 11, 15, 14, 13, 3], [13, 3, 14, 15, 2, 10, 11, 0, 5, 9, 1, 8, 12, 7, 4, 6], [1, 11, 5, 10, 13, 12, 6, 14, 7, 0, 4, 2, 9, 15, 3, 8], [2, 4, 0, 7, 8, 15, 3, 9, 14, 12, 13, 6, 10, 5, 1, 11], [6, 13, 12, 14, 11, 5, 1, 10, 9, 15, 8, 3, 7, 0, 2, 4], [3, 8, 15, 9, 4, 0, 2, 7, 10, 5, 11, 1, 14, 12, 6, 13], [10, 0, 2, 4, 15, 3, 14, 8, 13, 6, 12, 7, 11, 1, 9, 5], [9, 5, 1, 11, 12, 6, 7, 13, 4, 2, 0, 10, 8, 3, 14, 15], [7, 12, 6, 13, 5, 1, 9, 11, 8, 3, 15, 14, 4, 2, 10, 0], [14, 15, 3, 8, 0, 2, 10, 4, 11, 1, 5, 9, 13, 6, 7, 12]]","[[12, 14, 13, 3, 10, 11, 5, 2, 1, 8, 9, 15, 6, 4, 0, 7], [15, 9, 8, 1, 7, 4, 0, 6, 2, 11, 10, 5, 3, 13, 12, 14], [5, 10, 11, 2, 14, 13, 12, 3, 6, 4, 7, 0, 1, 8, 15, 9], [0, 7, 4, 6, 9, 8, 15, 1, 3, 13, 14, 12, 2, 11, 5, 10], [11, 2, 10, 0, 3, 14, 13, 15, 12, 7, 6, 4, 5, 9, 8, 1], [4, 6, 7, 12, 1, 9, 8, 5, 15, 14, 3, 13, 0, 10, 11, 2], [8, 1, 9, 5, 6, 7, 4, 12, 0, 10, 2, 11, 15, 14, 13, 3], [13, 3, 14, 15, 2, 10, 11, 0, 5, 9, 1, 8, 12, 7, 4, 6], [1, 11, 5, 10, 13, 12, 6, 14, 7, 0, 4, 2, 9, 15, 3, 8], [2, 4, 0, 7, 8, 15, 3, 9, 14, 12, 13, 6, 10, 5, 1, 11], [6, 13, 12, 14, 11, 5, 1, 10, 9, 15, 8, 3, 7, 0, 2, 4], [3, 8, 15, 9, 4, 0, 2, 7, 10, 5, 11, 1, 14, 12, 6, 13], [10, 0, 2, 4, 15, 3, 14, 8, 13, 6, 12, 7, 11, 1, 9, 5], [9, 5, 1, 11, 12, 6, 7, 13, 4, 2, 0, 10, 8, 3, 14, 15], [7, 12, 9, 13, 5, 1, 6, 11, 8, 3, 15, 14, 4, 2, 10, 0], [14, 15, 3, 8, 0, 2, 10, 4, 11, 1, 5, 9, 13, 6, 7, 12]]",C,"[[12, 14, 13, 3, 10, 11, 5, 2, 1, 8, 9, 15, 6, 4, 0, 7], [15, 9, 8, 1, 7, 4, 0, 6, 2, 11, 10, 5, 3, 13, 12, 14], [5, 10, 11, 2, 14, 13, 12, 3, 6, 4, 7, 0, 1, 8, 15, 9], [0, 7, 4, 6, 9, 8, 15, 1, 3, 13, 14, 12, 2, 11, 5, 10], [11, 2, 10, 0, 3, 14, 13, 15, 12, 7, 6, 4, 5, 9, 8, 1], [4, 6, 7, 12, 1, 9, 8, 5, 15, 14, 3, 13, 0, 10, 11, 2], [8, 1, 9, 5, 6, 7, 4, 12, 0, 10, 2, 11, 15, 14, 13, 3], [13, 3, 14, 15, 2, 10, 11, 0, 5, 9, 1, 8, 12, 7, 4, 6], [1, 11, 5, 10, 13, 12, 6, 14, 7, 0, 4, 2, 9, 15, 3, 8], [2, 4, 0, 7, 8, 15, 3, 9, 14, 12, 13, 6, 10, 5, 1, 11], [6, 13, 12, 14, 11, 5, 1, 10, 9, 15, 8, 3, 7, 0, 2, 4], [3, 8, 15, 9, 4, 0, 2, 7, 10, 5, 11, 1, 14, 12, 6, 13], [10, 0, 2, 4, 15, 3, 14, 8, 13, 6, 12, 7, 11, 1, 9, 5], [9, 5, 1, 11, 12, 6, 7, 13, 4, 2, 0, 10, 8, 3, 14, 15], [7, 12, 6, 13, 5, 1, 9, 11, 8, 3, 15, 14, 4, 2, 10, 0], [14, 15, 3, 8, 0, 2, 10, 4, 11, 1, 5, 9, 13, 6, 7, 12]]","{""num_givens"": 100, ""grid_size"": 16}"
sudoku_cf4_hex_0065,sudoku_cf4_hex,counterfactual,"[[0, null, null, null, 12, 11, null, 13, null, 14, 8, 4, null, 10, 7, 1], [null, 8, null, null, null, null, null, null, null, 5, null, null, 3, 12, null, null], [null, 10, 5, 1, null, null, 14, null, null, 3, null, null, 2, null, 0, 6], [13, null, null, 11, null, 1, 5, null, null, null, null, null, 14, null, 4, 15], [1, null, 8, 5, null, null, null, 15, null, null, 13, null, null, 0, null, null], [null, null, null, 14, 0, 2, null, null, null, 8, null, 1, null, 13, null, 3], [null, null, null, null, 13, 3, null, null, null, null, null, null, null, null, null, null], [11, null, 10, null, null, null, null, 1, null, null, null, null, null, 4, null, 14], [3, 11, null, 10, 1, null, 4, null, 12, null, null, null, 0, 15, 14, null], [null, 6, 13, 12, 11, 10, null, null, 9, null, 15, 14, 4, null, null, null], [null, null, null, 9, null, null, 13, null, null, null, 1, null, 7, null, null, 10], [null, null, null, null, null, 9, null, 14, 10, 7, 11, null, null, null, null, null], [10, null, 1, null, null, null, 15, null, null, 11, 2, null, null, null, null, 0], [9, null, null, 0, null, null, null, 12, null, 15, null, null, 1, 3, null, 7], [12, null, 11, null, 3, null, null, null, null, null, null, 9, null, null, 8, null], [null, 5, null, 4, null, null, null, null, null, null, 3, null, 11, 2, null, null]]","Solve the following hexadecimal Sudoku puzzle.
Rule change: The grid is 16×16 (instead of 9×9). The blocks are 4×4 (instead of 3×3). The valid symbols are the hexadecimal digits {0, 1, 2, 3, 4, 5, 6, 7, 8, 9, A, B, C, D, E, F}. Each row, column, and 4×4 block must contain each symbol exactly once.

Puzzle (. = empty cell):
. . . . | C B . D | . E 8 4 | . A 7 1
. 8 . . | . . . . | . 5 . . | 3 C . .
. A 5 1 | . . E . | . 3 . . | 2 . . 6
D . . B | . 1 5 . | . . . . | E . 4 F
-------------------------------------
1 . 8 5 | . . . F | . . D . | . . . .
. . . E | . 2 . . | . 8 . 1 | . D . 3
. . . . | D 3 . . | . . . . | . . . .
B . A . | . . . 1 | . . . . | . 4 . E
-------------------------------------
3 B . A | 1 . 4 . | C . . . | . F E .
. 6 D C | B A . . | 9 . F E | 4 . . .
. . . 9 | . . D . | . . 1 . | 7 . . A
. . . . | . 9 . E | A 7 B . | . . . .
-------------------------------------
A . 1 . | . . F . | . B 2 . | . . . .
9 . . . | . . . C | . F . . | 1 3 . 7
C . B . | 3 . . . | . . . 9 | . . 8 .
. 5 . 4 | . . . . | . . 3 . | B 2 . .

Which of the following is the correct completed solution?","[[0, 9, 2, 6, 12, 11, 3, 13, 15, 14, 8, 4, 5, 10, 7, 1], [4, 8, 14, 15, 9, 6, 2, 0, 1, 5, 10, 7, 3, 12, 13, 11], [7, 10, 5, 1, 8, 15, 14, 4, 11, 3, 12, 13, 2, 9, 0, 6], [13, 12, 3, 11, 10, 1, 5, 7, 6, 2, 9, 0, 14, 8, 4, 15], [1, 7, 8, 5, 4, 14, 9, 15, 3, 10, 13, 11, 12, 0, 6, 2], [15, 4, 9, 14, 0, 2, 12, 6, 5, 8, 7, 1, 10, 13, 11, 3], [6, 0, 12, 2, 13, 3, 10, 11, 14, 9, 4, 15, 8, 7, 1, 5], [11, 13, 10, 3, 7, 5, 8, 1, 2, 12, 0, 6, 9, 4, 15, 14], [3, 11, 7, 10, 1, 8, 4, 5, 12, 13, 6, 2, 0, 15, 14, 9], [2, 6, 13, 12, 11, 10, 7, 3, 9, 0, 15, 14, 4, 1, 5, 8], [14, 15, 0, 9, 6, 12, 13, 2, 8, 4, 1, 5, 7, 11, 3, 10], [5, 1, 4, 8, 15, 9, 0, 14, 10, 7, 11, 3, 13, 6, 2, 12], [10, 3, 1, 6, 5, 4, 15, 8, 13, 11, 2, 12, 7, 14, 9, 0], [9, 14, 6, 0, 2, 13, 11, 12, 4, 15, 5, 8, 1, 3, 10, 7], [12, 2, 11, 13, 3, 7, 1, 10, 0, 6, 14, 9, 15, 5, 8, 4], [8, 5, 15, 4, 14, 0, 6, 9, 7, 1, 3, 10, 11, 2, 12, 13]]","[[0, 9, 2, 6, 12, 11, 3, 13, 15, 14, 8, 4, 5, 10, 7, 1], [4, 8, 14, 15, 9, 6, 2, 0, 1, 5, 10, 7, 3, 12, 13, 11], [7, 10, 5, 1, 8, 15, 14, 4, 11, 3, 12, 13, 2, 9, 0, 6], [13, 12, 3, 11, 10, 1, 5, 7, 6, 2, 9, 0, 14, 8, 4, 15], [1, 7, 8, 5, 4, 14, 9, 15, 3, 10, 13, 11, 12, 0, 6, 2], [15, 4, 9, 14, 0, 2, 12, 6, 5, 8, 7, 1, 10, 13, 11, 3], [6, 0, 12, 2, 13, 3, 10, 11, 14, 9, 4, 15, 8, 7, 1, 5], [11, 13, 10, 3, 7, 5, 8, 1, 2, 12, 0, 6, 9, 4, 15, 14], [3, 11, 7, 10, 1, 8, 4, 5, 12, 13, 6, 2, 0, 15, 14, 9], [2, 6, 13, 12, 11, 10, 7, 3, 9, 0, 15, 14, 4, 1, 5, 8], [14, 15, 0, 9, 6, 12, 13, 2, 8, 4, 1, 5, 7, 11, 3, 10], [5, 1, 4, 8, 15, 9, 0, 14, 10, 7, 11, 3, 13, 6, 2, 12], [10, 3, 1, 7, 5, 4, 15, 8, 13, 11, 2, 12, 6, 14, 9, 0], [9, 14, 6, 0, 2, 13, 11, 12, 4, 15, 5, 8, 1, 3, 10, 7], [12, 2, 11, 13, 3, 7, 1, 10, 0, 6, 14, 9, 15, 5, 8, 4], [8, 5, 15, 4, 14, 0, 6, 9, 7, 1, 3, 10, 11, 2, 12, 13]]","[[0, 9, 2, 15, 12, 11, 3, 13, 6, 14, 8, 4, 5, 10, 7, 1], [4, 8, 14, 15, 9, 6, 2, 0, 1, 5, 10, 7, 3, 12, 13, 11], [7, 10, 5, 1, 8, 15, 14, 4, 11, 3, 12, 13, 2, 9, 0, 6], [13, 12, 3, 11, 10, 1, 5, 7, 6, 2, 9, 0, 14, 8, 4, 15], [1, 7, 8, 5, 4, 14, 9, 15, 3, 10, 13, 11, 12, 0, 6, 2], [15, 4, 9, 14, 0, 2, 12, 6, 5, 8, 7, 1, 10, 13, 11, 3], [6, 0, 12, 2, 13, 3, 10, 11, 14, 9, 4, 15, 8, 7, 1, 5], [11, 13, 10, 3, 7, 5, 8, 1, 2, 12, 0, 6, 9, 4, 15, 14], [3, 11, 7, 10, 1, 8, 4, 5, 12, 13, 6, 2, 0, 15, 14, 9], [2, 6, 13, 12, 11, 10, 7, 3, 9, 0, 15, 14, 4, 1, 5, 8], [14, 15, 0, 9, 6, 12, 13, 2, 8, 4, 1, 5, 7, 11, 3, 10], [5, 1, 4, 8, 15, 9, 0, 14, 10, 7, 11, 3, 13, 6, 2, 12], [10, 3, 1, 7, 5, 4, 15, 8, 13, 11, 2, 12, 6, 14, 9, 0], [9, 14, 6, 0, 2, 13, 11, 12, 4, 15, 5, 8, 1, 3, 10, 7], [12, 2, 11, 13, 3, 7, 1, 10, 0, 6, 14, 9, 15, 5, 8, 4], [8, 5, 15, 4, 14, 0, 6, 9, 7, 1, 3, 10, 11, 2, 12, 13]]","[[0, 9, 2, 6, 12, 11, 3, 13, 15, 14, 8, 4, 5, 10, 7, 1], [4, 8, 14, 15, 9, 6, 2, 0, 1, 5, 10, 7, 3, 12, 13, 11], [7, 10, 5, 1, 8, 15, 14, 4, 11, 3, 12, 13, 2, 9, 0, 6], [13, 12, 3, 11, 10, 1, 5, 7, 6, 2, 9, 0, 14, 8, 4, 15], [1, 7, 8, 5, 4, 14, 9, 15, 3, 10, 13, 11, 12, 0, 6, 2], [15, 4, 9, 14, 0, 2, 12, 6, 5, 8, 7, 1, 10, 13, 11, 3], [6, 0, 12, 2, 13, 3, 10, 11, 14, 9, 4, 15, 8, 7, 1, 5], [11, 13, 10, 3, 7, 5, 8, 1, 2, 12, 0, 6, 9, 4, 15, 14], [3, 11, 7, 10, 1, 8, 4, 5, 12, 13, 6, 2, 0, 15, 14, 9], [2, 6, 13, 12, 11, 10, 7, 3, 9, 0, 15, 14, 4, 1, 5, 8], [14, 15, 0, 9, 6, 12, 13, 2, 8, 4, 1, 5, 7, 11, 3, 10], [5, 3, 4, 8, 15, 9, 0, 14, 10, 7, 11, 1, 13, 6, 2, 12], [10, 3, 1, 7, 5, 4, 15, 8, 13, 11, 2, 12, 6, 14, 9, 0], [9, 14, 6, 0, 2, 13, 11, 12, 4, 15, 5, 8, 1, 3, 10, 7], [12, 2, 11, 13, 3, 7, 1, 10, 0, 6, 14, 9, 15, 5, 8, 4], [8, 5, 15, 4, 14, 0, 6, 9, 7, 1, 3, 10, 11, 2, 12, 13]]",B,"[[0, 9, 2, 6, 12, 11, 3, 13, 15, 14, 8, 4, 5, 10, 7, 1], [4, 8, 14, 15, 9, 6, 2, 0, 1, 5, 10, 7, 3, 12, 13, 11], [7, 10, 5, 1, 8, 15, 14, 4, 11, 3, 12, 13, 2, 9, 0, 6], [13, 12, 3, 11, 10, 1, 5, 7, 6, 2, 9, 0, 14, 8, 4, 15], [1, 7, 8, 5, 4, 14, 9, 15, 3, 10, 13, 11, 12, 0, 6, 2], [15, 4, 9, 14, 0, 2, 12, 6, 5, 8, 7, 1, 10, 13, 11, 3], [6, 0, 12, 2, 13, 3, 10, 11, 14, 9, 4, 15, 8, 7, 1, 5], [11, 13, 10, 3, 7, 5, 8, 1, 2, 12, 0, 6, 9, 4, 15, 14], [3, 11, 7, 10, 1, 8, 4, 5, 12, 13, 6, 2, 0, 15, 14, 9], [2, 6, 13, 12, 11, 10, 7, 3, 9, 0, 15, 14, 4, 1, 5, 8], [14, 15, 0, 9, 6, 12, 13, 2, 8, 4, 1, 5, 7, 11, 3, 10], [5, 1, 4, 8, 15, 9, 0, 14, 10, 7, 11, 3, 13, 6, 2, 12], [10, 3, 1, 7, 5, 4, 15, 8, 13, 11, 2, 12, 6, 14, 9, 0], [9, 14, 6, 0, 2, 13, 11, 12, 4, 15, 5, 8, 1, 3, 10, 7], [12, 2, 11, 13, 3, 7, 1, 10, 0, 6, 14, 9, 15, 5, 8, 4], [8, 5, 15, 4, 14, 0, 6, 9, 7, 1, 3, 10, 11, 2, 12, 13]]","{""num_givens"": 100, ""grid_size"": 16}"
sudoku_cf4_hex_0066,sudoku_cf4_hex,counterfactual,"[[15, null, null, 13, 5, null, 1, 4, null, 2, 10, 8, 9, 0, null, 3], [null, null, null, null, 15, 13, null, 12, 5, 4, 1, 11, 2, 8, 10, 7], [null, null, null, null, null, 0, null, null, null, 12, null, null, 4, null, 1, null], [null, null, 1, 11, 7, 8, null, null, null, null, 14, null, null, null, null, 15], [1, null, null, null, null, null, 8, null, null, 15, null, null, 5, null, null, null], [null, null, null, null, null, 9, null, 15, null, 5, 13, null, 7, 4, null, null], [null, null, null, null, null, null, 13, null, 1, 7, null, null, 3, 2, null, 10], [null, null, 13, 12, null, null, 11, null, null, null, null, null, null, 9, null, 14], [null, null, 5, 1, 4, null, null, 8, 2, null, null, 14, null, 6, 15, null], [2, null, null, null, null, null, null, 13, 12, null, null, null, null, null, null, null], [null, null, 15, null, null, null, null, null, null, null, null, 10, null, null, null, null], [null, null, null, null, 2, 14, 3, null, 9, null, 15, null, 11, null, null, null], [null, null, null, 3, 0, 15, null, 6, 13, null, 12, null, 10, 7, 4, 11], [11, 10, null, null, null, null, 2, null, null, null, 9, 15, null, null, 12, null], [null, 6, 9, 15, null, 5, null, null, null, 10, null, null, 14, null, null, null], [null, null, null, null, null, 7, null, null, null, null, 2, 3, 6, 15, null, 0]]","Solve the following hexadecimal Sudoku puzzle.
Rule change: The grid is 16×16 (instead of 9×9). The blocks are 4×4 (instead of 3×3). The valid symbols are the hexadecimal digits {0, 1, 2, 3, 4, 5, 6, 7, 8, 9, A, B, C, D, E, F}. Each row, column, and 4×4 block must contain each symbol exactly once.

Puzzle (. = empty cell):
F . . D | 5 . 1 4 | . 2 A 8 | 9 . . 3
. . . . | F D . C | 5 4 1 B | 2 8 A 7
. . . . | . . . . | . C . . | 4 . 1 .
. . 1 B | 7 8 . . | . . E . | . . . F
-------------------------------------
1 . . . | . . 8 . | . F . . | 5 . . .
. . . . | . 9 . F | . 5 D . | 7 4 . .
. . . . | . . D . | 1 7 . . | 3 2 . A
. . D C | . . B . | . . . . | . 9 . E
-------------------------------------
. . 5 1 | 4 . . 8 | 2 . . E | . 6 F .
2 . . . | . . . D | C . . . | . . . .
. . F . | . . . . | . . . A | . . . .
. . . . | 2 E 3 . | 9 . F . | B . . .
-------------------------------------
. . . 3 | . F . 6 | D . C . | A 7 4 B
B A . . | . . 2 . | . . 9 F | . . C .
. 6 9 F | . 5 . . | . A . . | E . . .
. . . . | . 7 . . | . . 2 3 | 6 F . .

Which of the following is the correct completed solution?","[[15, 12, 6, 13, 5, 11, 1, 4, 7, 2, 10, 8, 9, 0, 14, 3], [3, 9, 14, 0, 15, 13, 6, 12, 5, 4, 1, 11, 2, 8, 10, 7], [7, 2, 10, 8, 3, 0, 14, 9, 15, 12, 6, 13, 4, 11, 1, 5], [5, 4, 1, 11, 7, 8, 10, 2, 3, 9, 14, 0, 12, 13, 6, 15], [1, 7, 11, 4, 13, 2, 8, 3, 14, 15, 0, 9, 5, 12, 10, 6], [10, 3, 8, 2, 14, 9, 0, 15, 6, 5, 13, 12, 7, 4, 11, 1], [14, 15, 0, 9, 6, 12, 13, 5, 1, 7, 11, 4, 3, 2, 8, 10], [6, 5, 13, 12, 1, 4, 11, 7, 10, 3, 8, 2, 15, 9, 0, 14], [12, 11, 5, 1, 4, 10, 7, 8, 2, 0, 3, 14, 13, 6, 15, 9], [2, 0, 3, 14, 9, 6, 15, 13, 12, 11, 5, 1, 8, 10, 7, 4], [9, 13, 15, 6, 12, 1, 5, 11, 4, 8, 7, 10, 0, 14, 3, 2], [4, 8, 7, 10, 2, 14, 3, 0, 9, 13, 15, 6, 11, 1, 5, 12], [8, 14, 2, 3, 0, 15, 9, 6, 13, 1, 12, 5, 10, 7, 4, 11], [11, 10, 4, 7, 8, 3, 2, 14, 0, 6, 9, 15, 1, 5, 12, 13], [0, 6, 9, 15, 13, 5, 12, 1, 11, 10, 4, 7, 14, 3, 2, 8], [13, 1, 12, 5, 11, 7, 4, 10, 8, 14, 2, 3, 6, 15, 9, 0]]","[[15, 12, 6, 13, 5, 11, 1, 4, 7, 2, 10, 8, 9, 0, 14, 3], [3, 9, 14, 0, 15, 13, 6, 12, 5, 4, 1, 11, 2, 8, 10, 7], [7, 2, 10, 8, 3, 0, 14, 9, 15, 12, 6, 13, 4, 11, 1, 5], [5, 4, 1, 11, 7, 8, 10, 2, 3, 9, 14, 0, 12, 13, 6, 15], [1, 7, 11, 4, 10, 2, 8, 3, 14, 15, 0, 9, 5, 12, 13, 6], [10, 3, 8, 2, 14, 9, 0, 15, 6, 5, 13, 12, 7, 4, 11, 1], [14, 15, 0, 9, 6, 12, 13, 5, 1, 7, 11, 4, 3, 2, 8, 10], [6, 5, 13, 12, 1, 4, 11, 7, 10, 3, 8, 2, 15, 9, 0, 14], [12, 11, 5, 1, 4, 10, 7, 8, 2, 0, 3, 14, 13, 6, 15, 9], [2, 0, 3, 14, 9, 6, 15, 13, 12, 11, 5, 1, 8, 10, 7, 4], [9, 13, 15, 6, 12, 1, 5, 11, 4, 8, 7, 10, 0, 14, 3, 2], [4, 8, 7, 10, 2, 14, 3, 0, 9, 13, 15, 6, 11, 1, 5, 12], [8, 14, 2, 3, 0, 15, 9, 6, 13, 1, 12, 5, 10, 7, 4, 11], [11, 10, 4, 7, 8, 3, 2, 14, 0, 6, 9, 15, 1, 5, 12, 13], [0, 6, 9, 15, 13, 5, 12, 1, 11, 10, 4, 7, 14, 3, 2, 8], [13, 1, 12, 5, 11, 7, 4, 10, 8, 14, 2, 3, 6, 15, 9, 0]]","[[15, 12, 6, 13, 5, 11, 1, 4, 7, 2, 10, 8, 9, 0, 14, 3], [3, 9, 14, 0, 15, 13, 6, 12, 5, 4, 1, 11, 2, 8, 10, 7], [7, 2, 10, 8, 3, 0, 14, 9, 15, 12, 6, 13, 4, 11, 1, 5], [5, 4, 1, 11, 7, 8, 10, 2, 3, 9, 14, 0, 12, 13, 6, 15], [1, 7, 11, 4, 10, 2, 8, 3, 14, 15, 0, 9, 5, 12, 13, 6], [10, 3, 8, 2, 14, 9, 0, 15, 6, 5, 13, 12, 7, 4, 11, 1], [14, 15, 0, 9, 6, 12, 13, 5, 1, 7, 11, 4, 3, 2, 8, 10], [6, 5, 13, 12, 3, 4, 11, 7, 10, 1, 8, 2, 15, 9, 0, 14], [12, 11, 5, 1, 4, 10, 7, 8, 2, 0, 3, 14, 13, 6, 15, 9], [2, 0, 3, 14, 9, 6, 15, 13, 12, 11, 5, 1, 8, 10, 7, 4], [9, 13, 15, 6, 12, 1, 5, 11, 4, 8, 7, 10, 0, 14, 3, 2], [4, 8, 7, 10, 2, 14, 3, 0, 9, 13, 15, 6, 11, 1, 5, 12], [8, 14, 2, 3, 0, 15, 9, 6, 13, 1, 12, 5, 10, 7, 4, 11], [11, 10, 4, 7, 8, 3, 2, 14, 0, 6, 9, 15, 1, 5, 12, 13], [0, 6, 9, 15, 13, 5, 12, 1, 11, 10, 4, 7, 14, 3, 2, 8], [13, 1, 12, 5, 11, 7, 4, 10, 8, 14, 2, 3, 6, 15, 9, 0]]","[[15, 12, 6, 13, 5, 11, 1, 4, 7, 2, 10, 8, 9, 0, 14, 3], [3, 9, 14, 0, 15, 13, 6, 12, 5, 4, 1, 11, 2, 8, 10, 7], [7, 2, 10, 8, 3, 0, 14, 9, 15, 12, 6, 13, 4, 11, 1, 5], [5, 4, 1, 11, 7, 8, 10, 2, 3, 9, 14, 0, 12, 13, 6, 15], [1, 7, 11, 4, 10, 2, 8, 3, 14, 15, 0, 9, 5, 12, 13, 6], [10, 3, 8, 2, 14, 9, 0, 15, 6, 5, 13, 12, 7, 4, 11, 1], [14, 15, 0, 9, 6, 12, 13, 5, 1, 7, 11, 4, 3, 2, 8, 10], [6, 5, 13, 12, 1, 4, 11, 7, 10, 3, 8, 2, 15, 9, 0, 14], [12, 11, 5, 1, 4, 7, 10, 8, 2, 0, 3, 14, 13, 6, 15, 9], [2, 0, 3, 14, 9, 6, 15, 13, 12, 11, 5, 1, 8, 10, 7, 4], [9, 13, 15, 6, 12, 1, 5, 11, 4, 8, 7, 10, 0, 14, 3, 2], [4, 8, 7, 10, 2, 14, 3, 0, 9, 13, 15, 6, 11, 1, 5, 12], [8, 14, 2, 3, 0, 15, 9, 6, 13, 1, 12, 5, 10, 7, 4, 11], [11, 10, 4, 7, 8, 3, 2, 14, 0, 6, 9, 15, 1, 5, 12, 13], [0, 6, 9, 15, 13, 5, 12, 1, 11, 10, 4, 7, 14, 3, 2, 8], [13, 1, 12, 5, 11, 7, 4, 10, 8, 14, 2, 3, 6, 15, 9, 0]]",B,"[[15, 12, 6, 13, 5, 11, 1, 4, 7, 2, 10, 8, 9, 0, 14, 3], [3, 9, 14, 0, 15, 13, 6, 12, 5, 4, 1, 11, 2, 8, 10, 7], [7, 2, 10, 8, 3, 0, 14, 9, 15, 12, 6, 13, 4, 11, 1, 5], [5, 4, 1, 11, 7, 8, 10, 2, 3, 9, 14, 0, 12, 13, 6, 15], [1, 7, 11, 4, 10, 2, 8, 3, 14, 15, 0, 9, 5, 12, 13, 6], [10, 3, 8, 2, 14, 9, 0, 15, 6, 5, 13, 12, 7, 4, 11, 1], [14, 15, 0, 9, 6, 12, 13, 5, 1, 7, 11, 4, 3, 2, 8, 10], [6, 5, 13, 12, 1, 4, 11, 7, 10, 3, 8, 2, 15, 9, 0, 14], [12, 11, 5, 1, 4, 10, 7, 8, 2, 0, 3, 14, 13, 6, 15, 9], [2, 0, 3, 14, 9, 6, 15, 13, 12, 11, 5, 1, 8, 10, 7, 4], [9, 13, 15, 6, 12, 1, 5, 11, 4, 8, 7, 10, 0, 14, 3, 2], [4, 8, 7, 10, 2, 14, 3, 0, 9, 13, 15, 6, 11, 1, 5, 12], [8, 14, 2, 3, 0, 15, 9, 6, 13, 1, 12, 5, 10, 7, 4, 11], [11, 10, 4, 7, 8, 3, 2, 14, 0, 6, 9, 15, 1, 5, 12, 13], [0, 6, 9, 15, 13, 5, 12, 1, 11, 10, 4, 7, 14, 3, 2, 8], [13, 1, 12, 5, 11, 7, 4, 10, 8, 14, 2, 3, 6, 15, 9, 0]]","{""num_givens"": 100, ""grid_size"": 16}"
sudoku_cf4_hex_0067,sudoku_cf4_hex,counterfactual,"[[0, null, 15, null, null, 10, 1, null, null, null, 13, 7, null, null, null, null], [5, 10, 1, null, null, null, 15, null, null, null, 6, 4, 12, null, null, null], [12, null, null, 11, 2, null, 4, 3, 5, null, null, null, null, null, 9, null], [null, null, null, null, null, null, 7, null, 0, null, 8, null, null, null, 14, 10], [null, null, 6, 2, 15, null, 13, null, 4, null, 9, null, 7, null, null, 14], [null, null, null, null, null, 14, 10, null, null, null, 11, 13, null, null, null, null], [7, null, 10, null, null, 9, 8, null, 1, null, null, 6, 15, 13, null, 11], [null, 11, 13, 12, null, 3, null, null, null, null, 14, null, null, null, null, null], [11, null, 5, null, null, null, 0, null, 14, null, 1, 2, null, null, null, 15], [null, null, 0, 6, 11, null, 5, null, null, 8, 15, null, 14, 2, null, 1], [null, 15, null, 8, 14, null, null, null, 11, null, null, 5, null, null, null, null], [null, null, 2, 10, null, null, null, null, 3, 6, null, 0, null, null, null, 7], [null, null, 11, null, null, null, null, 1, null, null, 5, null, 6, null, 4, null], [null, null, null, 7, 6, 0, null, null, null, 1, null, 3, null, null, null, 12], [10, 2, 3, 1, 8, null, null, null, null, 4, null, null, 13, null, 7, 5], [null, null, null, null, null, null, 14, null, null, null, null, null, 10, null, null, null]]","Solve the following hexadecimal Sudoku puzzle.
Rule change: The grid is 16×16 (instead of 9×9). The blocks are 4×4 (instead of 3×3). The valid symbols are the hexadecimal digits {0, 1, 2, 3, 4, 5, 6, 7, 8, 9, A, B, C, D, E, F}. Each row, column, and 4×4 block must contain each symbol exactly once.

Puzzle (. = empty cell):
. . F . | . A 1 . | . . D 7 | . . . .
5 A 1 . | . . F . | . . 6 4 | C . . .
C . . B | 2 . 4 3 | 5 . . . | . . 9 .
. . . . | . . 7 . | . . 8 . | . . E A
-------------------------------------
. . 6 2 | F . D . | 4 . 9 . | 7 . . E
. . . . | . E A . | . . B D | . . . .
7 . A . | . 9 8 . | 1 . . 6 | F D . B
. B D C | . 3 . . | . . E . | . . . .
-------------------------------------
B . 5 . | . . . . | E . 1 2 | . . . F
. . . 6 | B . 5 . | . 8 F . | E 2 . 1
. F . 8 | E . . . | B . . 5 | . . . .
. . 2 A | . . . . | 3 6 . . | . . . 7
-------------------------------------
. . B . | . . . 1 | . . 5 . | 6 . 4 .
. . . 7 | 6 . . . | . 1 . 3 | . . . C
A 2 3 1 | 8 . . . | . 4 . . | D . 7 5
. . . . | . . E . | . . . . | A . . .

Which of the following is the correct completed solution?","[[0, 8, 15, 9, 5, 10, 1, 14, 12, 11, 13, 7, 2, 4, 3, 6], [5, 10, 1, 14, 0, 8, 15, 9, 2, 3, 6, 4, 12, 7, 11, 13], [12, 13, 7, 11, 2, 6, 4, 3, 5, 14, 10, 1, 0, 15, 9, 8], [2, 6, 4, 3, 12, 13, 7, 11, 0, 9, 8, 15, 5, 1, 14, 10], [1, 3, 6, 2, 15, 11, 13, 12, 4, 0, 9, 8, 7, 10, 5, 14], [4, 9, 8, 0, 7, 14, 10, 5, 15, 12, 11, 13, 1, 6, 2, 3], [7, 14, 10, 5, 4, 9, 8, 0, 1, 2, 3, 6, 15, 13, 12, 11], [15, 11, 13, 12, 1, 3, 6, 2, 7, 5, 14, 10, 4, 8, 0, 9], [11, 7, 5, 13, 3, 4, 0, 6, 14, 10, 1, 2, 9, 12, 8, 15], [3, 4, 0, 6, 11, 7, 5, 13, 9, 8, 15, 12, 14, 2, 10, 1], [9, 15, 12, 8, 14, 1, 2, 10, 11, 13, 7, 5, 3, 0, 6, 4], [14, 1, 2, 10, 9, 15, 12, 8, 3, 6, 4, 0, 11, 5, 13, 7], [8, 12, 11, 9, 10, 2, 3, 1, 13, 7, 5, 14, 6, 15, 4, 0], [13, 5, 14, 7, 6, 0, 9, 4, 10, 1, 2, 3, 8, 11, 15, 12], [10, 2, 3, 1, 8, 12, 11, 15, 6, 4, 0, 9, 13, 14, 7, 5], [6, 0, 9, 4, 13, 5, 14, 7, 8, 15, 12, 11, 10, 3, 1, 2]]","[[0, 8, 15, 9, 5, 10, 1, 14, 12, 11, 13, 7, 2, 4, 3, 6], [5, 10, 1, 14, 0, 8, 15, 9, 2, 3, 6, 4, 12, 7, 11, 13], [12, 13, 7, 11, 2, 6, 4, 3, 5, 14, 10, 1, 0, 15, 9, 8], [2, 6, 4, 3, 12, 13, 7, 11, 0, 9, 8, 15, 5, 1, 14, 10], [1, 3, 6, 2, 15, 11, 13, 12, 4, 0, 9, 8, 7, 10, 5, 14], [4, 9, 8, 0, 7, 14, 10, 5, 15, 12, 11, 13, 1, 6, 2, 3], [7, 14, 10, 5, 4, 9, 8, 0, 1, 2, 3, 6, 15, 13, 12, 11], [15, 11, 13, 12, 1, 3, 6, 2, 7, 5, 14, 10, 4, 8, 0, 9], [11, 7, 5, 13, 3, 4, 0, 6, 14, 10, 1, 2, 9, 12, 8, 15], [3, 4, 0, 6, 11, 7, 5, 13, 9, 8, 15, 12, 14, 2, 10, 1], [9, 15, 12, 8, 14, 1, 2, 10, 11, 13, 7, 5, 3, 0, 6, 4], [14, 1, 2, 10, 9, 15, 12, 8, 3, 6, 4, 0, 11, 5, 13, 7], [8, 12, 11, 15, 10, 2, 3, 1, 13, 7, 5, 14, 6, 9, 4, 0], [13, 5, 14, 7, 6, 0, 9, 4, 10, 1, 2, 3, 8, 11, 15, 12], [10, 2, 3, 1, 8, 12, 11, 15, 6, 4, 0, 9, 13, 14, 7, 5], [6, 0, 9, 4, 13, 5, 14, 7, 8, 15, 12, 11, 10, 3, 1, 2]]","[[0, 8, 15, 9, 5, 10, 1, 14, 12, 11, 13, 7, 2, 4, 3, 6], [5, 10, 1, 14, 0, 8, 15, 9, 2, 3, 6, 4, 12, 7, 11, 13], [12, 13, 7, 11, 2, 6, 4, 3, 5, 14, 10, 1, 0, 15, 9, 8], [2, 6, 4, 3, 12, 13, 7, 11, 0, 9, 8, 15, 5, 1, 14, 10], [1, 3, 6, 2, 15, 11, 13, 8, 4, 0, 9, 12, 7, 10, 5, 14], [4, 9, 8, 0, 7, 14, 10, 5, 15, 12, 11, 13, 1, 6, 2, 3], [7, 14, 10, 5, 4, 9, 8, 0, 1, 2, 3, 6, 15, 13, 12, 11], [15, 11, 13, 12, 1, 3, 6, 2, 7, 5, 14, 10, 4, 8, 0, 9], [11, 7, 5, 13, 3, 4, 0, 6, 14, 10, 1, 2, 9, 12, 8, 15], [3, 4, 0, 6, 11, 7, 5, 13, 9, 8, 15, 12, 14, 2, 10, 1], [9, 15, 12, 8, 14, 1, 2, 10, 11, 13, 7, 5, 3, 0, 6, 4], [14, 1, 2, 10, 9, 15, 12, 8, 3, 6, 4, 0, 11, 5, 13, 7], [8, 12, 11, 15, 10, 2, 3, 1, 13, 7, 5, 14, 6, 9, 4, 0], [13, 5, 14, 7, 6, 0, 9, 4, 10, 1, 2, 3, 8, 11, 15, 12], [10, 2, 3, 1, 8, 12, 11, 15, 6, 4, 0, 9, 13, 14, 7, 5], [6, 0, 9, 4, 13, 5, 14, 7, 8, 15, 12, 11, 10, 3, 1, 2]]","[[0, 8, 15, 9, 5, 10, 1, 14, 12, 11, 13, 7, 2, 4, 3, 6], [5, 10, 1, 14, 0, 8, 15, 9, 2, 3, 6, 4, 12, 7, 11, 13], [12, 13, 7, 11, 2, 6, 4, 3, 5, 14, 10, 1, 0, 15, 9, 8], [2, 6, 4, 3, 12, 13, 7, 11, 0, 9, 8, 15, 5, 1, 14, 10], [1, 3, 6, 2, 15, 11, 13, 12, 4, 0, 9, 8, 7, 10, 5, 14], [4, 9, 8, 0, 7, 14, 10, 5, 15, 12, 11, 13, 1, 6, 2, 3], [7, 14, 10, 5, 4, 9, 8, 0, 1, 2, 3, 6, 15, 13, 12, 11], [15, 11, 13, 12, 1, 3, 6, 2, 7, 5, 14, 10, 4, 8, 0, 9], [11, 7, 5, 13, 3, 4, 0, 12, 14, 10, 1, 2, 9, 6, 8, 15], [3, 4, 0, 6, 11, 7, 5, 13, 9, 8, 15, 12, 14, 2, 10, 1], [9, 15, 12, 8, 14, 1, 2, 10, 11, 13, 7, 5, 3, 0, 6, 4], [14, 1, 2, 10, 9, 15, 12, 8, 3, 6, 4, 0, 11, 5, 13, 7], [8, 12, 11, 15, 10, 2, 3, 1, 13, 7, 5, 14, 6, 9, 4, 0], [13, 5, 14, 7, 6, 0, 9, 4, 10, 1, 2, 3, 8, 11, 15, 12], [10, 2, 3, 1, 8, 12, 11, 15, 6, 4, 0, 9, 13, 14, 7, 5], [6, 0, 9, 4, 13, 5, 14, 7, 8, 15, 12, 11, 10, 3, 1, 2]]",B,"[[0, 8, 15, 9, 5, 10, 1, 14, 12, 11, 13, 7, 2, 4, 3, 6], [5, 10, 1, 14, 0, 8, 15, 9, 2, 3, 6, 4, 12, 7, 11, 13], [12, 13, 7, 11, 2, 6, 4, 3, 5, 14, 10, 1, 0, 15, 9, 8], [2, 6, 4, 3, 12, 13, 7, 11, 0, 9, 8, 15, 5, 1, 14, 10], [1, 3, 6, 2, 15, 11, 13, 12, 4, 0, 9, 8, 7, 10, 5, 14], [4, 9, 8, 0, 7, 14, 10, 5, 15, 12, 11, 13, 1, 6, 2, 3], [7, 14, 10, 5, 4, 9, 8, 0, 1, 2, 3, 6, 15, 13, 12, 11], [15, 11, 13, 12, 1, 3, 6, 2, 7, 5, 14, 10, 4, 8, 0, 9], [11, 7, 5, 13, 3, 4, 0, 6, 14, 10, 1, 2, 9, 12, 8, 15], [3, 4, 0, 6, 11, 7, 5, 13, 9, 8, 15, 12, 14, 2, 10, 1], [9, 15, 12, 8, 14, 1, 2, 10, 11, 13, 7, 5, 3, 0, 6, 4], [14, 1, 2, 10, 9, 15, 12, 8, 3, 6, 4, 0, 11, 5, 13, 7], [8, 12, 11, 15, 10, 2, 3, 1, 13, 7, 5, 14, 6, 9, 4, 0], [13, 5, 14, 7, 6, 0, 9, 4, 10, 1, 2, 3, 8, 11, 15, 12], [10, 2, 3, 1, 8, 12, 11, 15, 6, 4, 0, 9, 13, 14, 7, 5], [6, 0, 9, 4, 13, 5, 14, 7, 8, 15, 12, 11, 10, 3, 1, 2]]","{""num_givens"": 100, ""grid_size"": 16}"
sudoku_cf4_hex_0068,sudoku_cf4_hex,counterfactual,"[[null, 6, null, 13, null, null, null, 1, 10, null, null, null, 4, 12, null, 15], [null, 1, null, 9, 5, null, null, 10, null, 12, 15, 14, 6, null, null, 7], [14, null, 15, null, null, 13, null, null, null, null, 11, 0, 10, 3, null, null], [null, null, 8, null, 14, null, null, null, null, null, 7, 2, null, null, null, null], [10, null, null, 8, 4, 15, null, 5, null, null, null, null, null, null, null, 13], [null, null, null, 11, null, null, null, 0, 5, 15, null, 4, 14, null, 6, 12], [null, null, 3, 15, null, 7, null, null, 2, null, null, null, 0, 8, 10, null], [null, 14, 12, null, null, null, 13, null, null, 8, 9, 10, null, null, 4, null], [7, null, null, 14, 11, null, null, 13, 9, 0, null, null, null, 5, 15, 10], [null, null, null, 0, null, null, 10, null, 12, null, null, null, 13, null, null, null], [null, 13, 6, 2, null, null, null, null, null, null, null, null, null, null, null, null], [null, null, 10, null, null, 14, 4, 12, null, null, 6, null, 9, 0, null, null], [null, null, 14, null, null, null, null, null, 8, 10, 0, null, 15, 4, null, null], [9, null, 2, null, null, null, null, 8, null, null, 5, null, null, 6, null, null], [null, 15, null, null, 13, null, null, null, null, 1, 2, 9, null, 10, 3, null], [3, 8, null, null, null, null, null, null, null, 6, null, null, 11, null, null, null]]","Solve the following hexadecimal Sudoku puzzle.
Rule change: The grid is 16×16 (instead of 9×9). The blocks are 4×4 (instead of 3×3). The valid symbols are the hexadecimal digits {0, 1, 2, 3, 4, 5, 6, 7, 8, 9, A, B, C, D, E, F}. Each row, column, and 4×4 block must contain each symbol exactly once.

Puzzle (. = empty cell):
. 6 . D | . . . 1 | A . . . | 4 C . F
. 1 . 9 | 5 . . A | . C F E | 6 . . 7
E . F . | . D . . | . . B . | A 3 . .
. . 8 . | E . . . | . . 7 2 | . . . .
-------------------------------------
A . . 8 | 4 F . 5 | . . . . | . . . D
. . . B | . . . . | 5 F . 4 | E . 6 C
. . 3 F | . 7 . . | 2 . . . | . 8 A .
. E C . | . . D . | . 8 9 A | . . 4 .
-------------------------------------
7 . . E | B . . D | 9 . . . | . 5 F A
. . . . | . . A . | C . . . | D . . .
. D 6 2 | . . . . | . . . . | . . . .
. . A . | . E 4 C | . . 6 . | 9 . . .
-------------------------------------
. . E . | . . . . | 8 A . . | F 4 . .
9 . 2 . | . . . 8 | . . 5 . | . 6 . .
. F . . | D . . . | . 1 2 9 | . A 3 .
3 8 . . | . . . . | . 6 . . | B . . .

Which of the following is the correct completed solution?","[[2, 6, 7, 13, 0, 9, 11, 1, 10, 3, 8, 5, 4, 12, 14, 15], [0, 1, 11, 9, 5, 3, 8, 10, 4, 12, 15, 14, 6, 13, 2, 7], [14, 4, 15, 12, 2, 13, 6, 7, 1, 9, 11, 0, 10, 3, 5, 8], [5, 10, 8, 3, 14, 12, 15, 4, 6, 13, 7, 2, 1, 9, 0, 11], [10, 0, 9, 8, 4, 15, 3, 5, 14, 7, 12, 6, 2, 11, 1, 13], [1, 2, 13, 11, 10, 8, 9, 0, 5, 15, 3, 4, 14, 7, 6, 12], [4, 5, 3, 15, 6, 7, 12, 14, 2, 11, 13, 1, 0, 8, 10, 9], [6, 14, 12, 7, 1, 11, 13, 2, 0, 8, 9, 10, 5, 15, 4, 3], [7, 12, 4, 14, 11, 2, 6, 13, 9, 0, 1, 8, 3, 5, 15, 10], [8, 9, 1, 0, 15, 5, 10, 3, 12, 14, 4, 7, 13, 2, 11, 6], [11, 13, 6, 2, 8, 0, 1, 9, 3, 5, 10, 15, 12, 14, 7, 4], [15, 3, 10, 5, 7, 14, 4, 12, 13, 2, 6, 11, 9, 0, 8, 1], [13, 7, 14, 6, 9, 1, 2, 11, 8, 10, 0, 3, 15, 4, 12, 5], [9, 11, 2, 1, 3, 10, 0, 8, 15, 4, 5, 12, 7, 6, 13, 14], [12, 15, 5, 4, 13, 6, 14, 7, 11, 1, 2, 9, 8, 10, 3, 0], [3, 8, 0, 10, 12, 4, 5, 15, 7, 6, 14, 13, 11, 1, 9, 2]]","[[2, 6, 7, 13, 0, 9, 11, 1, 10, 3, 8, 5, 4, 12, 14, 15], [0, 1, 11, 9, 5, 3, 8, 10, 4, 12, 15, 14, 6, 13, 2, 7], [14, 4, 15, 12, 2, 13, 7, 6, 1, 9, 11, 0, 10, 3, 5, 8], [5, 10, 8, 3, 14, 12, 15, 4, 6, 13, 7, 2, 1, 9, 0, 11], [10, 0, 9, 8, 4, 15, 3, 5, 14, 7, 12, 6, 2, 11, 1, 13], [1, 2, 13, 11, 10, 8, 9, 0, 5, 15, 3, 4, 14, 7, 6, 12], [4, 5, 3, 15, 6, 7, 12, 14, 2, 11, 13, 1, 0, 8, 10, 9], [6, 14, 12, 7, 1, 11, 13, 2, 0, 8, 9, 10, 3, 15, 4, 5], [7, 12, 4, 14, 11, 2, 6, 13, 9, 0, 1, 8, 3, 5, 15, 10], [8, 9, 1, 0, 15, 5, 10, 3, 12, 14, 4, 7, 13, 2, 11, 6], [11, 13, 6, 2, 8, 0, 1, 9, 3, 5, 10, 15, 12, 14, 7, 4], [15, 3, 10, 5, 7, 14, 4, 12, 13, 2, 6, 11, 9, 0, 8, 1], [13, 7, 14, 6, 9, 1, 2, 11, 8, 10, 0, 3, 15, 4, 12, 5], [9, 11, 2, 1, 3, 10, 0, 8, 15, 4, 5, 12, 7, 6, 13, 14], [12, 15, 5, 4, 13, 6, 14, 7, 11, 1, 2, 9, 8, 10, 3, 0], [3, 8, 0, 10, 12, 4, 5, 15, 7, 6, 14, 13, 11, 1, 9, 2]]","[[2, 6, 7, 13, 0, 9, 11, 1, 10, 3, 8, 5, 4, 12, 14, 15], [0, 1, 11, 9, 5, 3, 8, 10, 4, 12, 15, 14, 6, 13, 2, 7], [14, 4, 15, 12, 2, 13, 7, 6, 1, 9, 11, 0, 10, 3, 5, 8], [5, 10, 8, 3, 14, 12, 15, 4, 6, 13, 7, 2, 1, 9, 0, 11], [10, 0, 9, 8, 4, 15, 3, 5, 14, 7, 12, 6, 2, 11, 1, 13], [1, 2, 13, 11, 10, 8, 9, 0, 5, 15, 3, 4, 14, 7, 6, 12], [4, 5, 3, 15, 6, 7, 12, 14, 2, 11, 13, 1, 0, 8, 10, 9], [6, 14, 12, 7, 1, 11, 13, 2, 0, 8, 9, 10, 5, 15, 4, 3], [7, 12, 4, 14, 11, 2, 6, 13, 9, 0, 1, 8, 3, 5, 15, 10], [8, 9, 1, 0, 15, 5, 10, 3, 12, 14, 4, 7, 13, 2, 11, 6], [11, 13, 6, 2, 8, 0, 1, 9, 3, 5, 10, 15, 12, 14, 7, 4], [15, 3, 10, 5, 7, 14, 4, 12, 13, 2, 6, 11, 9, 0, 8, 1], [13, 7, 14, 6, 9, 1, 2, 11, 8, 10, 0, 3, 15, 4, 12, 5], [9, 11, 2, 1, 3, 10, 0, 8, 15, 4, 5, 12, 7, 6, 13, 14], [12, 15, 5, 4, 13, 6, 14, 7, 11, 1, 2, 9, 8, 10, 3, 0], [3, 8, 0, 10, 12, 4, 5, 15, 7, 6, 13, 14, 11, 1, 9, 2]]","[[2, 6, 7, 13, 0, 9, 11, 1, 10, 3, 8, 5, 4, 12, 14, 15], [0, 1, 11, 9, 5, 3, 8, 10, 4, 12, 15, 14, 6, 13, 2, 7], [14, 4, 15, 12, 2, 13, 7, 6, 1, 9, 11, 0, 10, 3, 5, 8], [5, 10, 8, 3, 14, 12, 15, 4, 6, 13, 7, 2, 1, 9, 0, 11], [10, 0, 9, 8, 4, 15, 3, 5, 14, 7, 12, 6, 2, 11, 1, 13], [1, 2, 13, 11, 10, 8, 9, 0, 5, 15, 3, 4, 14, 7, 6, 12], [4, 5, 3, 15, 6, 7, 12, 14, 2, 11, 13, 1, 0, 8, 10, 9], [6, 14, 12, 7, 1, 11, 13, 2, 0, 8, 9, 10, 5, 15, 4, 3], [7, 12, 4, 14, 11, 2, 6, 13, 9, 0, 1, 8, 3, 5, 15, 10], [8, 9, 1, 0, 15, 5, 10, 3, 12, 14, 4, 7, 13, 2, 11, 6], [11, 13, 6, 2, 8, 0, 1, 9, 3, 5, 10, 15, 12, 14, 7, 4], [15, 3, 10, 5, 7, 14, 4, 12, 13, 2, 6, 11, 9, 0, 8, 1], [13, 7, 14, 6, 9, 1, 2, 11, 8, 10, 0, 3, 15, 4, 12, 5], [9, 11, 2, 1, 3, 10, 0, 8, 15, 4, 5, 12, 7, 6, 13, 14], [12, 15, 5, 4, 13, 6, 14, 7, 11, 1, 2, 9, 8, 10, 3, 0], [3, 8, 0, 10, 12, 4, 5, 15, 7, 6, 14, 13, 11, 1, 9, 2]]",D,"[[2, 6, 7, 13, 0, 9, 11, 1, 10, 3, 8, 5, 4, 12, 14, 15], [0, 1, 11, 9, 5, 3, 8, 10, 4, 12, 15, 14, 6, 13, 2, 7], [14, 4, 15, 12, 2, 13, 7, 6, 1, 9, 11, 0, 10, 3, 5, 8], [5, 10, 8, 3, 14, 12, 15, 4, 6, 13, 7, 2, 1, 9, 0, 11], [10, 0, 9, 8, 4, 15, 3, 5, 14, 7, 12, 6, 2, 11, 1, 13], [1, 2, 13, 11, 10, 8, 9, 0, 5, 15, 3, 4, 14, 7, 6, 12], [4, 5, 3, 15, 6, 7, 12, 14, 2, 11, 13, 1, 0, 8, 10, 9], [6, 14, 12, 7, 1, 11, 13, 2, 0, 8, 9, 10, 5, 15, 4, 3], [7, 12, 4, 14, 11, 2, 6, 13, 9, 0, 1, 8, 3, 5, 15, 10], [8, 9, 1, 0, 15, 5, 10, 3, 12, 14, 4, 7, 13, 2, 11, 6], [11, 13, 6, 2, 8, 0, 1, 9, 3, 5, 10, 15, 12, 14, 7, 4], [15, 3, 10, 5, 7, 14, 4, 12, 13, 2, 6, 11, 9, 0, 8, 1], [13, 7, 14, 6, 9, 1, 2, 11, 8, 10, 0, 3, 15, 4, 12, 5], [9, 11, 2, 1, 3, 10, 0, 8, 15, 4, 5, 12, 7, 6, 13, 14], [12, 15, 5, 4, 13, 6, 14, 7, 11, 1, 2, 9, 8, 10, 3, 0], [3, 8, 0, 10, 12, 4, 5, 15, 7, 6, 14, 13, 11, 1, 9, 2]]","{""num_givens"": 100, ""grid_size"": 16}"
sudoku_cf4_hex_0069,sudoku_cf4_hex,counterfactual,"[[0, null, null, 2, 11, 14, null, null, 7, null, 10, 5, null, null, null, null], [null, null, 8, 13, null, null, 10, 7, null, 11, null, null, null, null, 9, null], [null, null, null, null, 2, null, null, null, 1, null, null, null, null, null, 14, null], [null, 3, 14, 11, null, null, null, null, null, 2, null, 9, null, null, null, null], [null, null, null, null, 6, null, null, 11, 4, null, null, 12, 5, null, null, null], [null, null, 1, null, 10, null, null, null, null, null, null, null, null, null, 12, null], [5, 13, null, 10, 0, null, 9, 4, null, null, null, 1, 14, null, 3, 15], [9, null, 12, null, null, 3, null, null, 13, null, null, null, 8, null, null, null], [null, null, null, null, null, 2, null, 0, 6, null, 7, null, 1, 15, 11, 8], [7, 6, null, null, null, null, 12, 10, null, null, null, 11, null, 0, 2, 14], [null, null, 11, null, null, 13, null, null, null, 14, null, 2, null, null, null, null], [3, 0, null, null, 8, 11, null, null, null, null, null, 4, null, null, 13, 5], [13, 8, null, 7, null, 10, null, null, 14, null, null, null, 2, null, 0, null], [11, 14, null, null, null, 6, null, 8, null, 3, 2, 0, 4, 5, null, 12], [null, 9, null, null, null, null, null, null, null, null, 4, null, null, 8, null, null], [null, 5, 10, null, null, 0, null, 9, 8, null, 13, 6, null, 14, null, 1]]","Solve the following hexadecimal Sudoku puzzle.
Rule change: The grid is 16×16 (instead of 9×9). The blocks are 4×4 (instead of 3×3). The valid symbols are the hexadecimal digits {0, 1, 2, 3, 4, 5, 6, 7, 8, 9, A, B, C, D, E, F}. Each row, column, and 4×4 block must contain each symbol exactly once.

Puzzle (. = empty cell):
. . . 2 | B E . . | 7 . A 5 | . . . .
. . 8 D | . . A 7 | . B . . | . . 9 .
. . . . | 2 . . . | 1 . . . | . . E .
. 3 E B | . . . . | . 2 . 9 | . . . .
-------------------------------------
. . . . | 6 . . B | 4 . . C | 5 . . .
. . 1 . | A . . . | . . . . | . . C .
5 D . A | . . 9 4 | . . . 1 | E . 3 F
9 . C . | . 3 . . | D . . . | 8 . . .
-------------------------------------
. . . . | . 2 . . | 6 . 7 . | 1 F B 8
7 6 . . | . . C A | . . . B | . . 2 E
. . B . | . D . . | . E . 2 | . . . .
3 . . . | 8 B . . | . . . 4 | . . D 5
-------------------------------------
D 8 . 7 | . A . . | E . . . | 2 . . .
B E . . | . 6 . 8 | . 3 2 . | 4 5 . C
. 9 . . | . . . . | . . 4 . | . 8 . .
. 5 A . | . . . 9 | 8 . D 6 | . E . 1

Which of the following is the correct completed solution?","[[0, 12, 9, 2, 11, 14, 15, 3, 7, 4, 10, 5, 6, 1, 8, 13], [6, 1, 8, 13, 4, 5, 10, 7, 3, 11, 15, 14, 0, 12, 9, 2], [10, 7, 5, 4, 2, 9, 0, 12, 1, 13, 6, 8, 15, 3, 14, 11], [15, 3, 14, 11, 13, 8, 6, 1, 12, 2, 0, 9, 10, 7, 5, 4], [14, 2, 3, 15, 6, 1, 8, 11, 4, 0, 9, 12, 5, 13, 7, 10], [8, 11, 1, 6, 10, 7, 5, 13, 2, 15, 14, 3, 9, 4, 12, 0], [5, 13, 7, 10, 0, 12, 9, 4, 11, 6, 8, 1, 14, 2, 3, 15], [9, 4, 12, 0, 15, 3, 14, 2, 13, 10, 5, 7, 8, 11, 1, 6], [12, 10, 4, 9, 14, 2, 3, 0, 6, 5, 7, 13, 1, 15, 11, 8], [7, 6, 13, 5, 9, 4, 12, 10, 15, 8, 1, 11, 3, 0, 2, 14], [1, 15, 11, 8, 5, 13, 7, 6, 0, 14, 3, 2, 12, 10, 4, 9], [3, 0, 2, 14, 8, 11, 1, 15, 10, 9, 12, 4, 7, 6, 13, 5], [13, 8, 6, 7, 12, 10, 4, 5, 14, 1, 11, 15, 2, 9, 0, 3], [11, 14, 15, 1, 7, 6, 13, 8, 9, 3, 2, 0, 4, 5, 10, 12], [2, 9, 0, 3, 1, 15, 11, 10, 5, 12, 4, 14, 13, 8, 6, 7], [4, 5, 10, 12, 3, 0, 2, 9, 8, 7, 13, 6, 11, 14, 15, 1]]","[[0, 12, 9, 2, 11, 14, 15, 3, 7, 4, 10, 5, 6, 1, 8, 13], [6, 1, 8, 13, 4, 5, 10, 7, 3, 11, 15, 14, 0, 12, 9, 2], [10, 7, 5, 4, 2, 9, 0, 12, 1, 13, 6, 8, 15, 3, 14, 11], [15, 3, 14, 11, 13, 8, 6, 1, 12, 2, 0, 9, 10, 7, 5, 4], [14, 2, 3, 15, 6, 1, 8, 11, 4, 0, 9, 12, 5, 13, 7, 10], [8, 11, 1, 6, 10, 7, 5, 13, 2, 15, 14, 3, 9, 4, 12, 0], [5, 13, 7, 10, 0, 12, 9, 4, 11, 6, 8, 1, 14, 2, 3, 15], [9, 4, 12, 0, 15, 3, 14, 2, 13, 10, 5, 7, 8, 11, 1, 6], [12, 10, 4, 9, 14, 2, 3, 0, 6, 5, 7, 13, 1, 15, 11, 8], [7, 6, 13, 5, 9, 4, 12, 10, 15, 8, 1, 11, 3, 0, 2, 14], [1, 15, 11, 8, 5, 13, 7, 6, 0, 14, 3, 2, 12, 10, 4, 9], [3, 0, 2, 15, 8, 11, 1, 14, 10, 9, 12, 4, 7, 6, 13, 5], [13, 8, 6, 7, 12, 10, 4, 5, 14, 1, 11, 15, 2, 9, 0, 3], [11, 14, 15, 1, 7, 6, 13, 8, 9, 3, 2, 0, 4, 5, 10, 12], [2, 9, 0, 3, 1, 15, 11, 14, 5, 12, 4, 10, 13, 8, 6, 7], [4, 5, 10, 12, 3, 0, 2, 9, 8, 7, 13, 6, 11, 14, 15, 1]]","[[0, 12, 9, 2, 11, 14, 15, 3, 7, 4, 10, 5, 6, 1, 8, 13], [6, 1, 8, 13, 4, 5, 10, 7, 12, 11, 15, 14, 0, 3, 9, 2], [10, 7, 5, 4, 2, 9, 0, 12, 1, 13, 6, 8, 15, 3, 14, 11], [15, 3, 14, 11, 13, 8, 6, 1, 12, 2, 0, 9, 10, 7, 5, 4], [14, 2, 3, 15, 6, 1, 8, 11, 4, 0, 9, 12, 5, 13, 7, 10], [8, 11, 1, 6, 10, 7, 5, 13, 2, 15, 14, 3, 9, 4, 12, 0], [5, 13, 7, 10, 0, 12, 9, 4, 11, 6, 8, 1, 14, 2, 3, 15], [9, 4, 12, 0, 15, 3, 14, 2, 13, 10, 5, 7, 8, 11, 1, 6], [12, 10, 4, 9, 14, 2, 3, 0, 6, 5, 7, 13, 1, 15, 11, 8], [7, 6, 13, 5, 9, 4, 12, 10, 15, 8, 1, 11, 3, 0, 2, 14], [1, 15, 11, 8, 5, 13, 7, 6, 0, 14, 3, 2, 12, 10, 4, 9], [3, 0, 2, 14, 8, 11, 1, 15, 10, 9, 12, 4, 7, 6, 13, 5], [13, 8, 6, 7, 12, 10, 4, 5, 14, 1, 11, 15, 2, 9, 0, 3], [11, 14, 15, 1, 7, 6, 13, 8, 9, 3, 2, 0, 4, 5, 10, 12], [2, 9, 0, 3, 1, 15, 11, 14, 5, 12, 4, 10, 13, 8, 6, 7], [4, 5, 10, 12, 3, 0, 2, 9, 8, 7, 13, 6, 11, 14, 15, 1]]","[[0, 12, 9, 2, 11, 14, 15, 3, 7, 4, 10, 5, 6, 1, 8, 13], [6, 1, 8, 13, 4, 5, 10, 7, 3, 11, 15, 14, 0, 12, 9, 2], [10, 7, 5, 4, 2, 9, 0, 12, 1, 13, 6, 8, 15, 3, 14, 11], [15, 3, 14, 11, 13, 8, 6, 1, 12, 2, 0, 9, 10, 7, 5, 4], [14, 2, 3, 15, 6, 1, 8, 11, 4, 0, 9, 12, 5, 13, 7, 10], [8, 11, 1, 6, 10, 7, 5, 13, 2, 15, 14, 3, 9, 4, 12, 0], [5, 13, 7, 10, 0, 12, 9, 4, 11, 6, 8, 1, 14, 2, 3, 15], [9, 4, 12, 0, 15, 3, 14, 2, 13, 10, 5, 7, 8, 11, 1, 6], [12, 10, 4, 9, 14, 2, 3, 0, 6, 5, 7, 13, 1, 15, 11, 8], [7, 6, 13, 5, 9, 4, 12, 10, 15, 8, 1, 11, 3, 0, 2, 14], [1, 15, 11, 8, 5, 13, 7, 6, 0, 14, 3, 2, 12, 10, 4, 9], [3, 0, 2, 14, 8, 11, 1, 15, 10, 9, 12, 4, 7, 6, 13, 5], [13, 8, 6, 7, 12, 10, 4, 5, 14, 1, 11, 15, 2, 9, 0, 3], [11, 14, 15, 1, 7, 6, 13, 8, 9, 3, 2, 0, 4, 5, 10, 12], [2, 9, 0, 3, 1, 15, 11, 14, 5, 12, 4, 10, 13, 8, 6, 7], [4, 5, 10, 12, 3, 0, 2, 9, 8, 7, 13, 6, 11, 14, 15, 1]]",D,"[[0, 12, 9, 2, 11, 14, 15, 3, 7, 4, 10, 5, 6, 1, 8, 13], [6, 1, 8, 13, 4, 5, 10, 7, 3, 11, 15, 14, 0, 12, 9, 2], [10, 7, 5, 4, 2, 9, 0, 12, 1, 13, 6, 8, 15, 3, 14, 11], [15, 3, 14, 11, 13, 8, 6, 1, 12, 2, 0, 9, 10, 7, 5, 4], [14, 2, 3, 15, 6, 1, 8, 11, 4, 0, 9, 12, 5, 13, 7, 10], [8, 11, 1, 6, 10, 7, 5, 13, 2, 15, 14, 3, 9, 4, 12, 0], [5, 13, 7, 10, 0, 12, 9, 4, 11, 6, 8, 1, 14, 2, 3, 15], [9, 4, 12, 0, 15, 3, 14, 2, 13, 10, 5, 7, 8, 11, 1, 6], [12, 10, 4, 9, 14, 2, 3, 0, 6, 5, 7, 13, 1, 15, 11, 8], [7, 6, 13, 5, 9, 4, 12, 10, 15, 8, 1, 11, 3, 0, 2, 14], [1, 15, 11, 8, 5, 13, 7, 6, 0, 14, 3, 2, 12, 10, 4, 9], [3, 0, 2, 14, 8, 11, 1, 15, 10, 9, 12, 4, 7, 6, 13, 5], [13, 8, 6, 7, 12, 10, 4, 5, 14, 1, 11, 15, 2, 9, 0, 3], [11, 14, 15, 1, 7, 6, 13, 8, 9, 3, 2, 0, 4, 5, 10, 12], [2, 9, 0, 3, 1, 15, 11, 14, 5, 12, 4, 10, 13, 8, 6, 7], [4, 5, 10, 12, 3, 0, 2, 9, 8, 7, 13, 6, 11, 14, 15, 1]]","{""num_givens"": 100, ""grid_size"": 16}"
sudoku_cf4_hex_0070,sudoku_cf4_hex,counterfactual,"[[null, null, 9, null, null, null, null, 1, 13, 6, 2, null, 3, 0, null, 14], [null, null, null, null, 9, 7, null, null, null, 14, 3, 8, null, null, null, null], [null, null, null, 10, null, null, 0, null, 4, null, null, null, null, 13, 12, null], [null, 14, null, null, 2, null, 13, null, 10, null, 11, 1, null, 4, null, null], [14, 11, null, null, null, 3, 12, null, null, null, null, 15, 4, 5, null, 2], [null, 2, null, 5, 10, 9, 1, null, null, null, 13, null, 0, 8, null, null], [null, 9, null, 1, 0, 11, null, 14, null, null, null, 7, null, 12, null, 3], [6, 3, 13, null, null, null, 5, 7, null, null, null, null, null, null, 15, null], [0, 8, null, null, null, null, 2, 13, null, null, 14, 10, 15, null, null, null], [13, null, null, null, null, null, 9, null, 3, 8, null, null, null, null, 10, null], [null, 1, null, null, null, null, null, 0, null, null, null, null, null, null, null, null], [null, null, null, null, 14, null, null, 10, null, 12, 7, null, null, null, 0, null], [null, null, 1, 15, 8, null, 14, 11, 7, null, 5, 2, 12, null, null, 0], [null, null, 5, null, null, null, 15, 9, null, null, null, 3, 8, 14, 11, 10], [null, 10, null, null, 12, null, 6, null, null, null, null, 9, null, null, null, null], [null, null, null, null, null, 13, null, null, 14, 10, null, null, null, null, null, 4]]","Solve the following hexadecimal Sudoku puzzle.
Rule change: The grid is 16×16 (instead of 9×9). The blocks are 4×4 (instead of 3×3). The valid symbols are the hexadecimal digits {0, 1, 2, 3, 4, 5, 6, 7, 8, 9, A, B, C, D, E, F}. Each row, column, and 4×4 block must contain each symbol exactly once.

Puzzle (. = empty cell):
. . 9 . | . . . 1 | D 6 2 . | 3 . . E
. . . . | 9 7 . . | . E 3 8 | . . . .
. . . A | . . . . | 4 . . . | . D C .
. E . . | 2 . D . | A . B 1 | . 4 . .
-------------------------------------
E B . . | . 3 C . | . . . F | 4 5 . 2
. 2 . 5 | A 9 1 . | . . D . | . 8 . .
. 9 . 1 | . B . E | . . . 7 | . C . 3
6 3 D . | . . 5 7 | . . . . | . . F .
-------------------------------------
. 8 . . | . . 2 D | . . E A | F . . .
D . . . | . . 9 . | 3 8 . . | . . A .
. 1 . . | . . . . | . . . . | . . . .
. . . . | E . . A | . C 7 . | . . . .
-------------------------------------
. . 1 F | 8 . E B | 7 . 5 2 | C . . .
. . 5 . | . . F 9 | . . . 3 | 8 E B A
. A . . | C . 6 . | . . . 9 | . . . .
. . . . | . D . . | E A . . | . . . 4

Which of the following is the correct completed solution?","[[5, 7, 9, 4, 11, 15, 10, 1, 13, 6, 2, 12, 3, 0, 8, 14], [12, 6, 2, 13, 9, 7, 4, 5, 0, 14, 3, 8, 11, 10, 1, 15], [1, 15, 11, 10, 3, 14, 0, 8, 4, 7, 9, 5, 2, 13, 12, 6], [8, 14, 3, 0, 2, 6, 13, 12, 10, 15, 11, 1, 9, 4, 5, 7], [14, 11, 0, 8, 13, 3, 12, 6, 1, 9, 10, 15, 4, 5, 7, 2], [7, 2, 4, 5, 10, 9, 1, 15, 11, 3, 13, 6, 0, 8, 14, 12], [15, 9, 10, 1, 0, 11, 8, 14, 5, 2, 4, 7, 13, 12, 6, 3], [6, 3, 13, 12, 4, 2, 5, 7, 8, 11, 0, 14, 10, 1, 15, 9], [0, 8, 6, 3, 7, 12, 2, 13, 11, 1, 14, 10, 15, 9, 4, 5], [13, 12, 7, 2, 15, 5, 9, 4, 3, 8, 6, 0, 14, 11, 10, 1], [10, 1, 14, 11, 6, 8, 3, 0, 9, 5, 15, 4, 7, 2, 13, 12], [4, 5, 15, 9, 14, 1, 11, 10, 2, 12, 7, 13, 6, 3, 0, 8], [9, 4, 1, 15, 8, 10, 14, 11, 7, 13, 5, 2, 12, 6, 3, 0], [2, 13, 5, 7, 1, 4, 15, 9, 6, 0, 12, 3, 8, 14, 11, 10], [11, 10, 8, 14, 12, 0, 6, 3, 15, 4, 1, 9, 5, 7, 2, 13], [3, 0, 12, 6, 5, 13, 7, 2, 14, 10, 8, 11, 1, 15, 9, 4]]","[[5, 7, 9, 4, 11, 15, 10, 1, 13, 6, 2, 12, 3, 0, 8, 14], [12, 6, 2, 13, 9, 7, 4, 5, 0, 14, 3, 8, 11, 10, 1, 15], [1, 15, 11, 10, 3, 14, 0, 8, 4, 7, 9, 5, 2, 13, 12, 6], [8, 14, 3, 0, 2, 6, 13, 12, 10, 15, 11, 1, 9, 4, 5, 7], [14, 11, 0, 8, 13, 3, 12, 6, 1, 9, 10, 15, 4, 5, 7, 2], [7, 2, 4, 5, 10, 9, 1, 15, 12, 3, 13, 6, 0, 8, 14, 11], [15, 9, 10, 1, 0, 11, 8, 14, 5, 2, 4, 7, 13, 12, 6, 3], [6, 3, 13, 12, 4, 2, 5, 7, 8, 11, 0, 14, 10, 1, 15, 9], [0, 8, 6, 3, 7, 12, 2, 13, 11, 1, 14, 10, 15, 9, 4, 5], [13, 12, 7, 14, 15, 5, 9, 4, 3, 8, 6, 0, 2, 11, 10, 1], [10, 1, 14, 11, 6, 8, 3, 0, 9, 5, 15, 4, 7, 2, 13, 12], [4, 5, 15, 9, 14, 1, 11, 10, 2, 12, 7, 13, 6, 3, 0, 8], [9, 4, 1, 15, 8, 10, 14, 11, 7, 13, 5, 2, 12, 6, 3, 0], [2, 13, 5, 7, 1, 4, 15, 9, 6, 0, 12, 3, 8, 14, 11, 10], [11, 10, 8, 14, 12, 0, 6, 3, 15, 4, 1, 9, 5, 7, 2, 13], [3, 0, 12, 6, 5, 13, 7, 2, 14, 10, 8, 11, 1, 15, 9, 4]]","[[5, 7, 9, 4, 11, 15, 10, 1, 13, 6, 2, 12, 3, 0, 8, 14], [12, 6, 2, 13, 9, 7, 4, 5, 0, 14, 3, 8, 11, 10, 1, 15], [1, 15, 11, 10, 3, 14, 0, 8, 4, 7, 9, 5, 2, 13, 12, 6], [8, 14, 3, 0, 2, 6, 13, 12, 10, 15, 11, 1, 9, 4, 5, 7], [14, 11, 0, 8, 13, 3, 12, 6, 1, 9, 10, 15, 4, 5, 7, 2], [7, 2, 4, 5, 10, 9, 1, 15, 12, 3, 13, 6, 0, 8, 14, 11], [15, 9, 10, 1, 0, 11, 8, 14, 5, 2, 4, 7, 13, 12, 6, 3], [6, 3, 13, 12, 4, 2, 5, 7, 8, 11, 0, 14, 10, 1, 15, 9], [0, 8, 6, 3, 7, 12, 2, 13, 11, 1, 14, 10, 15, 9, 4, 5], [13, 12, 7, 2, 15, 5, 9, 4, 3, 8, 6, 0, 14, 11, 10, 1], [10, 1, 14, 11, 6, 8, 3, 0, 9, 5, 15, 4, 7, 2, 13, 12], [4, 5, 15, 9, 14, 1, 11, 10, 2, 12, 7, 13, 6, 3, 0, 8], [9, 4, 1, 15, 8, 10, 14, 11, 7, 13, 5, 2, 12, 6, 3, 0], [2, 13, 5, 7, 1, 4, 15, 9, 6, 0, 12, 3, 8, 14, 11, 10], [11, 10, 8, 14, 12, 0, 6, 3, 15, 4, 1, 9, 5, 7, 2, 13], [3, 0, 12, 6, 5, 13, 7, 2, 14, 10, 8, 11, 1, 15, 9, 4]]","[[15, 7, 9, 4, 11, 5, 10, 1, 13, 6, 2, 12, 3, 0, 8, 14], [12, 6, 2, 13, 9, 7, 4, 5, 0, 14, 3, 8, 11, 10, 1, 15], [1, 15, 11, 10, 3, 14, 0, 8, 4, 7, 9, 5, 2, 13, 12, 6], [8, 14, 3, 0, 2, 6, 13, 12, 10, 15, 11, 1, 9, 4, 5, 7], [14, 11, 0, 8, 13, 3, 12, 6, 1, 9, 10, 15, 4, 5, 7, 2], [7, 2, 4, 5, 10, 9, 1, 15, 12, 3, 13, 6, 0, 8, 14, 11], [15, 9, 10, 1, 0, 11, 8, 14, 5, 2, 4, 7, 13, 12, 6, 3], [6, 3, 13, 12, 4, 2, 5, 7, 8, 11, 0, 14, 10, 1, 15, 9], [0, 8, 6, 3, 7, 12, 2, 13, 11, 1, 14, 10, 15, 9, 4, 5], [13, 12, 7, 2, 15, 5, 9, 4, 3, 8, 6, 0, 14, 11, 10, 1], [10, 1, 14, 11, 6, 8, 3, 0, 9, 5, 15, 4, 7, 2, 13, 12], [4, 5, 15, 9, 14, 1, 11, 10, 2, 12, 7, 13, 6, 3, 0, 8], [9, 4, 1, 15, 8, 10, 14, 11, 7, 13, 5, 2, 12, 6, 3, 0], [2, 13, 5, 7, 1, 4, 15, 9, 6, 0, 12, 3, 8, 14, 11, 10], [11, 10, 8, 14, 12, 0, 6, 3, 15, 4, 1, 9, 5, 7, 2, 13], [3, 0, 12, 6, 5, 13, 7, 2, 14, 10, 8, 11, 1, 15, 9, 4]]",C,"[[5, 7, 9, 4, 11, 15, 10, 1, 13, 6, 2, 12, 3, 0, 8, 14], [12, 6, 2, 13, 9, 7, 4, 5, 0, 14, 3, 8, 11, 10, 1, 15], [1, 15, 11, 10, 3, 14, 0, 8, 4, 7, 9, 5, 2, 13, 12, 6], [8, 14, 3, 0, 2, 6, 13, 12, 10, 15, 11, 1, 9, 4, 5, 7], [14, 11, 0, 8, 13, 3, 12, 6, 1, 9, 10, 15, 4, 5, 7, 2], [7, 2, 4, 5, 10, 9, 1, 15, 12, 3, 13, 6, 0, 8, 14, 11], [15, 9, 10, 1, 0, 11, 8, 14, 5, 2, 4, 7, 13, 12, 6, 3], [6, 3, 13, 12, 4, 2, 5, 7, 8, 11, 0, 14, 10, 1, 15, 9], [0, 8, 6, 3, 7, 12, 2, 13, 11, 1, 14, 10, 15, 9, 4, 5], [13, 12, 7, 2, 15, 5, 9, 4, 3, 8, 6, 0, 14, 11, 10, 1], [10, 1, 14, 11, 6, 8, 3, 0, 9, 5, 15, 4, 7, 2, 13, 12], [4, 5, 15, 9, 14, 1, 11, 10, 2, 12, 7, 13, 6, 3, 0, 8], [9, 4, 1, 15, 8, 10, 14, 11, 7, 13, 5, 2, 12, 6, 3, 0], [2, 13, 5, 7, 1, 4, 15, 9, 6, 0, 12, 3, 8, 14, 11, 10], [11, 10, 8, 14, 12, 0, 6, 3, 15, 4, 1, 9, 5, 7, 2, 13], [3, 0, 12, 6, 5, 13, 7, 2, 14, 10, 8, 11, 1, 15, 9, 4]]","{""num_givens"": 100, ""grid_size"": 16}"
sudoku_cf4_hex_0071,sudoku_cf4_hex,counterfactual,"[[6, 13, 14, null, null, null, 8, null, null, null, null, 0, null, null, null, null], [null, 3, null, 7, 14, null, 6, 13, 12, 10, null, 15, 2, 9, null, 0], [0, null, null, null, 5, null, null, null, null, 7, 4, 8, null, 1, 14, 6], [15, null, null, null, null, null, 0, null, null, 1, null, 6, null, 7, null, null], [null, 5, null, null, null, null, null, null, null, null, null, null, null, null, null, 9], [1, null, null, null, null, 3, null, null, 4, null, 0, null, null, 12, 15, 10], [null, 4, null, null, null, 12, null, null, null, null, null, 7, 11, null, 6, 1], [null, 14, null, null, null, 2, 9, null, 11, null, null, null, null, 3, null, null], [5, null, null, null, 13, 0, 11, null, null, 6, null, null, 7, null, 2, null], [11, 9, 13, null, null, null, 5, 10, 7, null, null, 4, null, null, null, null], [null, null, null, null, null, 6, null, null, null, 15, null, 5, null, null, null, 11], [null, 1, 12, 6, null, null, 4, null, null, 0, null, null, 10, null, null, null], [2, null, null, null, null, 14, 12, null, null, null, 7, 3, 0, 11, null, null], [null, null, null, null, null, null, null, 0, null, null, 10, 12, 8, null, null, 2], [13, 0, 1, null, 7, null, null, 15, null, null, 9, null, null, null, null, null], [12, null, 10, null, null, 4, null, null, 0, 11, null, 13, null, 5, 7, 3]]","Solve the following hexadecimal Sudoku puzzle.
Rule change: The grid is 16×16 (instead of 9×9). The blocks are 4×4 (instead of 3×3). The valid symbols are the hexadecimal digits {0, 1, 2, 3, 4, 5, 6, 7, 8, 9, A, B, C, D, E, F}. Each row, column, and 4×4 block must contain each symbol exactly once.

Puzzle (. = empty cell):
6 D E . | . . 8 . | . . . . | . . . .
. 3 . 7 | E . 6 D | C A . F | 2 9 . .
. . . . | 5 . . . | . 7 4 8 | . 1 E 6
F . . . | . . . . | . 1 . 6 | . 7 . .
-------------------------------------
. 5 . . | . . . . | . . . . | . . . 9
1 . . . | . 3 . . | 4 . . . | . C F A
. 4 . . | . C . . | . . . 7 | B . 6 1
. E . . | . 2 9 . | B . . . | . 3 . .
-------------------------------------
5 . . . | D . B . | . 6 . . | 7 . 2 .
B 9 D . | . . 5 A | 7 . . 4 | . . . .
. . . . | . 6 . . | . F . 5 | . . . B
. 1 C 6 | . . 4 . | . . . . | A . . .
-------------------------------------
2 . . . | . E C . | . . 7 3 | . B . .
. . . . | . . . . | . . A C | 8 . . 2
D . 1 . | 7 . . F | . . 9 . | . . . .
C . A . | . 4 . . | . B . D | . 5 7 3

Which of the following is the correct completed solution?","[[6, 13, 14, 1, 4, 7, 8, 3, 2, 9, 11, 0, 12, 10, 5, 15], [8, 3, 4, 7, 14, 1, 6, 13, 12, 10, 5, 15, 2, 9, 11, 0], [0, 2, 11, 9, 5, 10, 15, 12, 3, 7, 4, 8, 13, 1, 14, 6], [15, 12, 5, 10, 11, 9, 0, 2, 13, 1, 14, 6, 3, 7, 4, 8], [7, 5, 8, 3, 6, 13, 1, 11, 14, 12, 15, 10, 4, 2, 0, 9], [1, 11, 6, 13, 8, 3, 7, 5, 4, 2, 0, 9, 14, 12, 15, 10], [9, 4, 0, 2, 15, 12, 10, 14, 5, 3, 8, 7, 11, 13, 6, 1], [10, 14, 15, 12, 0, 2, 9, 4, 11, 13, 6, 1, 5, 3, 8, 7], [5, 10, 3, 15, 13, 0, 11, 9, 1, 6, 12, 14, 7, 8, 2, 4], [11, 9, 13, 0, 3, 15, 5, 10, 7, 8, 2, 4, 1, 6, 12, 14], [4, 7, 2, 8, 12, 6, 14, 1, 10, 15, 3, 5, 9, 0, 13, 11], [14, 1, 12, 6, 3, 8, 4, 7, 9, 0, 13, 11, 10, 15, 2, 5], [2, 8, 9, 4, 10, 14, 12, 6, 15, 5, 7, 3, 0, 11, 1, 13], [3, 15, 7, 5, 1, 11, 13, 0, 6, 14, 10, 12, 8, 4, 9, 2], [13, 0, 1, 11, 7, 5, 3, 15, 8, 4, 9, 2, 6, 14, 10, 12], [12, 6, 10, 14, 9, 4, 2, 8, 0, 11, 1, 13, 15, 5, 7, 3]]","[[6, 13, 14, 1, 4, 7, 8, 3, 2, 9, 11, 0, 12, 10, 5, 15], [8, 3, 4, 7, 14, 1, 6, 13, 12, 10, 5, 15, 2, 9, 11, 0], [0, 2, 11, 9, 5, 10, 15, 12, 3, 7, 4, 8, 13, 1, 14, 6], [15, 12, 5, 10, 11, 9, 0, 2, 13, 1, 14, 6, 3, 7, 4, 8], [7, 5, 8, 3, 6, 13, 1, 11, 14, 12, 15, 10, 4, 2, 0, 9], [1, 11, 6, 13, 8, 3, 7, 5, 4, 2, 0, 9, 14, 12, 15, 10], [9, 4, 0, 2, 15, 12, 10, 14, 5, 3, 8, 7, 11, 13, 6, 1], [10, 14, 15, 12, 0, 2, 9, 4, 11, 13, 6, 1, 5, 3, 8, 7], [5, 10, 3, 15, 13, 0, 11, 9, 1, 6, 12, 14, 7, 8, 2, 4], [11, 9, 13, 0, 3, 15, 5, 10, 7, 8, 2, 4, 1, 6, 12, 14], [4, 7, 2, 8, 12, 6, 14, 1, 10, 15, 3, 5, 9, 0, 13, 11], [14, 1, 12, 6, 2, 8, 4, 7, 9, 0, 13, 11, 10, 15, 3, 5], [2, 8, 9, 4, 10, 14, 12, 6, 15, 5, 7, 3, 0, 11, 1, 13], [3, 15, 7, 5, 1, 11, 13, 0, 6, 14, 10, 12, 8, 4, 9, 2], [13, 0, 1, 11, 7, 5, 3, 15, 8, 4, 9, 2, 6, 14, 10, 12], [12, 6, 10, 14, 9, 4, 2, 8, 0, 11, 1, 13, 15, 5, 7, 3]]","[[6, 13, 14, 1, 4, 7, 8, 3, 2, 9, 11, 0, 12, 10, 5, 15], [8, 3, 4, 7, 14, 1, 6, 13, 12, 10, 5, 15, 2, 9, 11, 0], [0, 2, 11, 9, 5, 10, 15, 12, 3, 7, 4, 8, 13, 1, 14, 6], [15, 12, 5, 10, 11, 9, 0, 2, 13, 1, 14, 6, 3, 7, 4, 8], [7, 5, 8, 3, 6, 13, 1, 11, 14, 12, 15, 10, 4, 2, 0, 9], [1, 11, 6, 13, 8, 3, 7, 5, 4, 2, 0, 9, 14, 12, 15, 10], [9, 4, 0, 2, 15, 12, 10, 14, 5, 3, 8, 7, 11, 13, 6, 1], [10, 14, 15, 12, 0, 2, 9, 4, 11, 13, 6, 1, 5, 3, 8, 7], [5, 10, 3, 15, 13, 0, 11, 9, 1, 6, 12, 14, 7, 8, 2, 4], [11, 9, 13, 0, 3, 15, 5, 10, 7, 8, 2, 4, 1, 6, 12, 14], [4, 7, 2, 8, 12, 6, 14, 1, 10, 15, 3, 5, 9, 0, 13, 11], [14, 1, 12, 6, 2, 8, 4, 7, 9, 0, 13, 11, 10, 15, 3, 5], [2, 8, 9, 4, 10, 14, 12, 6, 15, 5, 7, 3, 0, 11, 1, 13], [3, 15, 1, 5, 7, 11, 13, 0, 6, 14, 10, 12, 8, 4, 9, 2], [13, 0, 1, 11, 7, 5, 3, 15, 8, 4, 9, 2, 6, 14, 10, 12], [12, 6, 10, 14, 9, 4, 2, 8, 0, 11, 1, 13, 15, 5, 7, 3]]","[[6, 13, 14, 1, 4, 7, 8, 3, 2, 9, 11, 0, 12, 10, 5, 15], [8, 3, 4, 7, 14, 1, 6, 13, 12, 10, 5, 15, 2, 9, 11, 0], [0, 2, 11, 9, 5, 10, 15, 12, 3, 7, 4, 8, 13, 1, 14, 6], [15, 12, 5, 10, 11, 9, 0, 2, 13, 1, 14, 6, 3, 7, 4, 8], [7, 5, 8, 3, 6, 13, 1, 11, 14, 12, 15, 10, 4, 2, 0, 9], [1, 11, 6, 13, 8, 3, 7, 5, 4, 2, 0, 9, 14, 12, 15, 10], [9, 4, 0, 2, 15, 12, 10, 14, 5, 3, 8, 7, 11, 13, 6, 1], [10, 14, 15, 12, 0, 2, 9, 4, 11, 13, 6, 1, 5, 3, 8, 7], [5, 10, 3, 15, 13, 0, 11, 9, 1, 6, 12, 14, 7, 8, 2, 4], [11, 9, 13, 0, 3, 15, 5, 10, 7, 8, 2, 4, 1, 6, 12, 14], [4, 7, 2, 8, 12, 6, 14, 1, 10, 15, 3, 5, 9, 0, 13, 11], [14, 1, 12, 6, 2, 8, 4, 7, 9, 0, 13, 11, 10, 15, 3, 5], [2, 8, 9, 4, 10, 14, 12, 6, 15, 5, 7, 3, 0, 11, 1, 13], [3, 15, 7, 5, 1, 11, 13, 0, 6, 14, 10, 12, 8, 4, 9, 2], [13, 0, 1, 14, 7, 5, 3, 15, 8, 4, 9, 2, 6, 11, 10, 12], [12, 6, 10, 14, 9, 4, 2, 8, 0, 11, 1, 13, 15, 5, 7, 3]]",B,"[[6, 13, 14, 1, 4, 7, 8, 3, 2, 9, 11, 0, 12, 10, 5, 15], [8, 3, 4, 7, 14, 1, 6, 13, 12, 10, 5, 15, 2, 9, 11, 0], [0, 2, 11, 9, 5, 10, 15, 12, 3, 7, 4, 8, 13, 1, 14, 6], [15, 12, 5, 10, 11, 9, 0, 2, 13, 1, 14, 6, 3, 7, 4, 8], [7, 5, 8, 3, 6, 13, 1, 11, 14, 12, 15, 10, 4, 2, 0, 9], [1, 11, 6, 13, 8, 3, 7, 5, 4, 2, 0, 9, 14, 12, 15, 10], [9, 4, 0, 2, 15, 12, 10, 14, 5, 3, 8, 7, 11, 13, 6, 1], [10, 14, 15, 12, 0, 2, 9, 4, 11, 13, 6, 1, 5, 3, 8, 7], [5, 10, 3, 15, 13, 0, 11, 9, 1, 6, 12, 14, 7, 8, 2, 4], [11, 9, 13, 0, 3, 15, 5, 10, 7, 8, 2, 4, 1, 6, 12, 14], [4, 7, 2, 8, 12, 6, 14, 1, 10, 15, 3, 5, 9, 0, 13, 11], [14, 1, 12, 6, 2, 8, 4, 7, 9, 0, 13, 11, 10, 15, 3, 5], [2, 8, 9, 4, 10, 14, 12, 6, 15, 5, 7, 3, 0, 11, 1, 13], [3, 15, 7, 5, 1, 11, 13, 0, 6, 14, 10, 12, 8, 4, 9, 2], [13, 0, 1, 11, 7, 5, 3, 15, 8, 4, 9, 2, 6, 14, 10, 12], [12, 6, 10, 14, 9, 4, 2, 8, 0, 11, 1, 13, 15, 5, 7, 3]]","{""num_givens"": 100, ""grid_size"": 16}"
sudoku_cf4_hex_0072,sudoku_cf4_hex,counterfactual,"[[null, null, 12, null, null, 10, null, 14, 2, null, null, null, null, null, 11, null], [8, null, null, 13, 0, null, 1, null, null, null, null, null, null, null, null, null], [9, null, 14, null, 2, null, null, null, null, null, null, null, null, 4, null, 1], [null, null, null, 7, null, 13, null, null, null, 12, null, null, 9, 10, 14, null], [null, null, 7, null, 1, 12, null, 13, 5, 4, null, null, null, null, 10, null], [null, null, 4, null, 15, 6, null, 10, null, null, null, null, 1, 12, 13, 8], [null, 9, 10, 6, 3, null, 2, 7, null, null, null, null, null, null, 4, 0], [null, null, null, null, 5, 14, null, 4, 15, null, 6, null, null, null, null, 2], [13, null, 8, null, null, null, null, 0, 10, 9, null, null, null, null, null, null], [4, null, 0, null, null, null, 14, null, 7, null, null, null, null, null, 8, null], [null, null, 2, null, null, null, null, null, null, null, 5, 12, 10, 15, null, null], [10, null, null, null, 7, null, 6, 2, 13, null, 1, null, null, 5, null, null], [null, null, 3, null, null, null, 13, 1, null, 5, null, 4, null, null, 15, 10], [12, null, null, null, null, 9, 4, 5, 6, 15, null, null, 11, null, null, null], [null, null, null, 9, null, 2, 10, null, null, 3, 8, null, null, null, null, null], [6, null, 15, 2, 11, 8, 7, 3, null, null, 0, null, 14, null, 5, null]]","Solve the following hexadecimal Sudoku puzzle.
Rule change: The grid is 16×16 (instead of 9×9). The blocks are 4×4 (instead of 3×3). The valid symbols are the hexadecimal digits {0, 1, 2, 3, 4, 5, 6, 7, 8, 9, A, B, C, D, E, F}. Each row, column, and 4×4 block must contain each symbol exactly once.

Puzzle (. = empty cell):
. . C . | . A . E | 2 . . . | . . B .
8 . . D | . . 1 . | . . . . | . . . .
9 . E . | 2 . . . | . . . . | . 4 . 1
. . . 7 | . D . . | . C . . | 9 A E .
-------------------------------------
. . 7 . | 1 C . D | 5 4 . . | . . A .
. . 4 . | F 6 . A | . . . . | 1 C D 8
. 9 A 6 | 3 . 2 7 | . . . . | . . 4 .
. . . . | 5 E . 4 | F . 6 . | . . . 2
-------------------------------------
D . 8 . | . . . . | A 9 . . | . . . .
4 . . . | . . E . | 7 . . . | . . 8 .
. . 2 . | . . . . | . . 5 C | A F . .
A . . . | 7 . 6 2 | D . 1 . | . 5 . .
-------------------------------------
. . 3 . | . . D 1 | . 5 . 4 | . . F A
C . . . | . 9 4 5 | 6 F . . | B . . .
. . . 9 | . 2 A . | . 3 8 . | . . . .
6 . F 2 | B 8 7 3 | . . . . | E . 5 .

Which of the following is the correct completed solution?","[[0, 1, 12, 4, 9, 10, 5, 14, 2, 6, 7, 15, 8, 13, 11, 3], [8, 3, 11, 13, 0, 4, 1, 12, 9, 14, 10, 5, 2, 7, 6, 15], [9, 5, 14, 10, 2, 7, 15, 6, 8, 11, 13, 3, 0, 4, 12, 1], [2, 15, 6, 7, 8, 13, 3, 11, 0, 12, 4, 1, 9, 10, 14, 5], [3, 2, 7, 11, 1, 12, 8, 13, 5, 4, 14, 0, 15, 6, 10, 9], [9, 0, 4, 14, 15, 6, 5, 10, 3, 7, 11, 2, 1, 12, 13, 8], [15, 9, 10, 6, 3, 11, 2, 7, 1, 13, 12, 8, 5, 14, 4, 0], [1, 8, 13, 12, 5, 14, 0, 4, 15, 10, 6, 9, 3, 11, 7, 2], [13, 11, 8, 1, 4, 5, 12, 0, 10, 9, 15, 14, 7, 3, 2, 6], [4, 12, 0, 5, 10, 15, 14, 9, 7, 2, 3, 6, 13, 1, 8, 11], [7, 6, 2, 3, 13, 1, 11, 8, 4, 0, 5, 12, 10, 15, 9, 14], [10, 14, 9, 15, 7, 3, 6, 2, 13, 8, 1, 11, 4, 5, 0, 12], [11, 7, 3, 8, 12, 0, 13, 1, 14, 5, 9, 4, 6, 2, 15, 10], [12, 13, 1, 0, 14, 9, 4, 5, 6, 15, 2, 10, 11, 8, 3, 7], [14, 4, 5, 9, 6, 2, 10, 15, 11, 3, 8, 7, 12, 0, 1, 13], [6, 10, 15, 2, 11, 8, 7, 3, 12, 1, 0, 13, 14, 9, 5, 4]]","[[0, 1, 12, 4, 9, 10, 5, 14, 2, 6, 7, 15, 8, 13, 11, 3], [8, 3, 11, 13, 0, 4, 1, 12, 9, 14, 10, 5, 2, 7, 6, 15], [9, 5, 14, 10, 2, 7, 15, 6, 8, 11, 13, 3, 0, 4, 12, 1], [2, 15, 6, 7, 8, 13, 3, 11, 0, 12, 4, 1, 9, 10, 14, 5], [3, 2, 7, 11, 1, 12, 8, 13, 5, 4, 14, 0, 15, 6, 10, 9], [5, 0, 4, 14, 15, 6, 9, 10, 3, 7, 11, 2, 1, 12, 13, 8], [15, 9, 10, 6, 3, 11, 2, 7, 1, 13, 12, 8, 5, 14, 4, 0], [1, 8, 13, 12, 5, 14, 0, 4, 15, 10, 6, 9, 3, 11, 7, 2], [13, 11, 8, 1, 4, 5, 12, 0, 10, 9, 15, 14, 7, 3, 2, 6], [4, 12, 0, 5, 10, 15, 14, 9, 7, 2, 3, 6, 13, 1, 8, 11], [7, 6, 2, 3, 13, 1, 11, 8, 4, 0, 5, 12, 10, 15, 9, 14], [10, 14, 9, 8, 7, 3, 6, 2, 13, 15, 1, 11, 4, 5, 0, 12], [11, 7, 3, 8, 12, 0, 13, 1, 14, 5, 9, 4, 6, 2, 15, 10], [12, 13, 1, 0, 14, 9, 4, 5, 6, 15, 2, 10, 11, 8, 3, 7], [14, 4, 5, 9, 6, 2, 10, 15, 11, 3, 8, 7, 12, 0, 1, 13], [6, 10, 15, 2, 11, 8, 7, 3, 12, 1, 0, 13, 14, 9, 5, 4]]","[[0, 1, 12, 4, 9, 10, 5, 14, 2, 6, 7, 15, 8, 13, 11, 3], [8, 3, 11, 13, 0, 4, 1, 12, 9, 14, 10, 5, 2, 7, 6, 15], [9, 5, 14, 10, 2, 7, 15, 6, 8, 11, 13, 3, 0, 4, 12, 1], [2, 15, 6, 7, 8, 13, 3, 11, 0, 12, 4, 1, 9, 10, 14, 5], [3, 2, 7, 11, 1, 12, 8, 13, 5, 4, 14, 0, 15, 6, 10, 9], [5, 0, 4, 14, 15, 6, 9, 10, 3, 7, 11, 2, 1, 12, 13, 8], [15, 9, 10, 6, 3, 11, 2, 7, 1, 13, 12, 8, 5, 14, 4, 0], [1, 8, 13, 12, 5, 14, 0, 4, 15, 10, 6, 9, 3, 11, 7, 2], [13, 11, 8, 1, 4, 5, 12, 0, 10, 9, 15, 14, 7, 3, 2, 6], [4, 12, 0, 5, 10, 15, 14, 9, 7, 2, 3, 6, 13, 1, 8, 11], [7, 6, 2, 3, 13, 1, 11, 8, 4, 0, 5, 12, 10, 15, 9, 14], [10, 14, 9, 15, 7, 3, 6, 2, 13, 8, 1, 11, 4, 5, 0, 12], [11, 7, 3, 8, 12, 0, 13, 1, 14, 5, 9, 4, 6, 2, 15, 10], [12, 13, 1, 0, 14, 9, 4, 5, 6, 15, 2, 10, 11, 8, 3, 7], [14, 4, 5, 9, 6, 2, 10, 15, 11, 3, 8, 7, 12, 0, 1, 13], [6, 10, 15, 2, 11, 8, 7, 3, 12, 1, 0, 13, 14, 9, 5, 4]]","[[0, 1, 12, 4, 9, 10, 5, 14, 2, 6, 7, 15, 8, 13, 11, 3], [8, 3, 11, 13, 0, 4, 1, 12, 9, 14, 10, 5, 2, 7, 6, 15], [9, 5, 14, 10, 2, 7, 15, 6, 8, 11, 13, 3, 0, 4, 12, 1], [2, 15, 6, 7, 8, 13, 3, 11, 0, 12, 4, 1, 9, 10, 14, 5], [3, 2, 7, 11, 1, 12, 8, 13, 5, 4, 14, 0, 15, 6, 10, 9], [5, 0, 4, 14, 15, 6, 9, 10, 3, 7, 11, 2, 1, 12, 13, 8], [15, 9, 10, 6, 3, 11, 2, 7, 1, 13, 12, 8, 5, 14, 4, 0], [1, 8, 13, 12, 5, 14, 0, 4, 15, 10, 6, 9, 3, 11, 7, 2], [13, 11, 8, 1, 4, 5, 12, 0, 10, 9, 15, 14, 7, 3, 2, 6], [4, 12, 0, 5, 10, 15, 14, 9, 7, 2, 3, 6, 13, 1, 8, 11], [7, 6, 2, 3, 13, 1, 11, 8, 4, 0, 5, 12, 10, 15, 9, 14], [10, 14, 9, 15, 7, 3, 6, 2, 13, 8, 1, 11, 4, 5, 0, 12], [11, 7, 3, 9, 12, 0, 13, 1, 14, 5, 8, 4, 6, 2, 15, 10], [12, 13, 1, 0, 14, 9, 4, 5, 6, 15, 2, 10, 11, 8, 3, 7], [14, 4, 5, 9, 6, 2, 10, 15, 11, 3, 8, 7, 12, 0, 1, 13], [6, 10, 15, 2, 11, 8, 7, 3, 12, 1, 0, 13, 14, 9, 5, 4]]",C,"[[0, 1, 12, 4, 9, 10, 5, 14, 2, 6, 7, 15, 8, 13, 11, 3], [8, 3, 11, 13, 0, 4, 1, 12, 9, 14, 10, 5, 2, 7, 6, 15], [9, 5, 14, 10, 2, 7, 15, 6, 8, 11, 13, 3, 0, 4, 12, 1], [2, 15, 6, 7, 8, 13, 3, 11, 0, 12, 4, 1, 9, 10, 14, 5], [3, 2, 7, 11, 1, 12, 8, 13, 5, 4, 14, 0, 15, 6, 10, 9], [5, 0, 4, 14, 15, 6, 9, 10, 3, 7, 11, 2, 1, 12, 13, 8], [15, 9, 10, 6, 3, 11, 2, 7, 1, 13, 12, 8, 5, 14, 4, 0], [1, 8, 13, 12, 5, 14, 0, 4, 15, 10, 6, 9, 3, 11, 7, 2], [13, 11, 8, 1, 4, 5, 12, 0, 10, 9, 15, 14, 7, 3, 2, 6], [4, 12, 0, 5, 10, 15, 14, 9, 7, 2, 3, 6, 13, 1, 8, 11], [7, 6, 2, 3, 13, 1, 11, 8, 4, 0, 5, 12, 10, 15, 9, 14], [10, 14, 9, 15, 7, 3, 6, 2, 13, 8, 1, 11, 4, 5, 0, 12], [11, 7, 3, 8, 12, 0, 13, 1, 14, 5, 9, 4, 6, 2, 15, 10], [12, 13, 1, 0, 14, 9, 4, 5, 6, 15, 2, 10, 11, 8, 3, 7], [14, 4, 5, 9, 6, 2, 10, 15, 11, 3, 8, 7, 12, 0, 1, 13], [6, 10, 15, 2, 11, 8, 7, 3, 12, 1, 0, 13, 14, 9, 5, 4]]","{""num_givens"": 100, ""grid_size"": 16}"
sudoku_cf4_hex_0073,sudoku_cf4_hex,counterfactual,"[[null, 0, null, 14, 2, null, null, null, null, null, null, null, 15, null, 7, null], [null, 12, 7, null, null, null, null, null, null, null, 5, 1, null, 14, null, 0], [null, 2, null, null, 12, 7, 15, 3, null, 0, null, null, 4, 13, 6, 11], [null, null, null, 13, null, 8, 9, 14, 15, null, 7, null, 10, null, 5, null], [6, null, 14, 11, null, 1, 8, null, null, null, 13, null, null, null, 3, null], [8, null, 1, 0, null, null, 5, null, 6, null, 14, null, null, null, null, 15], [5, null, 3, 2, null, 13, 7, 12, null, null, null, null, null, null, null, 4], [null, 15, null, null, null, null, null, null, null, null, 3, null, 8, 0, null, null], [null, null, 10, null, null, null, null, null, 0, null, null, null, null, null, null, 13], [0, null, null, null, null, null, null, null, null, null, null, 7, null, null, 15, null], [null, 3, 15, null, null, 4, null, 7, 2, null, 10, 8, null, null, null, 14], [11, null, null, null, null, 9, 0, 6, 12, null, null, 5, null, 8, 10, null], [3, 5, null, 10, null, null, null, 15, 1, null, null, 9, null, null, null, 6], [1, null, null, null, null, null, 3, 10, null, 6, null, null, 13, null, null, 7], [null, null, null, null, null, 2, null, null, null, null, null, null, 3, null, null, null], [13, 7, null, null, null, 0, 14, null, 3, null, null, 10, 1, null, 2, 8]]","Solve the following hexadecimal Sudoku puzzle.
Rule change: The grid is 16×16 (instead of 9×9). The blocks are 4×4 (instead of 3×3). The valid symbols are the hexadecimal digits {0, 1, 2, 3, 4, 5, 6, 7, 8, 9, A, B, C, D, E, F}. Each row, column, and 4×4 block must contain each symbol exactly once.

Puzzle (. = empty cell):
. . . E | 2 . . . | . . . . | F . 7 .
. C 7 . | . . . . | . . 5 1 | . E . .
. 2 . . | C 7 F 3 | . . . . | 4 D 6 B
. . . D | . 8 9 E | F . 7 . | A . 5 .
-------------------------------------
6 . E B | . 1 8 . | . . D . | . . 3 .
8 . 1 . | . . 5 . | 6 . E . | . . . F
5 . 3 2 | . D 7 C | . . . . | . . . 4
. F . . | . . . . | . . 3 . | 8 . . .
-------------------------------------
. . A . | . . . . | . . . . | . . . D
. . . . | . . . . | . . . 7 | . . F .
. 3 F . | . 4 . 7 | 2 . A 8 | . . . E
B . . . | . 9 . 6 | C . . 5 | . 8 A .
-------------------------------------
3 5 . A | . . . F | 1 . . 9 | . . . 6
1 . . . | . . 3 A | . 6 . . | D . . 7
. . . . | . 2 . . | . . . . | 3 . . .
D 7 . . | . . E . | 3 . . A | 1 . 2 8

Which of the following is the correct completed solution?","[[9, 0, 8, 14, 2, 5, 10, 1, 4, 11, 6, 13, 15, 3, 7, 12], [15, 12, 7, 3, 11, 6, 4, 13, 10, 2, 5, 1, 9, 14, 8, 0], [10, 2, 5, 1, 12, 7, 15, 3, 9, 0, 8, 14, 4, 13, 6, 11], [4, 11, 6, 13, 0, 8, 9, 14, 15, 12, 7, 3, 10, 1, 5, 2], [6, 4, 14, 11, 9, 1, 8, 0, 7, 15, 13, 12, 5, 2, 3, 10], [8, 9, 1, 0, 10, 3, 5, 2, 6, 4, 14, 11, 7, 12, 13, 15], [5, 10, 3, 2, 15, 13, 7, 12, 8, 9, 1, 0, 6, 11, 14, 4], [7, 15, 13, 12, 4, 14, 6, 11, 5, 10, 3, 2, 8, 0, 1, 9], [2, 1, 10, 8, 3, 15, 12, 5, 0, 14, 9, 6, 11, 7, 4, 13], [0, 14, 9, 6, 1, 10, 2, 8, 11, 13, 4, 7, 12, 5, 15, 3], [12, 3, 15, 5, 13, 4, 11, 7, 2, 1, 10, 8, 0, 6, 9, 14], [11, 13, 4, 7, 14, 9, 0, 6, 12, 3, 15, 5, 2, 8, 10, 1], [3, 5, 12, 10, 7, 11, 13, 15, 1, 8, 2, 9, 14, 4, 0, 6], [1, 8, 2, 9, 5, 12, 3, 10, 14, 6, 0, 4, 13, 15, 11, 7], [14, 6, 0, 4, 8, 2, 1, 9, 13, 7, 11, 15, 3, 10, 12, 5], [13, 7, 15, 11, 6, 0, 14, 4, 3, 5, 12, 10, 1, 9, 2, 8]]","[[9, 0, 8, 14, 2, 5, 10, 1, 4, 11, 3, 13, 15, 6, 7, 12], [15, 12, 7, 3, 11, 6, 4, 13, 10, 2, 5, 1, 9, 14, 8, 0], [10, 2, 5, 1, 12, 7, 15, 3, 9, 0, 8, 14, 4, 13, 6, 11], [4, 11, 6, 13, 0, 8, 9, 14, 15, 12, 7, 3, 10, 1, 5, 2], [6, 4, 14, 11, 9, 1, 8, 0, 7, 15, 13, 12, 5, 2, 3, 10], [8, 9, 1, 0, 10, 3, 5, 2, 6, 4, 14, 11, 7, 12, 13, 15], [5, 10, 3, 2, 15, 13, 7, 12, 8, 9, 1, 0, 6, 11, 14, 4], [7, 15, 13, 12, 4, 14, 6, 11, 5, 10, 3, 2, 8, 0, 1, 9], [2, 1, 10, 8, 3, 15, 12, 5, 0, 14, 9, 6, 11, 7, 4, 13], [0, 14, 9, 6, 1, 10, 2, 8, 11, 13, 4, 7, 12, 5, 15, 3], [12, 3, 15, 5, 13, 4, 11, 7, 2, 1, 10, 8, 0, 6, 9, 14], [11, 13, 4, 7, 14, 9, 0, 6, 12, 3, 15, 5, 2, 8, 10, 1], [3, 5, 12, 10, 7, 11, 13, 15, 1, 8, 2, 9, 14, 4, 0, 6], [1, 8, 2, 9, 5, 12, 3, 10, 14, 6, 0, 4, 13, 15, 11, 7], [14, 6, 0, 4, 8, 2, 1, 9, 13, 7, 11, 15, 3, 10, 12, 5], [13, 7, 11, 15, 6, 0, 14, 4, 3, 5, 12, 10, 1, 9, 2, 8]]","[[9, 0, 8, 14, 2, 5, 10, 1, 4, 11, 6, 13, 15, 3, 7, 12], [15, 12, 7, 3, 11, 6, 4, 13, 10, 2, 5, 1, 9, 14, 8, 0], [10, 2, 5, 1, 12, 7, 15, 3, 9, 0, 8, 14, 4, 13, 6, 11], [4, 11, 6, 13, 0, 8, 9, 14, 15, 12, 7, 3, 10, 1, 5, 2], [6, 4, 14, 11, 9, 1, 8, 0, 7, 15, 13, 12, 5, 2, 3, 10], [8, 9, 1, 0, 10, 3, 5, 2, 6, 4, 14, 11, 7, 12, 13, 15], [5, 10, 3, 2, 15, 13, 7, 12, 8, 9, 1, 0, 6, 11, 14, 4], [7, 15, 13, 12, 4, 14, 6, 11, 5, 10, 3, 2, 8, 0, 1, 9], [2, 1, 10, 8, 3, 15, 12, 5, 0, 14, 9, 6, 11, 7, 4, 13], [0, 14, 9, 6, 1, 10, 2, 8, 11, 13, 4, 7, 12, 5, 15, 3], [12, 3, 15, 5, 13, 4, 11, 7, 2, 1, 10, 8, 0, 6, 9, 14], [11, 13, 4, 7, 14, 9, 0, 6, 12, 3, 15, 5, 2, 8, 10, 1], [3, 5, 12, 10, 7, 11, 13, 15, 1, 8, 2, 9, 14, 4, 0, 6], [1, 8, 2, 9, 5, 12, 3, 10, 14, 6, 0, 4, 13, 15, 11, 7], [14, 6, 0, 4, 8, 2, 1, 9, 13, 7, 11, 15, 3, 10, 12, 5], [13, 7, 11, 15, 6, 0, 14, 4, 3, 5, 12, 10, 1, 9, 2, 8]]","[[9, 0, 8, 14, 2, 5, 10, 1, 4, 11, 6, 13, 15, 3, 7, 12], [15, 12, 7, 3, 11, 6, 4, 13, 10, 2, 5, 1, 9, 14, 8, 0], [10, 2, 5, 1, 12, 7, 15, 3, 9, 0, 8, 14, 4, 13, 6, 11], [4, 11, 6, 13, 0, 8, 9, 14, 15, 12, 7, 3, 10, 1, 5, 2], [6, 4, 14, 11, 9, 1, 8, 0, 7, 15, 13, 12, 5, 2, 3, 10], [8, 9, 1, 0, 10, 3, 5, 2, 6, 4, 14, 11, 7, 12, 13, 15], [5, 10, 3, 2, 15, 13, 7, 12, 8, 9, 1, 0, 6, 11, 14, 4], [7, 15, 13, 12, 4, 14, 6, 11, 5, 10, 3, 2, 8, 0, 1, 9], [2, 1, 10, 8, 3, 15, 12, 5, 0, 14, 9, 6, 11, 7, 4, 13], [0, 14, 9, 6, 1, 10, 2, 8, 11, 13, 4, 7, 3, 5, 15, 12], [12, 3, 15, 5, 13, 4, 11, 7, 2, 1, 10, 8, 0, 6, 9, 14], [11, 13, 4, 7, 14, 9, 0, 6, 12, 3, 15, 5, 2, 8, 10, 1], [3, 5, 12, 10, 7, 11, 13, 15, 1, 8, 2, 9, 14, 4, 0, 6], [1, 8, 2, 9, 5, 12, 3, 10, 14, 6, 0, 4, 13, 15, 11, 7], [14, 6, 0, 4, 8, 2, 1, 9, 13, 7, 11, 15, 3, 10, 12, 5], [13, 7, 11, 15, 6, 0, 14, 4, 3, 5, 12, 10, 1, 9, 2, 8]]",C,"[[9, 0, 8, 14, 2, 5, 10, 1, 4, 11, 6, 13, 15, 3, 7, 12], [15, 12, 7, 3, 11, 6, 4, 13, 10, 2, 5, 1, 9, 14, 8, 0], [10, 2, 5, 1, 12, 7, 15, 3, 9, 0, 8, 14, 4, 13, 6, 11], [4, 11, 6, 13, 0, 8, 9, 14, 15, 12, 7, 3, 10, 1, 5, 2], [6, 4, 14, 11, 9, 1, 8, 0, 7, 15, 13, 12, 5, 2, 3, 10], [8, 9, 1, 0, 10, 3, 5, 2, 6, 4, 14, 11, 7, 12, 13, 15], [5, 10, 3, 2, 15, 13, 7, 12, 8, 9, 1, 0, 6, 11, 14, 4], [7, 15, 13, 12, 4, 14, 6, 11, 5, 10, 3, 2, 8, 0, 1, 9], [2, 1, 10, 8, 3, 15, 12, 5, 0, 14, 9, 6, 11, 7, 4, 13], [0, 14, 9, 6, 1, 10, 2, 8, 11, 13, 4, 7, 12, 5, 15, 3], [12, 3, 15, 5, 13, 4, 11, 7, 2, 1, 10, 8, 0, 6, 9, 14], [11, 13, 4, 7, 14, 9, 0, 6, 12, 3, 15, 5, 2, 8, 10, 1], [3, 5, 12, 10, 7, 11, 13, 15, 1, 8, 2, 9, 14, 4, 0, 6], [1, 8, 2, 9, 5, 12, 3, 10, 14, 6, 0, 4, 13, 15, 11, 7], [14, 6, 0, 4, 8, 2, 1, 9, 13, 7, 11, 15, 3, 10, 12, 5], [13, 7, 11, 15, 6, 0, 14, 4, 3, 5, 12, 10, 1, 9, 2, 8]]","{""num_givens"": 100, ""grid_size"": 16}"
sudoku_cf4_hex_0074,sudoku_cf4_hex,counterfactual,"[[null, null, 4, null, 1, null, null, null, null, null, null, 10, 13, null, null, 3], [null, null, 10, null, null, null, null, null, null, 6, 9, null, null, 5, null, 14], [7, 0, null, null, null, 6, null, null, 5, null, null, 1, 10, null, null, null], [null, 5, null, null, null, null, null, 11, 0, 7, null, null, null, null, 6, 9], [null, 8, 14, 4, null, 5, 1, null, 7, 11, 10, null, 9, 6, 0, null], [null, null, null, 1, 3, null, null, null, null, 0, null, null, null, null, 12, null], [null, null, null, null, 14, 12, null, null, 15, 5, null, 2, null, null, null, 10], [null, null, 3, 10, null, null, null, null, null, null, 4, null, null, null, null, null], [10, null, null, null, 0, 13, 7, null, 14, null, null, null, null, null, null, 8], [null, 9, 0, 7, 12, 4, 6, 14, null, null, 8, 5, 11, null, null, null], [null, null, null, null, 5, null, 8, null, 3, null, null, 11, null, 9, null, null], [null, null, null, 8, 11, 10, null, null, null, 13, null, 0, 12, null, 4, null], [3, null, 7, null, null, null, null, null, null, 14, 12, null, null, null, null, null], [14, 1, 8, null, null, 2, null, null, null, null, null, null, null, 4, null, 0], [null, null, null, null, null, 14, 12, null, null, null, null, 15, 7, null, null, null], [null, 10, 15, 5, 7, null, 11, null, 4, 9, 0, 6, 8, null, 14, 12]]","Solve the following hexadecimal Sudoku puzzle.
Rule change: The grid is 16×16 (instead of 9×9). The blocks are 4×4 (instead of 3×3). The valid symbols are the hexadecimal digits {0, 1, 2, 3, 4, 5, 6, 7, 8, 9, A, B, C, D, E, F}. Each row, column, and 4×4 block must contain each symbol exactly once.

Puzzle (. = empty cell):
. . 4 . | 1 . . . | . . . A | D . . 3
. . A . | . . . . | . 6 9 . | . 5 . E
7 . . . | . 6 . . | 5 . . 1 | A . . .
. 5 . . | . . . B | . 7 . . | . . 6 9
-------------------------------------
. 8 E 4 | . 5 1 . | 7 B A . | 9 6 . .
. . . 1 | 3 . . . | . . . . | . . C .
. . . . | E C . . | F 5 . 2 | . . . A
. . 3 A | . . . . | . . 4 . | . . . .
-------------------------------------
A . . . | . D 7 . | E . . . | . . . 8
. 9 . 7 | C 4 6 E | . . 8 5 | B . . .
. . . . | 5 . 8 . | 3 . . B | . 9 . .
. . . 8 | B A . . | . D . . | C . 4 .
-------------------------------------
3 . 7 . | . . . . | . E C . | . . . .
E 1 8 . | . 2 . . | . . . . | . 4 . .
. . . . | . E C . | . . . F | 7 . . .
. A F 5 | 7 . B . | 4 9 . 6 | 8 . E C

Which of the following is the correct completed solution?","[[6, 12, 4, 9, 1, 8, 14, 5, 11, 15, 2, 10, 13, 0, 7, 3], [15, 11, 10, 2, 13, 7, 3, 0, 12, 6, 9, 4, 1, 5, 8, 14], [7, 0, 13, 3, 4, 6, 9, 12, 5, 8, 14, 1, 10, 11, 15, 2], [8, 5, 1, 14, 10, 15, 2, 11, 0, 7, 3, 13, 4, 12, 6, 9], [12, 8, 14, 4, 2, 5, 1, 15, 7, 11, 10, 3, 9, 6, 0, 13], [5, 15, 2, 1, 3, 11, 10, 7, 6, 0, 13, 9, 14, 8, 12, 4], [0, 6, 9, 13, 14, 12, 4, 8, 15, 5, 1, 2, 3, 7, 11, 10], [11, 7, 3, 10, 9, 0, 13, 6, 8, 12, 4, 14, 2, 15, 5, 1], [10, 3, 11, 15, 0, 13, 7, 9, 14, 4, 6, 12, 5, 2, 1, 8], [13, 9, 0, 7, 12, 4, 6, 14, 2, 1, 8, 5, 11, 3, 10, 15], [4, 14, 12, 6, 5, 1, 8, 2, 3, 10, 15, 11, 0, 9, 13, 7], [1, 2, 5, 8, 11, 10, 15, 3, 9, 13, 7, 0, 12, 14, 4, 6], [3, 13, 7, 11, 6, 9, 0, 4, 1, 14, 12, 8, 15, 10, 2, 5], [14, 1, 8, 12, 15, 2, 5, 10, 13, 3, 11, 7, 6, 4, 9, 0], [9, 4, 6, 0, 8, 14, 12, 1, 10, 2, 5, 15, 7, 13, 3, 11], [2, 10, 15, 5, 7, 3, 11, 13, 4, 9, 0, 6, 8, 1, 14, 12]]","[[6, 12, 4, 9, 1, 8, 14, 5, 11, 15, 2, 10, 13, 0, 7, 3], [15, 11, 10, 2, 13, 7, 3, 0, 12, 6, 9, 4, 1, 5, 8, 14], [7, 0, 13, 3, 4, 6, 9, 12, 5, 8, 14, 1, 10, 11, 15, 2], [8, 5, 1, 14, 10, 15, 2, 11, 0, 7, 3, 13, 4, 12, 6, 9], [12, 8, 14, 4, 2, 5, 1, 15, 7, 11, 10, 3, 9, 6, 0, 13], [5, 15, 2, 1, 3, 11, 10, 7, 6, 0, 13, 9, 14, 8, 12, 4], [0, 6, 11, 13, 14, 12, 4, 8, 15, 5, 1, 2, 3, 7, 9, 10], [11, 7, 3, 10, 9, 0, 13, 6, 8, 12, 4, 14, 2, 15, 5, 1], [10, 3, 11, 15, 0, 13, 7, 9, 14, 4, 6, 12, 5, 2, 1, 8], [13, 9, 0, 7, 12, 4, 6, 14, 2, 1, 8, 5, 11, 3, 10, 15], [4, 14, 12, 6, 5, 1, 8, 2, 3, 10, 15, 11, 0, 9, 13, 7], [1, 2, 5, 8, 11, 10, 15, 3, 9, 13, 7, 0, 12, 14, 4, 6], [3, 13, 7, 11, 6, 9, 0, 4, 1, 14, 12, 8, 15, 10, 2, 5], [14, 1, 8, 12, 15, 2, 5, 10, 13, 3, 11, 7, 6, 4, 9, 0], [9, 4, 6, 0, 8, 14, 12, 1, 10, 2, 5, 15, 7, 13, 3, 11], [2, 10, 15, 5, 7, 3, 11, 13, 4, 9, 0, 6, 8, 1, 14, 12]]","[[6, 8, 4, 9, 1, 12, 14, 5, 11, 15, 2, 10, 13, 0, 7, 3], [15, 11, 10, 2, 13, 7, 3, 0, 12, 6, 9, 4, 1, 5, 8, 14], [7, 0, 13, 3, 4, 6, 9, 12, 5, 8, 14, 1, 10, 11, 15, 2], [8, 5, 1, 14, 10, 15, 2, 11, 0, 7, 3, 13, 4, 12, 6, 9], [12, 8, 14, 4, 2, 5, 1, 15, 7, 11, 10, 3, 9, 6, 0, 13], [5, 15, 2, 1, 3, 11, 10, 7, 6, 0, 13, 9, 14, 8, 12, 4], [0, 6, 9, 13, 14, 12, 4, 8, 15, 5, 1, 2, 3, 7, 11, 10], [11, 7, 3, 10, 9, 0, 13, 6, 8, 12, 4, 14, 2, 15, 5, 1], [10, 3, 11, 15, 0, 13, 7, 9, 14, 4, 6, 12, 5, 2, 1, 8], [13, 9, 0, 7, 12, 4, 6, 14, 2, 1, 8, 5, 11, 3, 10, 15], [4, 14, 12, 6, 5, 1, 8, 2, 3, 10, 15, 11, 0, 9, 13, 7], [1, 2, 5, 8, 11, 10, 15, 3, 9, 13, 7, 0, 12, 14, 4, 6], [3, 13, 7, 11, 6, 9, 0, 4, 1, 14, 12, 8, 15, 10, 2, 5], [14, 1, 8, 12, 15, 2, 5, 10, 13, 3, 11, 7, 6, 4, 9, 0], [9, 4, 6, 0, 8, 14, 12, 1, 10, 2, 5, 15, 7, 13, 3, 11], [2, 10, 15, 5, 7, 3, 11, 13, 4, 9, 0, 6, 8, 1, 14, 12]]","[[6, 12, 4, 9, 1, 7, 14, 5, 11, 15, 2, 10, 13, 0, 8, 3], [15, 11, 10, 2, 13, 7, 3, 0, 12, 6, 9, 4, 1, 5, 8, 14], [7, 0, 13, 3, 4, 6, 9, 12, 5, 8, 14, 1, 10, 11, 15, 2], [8, 5, 1, 14, 10, 15, 2, 11, 0, 7, 3, 13, 4, 12, 6, 9], [12, 8, 14, 4, 2, 5, 1, 15, 7, 11, 10, 3, 9, 6, 0, 13], [5, 15, 2, 1, 3, 11, 10, 7, 6, 0, 13, 9, 14, 8, 12, 4], [0, 6, 9, 13, 14, 12, 4, 8, 15, 5, 1, 2, 3, 7, 11, 10], [11, 7, 3, 10, 9, 0, 13, 6, 8, 12, 4, 14, 2, 15, 5, 1], [10, 3, 11, 15, 0, 13, 7, 9, 14, 4, 6, 12, 5, 2, 1, 8], [13, 9, 0, 7, 12, 4, 6, 14, 2, 1, 8, 5, 11, 3, 10, 15], [4, 14, 12, 6, 5, 1, 8, 2, 3, 10, 15, 11, 0, 9, 13, 7], [1, 2, 5, 8, 11, 10, 15, 3, 9, 13, 7, 0, 12, 14, 4, 6], [3, 13, 7, 11, 6, 9, 0, 4, 1, 14, 12, 8, 15, 10, 2, 5], [14, 1, 8, 12, 15, 2, 5, 10, 13, 3, 11, 7, 6, 4, 9, 0], [9, 4, 6, 0, 8, 14, 12, 1, 10, 2, 5, 15, 7, 13, 3, 11], [2, 10, 15, 5, 7, 3, 11, 13, 4, 9, 0, 6, 8, 1, 14, 12]]",A,"[[6, 12, 4, 9, 1, 8, 14, 5, 11, 15, 2, 10, 13, 0, 7, 3], [15, 11, 10, 2, 13, 7, 3, 0, 12, 6, 9, 4, 1, 5, 8, 14], [7, 0, 13, 3, 4, 6, 9, 12, 5, 8, 14, 1, 10, 11, 15, 2], [8, 5, 1, 14, 10, 15, 2, 11, 0, 7, 3, 13, 4, 12, 6, 9], [12, 8, 14, 4, 2, 5, 1, 15, 7, 11, 10, 3, 9, 6, 0, 13], [5, 15, 2, 1, 3, 11, 10, 7, 6, 0, 13, 9, 14, 8, 12, 4], [0, 6, 9, 13, 14, 12, 4, 8, 15, 5, 1, 2, 3, 7, 11, 10], [11, 7, 3, 10, 9, 0, 13, 6, 8, 12, 4, 14, 2, 15, 5, 1], [10, 3, 11, 15, 0, 13, 7, 9, 14, 4, 6, 12, 5, 2, 1, 8], [13, 9, 0, 7, 12, 4, 6, 14, 2, 1, 8, 5, 11, 3, 10, 15], [4, 14, 12, 6, 5, 1, 8, 2, 3, 10, 15, 11, 0, 9, 13, 7], [1, 2, 5, 8, 11, 10, 15, 3, 9, 13, 7, 0, 12, 14, 4, 6], [3, 13, 7, 11, 6, 9, 0, 4, 1, 14, 12, 8, 15, 10, 2, 5], [14, 1, 8, 12, 15, 2, 5, 10, 13, 3, 11, 7, 6, 4, 9, 0], [9, 4, 6, 0, 8, 14, 12, 1, 10, 2, 5, 15, 7, 13, 3, 11], [2, 10, 15, 5, 7, 3, 11, 13, 4, 9, 0, 6, 8, 1, 14, 12]]","{""num_givens"": 100, ""grid_size"": 16}"
sudoku_cf4_hex_0075,sudoku_cf4_hex,counterfactual,"[[null, null, null, null, null, null, null, null, null, 10, 5, null, 3, null, null, null], [3, null, 8, 4, null, 11, 10, null, null, 1, 6, null, 7, null, 14, null], [null, 11, null, null, 3, 9, 8, 4, null, null, null, null, 6, 1, 2, 0], [7, null, null, null, null, null, null, null, null, 8, 3, null, 5, null, null, 11], [13, 15, null, null, null, null, null, null, 7, null, 9, null, null, null, null, null], [null, 8, null, null, null, null, 12, 6, 3, null, 0, null, 13, null, null, null], [null, null, 12, null, 9, null, null, null, null, null, 13, null, null, null, null, null], [0, null, null, 3, 13, 15, null, null, 6, null, null, null, 9, null, 7, null], [null, 3, null, 8, null, null, null, 10, 1, 0, 12, null, null, 13, null, null], [null, null, 0, null, null, 7, 13, null, null, 11, null, null, null, 9, 8, 3], [4, 7, null, 15, null, null, null, null, null, 9, null, 3, 14, 11, 10, null], [14, 5, 11, null, null, null, 9, null, 15, 13, null, null, null, 0, null, null], [null, null, 6, null, 8, null, 7, null, 11, 5, null, 14, null, 3, null, null], [null, null, null, null, 1, 2, null, 9, 13, null, null, null, null, null, null, 12], [null, null, 3, null, null, null, 5, 11, 0, null, null, 12, null, 7, null, 4], [8, null, null, null, 10, null, null, 0, null, null, null, null, null, 5, 11, 14]]","Solve the following hexadecimal Sudoku puzzle.
Rule change: The grid is 16×16 (instead of 9×9). The blocks are 4×4 (instead of 3×3). The valid symbols are the hexadecimal digits {0, 1, 2, 3, 4, 5, 6, 7, 8, 9, A, B, C, D, E, F}. Each row, column, and 4×4 block must contain each symbol exactly once.

Puzzle (. = empty cell):
. . . . | . . . . | . A 5 . | 3 . . .
3 . 8 4 | . B A . | . 1 6 . | 7 . E .
. B . . | 3 9 8 4 | . . . . | 6 1 2 .
7 . . . | . . . . | . 8 3 . | 5 . . B
-------------------------------------
D F . . | . . . . | 7 . 9 . | . . . .
. 8 . . | . . C 6 | 3 . . . | D . . .
. . C . | 9 . . . | . . D . | . . . .
. . . 3 | D F . . | 6 . . . | 9 . 7 .
-------------------------------------
. 3 . 8 | . . . A | 1 . C . | . D . .
. . . . | . 7 D . | . B . . | . 9 8 3
4 7 . F | . . . . | . 9 . 3 | E B A .
E 5 B . | . . 9 . | F D . . | . . . .
-------------------------------------
. . 6 . | 8 . 7 . | B 5 . E | . 3 . .
. . . . | 1 2 . 9 | D . . . | . . . C
. . 3 . | . . 5 B | . . . C | . 7 . 4
8 . . . | A . . . | . . . . | . 5 B E

Which of the following is the correct completed solution?","[[6, 0, 1, 2, 7, 13, 15, 14, 12, 10, 5, 11, 3, 8, 4, 9], [3, 9, 8, 4, 5, 11, 10, 12, 2, 1, 6, 0, 7, 15, 14, 13], [5, 11, 10, 12, 3, 9, 8, 4, 14, 15, 7, 13, 6, 1, 2, 0], [7, 13, 15, 14, 6, 0, 1, 2, 4, 8, 3, 9, 5, 10, 12, 11], [13, 15, 14, 5, 0, 1, 2, 3, 7, 4, 9, 8, 11, 12, 6, 10], [9, 8, 4, 7, 11, 10, 12, 6, 3, 2, 0, 1, 13, 14, 5, 15], [11, 10, 12, 6, 9, 8, 4, 7, 5, 14, 13, 15, 0, 2, 3, 1], [0, 1, 2, 3, 13, 15, 14, 5, 6, 12, 11, 10, 9, 4, 7, 8], [2, 3, 9, 8, 14, 5, 11, 10, 1, 0, 12, 6, 4, 13, 15, 7], [12, 6, 0, 1, 4, 7, 13, 15, 10, 11, 14, 5, 2, 9, 8, 3], [4, 7, 13, 15, 12, 6, 0, 1, 8, 9, 2, 3, 14, 11, 10, 5], [14, 5, 11, 10, 2, 3, 9, 8, 15, 13, 4, 7, 12, 0, 1, 6], [10, 12, 6, 0, 8, 4, 7, 13, 11, 5, 15, 14, 1, 3, 9, 2], [15, 6, 5, 11, 1, 2, 3, 9, 13, 7, 8, 4, 10, 14, 0, 12], [1, 2, 3, 9, 15, 14, 5, 11, 0, 6, 10, 12, 8, 7, 13, 4], [8, 4, 7, 13, 10, 12, 6, 0, 9, 3, 1, 2, 15, 5, 11, 14]]","[[6, 0, 1, 2, 7, 13, 15, 14, 12, 10, 5, 11, 3, 8, 4, 9], [3, 9, 8, 4, 5, 11, 10, 12, 2, 1, 6, 0, 7, 15, 14, 13], [5, 11, 10, 12, 3, 9, 8, 4, 14, 15, 7, 13, 6, 1, 2, 0], [7, 13, 15, 14, 6, 0, 1, 2, 4, 8, 3, 9, 5, 10, 12, 11], [13, 15, 14, 5, 0, 1, 2, 3, 7, 4, 9, 8, 11, 12, 6, 10], [9, 8, 4, 7, 11, 10, 12, 6, 3, 2, 0, 1, 13, 14, 5, 15], [11, 10, 12, 6, 9, 8, 4, 7, 5, 14, 13, 15, 0, 2, 3, 1], [0, 1, 2, 3, 13, 15, 14, 5, 6, 12, 11, 10, 9, 4, 7, 8], [2, 3, 9, 8, 14, 5, 11, 10, 1, 0, 12, 6, 4, 13, 15, 7], [12, 6, 0, 1, 4, 7, 13, 15, 10, 11, 14, 5, 2, 9, 8, 3], [4, 7, 13, 15, 12, 6, 0, 1, 8, 9, 2, 3, 14, 11, 10, 5], [14, 5, 11, 10, 2, 3, 9, 8, 15, 13, 4, 7, 12, 0, 1, 6], [10, 12, 6, 0, 8, 4, 7, 13, 11, 5, 15, 14, 1, 3, 9, 2], [15, 14, 5, 11, 1, 2, 3, 9, 13, 7, 8, 4, 10, 6, 0, 12], [1, 2, 3, 9, 15, 14, 5, 11, 0, 6, 10, 12, 8, 7, 13, 4], [8, 4, 7, 13, 10, 12, 6, 0, 9, 3, 1, 2, 15, 5, 11, 14]]","[[6, 0, 1, 2, 7, 13, 15, 14, 12, 10, 5, 11, 3, 8, 4, 9], [3, 9, 8, 4, 5, 11, 10, 12, 2, 1, 6, 0, 7, 15, 14, 13], [5, 11, 10, 12, 3, 9, 8, 4, 14, 15, 7, 13, 6, 1, 2, 0], [7, 13, 15, 14, 6, 0, 1, 2, 4, 8, 3, 9, 5, 10, 12, 11], [13, 15, 14, 5, 0, 1, 2, 3, 7, 4, 9, 8, 11, 12, 6, 10], [9, 8, 4, 7, 11, 10, 12, 6, 3, 2, 0, 1, 13, 14, 5, 15], [11, 10, 12, 6, 9, 8, 4, 7, 5, 14, 13, 15, 0, 2, 3, 1], [0, 1, 2, 3, 13, 15, 14, 8, 6, 12, 11, 10, 9, 4, 7, 5], [2, 3, 9, 8, 14, 5, 11, 10, 1, 0, 12, 6, 4, 13, 15, 7], [12, 6, 0, 1, 4, 7, 13, 15, 10, 11, 14, 5, 2, 9, 8, 3], [4, 7, 13, 15, 12, 6, 0, 1, 8, 9, 2, 3, 14, 11, 10, 5], [14, 5, 11, 10, 2, 3, 9, 8, 15, 13, 4, 7, 12, 0, 1, 6], [10, 12, 6, 0, 8, 4, 7, 13, 11, 5, 15, 14, 1, 3, 9, 2], [15, 14, 5, 11, 1, 2, 3, 9, 13, 7, 8, 4, 10, 6, 0, 12], [1, 2, 3, 9, 15, 14, 5, 11, 0, 6, 10, 12, 8, 7, 13, 4], [8, 4, 7, 13, 10, 12, 6, 0, 9, 3, 1, 2, 15, 5, 11, 14]]","[[6, 0, 1, 2, 7, 13, 15, 14, 12, 10, 5, 11, 3, 8, 4, 9], [3, 9, 8, 4, 5, 11, 10, 12, 2, 1, 6, 0, 7, 15, 14, 13], [5, 11, 10, 12, 3, 9, 8, 4, 14, 15, 7, 13, 6, 1, 2, 0], [7, 13, 15, 14, 6, 0, 1, 2, 4, 8, 3, 9, 5, 10, 12, 11], [13, 15, 14, 5, 0, 1, 2, 3, 7, 4, 9, 8, 11, 12, 6, 10], [9, 8, 4, 7, 11, 10, 12, 6, 3, 2, 0, 15, 13, 14, 5, 1], [11, 10, 12, 6, 9, 8, 4, 7, 5, 14, 13, 15, 0, 2, 3, 1], [0, 1, 2, 3, 13, 15, 14, 5, 6, 12, 11, 10, 9, 4, 7, 8], [2, 3, 9, 8, 14, 5, 11, 10, 1, 0, 12, 6, 4, 13, 15, 7], [12, 6, 0, 1, 4, 7, 13, 15, 10, 11, 14, 5, 2, 9, 8, 3], [4, 7, 13, 15, 12, 6, 0, 1, 8, 9, 2, 3, 14, 11, 10, 5], [14, 5, 11, 10, 2, 3, 9, 8, 15, 13, 4, 7, 12, 0, 1, 6], [10, 12, 6, 0, 8, 4, 7, 13, 11, 5, 15, 14, 1, 3, 9, 2], [15, 14, 5, 11, 1, 2, 3, 9, 13, 7, 8, 4, 10, 6, 0, 12], [1, 2, 3, 9, 15, 14, 5, 11, 0, 6, 10, 12, 8, 7, 13, 4], [8, 4, 7, 13, 10, 12, 6, 0, 9, 3, 1, 2, 15, 5, 11, 14]]",B,"[[6, 0, 1, 2, 7, 13, 15, 14, 12, 10, 5, 11, 3, 8, 4, 9], [3, 9, 8, 4, 5, 11, 10, 12, 2, 1, 6, 0, 7, 15, 14, 13], [5, 11, 10, 12, 3, 9, 8, 4, 14, 15, 7, 13, 6, 1, 2, 0], [7, 13, 15, 14, 6, 0, 1, 2, 4, 8, 3, 9, 5, 10, 12, 11], [13, 15, 14, 5, 0, 1, 2, 3, 7, 4, 9, 8, 11, 12, 6, 10], [9, 8, 4, 7, 11, 10, 12, 6, 3, 2, 0, 1, 13, 14, 5, 15], [11, 10, 12, 6, 9, 8, 4, 7, 5, 14, 13, 15, 0, 2, 3, 1], [0, 1, 2, 3, 13, 15, 14, 5, 6, 12, 11, 10, 9, 4, 7, 8], [2, 3, 9, 8, 14, 5, 11, 10, 1, 0, 12, 6, 4, 13, 15, 7], [12, 6, 0, 1, 4, 7, 13, 15, 10, 11, 14, 5, 2, 9, 8, 3], [4, 7, 13, 15, 12, 6, 0, 1, 8, 9, 2, 3, 14, 11, 10, 5], [14, 5, 11, 10, 2, 3, 9, 8, 15, 13, 4, 7, 12, 0, 1, 6], [10, 12, 6, 0, 8, 4, 7, 13, 11, 5, 15, 14, 1, 3, 9, 2], [15, 14, 5, 11, 1, 2, 3, 9, 13, 7, 8, 4, 10, 6, 0, 12], [1, 2, 3, 9, 15, 14, 5, 11, 0, 6, 10, 12, 8, 7, 13, 4], [8, 4, 7, 13, 10, 12, 6, 0, 9, 3, 1, 2, 15, 5, 11, 14]]","{""num_givens"": 100, ""grid_size"": 16}"
sudoku_cf4_hex_0076,sudoku_cf4_hex,counterfactual,"[[2, 15, null, null, null, 8, null, null, null, null, null, 6, null, null, 7, 3], [null, null, null, null, null, null, null, 10, 13, null, null, null, 8, null, null, null], [null, null, null, null, null, null, null, 7, null, 15, null, 2, null, 0, null, null], [3, 5, 7, null, null, null, null, 1, 11, null, null, null, 15, null, 10, null], [null, null, null, null, null, 14, null, 2, 1, null, null, null, null, null, null, null], [null, null, 12, 7, null, null, 1, null, null, 14, 2, null, null, null, null, null], [null, null, null, null, null, 0, null, null, 7, null, 12, null, 14, null, 2, 15], [null, null, 2, 4, null, 11, null, null, 10, null, null, null, 13, null, null, null], [null, 2, 0, 15, null, null, 8, 14, 9, null, 13, 1, 3, 5, null, null], [4, 12, null, 8, null, null, 5, null, 15, null, null, null, 6, 9, null, null], [null, 3, null, null, 1, null, 9, null, null, null, 14, null, null, null, null, null], [1, null, 13, 9, 10, null, null, null, 5, null, null, 7, 12, null, 14, 4], [0, null, 9, null, null, 4, 12, null, 6, null, null, 13, null, null, null, 11], [null, null, 8, 3, 13, null, 6, null, null, 4, null, 14, 10, 2, null, null], [13, 1, 5, null, 0, null, 2, null, null, 7, 8, null, null, 12, 15, null], [14, 4, null, null, null, null, 3, null, 2, null, 9, 0, null, null, 5, null]]","Solve the following hexadecimal Sudoku puzzle.
Rule change: The grid is 16×16 (instead of 9×9). The blocks are 4×4 (instead of 3×3). The valid symbols are the hexadecimal digits {0, 1, 2, 3, 4, 5, 6, 7, 8, 9, A, B, C, D, E, F}. Each row, column, and 4×4 block must contain each symbol exactly once.

Puzzle (. = empty cell):
2 F . . | . 8 . . | . . . 6 | . . 7 3
. . . . | . . . A | D . . . | 8 . . .
. . . . | . . . 7 | . F . 2 | . . . .
3 5 7 . | . . . 1 | B . . . | F . A .
-------------------------------------
. . . . | . E . 2 | 1 . . . | . . . .
. . C 7 | . . 1 . | . E 2 . | . . . .
. . . . | . . . . | 7 . C . | E . 2 F
. . 2 4 | . B . . | A . . . | D . . .
-------------------------------------
. 2 . F | . . 8 E | 9 . D 1 | 3 5 . .
4 C . 8 | . . 5 . | F . . . | 6 9 . .
. 3 . . | 1 . 9 . | . . E . | . . . .
1 . D 9 | A . . . | 5 . . 7 | C . E 4
-------------------------------------
. . 9 . | . 4 C . | 6 . . D | . . . B
. . 8 3 | D . 6 . | . 4 . E | A 2 . .
D 1 5 . | . . 2 . | . 7 8 . | . C F .
E 4 . . | . . 3 . | 2 . 9 . | . . 5 .

Which of the following is the correct completed solution?","[[2, 15, 10, 14, 12, 8, 11, 4, 0, 9, 1, 6, 5, 13, 7, 3], [6, 9, 1, 0, 2, 15, 14, 10, 13, 5, 7, 3, 8, 11, 4, 12], [12, 8, 4, 11, 3, 5, 13, 7, 14, 15, 10, 2, 9, 0, 1, 6], [3, 5, 7, 13, 6, 9, 0, 1, 11, 8, 4, 12, 15, 14, 10, 2], [9, 0, 6, 10, 15, 14, 4, 2, 1, 13, 3, 5, 11, 7, 12, 8], [8, 11, 12, 7, 5, 13, 1, 3, 4, 14, 2, 15, 0, 10, 6, 9], [5, 13, 3, 1, 9, 0, 10, 6, 7, 11, 12, 8, 14, 4, 2, 15], [15, 14, 2, 4, 8, 11, 7, 12, 10, 0, 6, 9, 13, 1, 3, 5], [10, 2, 0, 15, 4, 12, 8, 14, 9, 6, 13, 1, 3, 5, 11, 7], [4, 12, 14, 8, 7, 3, 5, 11, 15, 2, 0, 10, 6, 9, 13, 1], [7, 3, 11, 5, 1, 6, 9, 13, 8, 12, 14, 4, 2, 15, 0, 10], [1, 6, 13, 9, 10, 2, 15, 0, 5, 3, 11, 7, 12, 8, 14, 4], [0, 10, 9, 2, 14, 4, 12, 15, 6, 1, 5, 13, 7, 3, 8, 11], [11, 7, 8, 3, 13, 1, 6, 5, 12, 4, 15, 14, 10, 2, 9, 0], [13, 1, 5, 6, 0, 10, 2, 9, 3, 7, 8, 14, 4, 12, 15, 11], [14, 4, 15, 12, 11, 7, 3, 8, 2, 10, 9, 0, 1, 6, 5, 13]]","[[2, 15, 10, 14, 12, 8, 11, 4, 0, 9, 1, 6, 5, 13, 7, 3], [6, 9, 1, 0, 2, 15, 14, 10, 13, 5, 7, 3, 8, 11, 4, 12], [12, 8, 4, 11, 3, 5, 13, 7, 14, 15, 10, 2, 9, 0, 1, 6], [3, 5, 7, 13, 6, 9, 0, 1, 11, 8, 4, 12, 15, 14, 10, 2], [9, 0, 6, 10, 15, 14, 4, 2, 1, 13, 3, 5, 11, 7, 12, 8], [8, 11, 12, 7, 5, 13, 1, 3, 4, 14, 2, 15, 0, 10, 6, 9], [5, 13, 3, 1, 9, 0, 10, 6, 7, 11, 12, 8, 14, 4, 2, 15], [15, 14, 2, 4, 8, 11, 7, 12, 10, 0, 6, 9, 13, 1, 3, 5], [10, 2, 0, 15, 4, 12, 8, 14, 9, 6, 13, 1, 3, 5, 11, 7], [4, 12, 14, 8, 7, 3, 5, 0, 15, 2, 11, 10, 6, 9, 13, 1], [7, 3, 11, 5, 1, 6, 9, 13, 8, 12, 14, 4, 2, 15, 0, 10], [1, 6, 13, 9, 10, 2, 15, 0, 5, 3, 11, 7, 12, 8, 14, 4], [0, 10, 9, 2, 14, 4, 12, 15, 6, 1, 5, 13, 7, 3, 8, 11], [11, 7, 8, 3, 13, 1, 6, 5, 12, 4, 15, 14, 10, 2, 9, 0], [13, 1, 5, 6, 0, 10, 2, 9, 3, 7, 8, 11, 4, 12, 15, 14], [14, 4, 15, 12, 11, 7, 3, 8, 2, 10, 9, 0, 1, 6, 5, 13]]","[[2, 15, 14, 10, 12, 8, 11, 4, 0, 9, 1, 6, 5, 13, 7, 3], [6, 9, 1, 0, 2, 15, 14, 10, 13, 5, 7, 3, 8, 11, 4, 12], [12, 8, 4, 11, 3, 5, 13, 7, 14, 15, 10, 2, 9, 0, 1, 6], [3, 5, 7, 13, 6, 9, 0, 1, 11, 8, 4, 12, 15, 14, 10, 2], [9, 0, 6, 10, 15, 14, 4, 2, 1, 13, 3, 5, 11, 7, 12, 8], [8, 11, 12, 7, 5, 13, 1, 3, 4, 14, 2, 15, 0, 10, 6, 9], [5, 13, 3, 1, 9, 0, 10, 6, 7, 11, 12, 8, 14, 4, 2, 15], [15, 14, 2, 4, 8, 11, 7, 12, 10, 0, 6, 9, 13, 1, 3, 5], [10, 2, 0, 15, 4, 12, 8, 14, 9, 6, 13, 1, 3, 5, 11, 7], [4, 12, 14, 8, 7, 3, 5, 11, 15, 2, 0, 10, 6, 9, 13, 1], [7, 3, 11, 5, 1, 6, 9, 13, 8, 12, 14, 4, 2, 15, 0, 10], [1, 6, 13, 9, 10, 2, 15, 0, 5, 3, 11, 7, 12, 8, 14, 4], [0, 10, 9, 2, 14, 4, 12, 15, 6, 1, 5, 13, 7, 3, 8, 11], [11, 7, 8, 3, 13, 1, 6, 5, 12, 4, 15, 14, 10, 2, 9, 0], [13, 1, 5, 6, 0, 10, 2, 9, 3, 7, 8, 11, 4, 12, 15, 14], [14, 4, 15, 12, 11, 7, 3, 8, 2, 10, 9, 0, 1, 6, 5, 13]]","[[2, 15, 10, 14, 12, 8, 11, 4, 0, 9, 1, 6, 5, 13, 7, 3], [6, 9, 1, 0, 2, 15, 14, 10, 13, 5, 7, 3, 8, 11, 4, 12], [12, 8, 4, 11, 3, 5, 13, 7, 14, 15, 10, 2, 9, 0, 1, 6], [3, 5, 7, 13, 6, 9, 0, 1, 11, 8, 4, 12, 15, 14, 10, 2], [9, 0, 6, 10, 15, 14, 4, 2, 1, 13, 3, 5, 11, 7, 12, 8], [8, 11, 12, 7, 5, 13, 1, 3, 4, 14, 2, 15, 0, 10, 6, 9], [5, 13, 3, 1, 9, 0, 10, 6, 7, 11, 12, 8, 14, 4, 2, 15], [15, 14, 2, 4, 8, 11, 7, 12, 10, 0, 6, 9, 13, 1, 3, 5], [10, 2, 0, 15, 4, 12, 8, 14, 9, 6, 13, 1, 3, 5, 11, 7], [4, 12, 14, 8, 7, 3, 5, 11, 15, 2, 0, 10, 6, 9, 13, 1], [7, 3, 11, 5, 1, 6, 9, 13, 8, 12, 14, 4, 2, 15, 0, 10], [1, 6, 13, 9, 10, 2, 15, 0, 5, 3, 11, 7, 12, 8, 14, 4], [0, 10, 9, 2, 14, 4, 12, 15, 6, 1, 5, 13, 7, 3, 8, 11], [11, 7, 8, 3, 13, 1, 6, 5, 12, 4, 15, 14, 10, 2, 9, 0], [13, 1, 5, 6, 0, 10, 2, 9, 3, 7, 8, 11, 4, 12, 15, 14], [14, 4, 15, 12, 11, 7, 3, 8, 2, 10, 9, 0, 1, 6, 5, 13]]",D,"[[2, 15, 10, 14, 12, 8, 11, 4, 0, 9, 1, 6, 5, 13, 7, 3], [6, 9, 1, 0, 2, 15, 14, 10, 13, 5, 7, 3, 8, 11, 4, 12], [12, 8, 4, 11, 3, 5, 13, 7, 14, 15, 10, 2, 9, 0, 1, 6], [3, 5, 7, 13, 6, 9, 0, 1, 11, 8, 4, 12, 15, 14, 10, 2], [9, 0, 6, 10, 15, 14, 4, 2, 1, 13, 3, 5, 11, 7, 12, 8], [8, 11, 12, 7, 5, 13, 1, 3, 4, 14, 2, 15, 0, 10, 6, 9], [5, 13, 3, 1, 9, 0, 10, 6, 7, 11, 12, 8, 14, 4, 2, 15], [15, 14, 2, 4, 8, 11, 7, 12, 10, 0, 6, 9, 13, 1, 3, 5], [10, 2, 0, 15, 4, 12, 8, 14, 9, 6, 13, 1, 3, 5, 11, 7], [4, 12, 14, 8, 7, 3, 5, 11, 15, 2, 0, 10, 6, 9, 13, 1], [7, 3, 11, 5, 1, 6, 9, 13, 8, 12, 14, 4, 2, 15, 0, 10], [1, 6, 13, 9, 10, 2, 15, 0, 5, 3, 11, 7, 12, 8, 14, 4], [0, 10, 9, 2, 14, 4, 12, 15, 6, 1, 5, 13, 7, 3, 8, 11], [11, 7, 8, 3, 13, 1, 6, 5, 12, 4, 15, 14, 10, 2, 9, 0], [13, 1, 5, 6, 0, 10, 2, 9, 3, 7, 8, 11, 4, 12, 15, 14], [14, 4, 15, 12, 11, 7, 3, 8, 2, 10, 9, 0, 1, 6, 5, 13]]","{""num_givens"": 100, ""grid_size"": 16}"
sudoku_cf4_hex_0077,sudoku_cf4_hex,counterfactual,"[[8, null, null, 11, 14, null, null, 0, 3, 12, null, 7, 5, 15, null, null], [null, null, null, null, null, null, null, null, 4, null, 13, null, 8, 6, 11, 10], [13, 0, null, null, 10, null, 8, null, null, 2, 5, null, null, null, null, null], [null, 15, null, null, 12, null, 1, null, null, null, null, 6, 13, null, null, null], [7, null, 13, null, null, 2, 15, null, null, null, 0, 4, null, 11, null, null], [null, null, 5, null, null, null, null, 11, 2, null, null, 9, null, null, 12, 13], [15, null, null, 2, 13, null, 7, 3, null, null, 6, null, 0, 4, 14, null], [6, null, 1, null, null, null, null, null, 12, null, 7, 3, null, null, null, null], [3, null, null, null, null, null, null, 2, null, null, 4, null, null, null, 1, 7], [9, 2, null, null, null, null, null, 12, 1, 7, null, null, null, null, null, null], [null, 10, null, null, 15, 5, null, 14, null, null, 3, null, null, 2, null, null], [4, 14, null, null, null, null, null, null, 8, null, null, null, null, null, null, null], [null, null, 4, null, 11, null, null, 8, null, 9, null, null, null, null, null, 3], [null, null, null, 15, null, null, null, null, null, null, null, null, null, 13, 0, null], [2, 8, 11, 6, 4, null, null, null, null, 3, 10, 1, 14, 5, 15, null], [null, 1, null, 7, null, 15, 14, null, null, null, 12, 13, 2, null, 6, 11]]","Solve the following hexadecimal Sudoku puzzle.
Rule change: The grid is 16×16 (instead of 9×9). The blocks are 4×4 (instead of 3×3). The valid symbols are the hexadecimal digits {0, 1, 2, 3, 4, 5, 6, 7, 8, 9, A, B, C, D, E, F}. Each row, column, and 4×4 block must contain each symbol exactly once.

Puzzle (. = empty cell):
8 . . B | E . . . | 3 C . 7 | 5 F . .
. . . . | . . . . | 4 . D . | 8 6 B A
D . . . | A . 8 . | . 2 5 . | . . . .
. F . . | C . 1 . | . . . 6 | D . . .
-------------------------------------
7 . D . | . 2 F . | . . . 4 | . B . .
. . 5 . | . . . B | 2 . . 9 | . . C D
F . . 2 | D . 7 3 | . . 6 . | . 4 E .
6 . 1 . | . . . . | C . 7 3 | . . . .
-------------------------------------
3 . . . | . . . 2 | . . 4 . | . . 1 7
9 2 . . | . . . C | 1 7 . . | . . . .
. A . . | F 5 . E | . . 3 . | . 2 . .
4 E . . | . . . . | 8 . . . | . . . .
-------------------------------------
. . 4 . | B . . 8 | . 9 . . | . . . 3
. . . F | . . . . | . . . . | . D . .
2 8 B 6 | 4 . . . | . 3 A 1 | E 5 F .
. 1 . 7 | . F E . | . . C D | 2 . 6 B

Which of the following is the correct completed solution?","[[8, 6, 10, 11, 14, 4, 13, 0, 3, 12, 1, 7, 5, 15, 9, 2], [1, 7, 12, 3, 2, 9, 5, 15, 4, 14, 13, 0, 8, 6, 11, 10], [13, 0, 14, 4, 10, 11, 8, 6, 9, 2, 5, 15, 1, 7, 3, 12], [5, 15, 2, 9, 12, 3, 1, 7, 11, 10, 8, 6, 13, 0, 4, 14], [7, 3, 13, 12, 8, 2, 15, 9, 14, 5, 0, 4, 6, 11, 10, 1], [0, 4, 5, 14, 1, 10, 6, 11, 2, 8, 15, 9, 7, 3, 12, 13], [15, 9, 8, 2, 13, 12, 7, 3, 10, 1, 6, 11, 0, 4, 14, 5], [6, 11, 1, 10, 5, 14, 0, 4, 12, 13, 7, 3, 15, 9, 2, 8], [3, 12, 0, 13, 6, 8, 9, 2, 5, 15, 4, 14, 11, 10, 1, 7], [9, 2, 6, 8, 0, 13, 3, 12, 1, 7, 11, 10, 4, 14, 5, 15], [11, 10, 7, 1, 15, 5, 4, 14, 13, 0, 3, 12, 9, 2, 8, 6], [4, 14, 15, 5, 7, 1, 11, 10, 8, 6, 9, 2, 3, 12, 13, 0], [12, 13, 4, 0, 11, 6, 2, 8, 15, 9, 14, 5, 10, 1, 7, 3], [14, 3, 9, 15, 5, 7, 10, 1, 6, 11, 2, 8, 12, 13, 0, 4], [2, 8, 11, 6, 4, 0, 12, 13, 7, 3, 10, 1, 14, 5, 15, 9], [10, 1, 3, 7, 9, 15, 14, 5, 0, 4, 12, 13, 2, 8, 6, 11]]","[[8, 6, 10, 11, 14, 4, 13, 0, 3, 12, 1, 7, 5, 15, 9, 2], [1, 7, 12, 3, 2, 9, 5, 15, 4, 14, 13, 0, 8, 6, 11, 10], [13, 0, 14, 4, 10, 11, 8, 6, 9, 2, 5, 15, 1, 7, 3, 12], [5, 15, 2, 9, 12, 3, 1, 7, 11, 10, 8, 6, 13, 0, 4, 14], [7, 3, 13, 12, 8, 2, 15, 9, 14, 5, 0, 4, 6, 11, 10, 1], [0, 4, 5, 14, 1, 10, 6, 11, 2, 8, 15, 9, 7, 3, 12, 13], [15, 9, 8, 2, 13, 12, 7, 3, 10, 1, 6, 11, 0, 4, 14, 5], [6, 11, 1, 10, 5, 14, 0, 4, 12, 13, 7, 3, 15, 9, 2, 8], [3, 12, 0, 13, 6, 8, 9, 2, 5, 15, 4, 14, 11, 10, 1, 7], [9, 2, 6, 8, 0, 13, 3, 12, 1, 7, 11, 10, 4, 14, 5, 15], [11, 10, 7, 1, 15, 5, 4, 14, 13, 0, 3, 12, 9, 2, 8, 6], [4, 14, 15, 5, 7, 1, 11, 10, 8, 6, 9, 2, 3, 12, 13, 0], [12, 13, 4, 0, 11, 6, 2, 8, 15, 9, 14, 5, 10, 1, 7, 3], [14, 5, 9, 15, 3, 7, 10, 1, 6, 11, 2, 8, 12, 13, 0, 4], [2, 8, 11, 6, 4, 0, 12, 13, 7, 3, 10, 1, 14, 5, 15, 9], [10, 1, 3, 7, 9, 15, 14, 5, 8, 4, 12, 13, 2, 0, 6, 11]]","[[8, 6, 10, 11, 14, 4, 13, 0, 3, 12, 1, 7, 5, 15, 9, 2], [1, 7, 12, 3, 2, 9, 5, 15, 4, 14, 13, 0, 8, 6, 11, 10], [13, 0, 14, 4, 10, 11, 8, 6, 9, 2, 5, 15, 1, 7, 3, 12], [5, 15, 2, 9, 12, 3, 1, 7, 11, 10, 8, 6, 13, 0, 4, 14], [7, 3, 13, 12, 8, 2, 15, 9, 14, 5, 0, 4, 6, 11, 10, 1], [0, 4, 5, 14, 1, 10, 6, 11, 2, 8, 15, 9, 7, 3, 12, 13], [15, 9, 8, 2, 13, 5, 7, 3, 10, 1, 6, 11, 0, 4, 14, 12], [6, 11, 1, 10, 5, 14, 0, 4, 12, 13, 7, 3, 15, 9, 2, 8], [3, 12, 0, 13, 6, 8, 9, 2, 5, 15, 4, 14, 11, 10, 1, 7], [9, 2, 6, 8, 0, 13, 3, 12, 1, 7, 11, 10, 4, 14, 5, 15], [11, 10, 7, 1, 15, 5, 4, 14, 13, 0, 3, 12, 9, 2, 8, 6], [4, 14, 15, 5, 7, 1, 11, 10, 8, 6, 9, 2, 3, 12, 13, 0], [12, 13, 4, 0, 11, 6, 2, 8, 15, 9, 14, 5, 10, 1, 7, 3], [14, 5, 9, 15, 3, 7, 10, 1, 6, 11, 2, 8, 12, 13, 0, 4], [2, 8, 11, 6, 4, 0, 12, 13, 7, 3, 10, 1, 14, 5, 15, 9], [10, 1, 3, 7, 9, 15, 14, 5, 0, 4, 12, 13, 2, 8, 6, 11]]","[[8, 6, 10, 11, 14, 4, 13, 0, 3, 12, 1, 7, 5, 15, 9, 2], [1, 7, 12, 3, 2, 9, 5, 15, 4, 14, 13, 0, 8, 6, 11, 10], [13, 0, 14, 4, 10, 11, 8, 6, 9, 2, 5, 15, 1, 7, 3, 12], [5, 15, 2, 9, 12, 3, 1, 7, 11, 10, 8, 6, 13, 0, 4, 14], [7, 3, 13, 12, 8, 2, 15, 9, 14, 5, 0, 4, 6, 11, 10, 1], [0, 4, 5, 14, 1, 10, 6, 11, 2, 8, 15, 9, 7, 3, 12, 13], [15, 9, 8, 2, 13, 12, 7, 3, 10, 1, 6, 11, 0, 4, 14, 5], [6, 11, 1, 10, 5, 14, 0, 4, 12, 13, 7, 3, 15, 9, 2, 8], [3, 12, 0, 13, 6, 8, 9, 2, 5, 15, 4, 14, 11, 10, 1, 7], [9, 2, 6, 8, 0, 13, 3, 12, 1, 7, 11, 10, 4, 14, 5, 15], [11, 10, 7, 1, 15, 5, 4, 14, 13, 0, 3, 12, 9, 2, 8, 6], [4, 14, 15, 5, 7, 1, 11, 10, 8, 6, 9, 2, 3, 12, 13, 0], [12, 13, 4, 0, 11, 6, 2, 8, 15, 9, 14, 5, 10, 1, 7, 3], [14, 5, 9, 15, 3, 7, 10, 1, 6, 11, 2, 8, 12, 13, 0, 4], [2, 8, 11, 6, 4, 0, 12, 13, 7, 3, 10, 1, 14, 5, 15, 9], [10, 1, 3, 7, 9, 15, 14, 5, 0, 4, 12, 13, 2, 8, 6, 11]]",D,"[[8, 6, 10, 11, 14, 4, 13, 0, 3, 12, 1, 7, 5, 15, 9, 2], [1, 7, 12, 3, 2, 9, 5, 15, 4, 14, 13, 0, 8, 6, 11, 10], [13, 0, 14, 4, 10, 11, 8, 6, 9, 2, 5, 15, 1, 7, 3, 12], [5, 15, 2, 9, 12, 3, 1, 7, 11, 10, 8, 6, 13, 0, 4, 14], [7, 3, 13, 12, 8, 2, 15, 9, 14, 5, 0, 4, 6, 11, 10, 1], [0, 4, 5, 14, 1, 10, 6, 11, 2, 8, 15, 9, 7, 3, 12, 13], [15, 9, 8, 2, 13, 12, 7, 3, 10, 1, 6, 11, 0, 4, 14, 5], [6, 11, 1, 10, 5, 14, 0, 4, 12, 13, 7, 3, 15, 9, 2, 8], [3, 12, 0, 13, 6, 8, 9, 2, 5, 15, 4, 14, 11, 10, 1, 7], [9, 2, 6, 8, 0, 13, 3, 12, 1, 7, 11, 10, 4, 14, 5, 15], [11, 10, 7, 1, 15, 5, 4, 14, 13, 0, 3, 12, 9, 2, 8, 6], [4, 14, 15, 5, 7, 1, 11, 10, 8, 6, 9, 2, 3, 12, 13, 0], [12, 13, 4, 0, 11, 6, 2, 8, 15, 9, 14, 5, 10, 1, 7, 3], [14, 5, 9, 15, 3, 7, 10, 1, 6, 11, 2, 8, 12, 13, 0, 4], [2, 8, 11, 6, 4, 0, 12, 13, 7, 3, 10, 1, 14, 5, 15, 9], [10, 1, 3, 7, 9, 15, 14, 5, 0, 4, 12, 13, 2, 8, 6, 11]]","{""num_givens"": 100, ""grid_size"": 16}"
sudoku_cf4_hex_0078,sudoku_cf4_hex,counterfactual,"[[null, null, null, 9, 3, null, null, null, null, null, null, null, 8, 14, null, null], [null, null, 1, null, 9, 5, null, null, 12, 8, null, null, 6, null, null, null], [11, null, null, 6, 8, null, null, null, null, 3, null, 1, null, 5, null, null], [12, null, null, null, 6, null, null, null, null, 9, 5, 10, null, null, null, null], [null, null, null, 0, 4, null, 11, null, null, 10, 6, 15, 1, null, null, null], [null, null, null, null, 10, null, null, 5, null, 0, null, null, null, null, 7, null], [null, null, null, 10, null, null, null, null, 7, null, null, null, 0, null, null, null], [7, null, null, 4, null, 9, 12, null, null, null, 8, null, null, 6, null, null], [null, null, null, 12, 11, 1, null, 3, 6, 15, 4, null, null, 0, null, 2], [null, null, 7, 11, 12, 10, null, 9, 8, null, null, 2, null, 4, 6, null], [null, 0, 2, 13, null, 4, 5, null, null, 12, null, 14, null, null, 3, 7], [null, null, null, null, 13, 0, null, 8, null, 11, 1, null, 12, 10, null, null], [1, 13, null, null, null, null, 9, 10, null, 2, null, null, null, null, null, 6], [10, 15, null, null, null, 13, 3, null, null, 5, 11, 6, null, null, null, null], [null, null, 6, null, null, 12, 8, 0, null, 7, null, 3, null, null, 10, 9], [0, null, null, null, null, null, null, null, null, null, 15, null, 7, 13, null, null]]","Solve the following hexadecimal Sudoku puzzle.
Rule change: The grid is 16×16 (instead of 9×9). The blocks are 4×4 (instead of 3×3). The valid symbols are the hexadecimal digits {0, 1, 2, 3, 4, 5, 6, 7, 8, 9, A, B, C, D, E, F}. Each row, column, and 4×4 block must contain each symbol exactly once.

Puzzle (. = empty cell):
. . . 9 | 3 . . . | . . . . | 8 E . .
. . 1 . | 9 5 . . | C 8 . . | 6 . . .
B . . 6 | 8 . . . | . 3 . 1 | . 5 . .
C . . . | 6 . . . | . 9 5 A | . . . .
-------------------------------------
. . . . | 4 . B . | . A 6 F | 1 . . .
. . . . | A . . 5 | . . . . | . . 7 .
. . . A | . . . . | 7 . . . | . . . .
7 . . 4 | . 9 C . | . . 8 . | . 6 . .
-------------------------------------
. . . C | B 1 . 3 | 6 F 4 . | . . . 2
. . 7 B | C A . 9 | 8 . . 2 | . 4 6 .
. . 2 D | . 4 5 . | . C . E | . . 3 7
. . . . | D . . 8 | . B 1 . | C A . .
-------------------------------------
1 D . . | . . 9 A | . 2 . . | . . . 6
A F . . | . D 3 . | . 5 B 6 | . . . .
. . 6 . | . C 8 . | . 7 . 3 | . . A 9
. . . . | . . . . | . . F . | 7 D . .

Which of the following is the correct completed solution?","[[15, 5, 10, 9, 3, 2, 1, 13, 11, 6, 7, 4, 8, 14, 12, 0], [13, 2, 1, 3, 9, 5, 10, 15, 12, 8, 14, 0, 6, 7, 11, 4], [11, 7, 4, 6, 8, 14, 0, 12, 13, 3, 2, 1, 9, 5, 15, 10], [12, 14, 0, 8, 6, 7, 4, 11, 15, 9, 5, 10, 3, 2, 13, 1], [14, 9, 12, 0, 4, 3, 11, 7, 5, 10, 6, 15, 1, 8, 2, 13], [2, 8, 13, 1, 10, 6, 15, 5, 14, 0, 9, 12, 4, 3, 7, 11], [5, 6, 15, 10, 1, 8, 13, 2, 7, 4, 3, 11, 0, 9, 14, 12], [7, 3, 11, 4, 0, 9, 12, 14, 2, 1, 8, 13, 10, 6, 5, 15], [9, 10, 14, 12, 11, 1, 7, 3, 6, 15, 4, 5, 13, 0, 8, 2], [3, 1, 7, 11, 12, 10, 14, 9, 8, 13, 0, 2, 15, 4, 6, 5], [8, 0, 2, 13, 15, 4, 5, 6, 9, 12, 10, 14, 11, 1, 3, 7], [6, 4, 5, 15, 13, 0, 2, 8, 3, 11, 1, 7, 12, 10, 9, 14], [1, 13, 3, 7, 14, 15, 9, 10, 0, 2, 12, 8, 5, 11, 4, 6], [10, 15, 9, 14, 7, 13, 3, 0, 4, 5, 11, 6, 2, 12, 1, 8], [4, 11, 6, 5, 2, 12, 8, 0, 1, 7, 13, 3, 14, 15, 10, 9], [0, 12, 8, 2, 5, 11, 6, 4, 10, 14, 15, 9, 7, 13, 1, 3]]","[[15, 5, 10, 9, 3, 2, 1, 13, 11, 6, 7, 4, 8, 14, 12, 0], [13, 2, 1, 3, 9, 5, 10, 15, 12, 8, 14, 0, 6, 7, 11, 4], [11, 7, 4, 6, 8, 14, 0, 12, 13, 3, 2, 1, 9, 5, 15, 10], [12, 14, 0, 8, 6, 7, 4, 11, 15, 9, 5, 10, 3, 2, 13, 1], [14, 9, 12, 0, 4, 3, 11, 7, 5, 10, 6, 15, 1, 8, 2, 13], [2, 8, 13, 1, 10, 6, 15, 5, 14, 0, 9, 12, 4, 3, 7, 11], [5, 6, 15, 10, 1, 8, 13, 2, 7, 4, 3, 11, 0, 9, 14, 12], [7, 3, 11, 4, 0, 9, 12, 14, 2, 1, 8, 13, 10, 6, 5, 15], [9, 10, 14, 12, 11, 1, 7, 3, 6, 15, 4, 5, 13, 0, 8, 2], [3, 1, 7, 11, 12, 10, 14, 9, 8, 13, 0, 2, 15, 4, 6, 5], [8, 0, 2, 13, 15, 4, 5, 6, 9, 12, 10, 14, 11, 1, 3, 7], [6, 4, 5, 15, 13, 0, 2, 8, 3, 11, 1, 7, 12, 10, 9, 14], [1, 13, 3, 7, 14, 15, 9, 10, 0, 2, 12, 8, 11, 5, 4, 6], [10, 15, 9, 14, 7, 13, 3, 1, 4, 5, 11, 6, 2, 12, 0, 8], [4, 11, 6, 5, 2, 12, 8, 0, 1, 7, 13, 3, 14, 15, 10, 9], [0, 12, 8, 2, 5, 11, 6, 4, 10, 14, 15, 9, 7, 13, 1, 3]]","[[15, 5, 10, 9, 3, 2, 1, 13, 11, 6, 7, 4, 8, 14, 12, 0], [13, 2, 1, 3, 9, 5, 10, 15, 12, 8, 14, 0, 6, 7, 11, 4], [11, 7, 4, 6, 8, 14, 0, 12, 13, 3, 2, 1, 9, 5, 15, 10], [12, 14, 0, 8, 6, 7, 4, 11, 15, 9, 5, 10, 3, 2, 13, 1], [14, 9, 12, 0, 4, 3, 11, 7, 5, 10, 6, 15, 1, 8, 2, 13], [2, 8, 13, 1, 10, 6, 15, 5, 14, 0, 9, 12, 4, 3, 7, 11], [5, 6, 15, 10, 1, 8, 13, 2, 7, 4, 3, 11, 0, 9, 14, 12], [7, 3, 11, 4, 0, 9, 12, 14, 2, 1, 8, 13, 10, 6, 5, 15], [9, 10, 14, 12, 11, 1, 7, 3, 6, 15, 4, 5, 13, 0, 8, 2], [3, 1, 7, 11, 12, 10, 14, 9, 8, 13, 0, 2, 15, 4, 6, 5], [8, 0, 2, 13, 15, 4, 5, 6, 9, 12, 10, 14, 11, 1, 3, 7], [6, 4, 5, 15, 13, 0, 2, 8, 3, 11, 1, 7, 12, 10, 9, 14], [1, 13, 3, 7, 14, 15, 9, 10, 0, 2, 12, 8, 5, 11, 4, 6], [10, 15, 9, 14, 7, 13, 3, 1, 4, 5, 11, 6, 2, 12, 0, 8], [4, 11, 6, 5, 2, 12, 8, 0, 1, 7, 13, 3, 14, 15, 10, 9], [0, 12, 8, 2, 5, 11, 6, 4, 10, 14, 15, 9, 7, 13, 1, 3]]","[[15, 5, 10, 9, 3, 2, 1, 13, 11, 6, 7, 4, 8, 14, 12, 0], [13, 2, 1, 3, 9, 5, 10, 15, 12, 8, 14, 0, 6, 7, 11, 4], [11, 7, 4, 6, 8, 14, 0, 12, 13, 3, 2, 1, 9, 5, 15, 10], [12, 14, 0, 8, 6, 7, 4, 11, 15, 9, 5, 10, 3, 2, 13, 1], [14, 9, 12, 0, 4, 3, 11, 7, 5, 10, 6, 15, 1, 8, 2, 13], [2, 8, 13, 1, 10, 6, 15, 5, 14, 0, 9, 12, 4, 3, 7, 11], [5, 6, 15, 10, 1, 8, 13, 2, 7, 4, 3, 11, 0, 9, 14, 12], [7, 3, 11, 4, 0, 9, 12, 14, 2, 1, 8, 13, 10, 6, 5, 15], [9, 10, 14, 12, 11, 1, 7, 3, 6, 15, 4, 5, 13, 0, 8, 2], [3, 1, 7, 11, 12, 10, 14, 9, 8, 13, 0, 2, 15, 4, 6, 5], [8, 0, 2, 13, 15, 4, 5, 6, 9, 12, 10, 14, 11, 1, 3, 7], [6, 4, 5, 15, 13, 0, 2, 8, 3, 11, 1, 7, 12, 10, 9, 14], [1, 13, 3, 7, 14, 15, 9, 10, 0, 2, 12, 8, 5, 11, 4, 6], [10, 15, 9, 14, 7, 13, 3, 1, 4, 5, 11, 6, 2, 12, 0, 8], [4, 11, 6, 5, 2, 12, 8, 0, 1, 7, 15, 3, 14, 13, 10, 9], [0, 12, 8, 2, 5, 11, 6, 4, 10, 14, 15, 9, 7, 13, 1, 3]]",C,"[[15, 5, 10, 9, 3, 2, 1, 13, 11, 6, 7, 4, 8, 14, 12, 0], [13, 2, 1, 3, 9, 5, 10, 15, 12, 8, 14, 0, 6, 7, 11, 4], [11, 7, 4, 6, 8, 14, 0, 12, 13, 3, 2, 1, 9, 5, 15, 10], [12, 14, 0, 8, 6, 7, 4, 11, 15, 9, 5, 10, 3, 2, 13, 1], [14, 9, 12, 0, 4, 3, 11, 7, 5, 10, 6, 15, 1, 8, 2, 13], [2, 8, 13, 1, 10, 6, 15, 5, 14, 0, 9, 12, 4, 3, 7, 11], [5, 6, 15, 10, 1, 8, 13, 2, 7, 4, 3, 11, 0, 9, 14, 12], [7, 3, 11, 4, 0, 9, 12, 14, 2, 1, 8, 13, 10, 6, 5, 15], [9, 10, 14, 12, 11, 1, 7, 3, 6, 15, 4, 5, 13, 0, 8, 2], [3, 1, 7, 11, 12, 10, 14, 9, 8, 13, 0, 2, 15, 4, 6, 5], [8, 0, 2, 13, 15, 4, 5, 6, 9, 12, 10, 14, 11, 1, 3, 7], [6, 4, 5, 15, 13, 0, 2, 8, 3, 11, 1, 7, 12, 10, 9, 14], [1, 13, 3, 7, 14, 15, 9, 10, 0, 2, 12, 8, 5, 11, 4, 6], [10, 15, 9, 14, 7, 13, 3, 1, 4, 5, 11, 6, 2, 12, 0, 8], [4, 11, 6, 5, 2, 12, 8, 0, 1, 7, 13, 3, 14, 15, 10, 9], [0, 12, 8, 2, 5, 11, 6, 4, 10, 14, 15, 9, 7, 13, 1, 3]]","{""num_givens"": 100, ""grid_size"": 16}"
sudoku_cf4_hex_0079,sudoku_cf4_hex,counterfactual,"[[9, null, 2, 0, null, 6, null, null, 4, null, null, null, null, null, null, null], [15, null, null, null, null, null, 5, null, 0, null, null, 2, 14, null, 6, 8], [null, null, 11, null, null, null, null, null, null, null, null, null, 10, null, null, 12], [null, 14, 8, 13, 12, 15, 10, null, 7, null, null, 11, 1, null, null, null], [8, null, 4, null, 7, 12, null, 5, 1, null, null, null, null, null, 2, null], [null, 3, null, null, 0, null, null, null, null, 2, null, 13, null, null, null, null], [null, null, 13, null, null, null, 15, 10, null, null, null, 7, 9, null, null, null], [null, 9, null, 1, 13, null, null, null, 10, 8, null, null, null, 5, 12, null], [13, 8, 10, 15, null, 4, null, null, null, 7, null, null, 2, 6, null, 14], [null, 11, null, null, null, null, null, 6, null, null, 8, 10, null, 3, null, 5], [4, null, null, null, 1, null, 11, null, 6, null, 2, null, null, null, null, null], [0, 2, 14, null, 10, null, null, null, 3, null, null, null, null, null, null, 1], [null, 4, null, 12, 9, null, null, null, null, null, null, null, null, 8, null, null], [null, null, null, null, 6, null, null, null, null, 14, 13, 15, 4, null, 10, 3], [14, null, 15, 8, null, 10, null, null, null, 5, 7, 9, 0, null, 1, null], [null, 0, null, null, null, null, null, 8, 12, 10, 4, null, null, 11, 5, null]]","Solve the following hexadecimal Sudoku puzzle.
Rule change: The grid is 16×16 (instead of 9×9). The blocks are 4×4 (instead of 3×3). The valid symbols are the hexadecimal digits {0, 1, 2, 3, 4, 5, 6, 7, 8, 9, A, B, C, D, E, F}. Each row, column, and 4×4 block must contain each symbol exactly once.

Puzzle (. = empty cell):
9 . 2 . | . 6 . . | 4 . . . | . . . .
F . . . | . . 5 . | . . . 2 | E . 6 8
. . B . | . . . . | . . . . | A . . C
. E 8 D | C F A . | 7 . . B | 1 . . .
-------------------------------------
8 . 4 . | 7 C . 5 | 1 . . . | . . 2 .
. 3 . . | . . . . | . 2 . D | . . . .
. . D . | . . F A | . . . 7 | 9 . . .
. 9 . 1 | D . . . | A 8 . . | . 5 C .
-------------------------------------
D 8 A F | . 4 . . | . 7 . . | 2 6 . E
. B . . | . . . 6 | . . 8 A | . 3 . 5
4 . . . | 1 . B . | 6 . 2 . | . . . .
. 2 E . | A . . . | 3 . . . | . . . 1
-------------------------------------
. 4 . C | 9 . . . | . . . . | . 8 . .
. . . . | 6 . . . | . E D F | 4 . A 3
E . F 8 | . A . . | . 5 7 9 | . . 1 .
. . . . | . . . 8 | C A 4 . | . B 5 .

Which of the following is the correct completed solution?","[[9, 1, 2, 0, 8, 6, 14, 13, 4, 15, 10, 12, 5, 7, 3, 11], [15, 10, 12, 4, 11, 3, 5, 7, 0, 9, 1, 2, 14, 13, 6, 8], [3, 5, 11, 7, 2, 9, 1, 0, 13, 6, 14, 8, 10, 4, 15, 12], [6, 14, 8, 13, 12, 15, 10, 4, 7, 3, 5, 11, 1, 0, 9, 2], [8, 15, 4, 10, 7, 12, 3, 5, 1, 11, 9, 0, 6, 14, 2, 13], [12, 3, 7, 5, 0, 11, 9, 1, 14, 2, 6, 13, 15, 10, 8, 4], [2, 6, 13, 14, 4, 8, 15, 10, 5, 12, 3, 7, 9, 1, 11, 0], [11, 9, 0, 1, 13, 2, 6, 14, 10, 8, 15, 4, 3, 5, 12, 7], [13, 8, 10, 15, 5, 4, 12, 3, 9, 7, 11, 1, 2, 6, 0, 14], [7, 11, 1, 9, 14, 0, 2, 6, 15, 13, 8, 10, 12, 3, 4, 5], [4, 12, 5, 3, 1, 7, 11, 9, 6, 0, 2, 14, 8, 15, 13, 10], [0, 2, 14, 6, 10, 13, 8, 15, 3, 4, 12, 5, 11, 9, 7, 1], [10, 4, 3, 12, 9, 5, 7, 11, 2, 1, 0, 6, 13, 8, 14, 15], [5, 7, 9, 11, 6, 1, 0, 2, 8, 14, 13, 15, 4, 12, 10, 3], [14, 13, 15, 8, 3, 10, 4, 12, 11, 5, 7, 9, 0, 2, 1, 6], [1, 0, 6, 2, 15, 14, 13, 8, 12, 10, 4, 3, 7, 11, 5, 9]]","[[9, 1, 2, 0, 8, 6, 14, 13, 4, 15, 10, 12, 5, 7, 3, 11], [15, 10, 12, 4, 11, 3, 5, 7, 0, 9, 1, 2, 14, 13, 6, 8], [3, 5, 11, 7, 2, 9, 1, 0, 13, 6, 14, 8, 10, 4, 15, 12], [6, 14, 8, 13, 12, 15, 10, 4, 7, 3, 5, 11, 1, 0, 9, 2], [8, 15, 4, 10, 7, 12, 3, 5, 1, 11, 9, 0, 6, 14, 2, 13], [12, 3, 7, 5, 0, 11, 9, 1, 14, 2, 6, 13, 15, 10, 8, 4], [2, 6, 13, 14, 4, 8, 15, 10, 5, 12, 3, 7, 9, 1, 11, 0], [11, 9, 0, 1, 13, 2, 6, 14, 10, 8, 15, 4, 3, 5, 12, 7], [13, 8, 10, 15, 5, 4, 12, 3, 9, 7, 11, 1, 2, 6, 0, 14], [7, 11, 1, 9, 14, 0, 2, 6, 15, 13, 8, 10, 12, 3, 4, 5], [4, 12, 5, 3, 1, 7, 11, 9, 6, 0, 2, 14, 8, 15, 13, 10], [0, 2, 14, 6, 10, 13, 8, 15, 3, 4, 12, 5, 11, 9, 7, 1], [10, 4, 3, 12, 9, 5, 7, 11, 2, 1, 0, 6, 13, 8, 14, 15], [5, 7, 11, 9, 6, 1, 0, 2, 8, 14, 13, 15, 4, 12, 10, 3], [14, 13, 15, 8, 3, 10, 4, 12, 11, 5, 7, 9, 0, 2, 1, 6], [1, 0, 6, 2, 15, 14, 13, 8, 12, 10, 4, 3, 7, 11, 5, 9]]","[[9, 1, 2, 0, 8, 6, 14, 13, 4, 15, 10, 12, 5, 7, 3, 11], [15, 10, 12, 4, 11, 3, 5, 7, 0, 9, 1, 2, 14, 13, 6, 8], [3, 5, 11, 7, 2, 9, 1, 0, 13, 6, 14, 8, 10, 4, 15, 12], [6, 14, 8, 13, 12, 15, 10, 4, 7, 3, 5, 11, 1, 0, 9, 2], [8, 15, 4, 10, 7, 12, 3, 5, 1, 11, 9, 0, 6, 14, 2, 13], [12, 3, 7, 5, 0, 11, 9, 1, 14, 2, 6, 13, 15, 10, 8, 4], [2, 6, 13, 14, 4, 8, 15, 10, 5, 12, 3, 7, 9, 1, 11, 0], [11, 9, 0, 1, 13, 2, 6, 14, 10, 8, 15, 4, 3, 5, 12, 7], [13, 8, 10, 15, 5, 4, 12, 3, 9, 7, 11, 1, 2, 6, 0, 14], [7, 11, 1, 9, 14, 0, 2, 6, 15, 13, 8, 10, 12, 3, 4, 5], [4, 12, 5, 3, 1, 7, 11, 9, 6, 0, 2, 14, 8, 15, 13, 10], [0, 2, 14, 6, 10, 13, 8, 15, 3, 4, 12, 5, 11, 9, 7, 1], [10, 4, 3, 12, 9, 5, 7, 11, 2, 1, 0, 6, 13, 8, 14, 15], [5, 7, 9, 11, 6, 1, 0, 2, 8, 14, 13, 15, 4, 12, 10, 3], [14, 13, 15, 8, 3, 10, 4, 12, 2, 5, 7, 9, 0, 11, 1, 6], [1, 0, 6, 2, 15, 14, 13, 8, 12, 10, 4, 3, 7, 11, 5, 9]]","[[9, 1, 2, 0, 8, 6, 14, 13, 4, 15, 10, 12, 5, 7, 3, 11], [15, 10, 12, 4, 11, 3, 5, 7, 0, 9, 1, 2, 14, 13, 6, 8], [3, 5, 11, 7, 2, 9, 1, 0, 13, 6, 14, 8, 10, 4, 15, 12], [6, 14, 8, 13, 12, 15, 10, 4, 7, 3, 5, 11, 1, 0, 9, 2], [8, 15, 4, 10, 7, 12, 3, 5, 1, 11, 9, 0, 6, 14, 2, 13], [12, 3, 7, 5, 0, 11, 9, 1, 14, 2, 6, 13, 15, 10, 8, 4], [2, 6, 13, 14, 4, 8, 15, 10, 5, 12, 3, 7, 9, 1, 11, 0], [11, 9, 0, 1, 13, 2, 6, 14, 10, 8, 15, 4, 3, 5, 12, 7], [13, 8, 10, 15, 5, 4, 12, 3, 9, 7, 11, 1, 2, 6, 0, 14], [7, 11, 1, 9, 14, 0, 2, 6, 15, 13, 8, 10, 12, 3, 4, 5], [4, 12, 5, 3, 1, 7, 11, 9, 6, 0, 2, 14, 8, 15, 13, 10], [0, 2, 14, 6, 10, 13, 8, 15, 3, 4, 12, 5, 11, 9, 7, 1], [10, 4, 3, 12, 9, 5, 7, 11, 2, 1, 0, 6, 13, 8, 14, 15], [5, 7, 9, 11, 6, 1, 0, 2, 8, 14, 13, 15, 4, 12, 10, 3], [14, 13, 15, 8, 3, 10, 4, 12, 11, 5, 7, 9, 0, 2, 1, 6], [1, 0, 13, 2, 15, 14, 6, 8, 12, 10, 4, 3, 7, 11, 5, 9]]",A,"[[9, 1, 2, 0, 8, 6, 14, 13, 4, 15, 10, 12, 5, 7, 3, 11], [15, 10, 12, 4, 11, 3, 5, 7, 0, 9, 1, 2, 14, 13, 6, 8], [3, 5, 11, 7, 2, 9, 1, 0, 13, 6, 14, 8, 10, 4, 15, 12], [6, 14, 8, 13, 12, 15, 10, 4, 7, 3, 5, 11, 1, 0, 9, 2], [8, 15, 4, 10, 7, 12, 3, 5, 1, 11, 9, 0, 6, 14, 2, 13], [12, 3, 7, 5, 0, 11, 9, 1, 14, 2, 6, 13, 15, 10, 8, 4], [2, 6, 13, 14, 4, 8, 15, 10, 5, 12, 3, 7, 9, 1, 11, 0], [11, 9, 0, 1, 13, 2, 6, 14, 10, 8, 15, 4, 3, 5, 12, 7], [13, 8, 10, 15, 5, 4, 12, 3, 9, 7, 11, 1, 2, 6, 0, 14], [7, 11, 1, 9, 14, 0, 2, 6, 15, 13, 8, 10, 12, 3, 4, 5], [4, 12, 5, 3, 1, 7, 11, 9, 6, 0, 2, 14, 8, 15, 13, 10], [0, 2, 14, 6, 10, 13, 8, 15, 3, 4, 12, 5, 11, 9, 7, 1], [10, 4, 3, 12, 9, 5, 7, 11, 2, 1, 0, 6, 13, 8, 14, 15], [5, 7, 9, 11, 6, 1, 0, 2, 8, 14, 13, 15, 4, 12, 10, 3], [14, 13, 15, 8, 3, 10, 4, 12, 11, 5, 7, 9, 0, 2, 1, 6], [1, 0, 6, 2, 15, 14, 13, 8, 12, 10, 4, 3, 7, 11, 5, 9]]","{""num_givens"": 100, ""grid_size"": 16}"
sudoku_cf4_hex_0080,sudoku_cf4_hex,counterfactual,"[[null, null, 9, null, null, null, 14, null, 15, 2, 4, 5, 7, null, null, 12], [null, null, null, null, null, 4, 15, 2, null, null, null, 3, 10, null, 6, null], [5, 2, null, null, null, null, null, null, 14, null, null, 6, null, null, null, null], [null, null, 1, 14, null, null, 13, null, null, 7, 12, 11, null, null, null, null], [null, 5, 2, null, 13, 7, null, 11, null, 6, 10, null, 3, null, null, 8], [null, 11, null, 12, null, null, null, null, null, 3, null, null, null, null, null, null], [null, 6, null, null, 15, null, null, 3, null, 11, null, 13, null, 4, 14, 2], [15, null, 8, null, 0, null, 1, null, null, null, 2, null, null, 12, null, null], [12, 0, 6, 10, null, null, 8, 15, null, 13, 11, null, null, null, 1, null], [1, 14, 5, 2, 9, 11, null, null, null, null, null, 12, null, null, 4, null], [4, null, null, null, null, null, null, null, 2, null, 5, null, 13, null, null, null], [null, null, 11, 7, null, null, null, 14, null, null, null, 4, null, null, null, 6], [null, 1, null, null, null, null, null, 9, 6, null, 0, null, null, 3, 2, null], [null, null, null, null, null, 15, null, 4, null, null, null, 8, null, null, null, null], [8, 9, null, null, null, null, 5, 1, 3, null, null, null, 12, null, 7, null], [2, null, null, 3, null, null, null, 12, 5, null, 14, 10, null, 11, null, 13]]","Solve the following hexadecimal Sudoku puzzle.
Rule change: The grid is 16×16 (instead of 9×9). The blocks are 4×4 (instead of 3×3). The valid symbols are the hexadecimal digits {0, 1, 2, 3, 4, 5, 6, 7, 8, 9, A, B, C, D, E, F}. Each row, column, and 4×4 block must contain each symbol exactly once.

Puzzle (. = empty cell):
. . 9 . | . . E . | F 2 4 5 | 7 . . C
. . . . | . 4 F 2 | . . . 3 | A . 6 .
5 2 . . | . . . . | E . . 6 | . . . .
. . 1 E | . . D . | . 7 C B | . . . .
-------------------------------------
. 5 2 . | D 7 . B | . 6 A . | 3 . . 8
. B . C | . . . . | . 3 . . | . . . .
. 6 . . | F . . 3 | . B . D | . 4 E 2
F . 8 . | . . 1 . | . . 2 . | . C . .
-------------------------------------
C . 6 A | . . 8 F | . D B . | . . 1 .
1 E 5 2 | 9 B . . | . . . C | . . 4 .
4 . . . | . . . . | 2 . 5 . | D . . .
. . B 7 | . . . E | . . . 4 | . . . 6
-------------------------------------
. 1 . . | . . . 9 | 6 . . . | . 3 2 .
. . . . | . F . 4 | . . . 8 | . . . .
8 9 . . | . . 5 1 | 3 . . . | C . 7 .
2 . . 3 | . . . C | 5 . E A | . B . D

Which of the following is the correct completed solution?","[[3, 8, 9, 13, 6, 1, 14, 10, 15, 2, 4, 5, 7, 0, 11, 12], [11, 7, 12, 0, 5, 4, 15, 2, 13, 8, 9, 3, 10, 14, 6, 1], [5, 2, 4, 15, 11, 12, 0, 7, 14, 10, 1, 6, 8, 13, 3, 9], [6, 10, 1, 14, 3, 9, 13, 8, 0, 7, 12, 11, 2, 15, 5, 4], [14, 5, 2, 4, 13, 7, 12, 11, 1, 6, 10, 0, 3, 9, 15, 8], [13, 11, 7, 12, 14, 2, 4, 5, 9, 3, 8, 15, 6, 1, 0, 10], [0, 6, 10, 1, 15, 8, 9, 3, 12, 11, 7, 13, 5, 4, 14, 2], [15, 3, 8, 9, 0, 10, 1, 6, 4, 5, 2, 14, 11, 12, 13, 7], [12, 0, 6, 10, 4, 3, 8, 15, 7, 13, 11, 9, 14, 2, 1, 5], [1, 14, 5, 2, 9, 11, 7, 13, 10, 0, 6, 12, 15, 8, 4, 3], [4, 15, 3, 8, 12, 6, 10, 0, 2, 14, 5, 1, 13, 7, 9, 11], [9, 13, 11, 7, 1, 5, 2, 14, 8, 15, 3, 4, 0, 10, 12, 6], [10, 1, 14, 5, 8, 13, 11, 9, 6, 12, 0, 7, 4, 3, 2, 15], [7, 12, 0, 6, 2, 15, 3, 4, 11, 9, 13, 8, 1, 5, 10, 14], [8, 9, 13, 11, 10, 14, 5, 1, 3, 4, 15, 2, 12, 6, 7, 0], [2, 4, 15, 3, 7, 0, 6, 12, 5, 1, 14, 10, 9, 11, 8, 13]]","[[3, 8, 9, 13, 6, 10, 14, 1, 15, 2, 4, 5, 7, 0, 11, 12], [11, 7, 12, 0, 5, 4, 15, 2, 13, 8, 9, 3, 10, 14, 6, 1], [5, 2, 4, 15, 11, 12, 0, 7, 14, 10, 1, 6, 8, 13, 3, 9], [6, 10, 1, 14, 3, 9, 13, 8, 0, 7, 12, 11, 2, 15, 5, 4], [14, 5, 2, 4, 13, 7, 12, 11, 1, 6, 10, 0, 3, 9, 15, 8], [13, 11, 7, 12, 14, 2, 4, 5, 9, 3, 8, 15, 6, 1, 0, 10], [0, 6, 10, 1, 15, 8, 9, 3, 12, 11, 7, 13, 5, 4, 14, 2], [15, 3, 8, 9, 0, 10, 1, 6, 4, 5, 2, 14, 11, 12, 13, 7], [12, 0, 6, 10, 4, 3, 8, 15, 7, 13, 11, 9, 14, 2, 1, 5], [1, 14, 5, 2, 9, 11, 7, 13, 10, 0, 6, 12, 15, 8, 4, 3], [4, 15, 3, 8, 12, 6, 10, 0, 2, 14, 5, 1, 13, 7, 9, 11], [9, 13, 11, 7, 1, 5, 2, 14, 8, 15, 3, 4, 0, 10, 12, 6], [10, 1, 14, 5, 8, 13, 11, 9, 6, 12, 0, 7, 4, 3, 2, 15], [7, 12, 0, 6, 2, 15, 3, 4, 11, 9, 13, 8, 1, 5, 10, 14], [8, 9, 13, 11, 10, 14, 5, 1, 3, 4, 15, 2, 12, 6, 7, 0], [2, 4, 15, 3, 7, 0, 6, 12, 5, 1, 14, 10, 9, 11, 8, 13]]","[[3, 8, 9, 13, 6, 1, 14, 10, 15, 2, 4, 5, 7, 0, 11, 12], [11, 7, 12, 0, 5, 4, 15, 2, 13, 8, 9, 3, 10, 14, 6, 1], [5, 2, 4, 15, 11, 12, 0, 7, 14, 10, 1, 6, 8, 13, 3, 9], [6, 10, 1, 14, 3, 9, 13, 8, 0, 7, 12, 11, 2, 15, 5, 4], [14, 5, 2, 4, 13, 7, 12, 11, 1, 6, 10, 0, 3, 9, 15, 8], [13, 11, 7, 12, 14, 2, 4, 5, 9, 3, 8, 15, 6, 1, 0, 10], [0, 6, 10, 1, 15, 8, 9, 3, 12, 11, 7, 13, 5, 4, 14, 2], [15, 3, 8, 9, 0, 10, 1, 6, 4, 5, 2, 14, 11, 12, 13, 7], [12, 0, 6, 10, 4, 3, 8, 15, 7, 13, 11, 9, 14, 2, 1, 5], [1, 14, 5, 2, 9, 11, 7, 13, 10, 0, 6, 12, 15, 8, 4, 3], [4, 15, 3, 8, 12, 6, 10, 0, 2, 14, 5, 1, 13, 7, 9, 11], [9, 13, 11, 7, 1, 5, 2, 14, 8, 15, 3, 4, 0, 10, 12, 6], [10, 1, 14, 5, 8, 13, 11, 9, 6, 12, 0, 7, 4, 3, 2, 15], [7, 12, 0, 6, 2, 15, 3, 4, 11, 9, 13, 8, 1, 5, 10, 14], [8, 9, 13, 11, 10, 14, 5, 1, 3, 4, 15, 2, 12, 6, 7, 0], [2, 4, 15, 3, 7, 0, 6, 12, 5, 1, 14, 10, 8, 11, 9, 13]]","[[3, 8, 9, 13, 6, 1, 14, 10, 15, 2, 4, 5, 7, 0, 11, 12], [11, 7, 12, 0, 5, 4, 15, 2, 13, 8, 9, 3, 10, 14, 6, 1], [5, 2, 4, 15, 11, 12, 0, 7, 14, 10, 1, 6, 8, 13, 3, 9], [6, 10, 1, 14, 3, 9, 13, 8, 0, 7, 12, 11, 2, 15, 5, 4], [0, 5, 2, 4, 13, 7, 12, 11, 1, 6, 10, 14, 3, 9, 15, 8], [13, 11, 7, 12, 14, 2, 4, 5, 9, 3, 8, 15, 6, 1, 0, 10], [0, 6, 10, 1, 15, 8, 9, 3, 12, 11, 7, 13, 5, 4, 14, 2], [15, 3, 8, 9, 0, 10, 1, 6, 4, 5, 2, 14, 11, 12, 13, 7], [12, 0, 6, 10, 4, 3, 8, 15, 7, 13, 11, 9, 14, 2, 1, 5], [1, 14, 5, 2, 9, 11, 7, 13, 10, 0, 6, 12, 15, 8, 4, 3], [4, 15, 3, 8, 12, 6, 10, 0, 2, 14, 5, 1, 13, 7, 9, 11], [9, 13, 11, 7, 1, 5, 2, 14, 8, 15, 3, 4, 0, 10, 12, 6], [10, 1, 14, 5, 8, 13, 11, 9, 6, 12, 0, 7, 4, 3, 2, 15], [7, 12, 0, 6, 2, 15, 3, 4, 11, 9, 13, 8, 1, 5, 10, 14], [8, 9, 13, 11, 10, 14, 5, 1, 3, 4, 15, 2, 12, 6, 7, 0], [2, 4, 15, 3, 7, 0, 6, 12, 5, 1, 14, 10, 9, 11, 8, 13]]",A,"[[3, 8, 9, 13, 6, 1, 14, 10, 15, 2, 4, 5, 7, 0, 11, 12], [11, 7, 12, 0, 5, 4, 15, 2, 13, 8, 9, 3, 10, 14, 6, 1], [5, 2, 4, 15, 11, 12, 0, 7, 14, 10, 1, 6, 8, 13, 3, 9], [6, 10, 1, 14, 3, 9, 13, 8, 0, 7, 12, 11, 2, 15, 5, 4], [14, 5, 2, 4, 13, 7, 12, 11, 1, 6, 10, 0, 3, 9, 15, 8], [13, 11, 7, 12, 14, 2, 4, 5, 9, 3, 8, 15, 6, 1, 0, 10], [0, 6, 10, 1, 15, 8, 9, 3, 12, 11, 7, 13, 5, 4, 14, 2], [15, 3, 8, 9, 0, 10, 1, 6, 4, 5, 2, 14, 11, 12, 13, 7], [12, 0, 6, 10, 4, 3, 8, 15, 7, 13, 11, 9, 14, 2, 1, 5], [1, 14, 5, 2, 9, 11, 7, 13, 10, 0, 6, 12, 15, 8, 4, 3], [4, 15, 3, 8, 12, 6, 10, 0, 2, 14, 5, 1, 13, 7, 9, 11], [9, 13, 11, 7, 1, 5, 2, 14, 8, 15, 3, 4, 0, 10, 12, 6], [10, 1, 14, 5, 8, 13, 11, 9, 6, 12, 0, 7, 4, 3, 2, 15], [7, 12, 0, 6, 2, 15, 3, 4, 11, 9, 13, 8, 1, 5, 10, 14], [8, 9, 13, 11, 10, 14, 5, 1, 3, 4, 15, 2, 12, 6, 7, 0], [2, 4, 15, 3, 7, 0, 6, 12, 5, 1, 14, 10, 9, 11, 8, 13]]","{""num_givens"": 100, ""grid_size"": 16}"
sudoku_cf4_hex_0081,sudoku_cf4_hex,counterfactual,"[[6, 13, 2, null, null, null, 4, 8, null, null, null, 14, null, null, null, null], [null, 8, null, null, null, 7, 15, null, null, 9, null, 2, null, null, null, null], [5, 3, null, null, 2, null, 9, 13, null, 15, null, 0, 11, 8, 1, null], [null, null, null, 15, 14, null, null, null, 1, 4, null, null, 2, null, null, null], [null, null, 7, 3, null, null, 13, null, null, null, null, null, 6, null, 9, 8], [null, 14, null, 13, null, 9, null, null, null, 3, null, null, null, 11, null, 10], [null, 2, 6, 8, 1, null, 10, null, 12, null, null, 5, null, 0, null, 3], [4, null, null, 10, null, 15, null, null, null, null, null, null, null, 14, null, 13], [null, null, 12, null, null, null, null, null, 3, null, null, null, null, null, 10, null], [null, 6, null, null, null, null, null, null, null, null, null, null, null, null, null, 14], [3, null, 15, null, null, null, null, 5, null, null, null, null, null, null, null, null], [null, null, null, 0, null, 3, null, 7, 8, 11, null, 9, 12, null, 13, null], [2, 12, null, 6, null, 11, null, null, null, null, null, null, null, 4, null, null], [0, 4, null, null, 3, null, 5, 15, null, 1, null, null, null, null, null, null], [null, 9, 8, null, null, null, 7, 4, 2, 6, 12, 13, 3, 15, null, 5], [14, 15, 3, null, 13, 2, null, null, null, 7, null, 10, 8, 9, 11, null]]","Solve the following hexadecimal Sudoku puzzle.
Rule change: The grid is 16×16 (instead of 9×9). The blocks are 4×4 (instead of 3×3). The valid symbols are the hexadecimal digits {0, 1, 2, 3, 4, 5, 6, 7, 8, 9, A, B, C, D, E, F}. Each row, column, and 4×4 block must contain each symbol exactly once.

Puzzle (. = empty cell):
6 D 2 . | . . 4 8 | . . . E | . . . .
. 8 . . | . 7 F . | . 9 . 2 | . . . .
5 3 . . | 2 . 9 D | . F . . | B 8 1 .
. . . F | E . . . | 1 4 . . | 2 . . .
-------------------------------------
. . 7 3 | . . D . | . . . . | 6 . 9 8
. E . D | . 9 . . | . 3 . . | . B . A
. 2 6 8 | 1 . A . | C . . 5 | . . . 3
4 . . A | . F . . | . . . . | . E . D
-------------------------------------
. . C . | . . . . | 3 . . . | . . A .
. 6 . . | . . . . | . . . . | . . . E
3 . F . | . . . 5 | . . . . | . . . .
. . . . | . 3 . 7 | 8 B . 9 | C . D .
-------------------------------------
2 C . 6 | . B . . | . . . . | . 4 . .
. 4 . . | 3 . 5 F | . 1 . . | . . . .
. 9 8 . | . . 7 4 | 2 6 C D | 3 F . 5
E F 3 . | D 2 . . | . 7 . A | 8 9 B .

Which of the following is the correct completed solution?","[[6, 13, 2, 9, 11, 1, 4, 8, 5, 12, 3, 14, 0, 10, 7, 15], [1, 8, 11, 4, 0, 7, 15, 10, 6, 9, 13, 2, 14, 3, 5, 12], [5, 3, 14, 12, 2, 6, 9, 13, 7, 15, 10, 0, 11, 8, 1, 4], [7, 10, 0, 15, 14, 5, 12, 3, 1, 4, 8, 11, 2, 13, 6, 9], [15, 0, 7, 3, 5, 12, 13, 14, 4, 10, 11, 1, 6, 2, 9, 8], [12, 14, 5, 13, 6, 9, 8, 2, 15, 3, 0, 7, 1, 11, 4, 10], [9, 2, 6, 8, 1, 4, 10, 11, 12, 13, 14, 5, 7, 0, 15, 3], [4, 11, 1, 10, 7, 15, 3, 0, 9, 8, 2, 6, 5, 14, 12, 13], [13, 5, 12, 2, 9, 8, 11, 6, 3, 14, 7, 15, 4, 1, 10, 0], [8, 6, 9, 11, 4, 10, 0, 1, 13, 2, 5, 12, 15, 7, 3, 14], [3, 7, 15, 14, 12, 13, 2, 5, 10, 0, 1, 4, 9, 6, 8, 11], [10, 1, 4, 0, 15, 3, 14, 7, 8, 11, 6, 9, 12, 5, 13, 2], [2, 12, 13, 6, 8, 11, 1, 9, 14, 5, 15, 3, 10, 4, 0, 7], [0, 4, 10, 7, 3, 14, 5, 15, 11, 1, 9, 8, 13, 12, 2, 6], [11, 9, 8, 1, 10, 0, 7, 4, 2, 6, 12, 13, 3, 15, 14, 5], [14, 15, 3, 5, 13, 2, 6, 12, 4, 7, 0, 10, 8, 9, 11, 1]]","[[6, 13, 2, 9, 11, 1, 4, 8, 5, 12, 3, 14, 0, 10, 7, 15], [1, 8, 11, 4, 0, 7, 15, 10, 6, 9, 13, 2, 14, 3, 5, 12], [5, 3, 14, 12, 2, 6, 9, 13, 7, 15, 10, 0, 11, 8, 1, 4], [7, 0, 10, 15, 14, 5, 12, 3, 1, 4, 8, 11, 2, 13, 6, 9], [15, 0, 7, 3, 5, 12, 13, 14, 4, 10, 11, 1, 6, 2, 9, 8], [12, 14, 5, 13, 6, 9, 8, 2, 15, 3, 0, 7, 1, 11, 4, 10], [9, 2, 6, 8, 1, 4, 10, 11, 12, 13, 14, 5, 7, 0, 15, 3], [4, 11, 1, 10, 7, 15, 3, 0, 9, 8, 2, 6, 5, 14, 12, 13], [13, 5, 12, 2, 9, 8, 11, 6, 3, 14, 7, 15, 4, 1, 10, 0], [8, 6, 9, 11, 4, 10, 0, 1, 13, 2, 5, 12, 15, 7, 3, 14], [3, 7, 15, 14, 12, 13, 2, 5, 10, 0, 1, 4, 9, 6, 8, 11], [10, 1, 4, 0, 15, 3, 14, 7, 8, 11, 6, 9, 12, 5, 13, 2], [2, 12, 13, 6, 8, 11, 1, 9, 14, 5, 15, 3, 10, 4, 0, 7], [0, 4, 10, 7, 3, 14, 5, 15, 11, 1, 9, 8, 13, 12, 2, 6], [11, 9, 8, 1, 10, 0, 7, 4, 2, 6, 12, 13, 3, 15, 14, 5], [14, 15, 3, 5, 13, 2, 6, 12, 0, 7, 4, 10, 8, 9, 11, 1]]","[[6, 13, 2, 9, 11, 1, 4, 8, 5, 12, 3, 14, 0, 10, 7, 15], [14, 8, 11, 4, 0, 7, 15, 10, 6, 9, 13, 2, 1, 3, 5, 12], [5, 3, 14, 12, 2, 6, 9, 13, 7, 15, 10, 0, 11, 8, 1, 4], [7, 10, 0, 15, 14, 5, 12, 3, 1, 4, 8, 11, 2, 13, 6, 9], [15, 0, 7, 3, 5, 12, 13, 14, 4, 10, 11, 1, 6, 2, 9, 8], [12, 14, 5, 13, 6, 9, 8, 2, 15, 3, 0, 7, 1, 11, 4, 10], [9, 2, 6, 8, 1, 4, 10, 11, 12, 13, 14, 5, 7, 0, 15, 3], [4, 11, 1, 10, 7, 15, 3, 0, 9, 8, 2, 6, 5, 14, 12, 13], [13, 5, 12, 2, 9, 8, 11, 6, 3, 14, 7, 15, 4, 1, 10, 0], [8, 6, 9, 11, 4, 10, 0, 1, 13, 2, 5, 12, 15, 7, 3, 14], [3, 7, 15, 14, 12, 13, 2, 5, 10, 0, 1, 4, 9, 6, 8, 11], [10, 1, 4, 0, 15, 3, 14, 7, 8, 11, 6, 9, 12, 5, 13, 2], [2, 12, 13, 6, 8, 11, 1, 9, 14, 5, 15, 3, 10, 4, 0, 7], [0, 4, 10, 7, 3, 14, 5, 15, 11, 1, 9, 8, 13, 12, 2, 6], [11, 9, 8, 1, 10, 0, 7, 4, 2, 6, 12, 13, 3, 15, 14, 5], [14, 15, 3, 5, 13, 2, 6, 12, 0, 7, 4, 10, 8, 9, 11, 1]]","[[6, 13, 2, 9, 11, 1, 4, 8, 5, 12, 3, 14, 0, 10, 7, 15], [1, 8, 11, 4, 0, 7, 15, 10, 6, 9, 13, 2, 14, 3, 5, 12], [5, 3, 14, 12, 2, 6, 9, 13, 7, 15, 10, 0, 11, 8, 1, 4], [7, 10, 0, 15, 14, 5, 12, 3, 1, 4, 8, 11, 2, 13, 6, 9], [15, 0, 7, 3, 5, 12, 13, 14, 4, 10, 11, 1, 6, 2, 9, 8], [12, 14, 5, 13, 6, 9, 8, 2, 15, 3, 0, 7, 1, 11, 4, 10], [9, 2, 6, 8, 1, 4, 10, 11, 12, 13, 14, 5, 7, 0, 15, 3], [4, 11, 1, 10, 7, 15, 3, 0, 9, 8, 2, 6, 5, 14, 12, 13], [13, 5, 12, 2, 9, 8, 11, 6, 3, 14, 7, 15, 4, 1, 10, 0], [8, 6, 9, 11, 4, 10, 0, 1, 13, 2, 5, 12, 15, 7, 3, 14], [3, 7, 15, 14, 12, 13, 2, 5, 10, 0, 1, 4, 9, 6, 8, 11], [10, 1, 4, 0, 15, 3, 14, 7, 8, 11, 6, 9, 12, 5, 13, 2], [2, 12, 13, 6, 8, 11, 1, 9, 14, 5, 15, 3, 10, 4, 0, 7], [0, 4, 10, 7, 3, 14, 5, 15, 11, 1, 9, 8, 13, 12, 2, 6], [11, 9, 8, 1, 10, 0, 7, 4, 2, 6, 12, 13, 3, 15, 14, 5], [14, 15, 3, 5, 13, 2, 6, 12, 0, 7, 4, 10, 8, 9, 11, 1]]",D,"[[6, 13, 2, 9, 11, 1, 4, 8, 5, 12, 3, 14, 0, 10, 7, 15], [1, 8, 11, 4, 0, 7, 15, 10, 6, 9, 13, 2, 14, 3, 5, 12], [5, 3, 14, 12, 2, 6, 9, 13, 7, 15, 10, 0, 11, 8, 1, 4], [7, 10, 0, 15, 14, 5, 12, 3, 1, 4, 8, 11, 2, 13, 6, 9], [15, 0, 7, 3, 5, 12, 13, 14, 4, 10, 11, 1, 6, 2, 9, 8], [12, 14, 5, 13, 6, 9, 8, 2, 15, 3, 0, 7, 1, 11, 4, 10], [9, 2, 6, 8, 1, 4, 10, 11, 12, 13, 14, 5, 7, 0, 15, 3], [4, 11, 1, 10, 7, 15, 3, 0, 9, 8, 2, 6, 5, 14, 12, 13], [13, 5, 12, 2, 9, 8, 11, 6, 3, 14, 7, 15, 4, 1, 10, 0], [8, 6, 9, 11, 4, 10, 0, 1, 13, 2, 5, 12, 15, 7, 3, 14], [3, 7, 15, 14, 12, 13, 2, 5, 10, 0, 1, 4, 9, 6, 8, 11], [10, 1, 4, 0, 15, 3, 14, 7, 8, 11, 6, 9, 12, 5, 13, 2], [2, 12, 13, 6, 8, 11, 1, 9, 14, 5, 15, 3, 10, 4, 0, 7], [0, 4, 10, 7, 3, 14, 5, 15, 11, 1, 9, 8, 13, 12, 2, 6], [11, 9, 8, 1, 10, 0, 7, 4, 2, 6, 12, 13, 3, 15, 14, 5], [14, 15, 3, 5, 13, 2, 6, 12, 0, 7, 4, 10, 8, 9, 11, 1]]","{""num_givens"": 100, ""grid_size"": 16}"
sudoku_cf4_hex_0082,sudoku_cf4_hex,counterfactual,"[[null, 0, 9, 1, null, 12, null, null, 11, 6, null, 14, null, null, 15, null], [13, null, 10, null, null, null, 14, null, null, null, null, null, 1, 7, 0, 9], [null, null, 5, 11, 2, 15, null, null, 1, 0, null, 7, null, null, 12, 10], [null, 15, 2, null, null, null, 7, 1, 4, null, null, null, null, null, 6, null], [null, 9, 12, null, null, null, null, null, 14, 5, 15, 3, 8, null, null, null], [null, null, 6, null, null, null, null, null, null, null, 0, 1, null, 4, null, null], [null, 5, 15, 14, 0, 2, null, null, 7, null, null, null, null, null, null, 6], [null, 2, null, null, 12, null, null, 7, 13, null, 6, null, null, null, null, null], [10, null, null, null, null, 14, null, null, null, 8, 1, null, 0, 9, null, null], [null, null, null, 15, null, 7, null, null, null, null, 11, null, null, null, 14, null], [null, null, null, null, null, null, 10, null, null, null, 3, 5, 15, null, 8, null], [5, null, 3, null, null, null, null, 15, null, 7, null, null, null, 10, 13, null], [null, null, 7, 2, 13, null, null, 9, 10, 11, 14, null, 5, null, 3, null], [null, null, null, 5, null, null, null, null, null, null, null, null, null, 6, 11, 14], [12, null, null, null, null, null, 6, 10, null, 3, null, null, null, null, null, null], [6, null, 14, null, null, null, null, 5, 2, 1, 7, null, 9, 12, null, 13]]","Solve the following hexadecimal Sudoku puzzle.
Rule change: The grid is 16×16 (instead of 9×9). The blocks are 4×4 (instead of 3×3). The valid symbols are the hexadecimal digits {0, 1, 2, 3, 4, 5, 6, 7, 8, 9, A, B, C, D, E, F}. Each row, column, and 4×4 block must contain each symbol exactly once.

Puzzle (. = empty cell):
. . 9 1 | . C . . | B 6 . E | . . F .
D . A . | . . E . | . . . . | 1 7 . 9
. . 5 B | 2 F . . | 1 . . 7 | . . C A
. F 2 . | . . 7 1 | 4 . . . | . . 6 .
-------------------------------------
. 9 C . | . . . . | E 5 F 3 | 8 . . .
. . 6 . | . . . . | . . . 1 | . 4 . .
. 5 F E | . 2 . . | 7 . . . | . . . 6
. 2 . . | C . . 7 | D . 6 . | . . . .
-------------------------------------
A . . . | . E . . | . 8 1 . | . 9 . .
. . . F | . 7 . . | . . B . | . . E .
. . . . | . . A . | . . 3 5 | F . 8 .
5 . 3 . | . . . F | . 7 . . | . A D .
-------------------------------------
. . 7 2 | D . . 9 | A B E . | 5 . 3 .
. . . 5 | . . . . | . . . . | . 6 B E
C . . . | . . 6 A | . 3 . . | . . . .
6 . E . | . . . 5 | 2 1 7 . | 9 C . D

Which of the following is the correct completed solution?","[[7, 0, 9, 1, 10, 12, 13, 4, 11, 6, 5, 14, 3, 8, 15, 2], [13, 12, 10, 4, 5, 6, 14, 11, 3, 15, 2, 8, 1, 7, 0, 9], [14, 6, 5, 11, 2, 15, 8, 3, 1, 0, 9, 7, 4, 13, 12, 10], [8, 15, 2, 3, 9, 0, 7, 1, 4, 12, 10, 13, 11, 14, 6, 5], [4, 9, 12, 7, 6, 10, 11, 13, 14, 5, 15, 3, 8, 1, 2, 0], [11, 10, 6, 13, 15, 5, 3, 14, 8, 2, 0, 1, 7, 4, 9, 12], [3, 5, 15, 14, 0, 2, 1, 8, 7, 9, 12, 4, 13, 11, 10, 6], [1, 2, 0, 8, 12, 9, 4, 7, 13, 10, 6, 11, 14, 3, 5, 15], [10, 13, 11, 12, 3, 14, 5, 6, 15, 8, 1, 2, 0, 9, 7, 4], [2, 8, 1, 15, 4, 7, 9, 0, 12, 13, 11, 10, 6, 5, 14, 3], [9, 7, 4, 0, 11, 13, 10, 12, 6, 14, 3, 5, 15, 2, 8, 1], [5, 14, 3, 6, 1, 8, 2, 15, 0, 7, 4, 9, 12, 10, 13, 11], [0, 1, 7, 2, 13, 4, 12, 9, 10, 11, 14, 6, 5, 15, 3, 8], [15, 3, 8, 5, 7, 1, 0, 2, 9, 13, 4, 12, 10, 6, 11, 14], [12, 4, 13, 9, 14, 11, 6, 10, 5, 3, 8, 15, 2, 0, 1, 7], [6, 11, 14, 10, 8, 3, 15, 5, 2, 1, 7, 0, 9, 12, 4, 13]]","[[7, 0, 9, 1, 10, 12, 13, 4, 11, 6, 5, 14, 3, 8, 15, 2], [13, 12, 10, 4, 5, 6, 14, 11, 3, 15, 2, 8, 1, 7, 0, 9], [14, 6, 5, 11, 2, 15, 8, 3, 1, 0, 9, 7, 4, 13, 12, 10], [8, 15, 2, 3, 9, 0, 7, 1, 4, 12, 10, 13, 11, 14, 6, 5], [4, 9, 12, 7, 6, 10, 11, 13, 14, 5, 15, 3, 8, 1, 2, 0], [11, 10, 6, 13, 15, 5, 3, 14, 8, 2, 0, 1, 7, 4, 9, 12], [3, 5, 15, 14, 0, 2, 1, 8, 7, 9, 12, 4, 13, 11, 10, 6], [1, 2, 0, 8, 12, 9, 4, 7, 13, 10, 6, 11, 14, 3, 5, 15], [10, 13, 11, 12, 3, 14, 5, 6, 15, 8, 1, 2, 0, 9, 7, 4], [2, 8, 1, 15, 4, 7, 9, 0, 12, 13, 11, 10, 6, 5, 14, 3], [9, 7, 4, 0, 11, 13, 10, 12, 6, 14, 3, 5, 15, 2, 8, 1], [5, 14, 3, 6, 1, 8, 2, 15, 0, 7, 4, 9, 12, 10, 13, 11], [0, 1, 7, 2, 13, 4, 12, 9, 10, 11, 14, 6, 5, 15, 3, 8], [15, 3, 8, 5, 7, 1, 0, 2, 9, 4, 13, 12, 10, 6, 11, 14], [12, 4, 13, 9, 14, 11, 6, 10, 5, 3, 8, 15, 2, 0, 1, 7], [6, 11, 14, 10, 8, 3, 15, 5, 2, 1, 7, 0, 9, 12, 4, 13]]","[[7, 0, 9, 1, 10, 12, 13, 4, 11, 6, 5, 14, 3, 8, 15, 2], [13, 12, 10, 4, 5, 6, 14, 11, 3, 15, 2, 8, 1, 7, 0, 9], [14, 6, 5, 11, 2, 15, 8, 3, 1, 0, 9, 7, 4, 13, 12, 10], [8, 15, 2, 3, 9, 0, 7, 1, 4, 12, 10, 13, 11, 14, 6, 5], [4, 9, 12, 7, 6, 10, 11, 13, 14, 5, 15, 3, 8, 1, 2, 0], [11, 10, 6, 13, 15, 5, 3, 14, 8, 2, 0, 1, 7, 4, 9, 12], [8, 5, 15, 14, 0, 2, 1, 3, 7, 9, 12, 4, 13, 11, 10, 6], [1, 2, 0, 8, 12, 9, 4, 7, 13, 10, 6, 11, 14, 3, 5, 15], [10, 13, 11, 12, 3, 14, 5, 6, 15, 8, 1, 2, 0, 9, 7, 4], [2, 8, 1, 15, 4, 7, 9, 0, 12, 13, 11, 10, 6, 5, 14, 3], [9, 7, 4, 0, 11, 13, 10, 12, 6, 14, 3, 5, 15, 2, 8, 1], [5, 14, 3, 6, 1, 8, 2, 15, 0, 7, 4, 9, 12, 10, 13, 11], [0, 1, 7, 2, 13, 4, 12, 9, 10, 11, 14, 6, 5, 15, 3, 8], [15, 3, 8, 5, 7, 1, 0, 2, 9, 4, 13, 12, 10, 6, 11, 14], [12, 4, 13, 9, 14, 11, 6, 10, 5, 3, 8, 15, 2, 0, 1, 7], [6, 11, 14, 10, 8, 3, 15, 5, 2, 1, 7, 0, 9, 12, 4, 13]]","[[7, 0, 9, 1, 10, 12, 13, 4, 11, 6, 5, 14, 3, 8, 15, 2], [13, 12, 10, 4, 5, 6, 14, 11, 3, 15, 2, 8, 1, 7, 0, 9], [14, 6, 5, 11, 2, 15, 8, 3, 1, 0, 9, 7, 4, 13, 12, 10], [8, 15, 2, 3, 9, 0, 7, 1, 4, 12, 10, 13, 11, 14, 6, 5], [4, 9, 12, 7, 6, 10, 11, 13, 14, 5, 15, 3, 8, 1, 2, 0], [11, 10, 6, 13, 15, 5, 3, 14, 8, 2, 0, 1, 7, 4, 9, 12], [3, 5, 15, 14, 0, 2, 1, 8, 7, 9, 12, 4, 13, 11, 10, 6], [1, 2, 0, 8, 12, 9, 4, 7, 13, 10, 6, 11, 14, 3, 5, 15], [10, 13, 11, 12, 3, 14, 5, 6, 15, 8, 1, 2, 0, 9, 7, 4], [2, 8, 1, 15, 4, 7, 9, 0, 12, 13, 11, 10, 6, 5, 14, 3], [9, 7, 4, 0, 11, 13, 10, 12, 6, 14, 3, 5, 15, 2, 8, 1], [5, 6, 3, 14, 1, 8, 2, 15, 0, 7, 4, 9, 12, 10, 13, 11], [0, 1, 7, 2, 13, 4, 12, 9, 10, 11, 14, 6, 5, 15, 3, 8], [15, 3, 8, 5, 7, 1, 0, 2, 9, 4, 13, 12, 10, 6, 11, 14], [12, 4, 13, 9, 14, 11, 6, 10, 5, 3, 8, 15, 2, 0, 1, 7], [6, 11, 14, 10, 8, 3, 15, 5, 2, 1, 7, 0, 9, 12, 4, 13]]",B,"[[7, 0, 9, 1, 10, 12, 13, 4, 11, 6, 5, 14, 3, 8, 15, 2], [13, 12, 10, 4, 5, 6, 14, 11, 3, 15, 2, 8, 1, 7, 0, 9], [14, 6, 5, 11, 2, 15, 8, 3, 1, 0, 9, 7, 4, 13, 12, 10], [8, 15, 2, 3, 9, 0, 7, 1, 4, 12, 10, 13, 11, 14, 6, 5], [4, 9, 12, 7, 6, 10, 11, 13, 14, 5, 15, 3, 8, 1, 2, 0], [11, 10, 6, 13, 15, 5, 3, 14, 8, 2, 0, 1, 7, 4, 9, 12], [3, 5, 15, 14, 0, 2, 1, 8, 7, 9, 12, 4, 13, 11, 10, 6], [1, 2, 0, 8, 12, 9, 4, 7, 13, 10, 6, 11, 14, 3, 5, 15], [10, 13, 11, 12, 3, 14, 5, 6, 15, 8, 1, 2, 0, 9, 7, 4], [2, 8, 1, 15, 4, 7, 9, 0, 12, 13, 11, 10, 6, 5, 14, 3], [9, 7, 4, 0, 11, 13, 10, 12, 6, 14, 3, 5, 15, 2, 8, 1], [5, 14, 3, 6, 1, 8, 2, 15, 0, 7, 4, 9, 12, 10, 13, 11], [0, 1, 7, 2, 13, 4, 12, 9, 10, 11, 14, 6, 5, 15, 3, 8], [15, 3, 8, 5, 7, 1, 0, 2, 9, 4, 13, 12, 10, 6, 11, 14], [12, 4, 13, 9, 14, 11, 6, 10, 5, 3, 8, 15, 2, 0, 1, 7], [6, 11, 14, 10, 8, 3, 15, 5, 2, 1, 7, 0, 9, 12, 4, 13]]","{""num_givens"": 100, ""grid_size"": 16}"
sudoku_cf4_hex_0083,sudoku_cf4_hex,counterfactual,"[[null, null, 4, 11, 1, null, 13, 5, 15, null, 9, null, null, null, 3, 10], [null, null, 2, 10, 9, null, null, null, 5, null, 1, 13, null, 4, 7, null], [null, 9, null, null, null, 4, null, null, 10, null, 0, null, 1, 12, 13, 5], [null, 1, null, null, 0, 2, null, 10, null, null, null, 7, null, null, null, null], [null, null, 3, null, 6, null, null, null, null, 13, null, 5, null, null, null, null], [null, null, null, null, null, null, null, 0, null, null, null, null, null, null, 10, 9], [null, null, null, null, null, 3, 10, 9, null, 7, null, null, 6, 14, null, null], [null, null, 14, 8, 4, null, 11, null, null, null, 2, 10, null, 13, 5, null], [null, null, null, null, null, null, 1, null, null, null, null, 9, 13, 5, null, null], [null, 3, null, 6, 14, 15, null, null, null, null, null, 0, null, 11, null, null], [null, null, null, null, 3, null, 9, null, null, null, null, null, null, 15, null, null], [null, null, null, 12, 13, null, null, null, null, null, 14, 8, null, null, null, 6], [null, 11, 1, null, null, 0, null, 3, 7, null, 15, 4, null, null, 6, 14], [null, null, null, null, 11, 1, 12, null, 14, null, null, null, 5, null, null, null], [6, null, 9, null, 15, 8, null, null, null, 0, 5, null, 11, 1, null, null], [null, null, 0, 3, 10, 9, 6, null, 13, null, 11, null, null, null, 4, 7]]","Solve the following hexadecimal Sudoku puzzle.
Rule change: The grid is 16×16 (instead of 9×9). The blocks are 4×4 (instead of 3×3). The valid symbols are the hexadecimal digits {0, 1, 2, 3, 4, 5, 6, 7, 8, 9, A, B, C, D, E, F}. Each row, column, and 4×4 block must contain each symbol exactly once.

Puzzle (. = empty cell):
. . 4 B | 1 . D 5 | F . 9 . | . . 3 A
. . 2 A | 9 . . . | 5 . 1 D | . 4 7 .
. 9 . . | . 4 . . | A . . . | 1 C D 5
. 1 . . | . 2 . A | . . . 7 | . . . .
-------------------------------------
. . 3 . | 6 . . . | . D . 5 | . . . .
. . . . | . . . . | . . . . | . . A 9
. . . . | . 3 A 9 | . 7 . . | 6 E . .
. . E 8 | 4 . B . | . . 2 A | . D 5 .
-------------------------------------
. . . . | . . 1 . | . . . 9 | D 5 . .
. 3 . 6 | E F . . | . . . . | . B . .
. . . . | 3 . 9 . | . . . . | . F . .
. . . C | D . . . | . . E 8 | . . . 6
-------------------------------------
. B 1 . | . . . 3 | 7 . F 4 | . . 6 E
. . . . | B 1 C . | E . . . | 5 . . .
6 . 9 . | F 8 . . | . . 5 . | B 1 . .
. . . 3 | A 9 6 . | D . B . | . . 4 7

Which of the following is the correct completed solution?","[[7, 8, 4, 11, 1, 12, 13, 5, 15, 6, 9, 14, 0, 2, 3, 10], [3, 0, 2, 10, 9, 6, 14, 15, 5, 12, 1, 13, 8, 4, 7, 11], [14, 9, 6, 15, 8, 4, 7, 11, 10, 2, 0, 3, 1, 12, 13, 5], [13, 1, 12, 5, 0, 2, 3, 10, 11, 4, 8, 7, 9, 6, 14, 15], [10, 2, 3, 9, 6, 14, 15, 8, 0, 13, 12, 5, 4, 7, 11, 1], [11, 4, 7, 1, 12, 13, 5, 0, 8, 14, 6, 15, 2, 3, 10, 9], [2, 12, 13, 0, 5, 3, 10, 9, 1, 7, 4, 11, 6, 14, 15, 8], [15, 6, 14, 8, 4, 7, 11, 1, 9, 3, 2, 10, 12, 13, 5, 0], [8, 14, 15, 4, 7, 11, 1, 12, 6, 10, 3, 9, 13, 5, 0, 2], [9, 3, 10, 6, 14, 15, 8, 4, 2, 5, 13, 0, 7, 11, 1, 12], [0, 13, 5, 2, 3, 10, 9, 6, 12, 11, 7, 1, 14, 15, 8, 4], [1, 7, 11, 12, 13, 5, 0, 2, 4, 15, 14, 8, 3, 10, 9, 6], [12, 11, 1, 13, 5, 0, 2, 3, 7, 8, 15, 4, 10, 9, 6, 14], [4, 15, 8, 7, 11, 1, 12, 13, 14, 9, 10, 6, 5, 0, 2, 3], [6, 10, 9, 14, 15, 8, 4, 7, 3, 0, 5, 2, 11, 1, 12, 13], [2, 5, 0, 3, 10, 9, 6, 14, 13, 1, 11, 12, 15, 8, 4, 7]]","[[7, 8, 4, 11, 1, 12, 13, 5, 15, 6, 9, 14, 0, 2, 3, 10], [3, 0, 2, 10, 9, 6, 14, 15, 5, 12, 1, 13, 8, 4, 7, 11], [14, 9, 6, 15, 8, 4, 7, 11, 10, 2, 0, 3, 1, 12, 13, 5], [13, 1, 12, 5, 0, 2, 3, 10, 11, 4, 8, 7, 9, 6, 14, 15], [10, 2, 3, 9, 6, 14, 15, 8, 0, 13, 11, 5, 4, 7, 12, 1], [11, 4, 7, 1, 12, 13, 5, 0, 8, 14, 6, 15, 2, 3, 10, 9], [5, 12, 13, 0, 2, 3, 10, 9, 1, 7, 4, 11, 6, 14, 15, 8], [15, 6, 14, 8, 4, 7, 11, 1, 9, 3, 2, 10, 12, 13, 5, 0], [8, 14, 15, 4, 7, 11, 1, 12, 6, 10, 3, 9, 13, 5, 0, 2], [9, 3, 10, 6, 14, 15, 8, 4, 2, 5, 13, 0, 7, 11, 1, 12], [0, 13, 5, 2, 3, 10, 9, 6, 12, 11, 7, 1, 14, 15, 8, 4], [1, 7, 11, 12, 13, 5, 0, 2, 4, 15, 14, 8, 3, 10, 9, 6], [12, 11, 1, 13, 5, 0, 2, 3, 7, 8, 15, 4, 10, 9, 6, 14], [4, 15, 8, 7, 11, 1, 12, 13, 14, 9, 10, 6, 5, 0, 2, 3], [6, 10, 9, 14, 15, 8, 4, 7, 3, 0, 5, 2, 11, 1, 12, 13], [2, 5, 0, 3, 10, 9, 6, 14, 13, 1, 11, 12, 15, 8, 4, 7]]","[[7, 8, 4, 11, 1, 12, 13, 5, 15, 6, 9, 14, 0, 2, 3, 10], [12, 0, 2, 10, 9, 6, 14, 15, 5, 3, 1, 13, 8, 4, 7, 11], [14, 9, 6, 15, 8, 4, 7, 11, 10, 2, 0, 3, 1, 12, 13, 5], [13, 1, 12, 5, 0, 2, 3, 10, 11, 4, 8, 7, 9, 6, 14, 15], [10, 2, 3, 9, 6, 14, 15, 8, 0, 13, 12, 5, 4, 7, 11, 1], [11, 4, 7, 1, 12, 13, 5, 0, 8, 14, 6, 15, 2, 3, 10, 9], [5, 12, 13, 0, 2, 3, 10, 9, 1, 7, 4, 11, 6, 14, 15, 8], [15, 6, 14, 8, 4, 7, 11, 1, 9, 3, 2, 10, 12, 13, 5, 0], [8, 14, 15, 4, 7, 11, 1, 12, 6, 10, 3, 9, 13, 5, 0, 2], [9, 3, 10, 6, 14, 15, 8, 4, 2, 5, 13, 0, 7, 11, 1, 12], [0, 13, 5, 2, 3, 10, 9, 6, 12, 11, 7, 1, 14, 15, 8, 4], [1, 7, 11, 12, 13, 5, 0, 2, 4, 15, 14, 8, 3, 10, 9, 6], [12, 11, 1, 13, 5, 0, 2, 3, 7, 8, 15, 4, 10, 9, 6, 14], [4, 15, 8, 7, 11, 1, 12, 13, 14, 9, 10, 6, 5, 0, 2, 3], [6, 10, 9, 14, 15, 8, 4, 7, 3, 0, 5, 2, 11, 1, 12, 13], [2, 5, 0, 3, 10, 9, 6, 14, 13, 1, 11, 12, 15, 8, 4, 7]]","[[7, 8, 4, 11, 1, 12, 13, 5, 15, 6, 9, 14, 0, 2, 3, 10], [3, 0, 2, 10, 9, 6, 14, 15, 5, 12, 1, 13, 8, 4, 7, 11], [14, 9, 6, 15, 8, 4, 7, 11, 10, 2, 0, 3, 1, 12, 13, 5], [13, 1, 12, 5, 0, 2, 3, 10, 11, 4, 8, 7, 9, 6, 14, 15], [10, 2, 3, 9, 6, 14, 15, 8, 0, 13, 12, 5, 4, 7, 11, 1], [11, 4, 7, 1, 12, 13, 5, 0, 8, 14, 6, 15, 2, 3, 10, 9], [5, 12, 13, 0, 2, 3, 10, 9, 1, 7, 4, 11, 6, 14, 15, 8], [15, 6, 14, 8, 4, 7, 11, 1, 9, 3, 2, 10, 12, 13, 5, 0], [8, 14, 15, 4, 7, 11, 1, 12, 6, 10, 3, 9, 13, 5, 0, 2], [9, 3, 10, 6, 14, 15, 8, 4, 2, 5, 13, 0, 7, 11, 1, 12], [0, 13, 5, 2, 3, 10, 9, 6, 12, 11, 7, 1, 14, 15, 8, 4], [1, 7, 11, 12, 13, 5, 0, 2, 4, 15, 14, 8, 3, 10, 9, 6], [12, 11, 1, 13, 5, 0, 2, 3, 7, 8, 15, 4, 10, 9, 6, 14], [4, 15, 8, 7, 11, 1, 12, 13, 14, 9, 10, 6, 5, 0, 2, 3], [6, 10, 9, 14, 15, 8, 4, 7, 3, 0, 5, 2, 11, 1, 12, 13], [2, 5, 0, 3, 10, 9, 6, 14, 13, 1, 11, 12, 15, 8, 4, 7]]",D,"[[7, 8, 4, 11, 1, 12, 13, 5, 15, 6, 9, 14, 0, 2, 3, 10], [3, 0, 2, 10, 9, 6, 14, 15, 5, 12, 1, 13, 8, 4, 7, 11], [14, 9, 6, 15, 8, 4, 7, 11, 10, 2, 0, 3, 1, 12, 13, 5], [13, 1, 12, 5, 0, 2, 3, 10, 11, 4, 8, 7, 9, 6, 14, 15], [10, 2, 3, 9, 6, 14, 15, 8, 0, 13, 12, 5, 4, 7, 11, 1], [11, 4, 7, 1, 12, 13, 5, 0, 8, 14, 6, 15, 2, 3, 10, 9], [5, 12, 13, 0, 2, 3, 10, 9, 1, 7, 4, 11, 6, 14, 15, 8], [15, 6, 14, 8, 4, 7, 11, 1, 9, 3, 2, 10, 12, 13, 5, 0], [8, 14, 15, 4, 7, 11, 1, 12, 6, 10, 3, 9, 13, 5, 0, 2], [9, 3, 10, 6, 14, 15, 8, 4, 2, 5, 13, 0, 7, 11, 1, 12], [0, 13, 5, 2, 3, 10, 9, 6, 12, 11, 7, 1, 14, 15, 8, 4], [1, 7, 11, 12, 13, 5, 0, 2, 4, 15, 14, 8, 3, 10, 9, 6], [12, 11, 1, 13, 5, 0, 2, 3, 7, 8, 15, 4, 10, 9, 6, 14], [4, 15, 8, 7, 11, 1, 12, 13, 14, 9, 10, 6, 5, 0, 2, 3], [6, 10, 9, 14, 15, 8, 4, 7, 3, 0, 5, 2, 11, 1, 12, 13], [2, 5, 0, 3, 10, 9, 6, 14, 13, 1, 11, 12, 15, 8, 4, 7]]","{""num_givens"": 100, ""grid_size"": 16}"
sudoku_cf4_hex_0084,sudoku_cf4_hex,counterfactual,"[[null, 10, 4, null, null, null, 13, null, null, null, 1, null, 9, null, null, 8], [7, null, null, null, null, null, null, 5, 11, 0, 8, 9, 14, null, 6, null], [1, 6, null, 14, 9, null, null, 8, 12, null, 7, 15, null, null, 10, null], [8, null, 0, null, 14, 6, null, null, null, null, 5, null, 15, null, null, null], [11, 5, 2, null, 3, 7, null, null, null, null, null, null, 13, 9, null, null], [12, 8, 9, null, 4, null, null, null, null, null, 11, null, null, null, null, 6], [null, 7, null, null, null, null, null, null, null, null, null, null, 4, null, 1, null], [null, 1, 14, null, null, null, 9, 12, null, null, null, 3, 0, null, 5, null], [9, null, null, null, 10, null, null, null, 4, null, 2, 11, null, null, null, null], [null, null, 1, 10, 12, null, 8, 9, null, null, 15, null, null, null, 4, null], [15, null, 7, 6, null, null, null, 2, 0, null, 9, null, 10, null, null, 14], [2, 4, null, 11, 6, null, null, null, 3, null, null, null, null, 8, null, null], [null, null, null, null, 1, 15, null, null, null, null, 4, null, null, 12, null, 13], [3, null, null, 1, null, null, null, null, null, null, null, null, 5, null, null, 4], [null, 9, null, 7, 5, 14, null, 4, null, null, null, null, null, null, 15, null], [4, null, 10, 5, null, null, null, null, null, 6, 3, null, null, 11, 2, null]]","Solve the following hexadecimal Sudoku puzzle.
Rule change: The grid is 16×16 (instead of 9×9). The blocks are 4×4 (instead of 3×3). The valid symbols are the hexadecimal digits {0, 1, 2, 3, 4, 5, 6, 7, 8, 9, A, B, C, D, E, F}. Each row, column, and 4×4 block must contain each symbol exactly once.

Puzzle (. = empty cell):
. A 4 . | . . D . | . . 1 . | 9 . . 8
7 . . . | . . . 5 | B . 8 9 | E . 6 .
1 6 . E | 9 . . 8 | C . 7 F | . . A .
8 . . . | E 6 . . | . . 5 . | F . . .
-------------------------------------
B 5 2 . | 3 7 . . | . . . . | D 9 . .
C 8 9 . | 4 . . . | . . B . | . . . 6
. 7 . . | . . . . | . . . . | 4 . 1 .
. 1 E . | . . 9 C | . . . 3 | . . 5 .
-------------------------------------
9 . . . | A . . . | 4 . 2 B | . . . .
. . 1 A | C . 8 9 | . . F . | . . 4 .
F . 7 6 | . . . 2 | . . 9 . | A . . E
2 4 . B | 6 . . . | 3 . . . | . 8 . .
-------------------------------------
. . . . | 1 F . . | . . 4 . | . C . D
3 . . 1 | . . . . | . . . . | 5 . . 4
. 9 . 7 | 5 E . 4 | . . . . | . . F .
4 . A 5 | . . . . | . 6 3 . | . B 2 .

Which of the following is the correct completed solution?","[[5, 10, 4, 2, 15, 12, 13, 7, 6, 3, 1, 14, 9, 0, 11, 8], [7, 12, 13, 15, 2, 10, 4, 5, 11, 0, 8, 9, 14, 3, 6, 1], [1, 6, 3, 14, 9, 11, 0, 8, 12, 13, 7, 15, 2, 4, 10, 5], [8, 11, 0, 9, 14, 6, 3, 1, 10, 4, 5, 2, 15, 13, 12, 7], [11, 5, 2, 0, 3, 7, 15, 6, 1, 14, 10, 4, 13, 9, 8, 12], [12, 8, 9, 13, 4, 1, 14, 10, 5, 2, 11, 0, 3, 15, 7, 6], [6, 7, 15, 3, 0, 5, 2, 11, 8, 9, 12, 13, 4, 14, 1, 10], [10, 1, 14, 4, 13, 8, 9, 12, 7, 15, 6, 3, 0, 2, 5, 11], [9, 0, 8, 12, 10, 3, 1, 14, 4, 5, 2, 11, 6, 7, 13, 15], [14, 3, 1, 10, 12, 0, 8, 9, 13, 7, 15, 6, 11, 5, 4, 2], [15, 13, 7, 6, 11, 4, 5, 2, 0, 8, 9, 12, 10, 1, 3, 14], [2, 4, 5, 11, 6, 13, 7, 15, 3, 1, 14, 10, 12, 8, 0, 9], [0, 2, 11, 8, 1, 15, 6, 3, 14, 10, 4, 5, 7, 12, 9, 13], [3, 15, 6, 1, 8, 2, 11, 0, 9, 12, 13, 7, 5, 10, 14, 4], [13, 9, 12, 7, 5, 14, 10, 4, 2, 11, 0, 8, 1, 3, 15, 6], [4, 14, 10, 5, 7, 9, 12, 13, 15, 6, 3, 1, 8, 11, 2, 0]]","[[5, 10, 4, 2, 15, 12, 13, 7, 6, 3, 1, 14, 9, 0, 11, 8], [7, 12, 13, 15, 2, 10, 4, 5, 11, 0, 8, 9, 14, 3, 6, 1], [1, 6, 3, 14, 9, 11, 0, 8, 12, 13, 7, 15, 2, 4, 10, 5], [8, 11, 0, 9, 14, 6, 3, 1, 10, 4, 5, 2, 15, 13, 12, 7], [11, 5, 2, 0, 3, 7, 15, 6, 12, 14, 10, 4, 13, 9, 8, 1], [12, 8, 9, 13, 4, 1, 14, 10, 5, 2, 11, 0, 3, 15, 7, 6], [6, 7, 15, 3, 0, 5, 2, 11, 8, 9, 12, 13, 4, 14, 1, 10], [10, 1, 14, 4, 13, 8, 9, 12, 7, 15, 6, 3, 0, 2, 5, 11], [9, 0, 8, 12, 10, 3, 1, 14, 4, 5, 2, 11, 6, 7, 13, 15], [14, 3, 1, 10, 12, 0, 8, 9, 13, 7, 15, 6, 11, 5, 4, 2], [15, 13, 7, 6, 11, 4, 5, 2, 0, 8, 9, 12, 10, 1, 3, 14], [2, 4, 5, 11, 6, 13, 7, 15, 3, 1, 14, 10, 12, 8, 0, 9], [0, 2, 11, 8, 1, 15, 6, 3, 14, 10, 4, 5, 7, 12, 9, 13], [3, 15, 6, 1, 8, 2, 11, 0, 9, 12, 13, 7, 5, 10, 14, 4], [13, 9, 12, 7, 5, 14, 10, 4, 2, 11, 0, 8, 1, 6, 15, 3], [4, 14, 10, 5, 7, 9, 12, 13, 15, 6, 3, 1, 8, 11, 2, 0]]","[[5, 10, 4, 2, 15, 12, 13, 7, 6, 3, 1, 14, 9, 0, 11, 8], [7, 12, 13, 15, 2, 10, 4, 5, 11, 0, 8, 9, 14, 3, 6, 1], [1, 6, 3, 14, 9, 11, 0, 8, 12, 13, 7, 15, 2, 4, 10, 5], [8, 11, 0, 9, 14, 6, 3, 1, 10, 4, 5, 2, 15, 13, 12, 7], [11, 5, 2, 0, 3, 7, 15, 6, 1, 14, 10, 4, 13, 9, 8, 12], [12, 8, 9, 13, 4, 1, 14, 10, 5, 2, 11, 0, 3, 15, 7, 6], [6, 7, 15, 3, 0, 5, 2, 11, 8, 9, 12, 13, 4, 14, 1, 10], [10, 1, 14, 4, 13, 8, 9, 12, 7, 15, 6, 3, 0, 2, 5, 11], [9, 0, 8, 12, 10, 3, 1, 14, 4, 5, 2, 11, 6, 7, 13, 15], [14, 3, 1, 10, 12, 0, 8, 9, 13, 7, 15, 6, 11, 5, 4, 2], [15, 1, 7, 6, 11, 4, 5, 2, 0, 8, 9, 12, 10, 13, 3, 14], [2, 4, 5, 11, 6, 13, 7, 15, 3, 1, 14, 10, 12, 8, 0, 9], [0, 2, 11, 8, 1, 15, 6, 3, 14, 10, 4, 5, 7, 12, 9, 13], [3, 15, 6, 1, 8, 2, 11, 0, 9, 12, 13, 7, 5, 10, 14, 4], [13, 9, 12, 7, 5, 14, 10, 4, 2, 11, 0, 8, 1, 6, 15, 3], [4, 14, 10, 5, 7, 9, 12, 13, 15, 6, 3, 1, 8, 11, 2, 0]]","[[5, 10, 4, 2, 15, 12, 13, 7, 6, 3, 1, 14, 9, 0, 11, 8], [7, 12, 13, 15, 2, 10, 4, 5, 11, 0, 8, 9, 14, 3, 6, 1], [1, 6, 3, 14, 9, 11, 0, 8, 12, 13, 7, 15, 2, 4, 10, 5], [8, 11, 0, 9, 14, 6, 3, 1, 10, 4, 5, 2, 15, 13, 12, 7], [11, 5, 2, 0, 3, 7, 15, 6, 1, 14, 10, 4, 13, 9, 8, 12], [12, 8, 9, 13, 4, 1, 14, 10, 5, 2, 11, 0, 3, 15, 7, 6], [6, 7, 15, 3, 0, 5, 2, 11, 8, 9, 12, 13, 4, 14, 1, 10], [10, 1, 14, 4, 13, 8, 9, 12, 7, 15, 6, 3, 0, 2, 5, 11], [9, 0, 8, 12, 10, 3, 1, 14, 4, 5, 2, 11, 6, 7, 13, 15], [14, 3, 1, 10, 12, 0, 8, 9, 13, 7, 15, 6, 11, 5, 4, 2], [15, 13, 7, 6, 11, 4, 5, 2, 0, 8, 9, 12, 10, 1, 3, 14], [2, 4, 5, 11, 6, 13, 7, 15, 3, 1, 14, 10, 12, 8, 0, 9], [0, 2, 11, 8, 1, 15, 6, 3, 14, 10, 4, 5, 7, 12, 9, 13], [3, 15, 6, 1, 8, 2, 11, 0, 9, 12, 13, 7, 5, 10, 14, 4], [13, 9, 12, 7, 5, 14, 10, 4, 2, 11, 0, 8, 1, 6, 15, 3], [4, 14, 10, 5, 7, 9, 12, 13, 15, 6, 3, 1, 8, 11, 2, 0]]",D,"[[5, 10, 4, 2, 15, 12, 13, 7, 6, 3, 1, 14, 9, 0, 11, 8], [7, 12, 13, 15, 2, 10, 4, 5, 11, 0, 8, 9, 14, 3, 6, 1], [1, 6, 3, 14, 9, 11, 0, 8, 12, 13, 7, 15, 2, 4, 10, 5], [8, 11, 0, 9, 14, 6, 3, 1, 10, 4, 5, 2, 15, 13, 12, 7], [11, 5, 2, 0, 3, 7, 15, 6, 1, 14, 10, 4, 13, 9, 8, 12], [12, 8, 9, 13, 4, 1, 14, 10, 5, 2, 11, 0, 3, 15, 7, 6], [6, 7, 15, 3, 0, 5, 2, 11, 8, 9, 12, 13, 4, 14, 1, 10], [10, 1, 14, 4, 13, 8, 9, 12, 7, 15, 6, 3, 0, 2, 5, 11], [9, 0, 8, 12, 10, 3, 1, 14, 4, 5, 2, 11, 6, 7, 13, 15], [14, 3, 1, 10, 12, 0, 8, 9, 13, 7, 15, 6, 11, 5, 4, 2], [15, 13, 7, 6, 11, 4, 5, 2, 0, 8, 9, 12, 10, 1, 3, 14], [2, 4, 5, 11, 6, 13, 7, 15, 3, 1, 14, 10, 12, 8, 0, 9], [0, 2, 11, 8, 1, 15, 6, 3, 14, 10, 4, 5, 7, 12, 9, 13], [3, 15, 6, 1, 8, 2, 11, 0, 9, 12, 13, 7, 5, 10, 14, 4], [13, 9, 12, 7, 5, 14, 10, 4, 2, 11, 0, 8, 1, 6, 15, 3], [4, 14, 10, 5, 7, 9, 12, 13, 15, 6, 3, 1, 8, 11, 2, 0]]","{""num_givens"": 100, ""grid_size"": 16}"
sudoku_cf4_hex_0085,sudoku_cf4_hex,counterfactual,"[[10, null, 5, 7, 14, null, null, null, 12, null, 13, null, 4, null, null, null], [2, null, null, 3, null, null, null, 5, 4, null, null, null, null, null, null, null], [null, null, null, 15, null, null, null, null, null, null, 5, 10, 12, null, 2, null], [null, null, 6, null, null, null, null, null, 9, 15, 8, null, 0, null, null, null], [null, 3, null, 4, 13, null, null, 10, null, 9, null, 8, 15, null, 5, null], [8, null, 11, null, null, 3, 4, null, 15, null, null, 5, null, null, 13, null], [5, null, null, 0, 8, null, null, null, null, 12, null, 13, null, 2, null, 4], [null, 7, 10, null, 5, null, null, 14, null, null, 2, 6, null, 11, null, 9], [1, null, null, null, 3, null, null, null, 11, 8, null, null, null, null, null, 5], [null, 10, 12, null, 7, null, null, 0, 2, null, 4, null, null, null, null, null], [15, null, null, null, null, null, null, 4, null, 5, null, null, null, null, null, null], [7, null, 0, null, 15, null, null, null, null, null, null, 3, 2, null, 1, null], [null, null, 15, null, 9, 6, null, 1, 5, null, null, 12, null, null, null, null], [null, 6, 1, null, null, null, null, null, 8, null, null, null, 5, 7, null, null], [null, 13, null, 2, 12, 5, null, null, 6, null, 1, 9, null, null, null, 14], [12, 5, 7, 10, null, 8, 14, null, 13, null, 3, null, null, null, 9, 11]]","Solve the following hexadecimal Sudoku puzzle.
Rule change: The grid is 16×16 (instead of 9×9). The blocks are 4×4 (instead of 3×3). The valid symbols are the hexadecimal digits {0, 1, 2, 3, 4, 5, 6, 7, 8, 9, A, B, C, D, E, F}. Each row, column, and 4×4 block must contain each symbol exactly once.

Puzzle (. = empty cell):
A . 5 7 | E . . . | C . D . | 4 . . .
2 . . 3 | . . . 5 | 4 . . . | . . . .
. . . F | . . . . | . . 5 A | C . 2 .
. . 6 . | . . . . | 9 F 8 . | . . . .
-------------------------------------
. 3 . 4 | D . . A | . 9 . 8 | F . 5 .
8 . B . | . 3 4 . | F . . 5 | . . D .
5 . . . | 8 . . . | . C . D | . 2 . 4
. 7 A . | 5 . . E | . . 2 6 | . B . 9
-------------------------------------
1 . . . | 3 . . . | B 8 . . | . . . 5
. A C . | 7 . . . | 2 . 4 . | . . . .
F . . . | . . . 4 | . 5 . . | . . . .
7 . . . | F . . . | . . . 3 | 2 . 1 .
-------------------------------------
. . F . | 9 6 . 1 | 5 . . C | . . . .
. 6 1 . | . . . . | 8 . . . | 5 7 . .
. D . 2 | C 5 . . | 6 . 1 9 | . . . E
C 5 7 A | . 8 E . | D . 3 . | . . 9 B

Which of the following is the correct completed solution?","[[10, 0, 5, 7, 14, 9, 15, 8, 12, 3, 13, 2, 4, 6, 11, 1], [2, 12, 13, 3, 10, 0, 7, 5, 4, 1, 6, 11, 9, 8, 14, 15], [14, 9, 8, 15, 11, 4, 1, 6, 0, 7, 5, 10, 12, 13, 2, 3], [11, 4, 6, 1, 2, 12, 3, 13, 9, 15, 8, 14, 0, 5, 10, 7], [6, 3, 2, 4, 13, 7, 12, 10, 1, 9, 11, 8, 15, 14, 5, 0], [8, 1, 11, 9, 2, 3, 4, 6, 15, 0, 14, 5, 7, 10, 13, 12], [5, 15, 14, 0, 8, 1, 9, 11, 7, 12, 10, 13, 3, 2, 6, 4], [13, 7, 10, 12, 5, 15, 0, 14, 3, 4, 2, 6, 1, 11, 8, 9], [1, 2, 4, 6, 3, 10, 13, 12, 11, 8, 9, 15, 14, 0, 7, 5], [3, 10, 12, 13, 7, 14, 5, 0, 2, 6, 4, 1, 11, 9, 15, 8], [15, 11, 9, 8, 1, 2, 6, 4, 14, 5, 0, 7, 10, 12, 3, 13], [7, 14, 0, 5, 15, 11, 8, 9, 10, 13, 12, 3, 2, 4, 1, 6], [0, 8, 15, 14, 9, 6, 11, 1, 5, 10, 7, 12, 13, 3, 4, 2], [9, 6, 1, 11, 4, 13, 2, 3, 8, 14, 15, 0, 5, 7, 12, 10], [4, 13, 3, 2, 12, 5, 10, 7, 6, 11, 1, 9, 8, 15, 0, 14], [12, 5, 7, 10, 0, 8, 14, 15, 13, 2, 3, 4, 6, 1, 9, 11]]","[[10, 0, 5, 7, 14, 9, 15, 8, 12, 3, 13, 2, 4, 6, 11, 1], [2, 12, 13, 3, 10, 0, 7, 5, 4, 1, 6, 11, 9, 8, 14, 15], [14, 9, 8, 15, 11, 4, 1, 6, 0, 7, 5, 10, 12, 13, 2, 3], [11, 4, 6, 1, 2, 12, 3, 13, 9, 15, 8, 14, 0, 5, 10, 7], [6, 3, 2, 4, 13, 7, 12, 10, 1, 9, 11, 8, 15, 14, 5, 0], [8, 1, 11, 9, 6, 3, 4, 2, 15, 0, 14, 5, 7, 10, 13, 12], [5, 15, 14, 0, 8, 1, 9, 11, 7, 12, 10, 13, 3, 2, 6, 4], [13, 7, 10, 12, 5, 15, 0, 14, 3, 4, 2, 6, 1, 11, 8, 9], [1, 2, 4, 6, 3, 10, 13, 12, 11, 8, 9, 15, 14, 0, 7, 5], [3, 10, 12, 13, 7, 14, 5, 0, 2, 6, 4, 1, 11, 9, 15, 8], [15, 11, 9, 8, 1, 2, 6, 4, 14, 5, 0, 7, 10, 12, 3, 13], [7, 14, 0, 5, 15, 11, 8, 9, 10, 13, 12, 3, 2, 4, 1, 6], [0, 8, 15, 14, 9, 6, 11, 1, 5, 10, 7, 12, 13, 3, 4, 2], [9, 6, 1, 11, 4, 13, 2, 3, 8, 14, 15, 0, 5, 7, 12, 10], [4, 13, 3, 2, 12, 5, 10, 7, 6, 11, 1, 9, 8, 15, 0, 14], [12, 5, 7, 10, 0, 8, 14, 15, 13, 2, 3, 4, 6, 1, 9, 11]]","[[10, 0, 5, 7, 14, 9, 15, 8, 12, 3, 13, 2, 4, 6, 11, 1], [2, 12, 13, 3, 10, 0, 7, 5, 4, 1, 6, 11, 9, 8, 14, 15], [14, 9, 8, 15, 11, 4, 1, 6, 0, 7, 5, 10, 12, 13, 2, 3], [11, 4, 6, 1, 2, 12, 3, 13, 9, 15, 8, 14, 0, 5, 10, 7], [6, 3, 2, 4, 13, 7, 12, 10, 1, 9, 11, 8, 15, 14, 5, 0], [8, 1, 11, 9, 6, 3, 4, 2, 15, 0, 7, 5, 14, 10, 13, 12], [5, 15, 14, 0, 8, 1, 9, 11, 7, 12, 10, 13, 3, 2, 6, 4], [13, 7, 10, 12, 5, 15, 0, 14, 3, 4, 2, 6, 1, 11, 8, 9], [1, 2, 4, 6, 3, 10, 13, 12, 11, 8, 9, 15, 14, 0, 7, 5], [3, 10, 12, 13, 7, 14, 5, 0, 2, 6, 4, 1, 11, 9, 15, 8], [15, 11, 9, 8, 1, 2, 6, 4, 14, 5, 0, 7, 10, 12, 3, 13], [7, 14, 0, 5, 15, 11, 8, 9, 10, 13, 12, 3, 2, 4, 1, 6], [0, 8, 15, 14, 9, 6, 11, 1, 5, 10, 7, 12, 13, 3, 4, 2], [9, 6, 1, 11, 4, 13, 2, 3, 8, 14, 15, 0, 5, 7, 12, 10], [4, 13, 3, 2, 12, 5, 10, 7, 6, 11, 1, 9, 8, 15, 0, 14], [12, 5, 7, 10, 0, 8, 14, 15, 13, 2, 3, 4, 6, 1, 9, 11]]","[[10, 0, 5, 7, 14, 9, 15, 8, 12, 3, 13, 2, 4, 6, 11, 1], [2, 12, 13, 3, 10, 0, 7, 5, 4, 1, 6, 11, 9, 8, 14, 15], [14, 9, 8, 15, 11, 4, 1, 6, 0, 7, 5, 10, 12, 13, 2, 3], [11, 4, 6, 1, 2, 12, 3, 13, 9, 15, 8, 14, 0, 5, 10, 7], [6, 3, 2, 4, 13, 7, 12, 10, 1, 9, 11, 8, 15, 14, 5, 0], [8, 1, 11, 9, 6, 3, 4, 2, 15, 0, 14, 5, 7, 10, 13, 12], [5, 15, 14, 0, 8, 1, 9, 11, 7, 12, 10, 13, 3, 2, 6, 4], [13, 7, 10, 12, 5, 15, 0, 14, 3, 4, 2, 6, 1, 11, 8, 9], [1, 2, 4, 6, 3, 10, 13, 12, 11, 8, 9, 15, 14, 0, 7, 5], [3, 10, 12, 13, 7, 14, 5, 0, 2, 6, 4, 1, 11, 9, 15, 8], [15, 11, 9, 8, 1, 2, 6, 4, 14, 5, 0, 7, 10, 12, 3, 13], [7, 14, 0, 5, 15, 11, 8, 9, 10, 13, 12, 3, 2, 4, 1, 6], [0, 8, 15, 14, 9, 6, 11, 1, 5, 10, 7, 12, 13, 3, 4, 2], [9, 6, 1, 11, 4, 13, 2, 3, 8, 14, 15, 0, 5, 7, 12, 10], [4, 13, 3, 2, 12, 5, 11, 7, 6, 10, 1, 9, 8, 15, 0, 14], [12, 5, 7, 10, 0, 8, 14, 15, 13, 2, 3, 4, 6, 1, 9, 11]]",B,"[[10, 0, 5, 7, 14, 9, 15, 8, 12, 3, 13, 2, 4, 6, 11, 1], [2, 12, 13, 3, 10, 0, 7, 5, 4, 1, 6, 11, 9, 8, 14, 15], [14, 9, 8, 15, 11, 4, 1, 6, 0, 7, 5, 10, 12, 13, 2, 3], [11, 4, 6, 1, 2, 12, 3, 13, 9, 15, 8, 14, 0, 5, 10, 7], [6, 3, 2, 4, 13, 7, 12, 10, 1, 9, 11, 8, 15, 14, 5, 0], [8, 1, 11, 9, 6, 3, 4, 2, 15, 0, 14, 5, 7, 10, 13, 12], [5, 15, 14, 0, 8, 1, 9, 11, 7, 12, 10, 13, 3, 2, 6, 4], [13, 7, 10, 12, 5, 15, 0, 14, 3, 4, 2, 6, 1, 11, 8, 9], [1, 2, 4, 6, 3, 10, 13, 12, 11, 8, 9, 15, 14, 0, 7, 5], [3, 10, 12, 13, 7, 14, 5, 0, 2, 6, 4, 1, 11, 9, 15, 8], [15, 11, 9, 8, 1, 2, 6, 4, 14, 5, 0, 7, 10, 12, 3, 13], [7, 14, 0, 5, 15, 11, 8, 9, 10, 13, 12, 3, 2, 4, 1, 6], [0, 8, 15, 14, 9, 6, 11, 1, 5, 10, 7, 12, 13, 3, 4, 2], [9, 6, 1, 11, 4, 13, 2, 3, 8, 14, 15, 0, 5, 7, 12, 10], [4, 13, 3, 2, 12, 5, 10, 7, 6, 11, 1, 9, 8, 15, 0, 14], [12, 5, 7, 10, 0, 8, 14, 15, 13, 2, 3, 4, 6, 1, 9, 11]]","{""num_givens"": 100, ""grid_size"": 16}"
sudoku_cf4_hex_0086,sudoku_cf4_hex,counterfactual,"[[9, null, null, 12, 15, null, null, 6, 1, null, 8, 14, 10, 13, 3, null], [8, null, null, 1, null, null, 10, 13, null, null, null, null, 7, 6, 0, null], [null, 4, 13, null, null, 9, 12, 5, 7, null, 0, 6, 1, null, null, 2], [null, null, null, 7, 2, null, null, null, null, null, null, null, null, 5, null, null], [null, null, null, null, null, null, 6, null, 14, null, null, 15, 13, null, null, null], [null, null, null, 6, 8, null, 14, null, null, null, null, null, null, null, null, null], [null, null, 2, null, 9, null, 5, 4, null, 0, 7, 11, 14, null, null, null], [null, null, 15, null, 3, 10, null, 2, 5, 9, null, null, null, null, null, null], [null, 6, 12, 9, 14, null, 0, 7, null, null, 2, null, 3, null, 4, null], [4, null, null, null, 6, null, null, 12, null, 14, null, null, null, null, null, 13], [null, 13, null, 8, 5, 4, 3, 10, 9, 6, null, null, null, null, null, 14], [15, null, null, null, null, null, null, null, null, null, null, null, null, null, null, null], [13, null, null, null, null, 5, 4, 3, null, null, null, null, null, null, null, null], [null, 1, null, null, 10, null, 2, null, null, 12, 5, 3, null, 9, null, 7], [5, 12, 3, null, 7, null, 11, 9, null, null, 14, 0, null, null, 13, 10], [6, null, null, null, null, 14, null, null, 2, null, null, null, null, null, null, null]]","Solve the following hexadecimal Sudoku puzzle.
Rule change: The grid is 16×16 (instead of 9×9). The blocks are 4×4 (instead of 3×3). The valid symbols are the hexadecimal digits {0, 1, 2, 3, 4, 5, 6, 7, 8, 9, A, B, C, D, E, F}. Each row, column, and 4×4 block must contain each symbol exactly once.

Puzzle (. = empty cell):
9 . . C | F . . 6 | 1 . 8 E | A D 3 .
8 . . 1 | . . A D | . . . . | 7 6 . .
. 4 D . | . 9 C 5 | 7 . . 6 | 1 . . 2
. . . 7 | 2 . . . | . . . . | . 5 . .
-------------------------------------
. . . . | . . 6 . | E . . F | D . . .
. . . 6 | 8 . E . | . . . . | . . . .
. . 2 . | 9 . 5 4 | . . 7 B | E . . .
. . F . | 3 A . 2 | 5 9 . . | . . . .
-------------------------------------
. 6 C 9 | E . . 7 | . . 2 . | 3 . 4 .
4 . . . | 6 . . C | . E . . | . . . D
. D . 8 | 5 4 3 A | 9 6 . . | . . . E
F . . . | . . . . | . . . . | . . . .
-------------------------------------
D . . . | . 5 4 3 | . . . . | . . . .
. 1 . . | A . 2 . | . C 5 3 | . 9 . 7
5 C 3 . | 7 . B 9 | . . E . | . . D A
6 . . . | . E . . | 2 . . . | . . . .

Which of the following is the correct completed solution?","[[9, 11, 5, 12, 15, 0, 7, 6, 1, 2, 8, 14, 10, 13, 3, 4], [8, 2, 14, 1, 4, 11, 10, 13, 12, 3, 9, 5, 7, 6, 0, 15], [3, 4, 13, 10, 11, 9, 12, 5, 7, 15, 0, 6, 1, 14, 8, 2], [0, 15, 6, 7, 2, 8, 1, 14, 10, 4, 3, 13, 12, 5, 9, 11], [12, 9, 4, 5, 0, 7, 6, 11, 14, 8, 1, 15, 13, 2, 10, 3], [7, 0, 11, 6, 8, 1, 14, 15, 13, 3, 10, 2, 5, 4, 12, 9], [10, 3, 2, 13, 9, 12, 5, 4, 6, 0, 7, 11, 14, 15, 1, 8], [1, 8, 15, 14, 3, 10, 13, 2, 5, 9, 12, 4, 6, 11, 7, 0], [11, 6, 12, 9, 14, 15, 0, 7, 8, 13, 2, 1, 3, 10, 4, 5], [4, 5, 10, 3, 6, 11, 9, 12, 0, 14, 15, 7, 8, 1, 2, 13], [2, 13, 1, 8, 5, 4, 3, 10, 9, 6, 11, 12, 0, 7, 15, 14], [15, 14, 7, 0, 13, 2, 8, 1, 3, 5, 4, 10, 9, 12, 11, 6], [13, 10, 8, 2, 12, 5, 4, 3, 11, 7, 6, 9, 15, 0, 14, 1], [14, 1, 0, 15, 10, 13, 2, 8, 4, 12, 5, 3, 11, 9, 6, 7], [5, 12, 3, 4, 7, 6, 11, 9, 15, 1, 14, 0, 2, 8, 13, 10], [6, 7, 9, 11, 1, 14, 15, 0, 2, 10, 13, 8, 4, 3, 5, 12]]","[[9, 11, 5, 12, 15, 0, 7, 6, 1, 2, 8, 14, 10, 13, 3, 4], [8, 2, 14, 1, 4, 3, 10, 13, 12, 11, 9, 5, 7, 6, 0, 15], [3, 4, 13, 10, 11, 9, 12, 5, 7, 15, 0, 6, 1, 14, 8, 2], [0, 15, 6, 7, 2, 8, 1, 14, 10, 4, 3, 13, 12, 5, 9, 11], [12, 9, 4, 5, 0, 7, 6, 11, 14, 8, 1, 15, 13, 2, 10, 3], [7, 0, 11, 6, 8, 1, 14, 15, 13, 3, 10, 2, 5, 4, 12, 9], [10, 3, 2, 13, 9, 12, 5, 4, 6, 0, 7, 11, 14, 15, 1, 8], [1, 8, 15, 14, 3, 10, 13, 2, 5, 9, 12, 4, 6, 11, 7, 0], [11, 6, 12, 9, 14, 15, 0, 7, 8, 13, 2, 1, 3, 10, 4, 5], [4, 5, 10, 3, 6, 11, 9, 12, 0, 14, 15, 7, 8, 1, 2, 13], [2, 13, 1, 8, 5, 4, 3, 10, 9, 6, 11, 12, 0, 7, 15, 14], [15, 14, 7, 0, 13, 2, 8, 1, 3, 5, 4, 10, 9, 12, 11, 6], [13, 10, 8, 2, 12, 5, 4, 3, 11, 7, 6, 9, 15, 0, 14, 1], [14, 1, 0, 15, 10, 13, 2, 8, 4, 12, 5, 3, 11, 9, 6, 7], [5, 12, 3, 4, 7, 6, 11, 9, 15, 1, 14, 0, 2, 8, 13, 10], [6, 7, 9, 11, 1, 14, 5, 0, 2, 10, 13, 8, 4, 3, 15, 12]]","[[9, 11, 5, 12, 15, 0, 7, 6, 1, 2, 8, 14, 10, 13, 3, 4], [8, 2, 14, 1, 4, 3, 10, 13, 12, 11, 9, 5, 7, 6, 0, 15], [3, 4, 13, 10, 14, 9, 12, 5, 7, 15, 0, 6, 1, 11, 8, 2], [0, 15, 6, 7, 2, 8, 1, 14, 10, 4, 3, 13, 12, 5, 9, 11], [12, 9, 4, 5, 0, 7, 6, 11, 14, 8, 1, 15, 13, 2, 10, 3], [7, 0, 11, 6, 8, 1, 14, 15, 13, 3, 10, 2, 5, 4, 12, 9], [10, 3, 2, 13, 9, 12, 5, 4, 6, 0, 7, 11, 14, 15, 1, 8], [1, 8, 15, 14, 3, 10, 13, 2, 5, 9, 12, 4, 6, 11, 7, 0], [11, 6, 12, 9, 14, 15, 0, 7, 8, 13, 2, 1, 3, 10, 4, 5], [4, 5, 10, 3, 6, 11, 9, 12, 0, 14, 15, 7, 8, 1, 2, 13], [2, 13, 1, 8, 5, 4, 3, 10, 9, 6, 11, 12, 0, 7, 15, 14], [15, 14, 7, 0, 13, 2, 8, 1, 3, 5, 4, 10, 9, 12, 11, 6], [13, 10, 8, 2, 12, 5, 4, 3, 11, 7, 6, 9, 15, 0, 14, 1], [14, 1, 0, 15, 10, 13, 2, 8, 4, 12, 5, 3, 11, 9, 6, 7], [5, 12, 3, 4, 7, 6, 11, 9, 15, 1, 14, 0, 2, 8, 13, 10], [6, 7, 9, 11, 1, 14, 15, 0, 2, 10, 13, 8, 4, 3, 5, 12]]","[[9, 11, 5, 12, 15, 0, 7, 6, 1, 2, 8, 14, 10, 13, 3, 4], [8, 2, 14, 1, 4, 3, 10, 13, 12, 11, 9, 5, 7, 6, 0, 15], [3, 4, 13, 10, 11, 9, 12, 5, 7, 15, 0, 6, 1, 14, 8, 2], [0, 15, 6, 7, 2, 8, 1, 14, 10, 4, 3, 13, 12, 5, 9, 11], [12, 9, 4, 5, 0, 7, 6, 11, 14, 8, 1, 15, 13, 2, 10, 3], [7, 0, 11, 6, 8, 1, 14, 15, 13, 3, 10, 2, 5, 4, 12, 9], [10, 3, 2, 13, 9, 12, 5, 4, 6, 0, 7, 11, 14, 15, 1, 8], [1, 8, 15, 14, 3, 10, 13, 2, 5, 9, 12, 4, 6, 11, 7, 0], [11, 6, 12, 9, 14, 15, 0, 7, 8, 13, 2, 1, 3, 10, 4, 5], [4, 5, 10, 3, 6, 11, 9, 12, 0, 14, 15, 7, 8, 1, 2, 13], [2, 13, 1, 8, 5, 4, 3, 10, 9, 6, 11, 12, 0, 7, 15, 14], [15, 14, 7, 0, 13, 2, 8, 1, 3, 5, 4, 10, 9, 12, 11, 6], [13, 10, 8, 2, 12, 5, 4, 3, 11, 7, 6, 9, 15, 0, 14, 1], [14, 1, 0, 15, 10, 13, 2, 8, 4, 12, 5, 3, 11, 9, 6, 7], [5, 12, 3, 4, 7, 6, 11, 9, 15, 1, 14, 0, 2, 8, 13, 10], [6, 7, 9, 11, 1, 14, 15, 0, 2, 10, 13, 8, 4, 3, 5, 12]]",D,"[[9, 11, 5, 12, 15, 0, 7, 6, 1, 2, 8, 14, 10, 13, 3, 4], [8, 2, 14, 1, 4, 3, 10, 13, 12, 11, 9, 5, 7, 6, 0, 15], [3, 4, 13, 10, 11, 9, 12, 5, 7, 15, 0, 6, 1, 14, 8, 2], [0, 15, 6, 7, 2, 8, 1, 14, 10, 4, 3, 13, 12, 5, 9, 11], [12, 9, 4, 5, 0, 7, 6, 11, 14, 8, 1, 15, 13, 2, 10, 3], [7, 0, 11, 6, 8, 1, 14, 15, 13, 3, 10, 2, 5, 4, 12, 9], [10, 3, 2, 13, 9, 12, 5, 4, 6, 0, 7, 11, 14, 15, 1, 8], [1, 8, 15, 14, 3, 10, 13, 2, 5, 9, 12, 4, 6, 11, 7, 0], [11, 6, 12, 9, 14, 15, 0, 7, 8, 13, 2, 1, 3, 10, 4, 5], [4, 5, 10, 3, 6, 11, 9, 12, 0, 14, 15, 7, 8, 1, 2, 13], [2, 13, 1, 8, 5, 4, 3, 10, 9, 6, 11, 12, 0, 7, 15, 14], [15, 14, 7, 0, 13, 2, 8, 1, 3, 5, 4, 10, 9, 12, 11, 6], [13, 10, 8, 2, 12, 5, 4, 3, 11, 7, 6, 9, 15, 0, 14, 1], [14, 1, 0, 15, 10, 13, 2, 8, 4, 12, 5, 3, 11, 9, 6, 7], [5, 12, 3, 4, 7, 6, 11, 9, 15, 1, 14, 0, 2, 8, 13, 10], [6, 7, 9, 11, 1, 14, 15, 0, 2, 10, 13, 8, 4, 3, 5, 12]]","{""num_givens"": 100, ""grid_size"": 16}"
sudoku_cf4_hex_0087,sudoku_cf4_hex,counterfactual,"[[10, 13, null, 11, null, null, null, null, 6, null, null, 2, null, 9, null, 5], [null, null, 4, null, null, 10, 7, null, 3, 9, 0, null, null, null, 6, null], [3, 5, null, null, null, 6, null, 2, null, 11, null, 13, null, 14, null, null], [null, 2, 15, null, null, null, null, null, null, 14, null, null, null, null, 10, 13], [null, 15, 12, null, null, null, null, null, null, null, 5, null, null, null, 11, 7], [9, 0, null, null, null, 1, null, null, null, 6, null, null, null, 3, 14, null], [null, null, null, null, null, null, 5, 4, 1, null, null, 15, null, 10, 9, null], [null, null, 5, null, null, null, null, null, null, 10, 13, 0, null, 8, 1, 15], [null, null, null, null, null, null, 9, null, 15, null, null, 8, null, null, null, 10], [null, 10, 11, 13, null, 15, null, null, 7, null, null, 6, null, 5, 4, 3], [4, null, null, null, 2, null, 1, null, 0, 13, null, 10, null, null, null, null], [null, 8, null, null, null, 0, null, null, null, null, null, 3, 1, 2, null, null], [null, 1, null, 15, null, 5, 10, null, null, null, 3, null, 6, 7, null, null], [null, 14, null, 4, null, null, null, 11, null, null, 10, 9, null, null, 2, null], [null, 11, 6, null, null, null, null, 14, 2, null, 8, 1, null, null, null, null], [5, 9, null, 0, 15, null, null, null, 13, 7, null, null, 3, null, null, null]]","Solve the following hexadecimal Sudoku puzzle.
Rule change: The grid is 16×16 (instead of 9×9). The blocks are 4×4 (instead of 3×3). The valid symbols are the hexadecimal digits {0, 1, 2, 3, 4, 5, 6, 7, 8, 9, A, B, C, D, E, F}. Each row, column, and 4×4 block must contain each symbol exactly once.

Puzzle (. = empty cell):
A D . B | . . . . | 6 . . 2 | . 9 . 5
. . 4 . | . A 7 . | 3 9 . . | . . 6 .
3 5 . . | . 6 . 2 | . B . D | . E . .
. 2 F . | . . . . | . E . . | . . A D
-------------------------------------
. F C . | . . . . | . . 5 . | . . B 7
9 . . . | . 1 . . | . 6 . . | . 3 E .
. . . . | . . 5 4 | 1 . . F | . A 9 .
. . 5 . | . . . . | . A D . | . 8 1 F
-------------------------------------
. . . . | . . 9 . | F . . 8 | . . . A
. A B D | . F . . | 7 . . 6 | . 5 4 3
4 . . . | 2 . 1 . | . D . A | . . . .
. 8 . . | . . . . | . . . 3 | 1 2 . .
-------------------------------------
. 1 . F | . 5 A . | . . 3 . | 6 7 . .
. E . 4 | . . . B | . . A 9 | . . 2 .
. B 6 . | . . . E | 2 . 8 1 | . . . .
5 9 . . | F . . . | D 7 . . | 3 . . .

Which of the following is the correct completed solution?","[[10, 13, 7, 11, 14, 8, 4, 12, 6, 1, 15, 2, 0, 9, 3, 5], [8, 12, 4, 14, 15, 10, 7, 13, 3, 9, 0, 5, 11, 1, 6, 2], [3, 5, 0, 9, 1, 6, 15, 2, 10, 11, 7, 13, 4, 14, 8, 12], [6, 2, 15, 1, 9, 3, 0, 5, 8, 14, 4, 12, 7, 11, 10, 13], [1, 15, 12, 8, 10, 9, 13, 0, 14, 3, 5, 4, 2, 6, 11, 7], [9, 0, 13, 10, 8, 1, 12, 15, 11, 6, 2, 7, 5, 3, 14, 4], [11, 7, 2, 6, 3, 14, 5, 4, 1, 8, 12, 15, 13, 10, 9, 0], [14, 4, 5, 3, 6, 11, 2, 7, 9, 10, 13, 0, 12, 8, 1, 15], [7, 6, 1, 2, 5, 4, 9, 3, 15, 12, 14, 8, 11, 13, 0, 10], [0, 10, 11, 13, 12, 15, 14, 8, 7, 2, 1, 6, 9, 5, 4, 3], [4, 3, 9, 5, 2, 7, 1, 6, 0, 13, 11, 10, 14, 12, 15, 8], [15, 8, 14, 12, 13, 0, 11, 10, 4, 5, 9, 3, 1, 2, 7, 6], [2, 1, 8, 15, 0, 5, 10, 9, 12, 4, 3, 14, 6, 7, 13, 11], [12, 14, 3, 4, 7, 13, 6, 11, 5, 0, 10, 9, 8, 15, 2, 1], [13, 11, 6, 7, 4, 12, 3, 14, 2, 15, 8, 1, 10, 0, 5, 9], [5, 9, 10, 0, 15, 2, 8, 1, 13, 7, 6, 11, 3, 4, 12, 14]]","[[10, 13, 7, 11, 14, 8, 4, 12, 6, 1, 15, 2, 0, 9, 3, 5], [8, 12, 4, 14, 11, 10, 7, 13, 3, 9, 0, 5, 15, 1, 6, 2], [3, 5, 0, 9, 1, 6, 15, 2, 10, 11, 7, 13, 4, 14, 8, 12], [6, 2, 15, 1, 9, 3, 0, 5, 8, 14, 4, 12, 7, 11, 10, 13], [1, 15, 12, 8, 10, 9, 13, 0, 14, 3, 5, 4, 2, 6, 11, 7], [9, 0, 13, 10, 8, 1, 12, 15, 11, 6, 2, 7, 5, 3, 14, 4], [11, 14, 2, 6, 3, 7, 5, 4, 1, 8, 12, 15, 13, 10, 9, 0], [14, 4, 5, 3, 6, 11, 2, 7, 9, 10, 13, 0, 12, 8, 1, 15], [7, 6, 1, 2, 5, 4, 9, 3, 15, 12, 14, 8, 11, 13, 0, 10], [0, 10, 11, 13, 12, 15, 14, 8, 7, 2, 1, 6, 9, 5, 4, 3], [4, 3, 9, 5, 2, 7, 1, 6, 0, 13, 11, 10, 14, 12, 15, 8], [15, 8, 14, 12, 13, 0, 11, 10, 4, 5, 9, 3, 1, 2, 7, 6], [2, 1, 8, 15, 0, 5, 10, 9, 12, 4, 3, 14, 6, 7, 13, 11], [12, 14, 3, 4, 7, 13, 6, 11, 5, 0, 10, 9, 8, 15, 2, 1], [13, 11, 6, 7, 4, 12, 3, 14, 2, 15, 8, 1, 10, 0, 5, 9], [5, 9, 10, 0, 15, 2, 8, 1, 13, 7, 6, 11, 3, 4, 12, 14]]","[[10, 13, 7, 11, 14, 8, 4, 12, 6, 1, 15, 2, 0, 9, 3, 5], [8, 14, 4, 12, 11, 10, 7, 13, 3, 9, 0, 5, 15, 1, 6, 2], [3, 5, 0, 9, 1, 6, 15, 2, 10, 11, 7, 13, 4, 14, 8, 12], [6, 2, 15, 1, 9, 3, 0, 5, 8, 14, 4, 12, 7, 11, 10, 13], [1, 15, 12, 8, 10, 9, 13, 0, 14, 3, 5, 4, 2, 6, 11, 7], [9, 0, 13, 10, 8, 1, 12, 15, 11, 6, 2, 7, 5, 3, 14, 4], [11, 7, 2, 6, 3, 14, 5, 4, 1, 8, 12, 15, 13, 10, 9, 0], [14, 4, 5, 3, 6, 11, 2, 7, 9, 10, 13, 0, 12, 8, 1, 15], [7, 6, 1, 2, 5, 4, 9, 3, 15, 12, 14, 8, 11, 13, 0, 10], [0, 10, 11, 13, 12, 15, 14, 8, 7, 2, 1, 6, 9, 5, 4, 3], [4, 3, 9, 5, 2, 7, 1, 6, 0, 13, 11, 10, 14, 12, 15, 8], [15, 8, 14, 12, 13, 0, 11, 10, 4, 5, 9, 3, 1, 2, 7, 6], [2, 1, 8, 15, 0, 5, 10, 9, 12, 4, 3, 14, 6, 7, 13, 11], [12, 14, 3, 4, 7, 13, 6, 11, 5, 0, 10, 9, 8, 15, 2, 1], [13, 11, 6, 7, 4, 12, 3, 14, 2, 15, 8, 1, 10, 0, 5, 9], [5, 9, 10, 0, 15, 2, 8, 1, 13, 7, 6, 11, 3, 4, 12, 14]]","[[10, 13, 7, 11, 14, 8, 4, 12, 6, 1, 15, 2, 0, 9, 3, 5], [8, 12, 4, 14, 11, 10, 7, 13, 3, 9, 0, 5, 15, 1, 6, 2], [3, 5, 0, 9, 1, 6, 15, 2, 10, 11, 7, 13, 4, 14, 8, 12], [6, 2, 15, 1, 9, 3, 0, 5, 8, 14, 4, 12, 7, 11, 10, 13], [1, 15, 12, 8, 10, 9, 13, 0, 14, 3, 5, 4, 2, 6, 11, 7], [9, 0, 13, 10, 8, 1, 12, 15, 11, 6, 2, 7, 5, 3, 14, 4], [11, 7, 2, 6, 3, 14, 5, 4, 1, 8, 12, 15, 13, 10, 9, 0], [14, 4, 5, 3, 6, 11, 2, 7, 9, 10, 13, 0, 12, 8, 1, 15], [7, 6, 1, 2, 5, 4, 9, 3, 15, 12, 14, 8, 11, 13, 0, 10], [0, 10, 11, 13, 12, 15, 14, 8, 7, 2, 1, 6, 9, 5, 4, 3], [4, 3, 9, 5, 2, 7, 1, 6, 0, 13, 11, 10, 14, 12, 15, 8], [15, 8, 14, 12, 13, 0, 11, 10, 4, 5, 9, 3, 1, 2, 7, 6], [2, 1, 8, 15, 0, 5, 10, 9, 12, 4, 3, 14, 6, 7, 13, 11], [12, 14, 3, 4, 7, 13, 6, 11, 5, 0, 10, 9, 8, 15, 2, 1], [13, 11, 6, 7, 4, 12, 3, 14, 2, 15, 8, 1, 10, 0, 5, 9], [5, 9, 10, 0, 15, 2, 8, 1, 13, 7, 6, 11, 3, 4, 12, 14]]",D,"[[10, 13, 7, 11, 14, 8, 4, 12, 6, 1, 15, 2, 0, 9, 3, 5], [8, 12, 4, 14, 11, 10, 7, 13, 3, 9, 0, 5, 15, 1, 6, 2], [3, 5, 0, 9, 1, 6, 15, 2, 10, 11, 7, 13, 4, 14, 8, 12], [6, 2, 15, 1, 9, 3, 0, 5, 8, 14, 4, 12, 7, 11, 10, 13], [1, 15, 12, 8, 10, 9, 13, 0, 14, 3, 5, 4, 2, 6, 11, 7], [9, 0, 13, 10, 8, 1, 12, 15, 11, 6, 2, 7, 5, 3, 14, 4], [11, 7, 2, 6, 3, 14, 5, 4, 1, 8, 12, 15, 13, 10, 9, 0], [14, 4, 5, 3, 6, 11, 2, 7, 9, 10, 13, 0, 12, 8, 1, 15], [7, 6, 1, 2, 5, 4, 9, 3, 15, 12, 14, 8, 11, 13, 0, 10], [0, 10, 11, 13, 12, 15, 14, 8, 7, 2, 1, 6, 9, 5, 4, 3], [4, 3, 9, 5, 2, 7, 1, 6, 0, 13, 11, 10, 14, 12, 15, 8], [15, 8, 14, 12, 13, 0, 11, 10, 4, 5, 9, 3, 1, 2, 7, 6], [2, 1, 8, 15, 0, 5, 10, 9, 12, 4, 3, 14, 6, 7, 13, 11], [12, 14, 3, 4, 7, 13, 6, 11, 5, 0, 10, 9, 8, 15, 2, 1], [13, 11, 6, 7, 4, 12, 3, 14, 2, 15, 8, 1, 10, 0, 5, 9], [5, 9, 10, 0, 15, 2, 8, 1, 13, 7, 6, 11, 3, 4, 12, 14]]","{""num_givens"": 100, ""grid_size"": 16}"
sudoku_cf4_hex_0088,sudoku_cf4_hex,counterfactual,"[[1, 6, 9, 11, 4, 8, null, 5, null, null, 14, 15, 2, 10, null, 3], [null, null, 14, null, null, null, 3, null, null, null, null, null, 9, null, 1, null], [null, 8, 5, 7, 1, null, null, null, 3, null, 2, null, null, null, 0, 13], [null, null, null, 3, null, null, null, 14, null, null, null, 6, 5, 8, null, 7], [null, null, null, 9, 7, null, null, null, null, null, null, null, null, 1, null, null], [null, null, null, 2, 13, null, 14, null, null, null, null, null, null, 12, 7, 5], [7, null, 8, 5, 11, 0, 9, null, null, null, null, null, null, 4, 13, 14], [null, null, 15, null, null, 1, 2, 10, null, null, null, null, 6, null, null, null], [null, null, null, null, 8, null, null, 3, 4, null, null, 5, null, null, 10, null], [null, 5, null, 4, null, null, 1, 11, 12, null, null, 2, null, null, null, 0], [null, null, 3, 12, 6, 14, null, null, null, null, null, null, null, null, null, null], [null, null, null, 1, null, 5, 4, null, null, null, null, 14, null, 2, null, 12], [null, null, 1, 10, 14, null, 15, 4, null, null, null, null, null, null, null, null], [9, 13, 0, 6, 5, null, null, null, 15, 14, 4, 7, null, null, null, 10], [null, null, null, 8, null, null, null, 0, null, null, 1, null, 4, 7, null, null], [null, 7, null, null, 2, 11, null, null, null, 5, null, null, null, null, null, 6]]","Solve the following hexadecimal Sudoku puzzle.
Rule change: The grid is 16×16 (instead of 9×9). The blocks are 4×4 (instead of 3×3). The valid symbols are the hexadecimal digits {0, 1, 2, 3, 4, 5, 6, 7, 8, 9, A, B, C, D, E, F}. Each row, column, and 4×4 block must contain each symbol exactly once.

Puzzle (. = empty cell):
1 6 9 B | 4 8 . 5 | . . E F | 2 A . 3
. . E . | . . 3 . | . . . . | 9 . 1 .
. 8 5 7 | 1 . . . | 3 . 2 . | . . . D
. . . 3 | . . . E | . . . 6 | 5 8 . 7
-------------------------------------
. . . 9 | 7 . . . | . . . . | . 1 . .
. . . 2 | D . E . | . . . . | . C 7 5
7 . 8 5 | B . 9 . | . . . . | . 4 D E
. . F . | . 1 2 A | . . . . | 6 . . .
-------------------------------------
. . . . | 8 . . 3 | 4 . . 5 | . . A .
. 5 . 4 | . . 1 B | C . . 2 | . . . .
. . 3 C | 6 E . . | . . . . | . . . .
. . . 1 | . 5 4 . | . . . E | . 2 . C
-------------------------------------
. . 1 A | E . F 4 | . . . . | . . . .
9 D . 6 | 5 . . . | F E 4 7 | . . . A
. . . 8 | . . . . | . . 1 . | 4 7 . .
. 7 . . | 2 B . . | . 5 . . | . . . 6

Which of the following is the correct completed solution?","[[1, 6, 9, 11, 4, 8, 7, 5, 13, 0, 14, 15, 2, 10, 12, 3], [0, 15, 14, 13, 12, 10, 3, 2, 7, 4, 5, 8, 9, 6, 1, 11], [4, 8, 5, 7, 1, 6, 11, 9, 3, 12, 2, 10, 14, 15, 0, 13], [12, 10, 2, 3, 0, 15, 13, 14, 11, 1, 9, 6, 5, 8, 4, 7], [11, 0, 6, 9, 7, 12, 5, 8, 14, 13, 15, 4, 10, 1, 3, 2], [3, 1, 10, 2, 13, 4, 14, 15, 9, 11, 6, 0, 8, 12, 7, 5], [7, 12, 8, 5, 11, 0, 9, 6, 2, 3, 10, 1, 15, 4, 13, 14], [13, 4, 15, 14, 3, 1, 2, 10, 5, 7, 8, 12, 6, 0, 11, 9], [6, 14, 13, 0, 8, 2, 12, 3, 4, 15, 7, 5, 11, 9, 10, 1], [15, 5, 7, 4, 10, 9, 1, 11, 12, 8, 3, 2, 13, 14, 6, 0], [8, 2, 3, 12, 6, 14, 0, 13, 1, 10, 11, 9, 7, 5, 15, 4], [10, 9, 11, 1, 15, 5, 4, 7, 0, 6, 13, 14, 3, 2, 8, 12], [2, 11, 1, 10, 14, 7, 15, 4, 6, 9, 0, 13, 12, 3, 5, 8], [9, 13, 0, 6, 5, 3, 8, 12, 15, 14, 4, 7, 1, 11, 2, 10], [5, 3, 12, 8, 9, 13, 6, 0, 10, 2, 1, 11, 4, 7, 14, 15], [14, 7, 4, 15, 2, 11, 10, 1, 8, 5, 12, 3, 0, 13, 9, 6]]","[[1, 6, 9, 11, 4, 8, 7, 5, 13, 0, 14, 15, 2, 10, 12, 3], [0, 15, 14, 13, 12, 10, 3, 2, 7, 4, 5, 8, 9, 6, 1, 11], [4, 8, 5, 7, 1, 6, 11, 9, 3, 12, 2, 10, 14, 15, 0, 13], [12, 10, 2, 3, 0, 15, 13, 14, 11, 1, 9, 6, 5, 8, 4, 7], [11, 0, 6, 9, 7, 12, 5, 8, 14, 13, 15, 4, 10, 1, 3, 2], [3, 1, 10, 2, 13, 4, 14, 15, 9, 11, 6, 0, 8, 12, 7, 5], [7, 12, 8, 5, 11, 0, 9, 6, 2, 3, 10, 1, 15, 4, 13, 14], [11, 4, 15, 14, 3, 1, 2, 10, 5, 7, 8, 12, 6, 0, 13, 9], [6, 14, 13, 0, 8, 2, 12, 3, 4, 15, 7, 5, 11, 9, 10, 1], [15, 5, 7, 4, 10, 9, 1, 11, 12, 8, 3, 2, 13, 14, 6, 0], [8, 2, 3, 12, 6, 14, 0, 13, 1, 10, 11, 9, 7, 5, 15, 4], [10, 9, 11, 1, 15, 5, 4, 7, 0, 6, 13, 14, 3, 2, 8, 12], [2, 11, 1, 10, 14, 7, 15, 4, 6, 9, 0, 13, 12, 3, 5, 8], [9, 13, 0, 6, 5, 3, 8, 12, 15, 14, 4, 7, 1, 11, 2, 10], [5, 3, 12, 8, 9, 13, 6, 0, 10, 2, 1, 11, 4, 7, 14, 15], [14, 7, 4, 15, 2, 11, 10, 1, 8, 5, 12, 3, 0, 13, 9, 6]]","[[1, 6, 9, 11, 4, 8, 7, 5, 13, 0, 14, 15, 2, 10, 12, 3], [0, 15, 14, 13, 12, 10, 3, 2, 7, 4, 5, 8, 9, 6, 1, 11], [4, 8, 5, 7, 1, 6, 11, 9, 3, 12, 2, 10, 14, 15, 0, 13], [12, 10, 2, 3, 0, 15, 13, 14, 11, 1, 9, 6, 5, 8, 4, 7], [11, 0, 6, 9, 7, 12, 5, 8, 14, 13, 15, 4, 10, 1, 3, 2], [3, 1, 10, 2, 13, 4, 14, 15, 9, 11, 6, 0, 8, 12, 7, 5], [7, 12, 8, 5, 11, 0, 9, 6, 2, 3, 10, 1, 15, 4, 13, 14], [13, 4, 15, 14, 3, 1, 2, 10, 5, 7, 8, 12, 6, 0, 11, 9], [6, 14, 13, 0, 8, 2, 1, 3, 4, 15, 7, 5, 11, 9, 10, 12], [15, 5, 7, 4, 10, 9, 1, 11, 12, 8, 3, 2, 13, 14, 6, 0], [8, 2, 3, 12, 6, 14, 0, 13, 1, 10, 11, 9, 7, 5, 15, 4], [10, 9, 11, 1, 15, 5, 4, 7, 0, 6, 13, 14, 3, 2, 8, 12], [2, 11, 1, 10, 14, 7, 15, 4, 6, 9, 0, 13, 12, 3, 5, 8], [9, 13, 0, 6, 5, 3, 8, 12, 15, 14, 4, 7, 1, 11, 2, 10], [5, 3, 12, 8, 9, 13, 6, 0, 10, 2, 1, 11, 4, 7, 14, 15], [14, 7, 4, 15, 2, 11, 10, 1, 8, 5, 12, 3, 0, 13, 9, 6]]","[[1, 6, 9, 11, 4, 8, 7, 5, 13, 0, 14, 15, 2, 10, 12, 3], [0, 15, 14, 13, 12, 10, 3, 2, 7, 4, 5, 8, 9, 6, 1, 11], [4, 8, 5, 7, 1, 6, 11, 9, 3, 12, 2, 10, 14, 15, 0, 13], [12, 10, 2, 3, 0, 15, 13, 14, 11, 1, 9, 6, 5, 8, 4, 7], [11, 0, 6, 9, 7, 12, 5, 8, 14, 13, 15, 4, 10, 1, 3, 2], [3, 1, 10, 2, 13, 4, 14, 15, 9, 11, 6, 0, 8, 12, 7, 5], [7, 12, 8, 5, 11, 0, 9, 6, 2, 3, 10, 1, 15, 4, 13, 14], [13, 4, 15, 14, 3, 1, 2, 10, 5, 7, 8, 12, 6, 0, 11, 9], [6, 14, 13, 0, 8, 2, 12, 3, 4, 15, 7, 5, 11, 9, 10, 1], [15, 5, 7, 4, 10, 3, 1, 11, 12, 8, 9, 2, 13, 14, 6, 0], [8, 2, 3, 12, 6, 14, 0, 13, 1, 10, 11, 9, 7, 5, 15, 4], [10, 9, 11, 1, 15, 5, 4, 7, 0, 6, 13, 14, 3, 2, 8, 12], [2, 11, 1, 10, 14, 7, 15, 4, 6, 9, 0, 13, 12, 3, 5, 8], [9, 13, 0, 6, 5, 3, 8, 12, 15, 14, 4, 7, 1, 11, 2, 10], [5, 3, 12, 8, 9, 13, 6, 0, 10, 2, 1, 11, 4, 7, 14, 15], [14, 7, 4, 15, 2, 11, 10, 1, 8, 5, 12, 3, 0, 13, 9, 6]]",A,"[[1, 6, 9, 11, 4, 8, 7, 5, 13, 0, 14, 15, 2, 10, 12, 3], [0, 15, 14, 13, 12, 10, 3, 2, 7, 4, 5, 8, 9, 6, 1, 11], [4, 8, 5, 7, 1, 6, 11, 9, 3, 12, 2, 10, 14, 15, 0, 13], [12, 10, 2, 3, 0, 15, 13, 14, 11, 1, 9, 6, 5, 8, 4, 7], [11, 0, 6, 9, 7, 12, 5, 8, 14, 13, 15, 4, 10, 1, 3, 2], [3, 1, 10, 2, 13, 4, 14, 15, 9, 11, 6, 0, 8, 12, 7, 5], [7, 12, 8, 5, 11, 0, 9, 6, 2, 3, 10, 1, 15, 4, 13, 14], [13, 4, 15, 14, 3, 1, 2, 10, 5, 7, 8, 12, 6, 0, 11, 9], [6, 14, 13, 0, 8, 2, 12, 3, 4, 15, 7, 5, 11, 9, 10, 1], [15, 5, 7, 4, 10, 9, 1, 11, 12, 8, 3, 2, 13, 14, 6, 0], [8, 2, 3, 12, 6, 14, 0, 13, 1, 10, 11, 9, 7, 5, 15, 4], [10, 9, 11, 1, 15, 5, 4, 7, 0, 6, 13, 14, 3, 2, 8, 12], [2, 11, 1, 10, 14, 7, 15, 4, 6, 9, 0, 13, 12, 3, 5, 8], [9, 13, 0, 6, 5, 3, 8, 12, 15, 14, 4, 7, 1, 11, 2, 10], [5, 3, 12, 8, 9, 13, 6, 0, 10, 2, 1, 11, 4, 7, 14, 15], [14, 7, 4, 15, 2, 11, 10, 1, 8, 5, 12, 3, 0, 13, 9, 6]]","{""num_givens"": 100, ""grid_size"": 16}"
sudoku_cf4_hex_0089,sudoku_cf4_hex,counterfactual,"[[12, null, null, null, 10, null, null, 15, 6, 1, null, null, null, 5, 7, null], [null, 7, null, 2, null, 13, null, null, null, null, null, null, null, null, null, 6], [10, 8, 15, 14, null, null, 6, 0, null, null, 7, 4, null, null, null, 9], [null, null, null, 6, 5, 7, 2, 4, 9, null, null, null, 15, null, 8, null], [null, null, null, null, null, 4, null, null, 12, 2, null, null, 13, 9, null, null], [6, null, 11, null, null, 3, null, null, null, null, null, null, 8, 14, null, 1], [2, null, null, 12, 9, 15, 10, null, null, null, 0, 8, null, 6, 4, 5], [null, 15, null, 10, 14, null, null, 8, null, 6, 4, null, null, null, 3, null], [8, 6, null, null, null, null, null, null, null, null, null, null, null, 13, 14, null], [null, 9, null, null, null, null, null, null, null, null, null, 1, null, 11, null, 4], [13, 14, null, 15, null, 6, null, null, null, null, null, null, 12, null, null, 3], [11, null, null, 4, null, null, null, 12, null, 13, 14, null, null, null, null, null], [null, 10, 9, null, null, 1, 8, 14, null, 0, 5, null, null, 4, null, 7], [null, null, null, null, null, 10, 13, null, 8, null, null, null, 6, null, 5, null], [null, null, null, null, null, 5, null, null, null, null, 12, 2, 9, 3, null, null], [null, null, 6, null, 4, 12, 7, null, 13, null, null, null, null, null, 1, null]]","Solve the following hexadecimal Sudoku puzzle.
Rule change: The grid is 16×16 (instead of 9×9). The blocks are 4×4 (instead of 3×3). The valid symbols are the hexadecimal digits {0, 1, 2, 3, 4, 5, 6, 7, 8, 9, A, B, C, D, E, F}. Each row, column, and 4×4 block must contain each symbol exactly once.

Puzzle (. = empty cell):
C . . . | A . . F | 6 1 . . | . 5 7 .
. 7 . 2 | . D . . | . . . . | . . . 6
A 8 F E | . . 6 . | . . 7 4 | . . . 9
. . . 6 | 5 7 2 4 | 9 . . . | F . 8 .
-------------------------------------
. . . . | . 4 . . | C 2 . . | D 9 . .
6 . B . | . 3 . . | . . . . | 8 E . 1
2 . . C | 9 F A . | . . . 8 | . 6 4 5
. F . A | E . . 8 | . 6 4 . | . . 3 .
-------------------------------------
8 6 . . | . . . . | . . . . | . D E .
. 9 . . | . . . . | . . . 1 | . B . 4
D E . F | . 6 . . | . . . . | C . . 3
B . . 4 | . . . C | . D E . | . . . .
-------------------------------------
. A 9 . | . 1 8 E | . . 5 . | . 4 . 7
. . . . | . A D . | 8 . . . | 6 . 5 .
. . . . | . 5 . . | . . C 2 | 9 3 . .
. . 6 . | 4 C 7 . | D . . . | . . 1 .

Which of the following is the correct completed solution?","[[12, 13, 3, 9, 10, 8, 14, 15, 6, 1, 11, 0, 4, 5, 7, 2], [5, 7, 4, 2, 12, 13, 9, 3, 14, 10, 8, 15, 0, 1, 11, 6], [10, 8, 15, 14, 1, 11, 6, 0, 2, 5, 7, 4, 3, 12, 13, 9], [1, 11, 0, 6, 5, 7, 2, 4, 9, 12, 13, 3, 15, 10, 8, 14], [14, 0, 8, 1, 6, 4, 5, 11, 12, 2, 3, 7, 13, 9, 15, 10], [6, 4, 11, 5, 2, 3, 12, 7, 10, 9, 15, 13, 8, 14, 0, 1], [2, 3, 7, 12, 9, 15, 10, 13, 1, 14, 0, 8, 11, 6, 4, 5], [9, 15, 13, 10, 14, 0, 1, 8, 5, 6, 4, 11, 7, 2, 3, 12], [8, 6, 1, 0, 11, 2, 4, 5, 3, 7, 9, 12, 10, 13, 14, 15], [7, 9, 12, 3, 13, 14, 15, 10, 0, 8, 6, 1, 5, 11, 2, 4], [13, 14, 10, 15, 8, 6, 0, 1, 4, 11, 2, 5, 12, 7, 9, 3], [11, 2, 5, 4, 7, 9, 8, 12, 15, 13, 14, 10, 1, 3, 6, 0], [3, 10, 9, 13, 15, 1, 8, 14, 11, 0, 5, 6, 2, 4, 12, 7], [4, 12, 2, 7, 3, 10, 13, 9, 8, 15, 1, 14, 6, 0, 5, 11], [15, 1, 14, 8, 0, 5, 11, 6, 7, 4, 12, 2, 9, 3, 10, 13], [0, 5, 6, 11, 4, 12, 7, 2, 13, 3, 10, 9, 14, 15, 1, 8]]","[[12, 13, 3, 9, 10, 8, 14, 15, 6, 1, 11, 0, 4, 5, 7, 2], [5, 7, 4, 2, 12, 13, 9, 3, 14, 10, 8, 15, 0, 1, 11, 6], [10, 8, 15, 14, 1, 11, 6, 0, 2, 5, 7, 4, 3, 12, 13, 9], [1, 11, 0, 6, 5, 7, 2, 4, 9, 12, 13, 3, 15, 10, 8, 14], [14, 0, 8, 1, 6, 4, 5, 11, 12, 2, 3, 7, 13, 9, 15, 10], [6, 4, 11, 5, 2, 3, 12, 7, 10, 9, 15, 13, 8, 14, 0, 1], [2, 3, 7, 12, 9, 15, 10, 13, 1, 14, 0, 8, 11, 6, 4, 5], [9, 15, 13, 10, 14, 0, 1, 8, 5, 6, 4, 11, 7, 2, 3, 12], [8, 6, 1, 0, 11, 2, 4, 5, 3, 7, 9, 12, 10, 13, 14, 15], [7, 9, 12, 3, 13, 14, 15, 10, 0, 8, 6, 1, 5, 11, 2, 4], [13, 14, 10, 15, 8, 6, 0, 1, 4, 11, 2, 5, 12, 7, 9, 3], [11, 0, 5, 4, 7, 9, 3, 12, 15, 13, 14, 10, 1, 8, 6, 2], [3, 10, 9, 13, 15, 1, 8, 14, 11, 0, 5, 6, 2, 4, 12, 7], [4, 12, 2, 7, 3, 10, 13, 9, 8, 15, 1, 14, 6, 0, 5, 11], [15, 1, 14, 8, 0, 5, 11, 6, 7, 4, 12, 2, 9, 3, 10, 13], [0, 5, 6, 11, 4, 12, 7, 2, 13, 3, 10, 9, 14, 15, 1, 8]]","[[12, 13, 3, 9, 10, 8, 14, 15, 6, 1, 11, 0, 4, 5, 7, 2], [5, 7, 4, 2, 12, 13, 9, 3, 14, 10, 8, 15, 0, 1, 11, 6], [10, 8, 15, 14, 1, 11, 6, 0, 2, 5, 7, 4, 3, 12, 13, 9], [1, 11, 0, 6, 5, 7, 2, 4, 9, 12, 13, 3, 15, 10, 8, 14], [14, 0, 8, 1, 6, 4, 5, 11, 12, 2, 3, 7, 13, 9, 15, 10], [6, 4, 11, 5, 2, 3, 12, 7, 10, 9, 15, 13, 8, 14, 0, 1], [2, 3, 7, 12, 9, 15, 10, 13, 1, 14, 0, 8, 11, 6, 4, 5], [9, 15, 13, 10, 14, 0, 1, 8, 5, 6, 4, 11, 7, 2, 3, 12], [8, 6, 1, 0, 11, 2, 4, 5, 3, 7, 9, 12, 10, 13, 14, 15], [7, 9, 12, 3, 13, 14, 15, 10, 0, 8, 6, 1, 5, 11, 2, 4], [13, 14, 10, 15, 8, 6, 0, 1, 4, 11, 2, 5, 12, 7, 9, 3], [11, 2, 5, 4, 7, 9, 3, 12, 15, 13, 14, 10, 1, 8, 6, 0], [3, 10, 9, 13, 12, 1, 8, 14, 11, 0, 5, 6, 2, 4, 15, 7], [4, 12, 2, 7, 3, 10, 13, 9, 8, 15, 1, 14, 6, 0, 5, 11], [15, 1, 14, 8, 0, 5, 11, 6, 7, 4, 12, 2, 9, 3, 10, 13], [0, 5, 6, 11, 4, 12, 7, 2, 13, 3, 10, 9, 14, 15, 1, 8]]","[[12, 13, 3, 9, 10, 8, 14, 15, 6, 1, 11, 0, 4, 5, 7, 2], [5, 7, 4, 2, 12, 13, 9, 3, 14, 10, 8, 15, 0, 1, 11, 6], [10, 8, 15, 14, 1, 11, 6, 0, 2, 5, 7, 4, 3, 12, 13, 9], [1, 11, 0, 6, 5, 7, 2, 4, 9, 12, 13, 3, 15, 10, 8, 14], [14, 0, 8, 1, 6, 4, 5, 11, 12, 2, 3, 7, 13, 9, 15, 10], [6, 4, 11, 5, 2, 3, 12, 7, 10, 9, 15, 13, 8, 14, 0, 1], [2, 3, 7, 12, 9, 15, 10, 13, 1, 14, 0, 8, 11, 6, 4, 5], [9, 15, 13, 10, 14, 0, 1, 8, 5, 6, 4, 11, 7, 2, 3, 12], [8, 6, 1, 0, 11, 2, 4, 5, 3, 7, 9, 12, 10, 13, 14, 15], [7, 9, 12, 3, 13, 14, 15, 10, 0, 8, 6, 1, 5, 11, 2, 4], [13, 14, 10, 15, 8, 6, 0, 1, 4, 11, 2, 5, 12, 7, 9, 3], [11, 2, 5, 4, 7, 9, 3, 12, 15, 13, 14, 10, 1, 8, 6, 0], [3, 10, 9, 13, 15, 1, 8, 14, 11, 0, 5, 6, 2, 4, 12, 7], [4, 12, 2, 7, 3, 10, 13, 9, 8, 15, 1, 14, 6, 0, 5, 11], [15, 1, 14, 8, 0, 5, 11, 6, 7, 4, 12, 2, 9, 3, 10, 13], [0, 5, 6, 11, 4, 12, 7, 2, 13, 3, 10, 9, 14, 15, 1, 8]]",D,"[[12, 13, 3, 9, 10, 8, 14, 15, 6, 1, 11, 0, 4, 5, 7, 2], [5, 7, 4, 2, 12, 13, 9, 3, 14, 10, 8, 15, 0, 1, 11, 6], [10, 8, 15, 14, 1, 11, 6, 0, 2, 5, 7, 4, 3, 12, 13, 9], [1, 11, 0, 6, 5, 7, 2, 4, 9, 12, 13, 3, 15, 10, 8, 14], [14, 0, 8, 1, 6, 4, 5, 11, 12, 2, 3, 7, 13, 9, 15, 10], [6, 4, 11, 5, 2, 3, 12, 7, 10, 9, 15, 13, 8, 14, 0, 1], [2, 3, 7, 12, 9, 15, 10, 13, 1, 14, 0, 8, 11, 6, 4, 5], [9, 15, 13, 10, 14, 0, 1, 8, 5, 6, 4, 11, 7, 2, 3, 12], [8, 6, 1, 0, 11, 2, 4, 5, 3, 7, 9, 12, 10, 13, 14, 15], [7, 9, 12, 3, 13, 14, 15, 10, 0, 8, 6, 1, 5, 11, 2, 4], [13, 14, 10, 15, 8, 6, 0, 1, 4, 11, 2, 5, 12, 7, 9, 3], [11, 2, 5, 4, 7, 9, 3, 12, 15, 13, 14, 10, 1, 8, 6, 0], [3, 10, 9, 13, 15, 1, 8, 14, 11, 0, 5, 6, 2, 4, 12, 7], [4, 12, 2, 7, 3, 10, 13, 9, 8, 15, 1, 14, 6, 0, 5, 11], [15, 1, 14, 8, 0, 5, 11, 6, 7, 4, 12, 2, 9, 3, 10, 13], [0, 5, 6, 11, 4, 12, 7, 2, 13, 3, 10, 9, 14, 15, 1, 8]]","{""num_givens"": 100, ""grid_size"": 16}"
sudoku_cf4_hex_0090,sudoku_cf4_hex,counterfactual,"[[13, null, null, 14, 15, null, null, 7, null, null, 0, 4, 5, null, null, 10], [3, 7, null, null, null, null, null, 12, null, null, null, null, 4, null, null, null], [null, null, 10, 8, null, 4, null, 2, null, null, null, 13, 3, null, null, null], [null, null, null, null, 10, 5, 8, null, null, 1, null, 3, null, null, null, null], [1, null, null, null, 2, 14, null, 6, null, null, null, null, 9, null, null, null], [null, 6, 2, null, null, 1, 5, null, null, null, 7, null, 8, null, null, null], [8, null, null, 13, null, null, null, null, null, 4, null, null, null, null, 5, null], [null, null, null, null, null, null, 13, null, null, 5, null, null, 14, 6, null, 2], [null, null, 3, 15, null, null, 6, 8, 1, 10, 5, null, 2, null, 0, null], [null, null, 13, 6, 3, 7, null, null, 14, null, null, 2, 11, 1, null, null], [11, null, null, 10, 4, null, null, null, 8, null, 13, 12, null, 9, null, null], [2, 14, null, null, null, 11, null, null, 9, null, null, 7, 12, null, null, 13], [null, null, null, null, 9, 0, 7, 4, null, null, null, null, 15, null, null, null], [0, 4, 9, null, null, null, 12, null, null, null, 1, null, 6, 13, 2, 14], [6, null, null, 2, null, null, 11, null, 4, null, 9, null, 10, null, null, 8], [null, null, null, null, 14, null, 2, null, null, null, null, null, 0, 4, 7, null]]","Solve the following hexadecimal Sudoku puzzle.
Rule change: The grid is 16×16 (instead of 9×9). The blocks are 4×4 (instead of 3×3). The valid symbols are the hexadecimal digits {0, 1, 2, 3, 4, 5, 6, 7, 8, 9, A, B, C, D, E, F}. Each row, column, and 4×4 block must contain each symbol exactly once.

Puzzle (. = empty cell):
D . . E | F . . 7 | . . . 4 | 5 . . A
3 7 . . | . . . C | . . . . | 4 . . .
. . A 8 | . 4 . 2 | . . . D | 3 . . .
. . . . | A 5 8 . | . 1 . 3 | . . . .
-------------------------------------
1 . . . | 2 E . 6 | . . . . | 9 . . .
. 6 2 . | . 1 5 . | . . 7 . | 8 . . .
8 . . D | . . . . | . 4 . . | . . 5 .
. . . . | . . D . | . 5 . . | E 6 . 2
-------------------------------------
. . 3 F | . . 6 8 | 1 A 5 . | 2 . . .
. . D 6 | 3 7 . . | E . . 2 | B 1 . .
B . . A | 4 . . . | 8 . D C | . 9 . .
2 E . . | . B . . | 9 . . 7 | C . . D
-------------------------------------
. . . . | 9 . 7 4 | . . . . | F . . .
. 4 9 . | . . C . | . . 1 . | 6 D 2 E
6 . . 2 | . . B . | 4 . 9 . | A . . 8
. . . . | E . 2 . | . . . . | . 4 7 .

Which of the following is the correct completed solution?","[[13, 12, 6, 14, 15, 3, 1, 7, 2, 9, 0, 4, 5, 11, 8, 10], [3, 7, 15, 1, 6, 13, 14, 12, 11, 8, 10, 5, 4, 2, 9, 0], [5, 11, 10, 8, 0, 4, 9, 2, 12, 14, 6, 13, 3, 7, 1, 15], [4, 2, 0, 9, 10, 5, 8, 11, 7, 1, 15, 3, 13, 12, 14, 6], [1, 15, 11, 5, 2, 14, 4, 6, 10, 13, 12, 8, 9, 0, 3, 7], [14, 6, 2, 4, 11, 1, 5, 15, 0, 3, 7, 9, 8, 10, 13, 12], [8, 10, 12, 13, 7, 9, 3, 0, 6, 4, 2, 14, 1, 15, 5, 11], [9, 0, 7, 3, 12, 8, 13, 10, 15, 5, 11, 1, 14, 6, 4, 2], [7, 9, 3, 15, 13, 12, 6, 8, 1, 10, 5, 11, 2, 14, 0, 4], [15, 8, 13, 6, 3, 7, 12, 9, 14, 0, 4, 2, 11, 1, 10, 5], [11, 1, 5, 10, 4, 2, 0, 14, 8, 6, 13, 12, 7, 9, 15, 3], [2, 14, 4, 0, 5, 11, 10, 1, 9, 15, 3, 7, 12, 8, 6, 13], [10, 5, 8, 12, 9, 0, 7, 4, 13, 2, 14, 6, 15, 3, 11, 1], [0, 4, 9, 7, 8, 10, 12, 5, 3, 11, 1, 15, 6, 13, 2, 14], [6, 13, 14, 2, 1, 15, 11, 3, 4, 7, 9, 0, 10, 5, 12, 8], [15, 3, 1, 11, 14, 6, 2, 13, 5, 12, 8, 10, 0, 4, 7, 9]]","[[13, 12, 6, 14, 15, 3, 1, 7, 2, 9, 0, 4, 5, 11, 8, 10], [3, 7, 15, 1, 6, 13, 14, 12, 11, 8, 10, 5, 4, 2, 9, 0], [5, 11, 10, 8, 0, 4, 9, 2, 12, 14, 6, 13, 3, 7, 1, 15], [4, 2, 0, 9, 10, 5, 8, 11, 7, 1, 15, 3, 13, 12, 14, 6], [1, 15, 11, 5, 2, 14, 4, 6, 10, 13, 12, 8, 9, 0, 3, 7], [14, 6, 2, 4, 11, 1, 5, 15, 0, 3, 7, 9, 8, 10, 13, 12], [8, 10, 12, 13, 7, 9, 3, 0, 6, 4, 2, 14, 1, 15, 5, 11], [9, 0, 7, 3, 12, 8, 13, 10, 15, 5, 11, 1, 14, 6, 4, 2], [7, 13, 3, 15, 9, 12, 6, 8, 1, 10, 5, 11, 2, 14, 0, 4], [12, 8, 13, 6, 3, 7, 15, 9, 14, 0, 4, 2, 11, 1, 10, 5], [11, 1, 5, 10, 4, 2, 0, 14, 8, 6, 13, 12, 7, 9, 15, 3], [2, 14, 4, 0, 5, 11, 10, 1, 9, 15, 3, 7, 12, 8, 6, 13], [10, 5, 8, 12, 9, 0, 7, 4, 13, 2, 14, 6, 15, 3, 11, 1], [0, 4, 9, 7, 8, 10, 12, 5, 3, 11, 1, 15, 6, 13, 2, 14], [6, 13, 14, 2, 1, 15, 11, 3, 4, 7, 9, 0, 10, 5, 12, 8], [15, 3, 1, 11, 14, 6, 2, 13, 5, 12, 8, 10, 0, 4, 7, 9]]","[[13, 12, 6, 14, 15, 3, 1, 7, 2, 9, 0, 4, 5, 11, 8, 10], [3, 7, 15, 1, 6, 13, 14, 12, 11, 8, 10, 5, 4, 2, 9, 0], [5, 11, 10, 8, 0, 4, 9, 2, 12, 14, 6, 13, 3, 7, 1, 15], [4, 2, 0, 9, 10, 5, 8, 11, 7, 1, 15, 3, 13, 12, 14, 6], [1, 15, 11, 5, 2, 14, 4, 6, 10, 13, 12, 8, 9, 0, 3, 7], [14, 6, 2, 4, 11, 1, 5, 15, 0, 3, 7, 9, 8, 10, 13, 12], [8, 10, 12, 13, 7, 9, 3, 0, 6, 4, 2, 14, 1, 15, 5, 11], [9, 0, 7, 3, 12, 8, 13, 10, 15, 5, 11, 1, 14, 6, 4, 2], [7, 9, 3, 15, 13, 12, 6, 8, 1, 10, 5, 11, 2, 14, 0, 4], [12, 8, 13, 6, 3, 7, 15, 9, 14, 0, 4, 2, 11, 1, 10, 5], [11, 1, 5, 10, 4, 2, 0, 14, 8, 6, 13, 12, 7, 9, 15, 3], [2, 14, 4, 0, 5, 11, 10, 1, 9, 15, 3, 7, 12, 8, 6, 13], [10, 5, 8, 12, 9, 0, 7, 4, 13, 2, 14, 6, 15, 3, 11, 1], [0, 4, 9, 7, 8, 10, 12, 5, 3, 11, 1, 15, 6, 13, 2, 14], [6, 13, 14, 2, 1, 15, 11, 3, 4, 7, 9, 0, 10, 5, 12, 8], [15, 3, 1, 11, 14, 6, 2, 13, 5, 12, 8, 10, 0, 4, 7, 9]]","[[13, 12, 6, 14, 15, 3, 1, 7, 2, 9, 0, 4, 5, 11, 8, 10], [3, 7, 15, 1, 6, 13, 14, 12, 9, 8, 10, 5, 4, 2, 11, 0], [5, 11, 10, 8, 0, 4, 9, 2, 12, 14, 6, 13, 3, 7, 1, 15], [4, 2, 0, 9, 10, 5, 8, 11, 7, 1, 15, 3, 13, 12, 14, 6], [1, 15, 11, 5, 2, 14, 4, 6, 10, 13, 12, 8, 9, 0, 3, 7], [14, 6, 2, 4, 11, 1, 5, 15, 0, 3, 7, 9, 8, 10, 13, 12], [8, 10, 12, 13, 7, 9, 3, 0, 6, 4, 2, 14, 1, 15, 5, 11], [9, 0, 7, 3, 12, 8, 13, 10, 15, 5, 11, 1, 14, 6, 4, 2], [7, 9, 3, 15, 13, 12, 6, 8, 1, 10, 5, 11, 2, 14, 0, 4], [12, 8, 13, 6, 3, 7, 15, 9, 14, 0, 4, 2, 11, 1, 10, 5], [11, 1, 5, 10, 4, 2, 0, 14, 8, 6, 13, 12, 7, 9, 15, 3], [2, 14, 4, 0, 5, 11, 10, 1, 9, 15, 3, 7, 12, 8, 6, 13], [10, 5, 8, 12, 9, 0, 7, 4, 13, 2, 14, 6, 15, 3, 11, 1], [0, 4, 9, 7, 8, 10, 12, 5, 3, 11, 1, 15, 6, 13, 2, 14], [6, 13, 14, 2, 1, 15, 11, 3, 4, 7, 9, 0, 10, 5, 12, 8], [15, 3, 1, 11, 14, 6, 2, 13, 5, 12, 8, 10, 0, 4, 7, 9]]",C,"[[13, 12, 6, 14, 15, 3, 1, 7, 2, 9, 0, 4, 5, 11, 8, 10], [3, 7, 15, 1, 6, 13, 14, 12, 11, 8, 10, 5, 4, 2, 9, 0], [5, 11, 10, 8, 0, 4, 9, 2, 12, 14, 6, 13, 3, 7, 1, 15], [4, 2, 0, 9, 10, 5, 8, 11, 7, 1, 15, 3, 13, 12, 14, 6], [1, 15, 11, 5, 2, 14, 4, 6, 10, 13, 12, 8, 9, 0, 3, 7], [14, 6, 2, 4, 11, 1, 5, 15, 0, 3, 7, 9, 8, 10, 13, 12], [8, 10, 12, 13, 7, 9, 3, 0, 6, 4, 2, 14, 1, 15, 5, 11], [9, 0, 7, 3, 12, 8, 13, 10, 15, 5, 11, 1, 14, 6, 4, 2], [7, 9, 3, 15, 13, 12, 6, 8, 1, 10, 5, 11, 2, 14, 0, 4], [12, 8, 13, 6, 3, 7, 15, 9, 14, 0, 4, 2, 11, 1, 10, 5], [11, 1, 5, 10, 4, 2, 0, 14, 8, 6, 13, 12, 7, 9, 15, 3], [2, 14, 4, 0, 5, 11, 10, 1, 9, 15, 3, 7, 12, 8, 6, 13], [10, 5, 8, 12, 9, 0, 7, 4, 13, 2, 14, 6, 15, 3, 11, 1], [0, 4, 9, 7, 8, 10, 12, 5, 3, 11, 1, 15, 6, 13, 2, 14], [6, 13, 14, 2, 1, 15, 11, 3, 4, 7, 9, 0, 10, 5, 12, 8], [15, 3, 1, 11, 14, 6, 2, 13, 5, 12, 8, 10, 0, 4, 7, 9]]","{""num_givens"": 100, ""grid_size"": 16}"
sudoku_cf4_hex_0091,sudoku_cf4_hex,counterfactual,"[[null, null, null, 5, null, null, null, null, 4, null, 10, 0, 9, 3, null, null], [7, null, null, 1, null, null, null, 14, null, 6, 2, null, null, 4, null, null], [2, null, null, null, null, null, null, 10, null, null, null, 11, null, null, null, null], [10, null, 0, null, null, 6, null, 2, 15, 1, 7, null, 11, null, 14, null], [null, null, null, 4, null, null, 1, 12, null, null, null, null, null, null, 9, 13], [12, 1, 2, 3, 10, null, 5, 11, null, null, 9, 14, null, null, 0, null], [null, null, null, null, 7, null, 8, null, null, 4, null, 10, null, null, null, null], [0, 8, 7, null, 14, 13, null, null, null, null, 12, 2, 10, 5, null, null], [null, null, 15, null, 13, null, 14, null, 2, 9, null, null, null, null, null, null], [null, null, null, null, null, null, null, null, null, null, 5, 4, null, 2, 1, null], [1, 2, null, null, 4, 0, 10, null, 14, null, null, null, 15, 7, 8, null], [5, null, null, 0, 3, 9, 2, null, null, 12, 8, null, null, 14, null, null], [null, null, null, 7, 6, null, null, null, 12, null, null, null, 5, null, 13, null], [null, null, null, null, null, 10, null, 13, null, null, null, null, 8, 0, 4, null], [3, null, null, null, null, null, 0, null, null, null, 13, 5, null, 12, 15, null], [null, 11, null, 10, null, null, 12, null, 0, null, 4, null, null, null, null, 14]]","Solve the following hexadecimal Sudoku puzzle.
Rule change: The grid is 16×16 (instead of 9×9). The blocks are 4×4 (instead of 3×3). The valid symbols are the hexadecimal digits {0, 1, 2, 3, 4, 5, 6, 7, 8, 9, A, B, C, D, E, F}. Each row, column, and 4×4 block must contain each symbol exactly once.

Puzzle (. = empty cell):
. . . 5 | . . . . | 4 . A . | 9 3 . .
7 . . 1 | . . . E | . 6 2 . | . 4 . .
2 . . . | . . . A | . . . B | . . . .
A . . . | . 6 . 2 | F 1 7 . | B . E .
-------------------------------------
. . . 4 | . . 1 C | . . . . | . . 9 D
C 1 2 3 | A . 5 B | . . 9 E | . . . .
. . . . | 7 . 8 . | . 4 . A | . . . .
. 8 7 . | E D . . | . . C 2 | A 5 . .
-------------------------------------
. . F . | D . E . | 2 9 . . | . . . .
. . . . | . . . . | . . 5 4 | . 2 1 .
1 2 . . | 4 . A . | E . . . | F 7 8 .
5 . . . | 3 9 2 . | . C 8 . | . E . .
-------------------------------------
. . . 7 | 6 . . . | C . . . | 5 . D .
. . . . | . A . D | . . . . | 8 . 4 .
3 . . . | . . . . | . . D 5 | . C F .
. B . A | . . C . | . . 4 . | . . . E

Which of the following is the correct completed solution?","[[14, 13, 11, 5, 12, 1, 15, 7, 4, 8, 10, 0, 9, 3, 2, 6], [7, 15, 12, 1, 11, 5, 13, 14, 3, 6, 2, 9, 0, 4, 10, 8], [2, 3, 9, 6, 0, 8, 4, 10, 13, 5, 14, 11, 12, 15, 7, 1], [10, 4, 0, 8, 9, 6, 3, 2, 15, 1, 7, 12, 11, 13, 14, 5], [11, 5, 10, 4, 2, 3, 1, 12, 8, 15, 0, 7, 14, 6, 9, 13], [12, 1, 2, 3, 10, 4, 5, 11, 6, 13, 9, 14, 7, 8, 0, 15], [9, 6, 14, 13, 7, 15, 8, 0, 5, 4, 11, 10, 2, 1, 12, 3], [0, 8, 7, 15, 14, 13, 6, 9, 1, 3, 12, 2, 10, 5, 11, 4], [8, 7, 15, 12, 13, 11, 14, 6, 2, 9, 1, 3, 4, 10, 5, 0], [6, 14, 13, 11, 15, 12, 7, 8, 10, 0, 5, 4, 3, 2, 1, 9], [1, 2, 3, 9, 4, 0, 10, 5, 14, 11, 12, 13, 15, 7, 8, 6], [5, 10, 4, 0, 3, 9, 2, 1, 7, 12, 8, 15, 13, 14, 6, 11], [4, 0, 8, 7, 6, 14, 9, 3, 12, 2, 15, 1, 5, 11, 13, 10], [15, 12, 1, 2, 5, 10, 11, 13, 9, 14, 3, 6, 8, 0, 4, 7], [3, 9, 6, 14, 8, 7, 0, 4, 11, 10, 13, 5, 1, 12, 15, 2], [13, 11, 5, 10, 1, 2, 12, 15, 0, 7, 4, 8, 6, 9, 3, 14]]","[[14, 13, 11, 5, 12, 1, 15, 7, 4, 8, 10, 0, 9, 3, 2, 6], [7, 15, 12, 1, 11, 5, 13, 14, 3, 6, 2, 9, 0, 4, 10, 8], [2, 3, 9, 6, 0, 8, 4, 10, 13, 5, 14, 11, 12, 15, 7, 1], [10, 4, 0, 8, 9, 6, 3, 2, 15, 1, 7, 12, 11, 13, 14, 5], [11, 5, 10, 4, 2, 3, 1, 12, 8, 15, 0, 7, 14, 6, 9, 13], [12, 1, 2, 3, 10, 4, 5, 11, 6, 13, 9, 14, 7, 8, 0, 15], [9, 6, 14, 13, 7, 15, 8, 0, 5, 4, 11, 10, 2, 1, 12, 3], [0, 8, 7, 15, 14, 13, 6, 9, 1, 3, 12, 2, 10, 5, 11, 4], [8, 7, 15, 12, 13, 11, 14, 6, 2, 9, 1, 3, 4, 10, 5, 0], [6, 14, 13, 11, 15, 12, 7, 8, 10, 0, 5, 4, 3, 2, 1, 9], [1, 2, 3, 9, 4, 0, 10, 5, 14, 11, 6, 13, 15, 7, 8, 12], [5, 10, 4, 0, 3, 9, 2, 1, 7, 12, 8, 15, 13, 14, 6, 11], [4, 0, 8, 7, 6, 14, 9, 3, 12, 2, 15, 1, 5, 11, 13, 10], [15, 12, 1, 2, 5, 10, 11, 13, 9, 14, 3, 6, 8, 0, 4, 7], [3, 9, 6, 1, 8, 7, 0, 4, 11, 10, 13, 5, 14, 12, 15, 2], [13, 11, 5, 10, 1, 2, 12, 15, 0, 7, 4, 8, 6, 9, 3, 14]]","[[14, 13, 11, 5, 12, 1, 15, 7, 4, 8, 10, 0, 9, 3, 2, 6], [7, 15, 12, 1, 11, 5, 13, 14, 3, 6, 2, 9, 0, 4, 10, 8], [2, 3, 9, 6, 0, 8, 4, 10, 13, 5, 14, 11, 12, 15, 7, 1], [10, 4, 0, 8, 9, 6, 3, 2, 15, 1, 7, 12, 11, 13, 14, 5], [11, 5, 10, 4, 2, 3, 1, 12, 8, 15, 0, 7, 14, 6, 9, 13], [12, 1, 2, 3, 10, 4, 5, 11, 6, 13, 9, 14, 7, 8, 0, 15], [9, 6, 14, 13, 7, 15, 8, 0, 5, 4, 11, 10, 2, 1, 12, 3], [0, 8, 7, 15, 14, 13, 6, 9, 1, 3, 12, 2, 10, 5, 11, 4], [8, 7, 15, 12, 13, 11, 14, 6, 2, 9, 1, 3, 4, 10, 5, 0], [6, 14, 13, 11, 15, 12, 7, 8, 10, 0, 5, 4, 3, 2, 1, 9], [1, 2, 3, 9, 4, 0, 10, 5, 14, 11, 6, 13, 15, 7, 8, 12], [5, 10, 4, 0, 3, 9, 2, 1, 7, 12, 8, 15, 13, 14, 6, 11], [4, 0, 8, 7, 6, 14, 9, 3, 12, 2, 15, 1, 5, 11, 13, 10], [15, 12, 1, 2, 5, 10, 11, 13, 9, 14, 3, 6, 8, 0, 4, 7], [3, 9, 6, 14, 8, 7, 0, 4, 11, 10, 13, 5, 1, 12, 15, 2], [13, 11, 5, 10, 1, 2, 12, 15, 0, 7, 4, 8, 6, 9, 3, 14]]","[[14, 13, 11, 5, 12, 1, 15, 7, 4, 8, 10, 0, 9, 3, 2, 6], [7, 15, 12, 1, 11, 5, 13, 14, 3, 6, 2, 9, 0, 4, 10, 8], [2, 3, 9, 6, 0, 8, 4, 10, 13, 5, 14, 11, 12, 15, 7, 1], [10, 4, 0, 8, 9, 6, 3, 2, 15, 1, 7, 12, 11, 13, 14, 5], [11, 5, 10, 4, 2, 3, 1, 12, 8, 15, 0, 7, 14, 6, 9, 13], [12, 1, 2, 3, 10, 4, 5, 11, 6, 13, 9, 14, 7, 8, 0, 15], [9, 6, 14, 13, 7, 15, 8, 0, 5, 4, 11, 10, 2, 1, 12, 3], [0, 8, 7, 15, 14, 13, 6, 9, 1, 3, 12, 2, 10, 5, 11, 4], [8, 7, 15, 12, 13, 11, 14, 6, 2, 9, 1, 3, 4, 10, 5, 0], [6, 14, 13, 11, 15, 12, 7, 8, 10, 0, 5, 4, 3, 2, 1, 9], [1, 2, 3, 9, 4, 0, 10, 5, 14, 11, 6, 13, 15, 7, 8, 12], [5, 10, 4, 0, 3, 9, 2, 1, 7, 12, 8, 15, 13, 14, 6, 11], [4, 0, 8, 7, 6, 14, 9, 3, 12, 2, 15, 1, 5, 11, 13, 10], [15, 12, 5, 2, 1, 10, 11, 13, 9, 14, 3, 6, 8, 0, 4, 7], [3, 9, 6, 14, 8, 7, 0, 4, 11, 10, 13, 5, 1, 12, 15, 2], [13, 11, 5, 10, 1, 2, 12, 15, 0, 7, 4, 8, 6, 9, 3, 14]]",C,"[[14, 13, 11, 5, 12, 1, 15, 7, 4, 8, 10, 0, 9, 3, 2, 6], [7, 15, 12, 1, 11, 5, 13, 14, 3, 6, 2, 9, 0, 4, 10, 8], [2, 3, 9, 6, 0, 8, 4, 10, 13, 5, 14, 11, 12, 15, 7, 1], [10, 4, 0, 8, 9, 6, 3, 2, 15, 1, 7, 12, 11, 13, 14, 5], [11, 5, 10, 4, 2, 3, 1, 12, 8, 15, 0, 7, 14, 6, 9, 13], [12, 1, 2, 3, 10, 4, 5, 11, 6, 13, 9, 14, 7, 8, 0, 15], [9, 6, 14, 13, 7, 15, 8, 0, 5, 4, 11, 10, 2, 1, 12, 3], [0, 8, 7, 15, 14, 13, 6, 9, 1, 3, 12, 2, 10, 5, 11, 4], [8, 7, 15, 12, 13, 11, 14, 6, 2, 9, 1, 3, 4, 10, 5, 0], [6, 14, 13, 11, 15, 12, 7, 8, 10, 0, 5, 4, 3, 2, 1, 9], [1, 2, 3, 9, 4, 0, 10, 5, 14, 11, 6, 13, 15, 7, 8, 12], [5, 10, 4, 0, 3, 9, 2, 1, 7, 12, 8, 15, 13, 14, 6, 11], [4, 0, 8, 7, 6, 14, 9, 3, 12, 2, 15, 1, 5, 11, 13, 10], [15, 12, 1, 2, 5, 10, 11, 13, 9, 14, 3, 6, 8, 0, 4, 7], [3, 9, 6, 14, 8, 7, 0, 4, 11, 10, 13, 5, 1, 12, 15, 2], [13, 11, 5, 10, 1, 2, 12, 15, 0, 7, 4, 8, 6, 9, 3, 14]]","{""num_givens"": 100, ""grid_size"": 16}"
sudoku_cf4_hex_0092,sudoku_cf4_hex,counterfactual,"[[14, null, null, null, null, null, 11, null, null, null, null, 10, null, null, null, null], [9, 13, null, null, null, 7, null, 10, null, null, null, null, null, 14, null, null], [1, null, 11, null, 9, null, 0, null, 14, null, null, null, null, 2, 7, null], [null, null, 4, null, null, 6, 5, 12, null, null, 8, 13, null, 1, null, 3], [7, 4, 13, 9, null, 2, 10, null, null, 3, 1, null, 12, null, null, null], [null, 0, 3, null, null, 9, null, 4, null, null, null, 11, 10, null, null, 5], [6, 5, null, null, null, null, 12, null, null, null, null, null, null, null, null, null], [15, null, null, null, null, 1, null, 0, 6, null, null, 5, 13, 7, null, null], [null, null, null, null, 10, null, 9, null, 3, 14, null, null, 2, null, null, null], [null, 15, 14, null, 13, 0, 1, null, null, null, null, 6, 9, null, null, null], [null, null, 9, 4, 12, 5, null, null, null, null, null, null, null, null, 11, 15], [null, null, null, null, null, 11, null, null, 10, null, 4, null, 1, null, 0, null], [11, 14, 6, null, 0, null, null, 1, 5, null, 10, null, null, 4, null, 9], [0, null, null, 3, null, 13, 8, null, null, 6, null, null, 7, 5, null, null], [null, 9, null, null, 5, 10, null, 2, null, null, 3, 1, null, null, null, null], [null, null, null, 10, null, 12, 6, null, null, 8, 13, null, 15, null, null, null]]","Solve the following hexadecimal Sudoku puzzle.
Rule change: The grid is 16×16 (instead of 9×9). The blocks are 4×4 (instead of 3×3). The valid symbols are the hexadecimal digits {0, 1, 2, 3, 4, 5, 6, 7, 8, 9, A, B, C, D, E, F}. Each row, column, and 4×4 block must contain each symbol exactly once.

Puzzle (. = empty cell):
E . . . | . . B . | . . . A | . . . .
9 D . . | . 7 . A | . . . . | . E . .
1 . B . | 9 . . . | E . . . | . 2 7 .
. . 4 . | . 6 5 C | . . 8 D | . 1 . 3
-------------------------------------
7 4 D 9 | . 2 A . | . 3 1 . | C . . .
. . 3 . | . 9 . 4 | . . . B | A . . 5
6 5 . . | . . C . | . . . . | . . . .
F . . . | . 1 . . | 6 . . 5 | D 7 . .
-------------------------------------
. . . . | A . 9 . | 3 E . . | 2 . . .
. F E . | D . 1 . | . . . 6 | 9 . . .
. . 9 4 | C 5 . . | . . . . | . . B F
. . . . | . B . . | A . 4 . | 1 . . .
-------------------------------------
B E 6 . | . . . 1 | 5 . A . | . 4 . 9
. . . 3 | . D 8 . | . 6 . . | 7 5 . .
. 9 . . | 5 A . 2 | . . 3 1 | . . . .
. . . A | . C 6 . | . 8 D . | F . . .

Which of the following is the correct completed solution?","[[14, 12, 5, 6, 1, 15, 11, 3, 2, 4, 7, 10, 0, 9, 8, 13], [9, 13, 0, 8, 2, 7, 4, 10, 1, 11, 15, 3, 5, 14, 6, 12], [1, 3, 11, 15, 9, 8, 0, 13, 14, 5, 6, 12, 4, 2, 7, 10], [2, 10, 4, 7, 14, 6, 5, 12, 9, 0, 8, 13, 11, 1, 15, 3], [7, 4, 13, 9, 6, 2, 10, 5, 8, 3, 1, 0, 12, 15, 14, 11], [8, 0, 3, 1, 7, 9, 13, 4, 15, 12, 14, 11, 10, 6, 2, 5], [6, 5, 10, 2, 15, 14, 12, 11, 7, 13, 9, 4, 3, 8, 1, 0], [15, 11, 12, 14, 8, 1, 3, 0, 6, 10, 2, 5, 13, 7, 9, 4], [13, 8, 1, 0, 10, 4, 9, 7, 3, 14, 11, 15, 2, 12, 5, 6], [3, 15, 14, 11, 13, 0, 1, 8, 12, 2, 5, 6, 9, 10, 4, 7], [6, 7, 9, 4, 12, 5, 2, 10, 13, 1, 0, 8, 14, 3, 11, 15], [12, 6, 2, 5, 3, 11, 14, 15, 10, 9, 4, 7, 1, 13, 0, 8], [11, 14, 6, 12, 0, 3, 15, 1, 5, 7, 10, 2, 8, 4, 13, 9], [0, 1, 15, 3, 4, 13, 8, 9, 11, 6, 12, 14, 7, 5, 10, 2], [4, 9, 8, 13, 5, 10, 7, 2, 0, 15, 3, 1, 6, 11, 12, 14], [5, 2, 7, 10, 11, 12, 6, 14, 4, 8, 13, 9, 15, 0, 3, 1]]","[[14, 12, 5, 6, 1, 15, 11, 3, 2, 4, 7, 10, 0, 9, 8, 13], [9, 13, 0, 8, 2, 7, 4, 10, 1, 11, 15, 3, 5, 14, 6, 12], [1, 3, 11, 15, 9, 8, 0, 13, 14, 5, 6, 12, 4, 2, 7, 10], [2, 10, 4, 7, 14, 6, 5, 12, 9, 0, 8, 13, 11, 1, 15, 3], [7, 4, 13, 9, 6, 2, 10, 5, 8, 3, 1, 0, 12, 15, 14, 11], [8, 0, 3, 1, 7, 9, 13, 4, 15, 12, 14, 11, 10, 6, 2, 5], [6, 5, 10, 2, 15, 14, 12, 11, 7, 13, 0, 4, 3, 8, 1, 9], [15, 11, 12, 14, 8, 1, 3, 0, 6, 10, 2, 5, 13, 7, 9, 4], [13, 8, 1, 0, 10, 4, 9, 7, 3, 14, 11, 15, 2, 12, 5, 6], [3, 15, 14, 11, 13, 0, 1, 8, 12, 2, 5, 6, 9, 10, 4, 7], [10, 7, 9, 4, 12, 5, 2, 6, 13, 1, 0, 8, 14, 3, 11, 15], [12, 6, 2, 5, 3, 11, 14, 15, 10, 9, 4, 7, 1, 13, 0, 8], [11, 14, 6, 12, 0, 3, 15, 1, 5, 7, 10, 2, 8, 4, 13, 9], [0, 1, 15, 3, 4, 13, 8, 9, 11, 6, 12, 14, 7, 5, 10, 2], [4, 9, 8, 13, 5, 10, 7, 2, 0, 15, 3, 1, 6, 11, 12, 14], [5, 2, 7, 10, 11, 12, 6, 14, 4, 8, 13, 9, 15, 0, 3, 1]]","[[14, 12, 5, 6, 1, 15, 11, 3, 2, 4, 7, 10, 0, 9, 8, 13], [9, 13, 0, 8, 2, 7, 4, 10, 1, 11, 15, 3, 5, 14, 6, 12], [1, 3, 11, 15, 9, 8, 0, 13, 14, 5, 6, 12, 4, 2, 7, 10], [2, 10, 4, 7, 14, 6, 5, 12, 9, 0, 8, 13, 11, 1, 15, 3], [7, 4, 13, 9, 6, 2, 10, 5, 8, 3, 1, 0, 12, 15, 14, 11], [8, 0, 3, 1, 7, 9, 13, 4, 15, 12, 14, 11, 10, 6, 2, 5], [6, 5, 10, 2, 15, 14, 12, 11, 7, 13, 9, 4, 3, 8, 1, 0], [15, 11, 12, 14, 8, 1, 3, 0, 6, 10, 2, 5, 13, 7, 9, 4], [13, 8, 1, 0, 10, 4, 9, 7, 3, 14, 11, 15, 2, 12, 5, 6], [3, 15, 14, 11, 13, 0, 1, 8, 12, 2, 5, 6, 9, 10, 4, 7], [10, 7, 9, 4, 12, 5, 2, 6, 13, 1, 0, 8, 14, 3, 11, 15], [12, 6, 2, 5, 3, 11, 14, 15, 10, 9, 4, 7, 1, 13, 0, 8], [11, 14, 6, 12, 0, 3, 15, 1, 5, 7, 10, 2, 8, 4, 13, 9], [0, 1, 15, 3, 4, 13, 8, 9, 11, 6, 12, 14, 7, 5, 10, 2], [4, 9, 8, 13, 5, 10, 7, 2, 0, 15, 3, 1, 6, 11, 12, 14], [5, 2, 7, 10, 11, 12, 6, 14, 4, 8, 13, 9, 15, 0, 3, 1]]","[[14, 12, 5, 6, 1, 15, 11, 3, 2, 4, 7, 10, 0, 9, 8, 13], [9, 13, 0, 8, 2, 7, 4, 10, 1, 11, 15, 3, 5, 14, 6, 12], [1, 3, 11, 15, 9, 8, 0, 13, 14, 5, 6, 12, 4, 2, 7, 10], [2, 10, 4, 7, 14, 6, 5, 12, 9, 0, 8, 13, 11, 1, 15, 3], [7, 4, 13, 9, 6, 2, 10, 5, 8, 3, 1, 0, 12, 15, 14, 11], [8, 0, 3, 1, 7, 9, 13, 4, 15, 12, 14, 11, 10, 6, 2, 5], [6, 5, 10, 2, 15, 14, 12, 11, 7, 13, 9, 4, 3, 8, 1, 0], [15, 11, 12, 14, 8, 1, 3, 0, 6, 10, 2, 5, 13, 7, 9, 4], [13, 8, 1, 0, 10, 4, 9, 7, 3, 14, 11, 15, 2, 12, 5, 6], [3, 15, 14, 11, 13, 0, 1, 8, 12, 2, 7, 6, 9, 10, 4, 5], [10, 7, 9, 4, 12, 5, 2, 6, 13, 1, 0, 8, 14, 3, 11, 15], [12, 6, 2, 5, 3, 11, 14, 15, 10, 9, 4, 7, 1, 13, 0, 8], [11, 14, 6, 12, 0, 3, 15, 1, 5, 7, 10, 2, 8, 4, 13, 9], [0, 1, 15, 3, 4, 13, 8, 9, 11, 6, 12, 14, 7, 5, 10, 2], [4, 9, 8, 13, 5, 10, 7, 2, 0, 15, 3, 1, 6, 11, 12, 14], [5, 2, 7, 10, 11, 12, 6, 14, 4, 8, 13, 9, 15, 0, 3, 1]]",C,"[[14, 12, 5, 6, 1, 15, 11, 3, 2, 4, 7, 10, 0, 9, 8, 13], [9, 13, 0, 8, 2, 7, 4, 10, 1, 11, 15, 3, 5, 14, 6, 12], [1, 3, 11, 15, 9, 8, 0, 13, 14, 5, 6, 12, 4, 2, 7, 10], [2, 10, 4, 7, 14, 6, 5, 12, 9, 0, 8, 13, 11, 1, 15, 3], [7, 4, 13, 9, 6, 2, 10, 5, 8, 3, 1, 0, 12, 15, 14, 11], [8, 0, 3, 1, 7, 9, 13, 4, 15, 12, 14, 11, 10, 6, 2, 5], [6, 5, 10, 2, 15, 14, 12, 11, 7, 13, 9, 4, 3, 8, 1, 0], [15, 11, 12, 14, 8, 1, 3, 0, 6, 10, 2, 5, 13, 7, 9, 4], [13, 8, 1, 0, 10, 4, 9, 7, 3, 14, 11, 15, 2, 12, 5, 6], [3, 15, 14, 11, 13, 0, 1, 8, 12, 2, 5, 6, 9, 10, 4, 7], [10, 7, 9, 4, 12, 5, 2, 6, 13, 1, 0, 8, 14, 3, 11, 15], [12, 6, 2, 5, 3, 11, 14, 15, 10, 9, 4, 7, 1, 13, 0, 8], [11, 14, 6, 12, 0, 3, 15, 1, 5, 7, 10, 2, 8, 4, 13, 9], [0, 1, 15, 3, 4, 13, 8, 9, 11, 6, 12, 14, 7, 5, 10, 2], [4, 9, 8, 13, 5, 10, 7, 2, 0, 15, 3, 1, 6, 11, 12, 14], [5, 2, 7, 10, 11, 12, 6, 14, 4, 8, 13, 9, 15, 0, 3, 1]]","{""num_givens"": 100, ""grid_size"": 16}"
sudoku_cf4_hex_0093,sudoku_cf4_hex,counterfactual,"[[null, null, null, null, null, null, 6, null, null, null, null, null, null, null, null, null], [null, null, null, 13, 0, 9, null, null, 4, 8, 1, null, null, null, null, null], [7, null, null, null, null, 1, 12, 4, 15, null, null, null, null, null, null, null], [null, null, 8, 12, null, 5, 13, null, null, 3, null, 6, 14, null, null, 9], [null, null, null, null, null, 0, null, null, null, 7, 8, 10, 15, null, null, null], [null, 14, 5, null, 9, null, 15, null, null, null, 2, null, null, null, 7, null], [null, null, null, 15, 7, null, null, 12, 14, 5, 0, 11, null, 13, null, 2], [8, 12, null, null, null, 2, null, null, 6, 9, null, null, null, null, 5, null], [4, null, null, null, null, null, null, null, null, 6, null, 7, 9, 3, null, 15], [15, null, null, 9, 6, null, null, 8, null, null, null, 5, null, 2, null, null], [11, null, 13, 5, 14, 15, null, null, 2, null, 4, 1, null, null, null, null], [10, null, 6, 7, null, 4, null, 2, 3, null, 15, null, null, null, 13, 11], [12, 1, null, 8, 4, null, null, 5, null, null, null, null, null, null, null, null], [null, 9, null, null, 15, null, null, null, null, 4, null, 2, null, 1, null, null], [6, null, null, null, 10, 12, null, null, null, 11, null, null, 2, null, null, 13], [13, null, 4, 2, null, null, null, 9, 1, null, 12, 8, 3, null, 15, null]]","Solve the following hexadecimal Sudoku puzzle.
Rule change: The grid is 16×16 (instead of 9×9). The blocks are 4×4 (instead of 3×3). The valid symbols are the hexadecimal digits {0, 1, 2, 3, 4, 5, 6, 7, 8, 9, A, B, C, D, E, F}. Each row, column, and 4×4 block must contain each symbol exactly once.

Puzzle (. = empty cell):
. . . . | . . 6 . | . . . . | . . . .
. . . D | . 9 . . | 4 8 1 . | . . . .
7 . . . | . 1 C 4 | F . . . | . . . .
. . 8 C | . 5 D . | . 3 . 6 | E . . 9
-------------------------------------
. . . . | . . . . | . 7 8 A | F . . .
. E 5 . | 9 . F . | . . 2 . | . . 7 .
. . . F | 7 . . C | E 5 . B | . D . 2
8 C . . | . 2 . . | 6 9 . . | . . 5 .
-------------------------------------
4 . . . | . . . . | . 6 . 7 | 9 3 . F
F . . 9 | 6 . . 8 | . . . 5 | . 2 . .
B . D 5 | E F . . | 2 . 4 1 | . . . .
A . 6 7 | . 4 . 2 | 3 . F . | . . D B
-------------------------------------
C 1 . 8 | 4 . . 5 | . . . . | . . . .
. 9 . . | F . . . | . 4 . 2 | . 1 . .
6 . . . | A C . . | . B . . | 2 . . D
D . 4 2 | . . . 9 | 1 . C 8 | 3 . F .

Which of the following is the correct completed solution?","[[9, 15, 0, 14, 3, 7, 6, 10, 11, 2, 5, 13, 12, 4, 8, 1], [5, 11, 2, 13, 0, 9, 14, 15, 4, 8, 1, 12, 6, 10, 3, 7], [7, 10, 3, 6, 8, 1, 12, 4, 15, 0, 9, 14, 13, 11, 2, 5], [1, 4, 8, 12, 2, 5, 13, 11, 10, 3, 7, 6, 14, 15, 0, 9], [2, 13, 1, 4, 5, 0, 11, 14, 12, 7, 8, 10, 15, 6, 9, 3], [0, 14, 5, 11, 9, 3, 15, 6, 13, 1, 2, 4, 10, 12, 7, 8], [3, 6, 9, 15, 7, 8, 10, 12, 14, 5, 0, 11, 4, 13, 1, 2], [8, 12, 7, 10, 1, 2, 4, 13, 6, 9, 3, 15, 11, 14, 5, 0], [4, 2, 12, 1, 13, 11, 5, 0, 8, 6, 10, 7, 9, 3, 14, 15], [15, 3, 14, 9, 6, 10, 4, 8, 0, 13, 11, 5, 1, 2, 12, 7], [11, 0, 13, 5, 14, 15, 9, 3, 2, 12, 4, 1, 7, 8, 6, 10], [10, 8, 6, 7, 12, 4, 1, 2, 3, 14, 15, 9, 5, 0, 13, 11], [12, 1, 10, 8, 4, 13, 2, 5, 7, 15, 6, 3, 0, 9, 11, 14], [14, 9, 11, 0, 15, 6, 3, 7, 5, 4, 13, 2, 8, 1, 10, 12], [6, 7, 15, 3, 10, 12, 8, 1, 9, 11, 14, 0, 2, 5, 4, 13], [13, 5, 4, 2, 11, 14, 0, 9, 1, 10, 12, 8, 3, 7, 15, 6]]","[[9, 15, 0, 14, 3, 7, 6, 10, 11, 2, 5, 13, 12, 4, 8, 1], [5, 11, 2, 13, 0, 9, 14, 15, 4, 8, 1, 12, 6, 10, 3, 7], [7, 10, 3, 6, 8, 1, 12, 4, 15, 0, 9, 14, 13, 11, 2, 5], [1, 4, 8, 12, 2, 5, 13, 11, 10, 3, 7, 6, 14, 15, 0, 9], [2, 13, 1, 4, 5, 0, 11, 14, 12, 7, 8, 10, 15, 6, 9, 3], [0, 14, 5, 11, 9, 3, 15, 6, 13, 1, 2, 4, 10, 12, 7, 8], [3, 6, 9, 15, 7, 8, 10, 12, 14, 5, 0, 11, 4, 13, 1, 2], [8, 12, 7, 10, 1, 2, 4, 13, 6, 9, 3, 15, 11, 14, 5, 0], [4, 2, 12, 1, 13, 11, 5, 0, 8, 6, 10, 7, 9, 3, 14, 15], [15, 3, 1, 9, 6, 10, 7, 8, 0, 13, 11, 5, 14, 2, 12, 4], [11, 0, 13, 5, 14, 15, 9, 3, 2, 12, 4, 1, 7, 8, 6, 10], [10, 8, 6, 7, 12, 4, 1, 2, 3, 14, 15, 9, 5, 0, 13, 11], [12, 1, 10, 8, 4, 13, 2, 5, 7, 15, 6, 3, 0, 9, 11, 14], [14, 9, 11, 0, 15, 6, 3, 7, 5, 4, 13, 2, 8, 1, 10, 12], [6, 7, 15, 3, 10, 12, 8, 1, 9, 11, 14, 0, 2, 5, 4, 13], [13, 5, 4, 2, 11, 14, 0, 9, 1, 10, 12, 8, 3, 7, 15, 6]]","[[9, 15, 0, 14, 3, 7, 6, 10, 11, 2, 5, 13, 12, 4, 8, 1], [5, 11, 2, 13, 0, 9, 14, 6, 4, 8, 1, 12, 15, 10, 3, 7], [7, 10, 3, 6, 8, 1, 12, 4, 15, 0, 9, 14, 13, 11, 2, 5], [1, 4, 8, 12, 2, 5, 13, 11, 10, 3, 7, 6, 14, 15, 0, 9], [2, 13, 1, 4, 5, 0, 11, 14, 12, 7, 8, 10, 15, 6, 9, 3], [0, 14, 5, 11, 9, 3, 15, 6, 13, 1, 2, 4, 10, 12, 7, 8], [3, 6, 9, 15, 7, 8, 10, 12, 14, 5, 0, 11, 4, 13, 1, 2], [8, 12, 7, 10, 1, 2, 4, 13, 6, 9, 3, 15, 11, 14, 5, 0], [4, 2, 12, 1, 13, 11, 5, 0, 8, 6, 10, 7, 9, 3, 14, 15], [15, 3, 14, 9, 6, 10, 7, 8, 0, 13, 11, 5, 1, 2, 12, 4], [11, 0, 13, 5, 14, 15, 9, 3, 2, 12, 4, 1, 7, 8, 6, 10], [10, 8, 6, 7, 12, 4, 1, 2, 3, 14, 15, 9, 5, 0, 13, 11], [12, 1, 10, 8, 4, 13, 2, 5, 7, 15, 6, 3, 0, 9, 11, 14], [14, 9, 11, 0, 15, 6, 3, 7, 5, 4, 13, 2, 8, 1, 10, 12], [6, 7, 15, 3, 10, 12, 8, 1, 9, 11, 14, 0, 2, 5, 4, 13], [13, 5, 4, 2, 11, 14, 0, 9, 1, 10, 12, 8, 3, 7, 15, 6]]","[[9, 15, 0, 14, 3, 7, 6, 10, 11, 2, 5, 13, 12, 4, 8, 1], [5, 11, 2, 13, 0, 9, 14, 15, 4, 8, 1, 12, 6, 10, 3, 7], [7, 10, 3, 6, 8, 1, 12, 4, 15, 0, 9, 14, 13, 11, 2, 5], [1, 4, 8, 12, 2, 5, 13, 11, 10, 3, 7, 6, 14, 15, 0, 9], [2, 13, 1, 4, 5, 0, 11, 14, 12, 7, 8, 10, 15, 6, 9, 3], [0, 14, 5, 11, 9, 3, 15, 6, 13, 1, 2, 4, 10, 12, 7, 8], [3, 6, 9, 15, 7, 8, 10, 12, 14, 5, 0, 11, 4, 13, 1, 2], [8, 12, 7, 10, 1, 2, 4, 13, 6, 9, 3, 15, 11, 14, 5, 0], [4, 2, 12, 1, 13, 11, 5, 0, 8, 6, 10, 7, 9, 3, 14, 15], [15, 3, 14, 9, 6, 10, 7, 8, 0, 13, 11, 5, 1, 2, 12, 4], [11, 0, 13, 5, 14, 15, 9, 3, 2, 12, 4, 1, 7, 8, 6, 10], [10, 8, 6, 7, 12, 4, 1, 2, 3, 14, 15, 9, 5, 0, 13, 11], [12, 1, 10, 8, 4, 13, 2, 5, 7, 15, 6, 3, 0, 9, 11, 14], [14, 9, 11, 0, 15, 6, 3, 7, 5, 4, 13, 2, 8, 1, 10, 12], [6, 7, 15, 3, 10, 12, 8, 1, 9, 11, 14, 0, 2, 5, 4, 13], [13, 5, 4, 2, 11, 14, 0, 9, 1, 10, 12, 8, 3, 7, 15, 6]]",D,"[[9, 15, 0, 14, 3, 7, 6, 10, 11, 2, 5, 13, 12, 4, 8, 1], [5, 11, 2, 13, 0, 9, 14, 15, 4, 8, 1, 12, 6, 10, 3, 7], [7, 10, 3, 6, 8, 1, 12, 4, 15, 0, 9, 14, 13, 11, 2, 5], [1, 4, 8, 12, 2, 5, 13, 11, 10, 3, 7, 6, 14, 15, 0, 9], [2, 13, 1, 4, 5, 0, 11, 14, 12, 7, 8, 10, 15, 6, 9, 3], [0, 14, 5, 11, 9, 3, 15, 6, 13, 1, 2, 4, 10, 12, 7, 8], [3, 6, 9, 15, 7, 8, 10, 12, 14, 5, 0, 11, 4, 13, 1, 2], [8, 12, 7, 10, 1, 2, 4, 13, 6, 9, 3, 15, 11, 14, 5, 0], [4, 2, 12, 1, 13, 11, 5, 0, 8, 6, 10, 7, 9, 3, 14, 15], [15, 3, 14, 9, 6, 10, 7, 8, 0, 13, 11, 5, 1, 2, 12, 4], [11, 0, 13, 5, 14, 15, 9, 3, 2, 12, 4, 1, 7, 8, 6, 10], [10, 8, 6, 7, 12, 4, 1, 2, 3, 14, 15, 9, 5, 0, 13, 11], [12, 1, 10, 8, 4, 13, 2, 5, 7, 15, 6, 3, 0, 9, 11, 14], [14, 9, 11, 0, 15, 6, 3, 7, 5, 4, 13, 2, 8, 1, 10, 12], [6, 7, 15, 3, 10, 12, 8, 1, 9, 11, 14, 0, 2, 5, 4, 13], [13, 5, 4, 2, 11, 14, 0, 9, 1, 10, 12, 8, 3, 7, 15, 6]]","{""num_givens"": 100, ""grid_size"": 16}"
sudoku_cf4_hex_0094,sudoku_cf4_hex,counterfactual,"[[11, null, null, null, null, null, null, 14, null, 8, null, null, 5, 10, 4, null], [10, 4, 12, 5, 8, 9, null, null, null, null, null, 3, 14, null, 2, 0], [null, null, null, 15, null, null, 12, null, null, null, 14, 0, 7, null, null, 3], [6, null, null, null, null, null, null, 7, 10, null, null, null, 15, 9, null, 1], [0, null, null, null, null, null, 7, null, 12, 11, null, 5, null, 1, null, 15], [null, null, 15, null, 11, 12, 5, 4, 0, 10, null, 14, null, 3, 9, null], [null, 11, null, 4, null, null, null, null, 3, 9, null, null, null, 0, 10, null], [null, null, null, 13, null, null, null, 2, null, null, null, null, 4, 12, null, 5], [null, 14, null, null, null, 4, 11, null, null, null, 12, null, 1, 13, null, null], [null, 7, null, 3, null, 8, null, 0, 13, 15, 1, null, null, 2, null, null], [2, null, 10, 12, 15, null, null, 1, 4, 7, null, null, null, null, null, null], [null, null, null, null, null, 2, null, null, 8, null, null, 6, 3, 4, null, null], [null, 3, null, null, null, null, null, null, 7, 1, null, null, null, null, null, 2], [null, null, 2, 10, 1, null, null, null, null, null, null, null, 6, 15, null, 8], [15, null, null, null, null, null, null, null, null, null, null, 2, null, 7, null, 13], [null, null, null, null, null, null, null, null, 15, null, 6, 8, null, 5, null, null]]","Solve the following hexadecimal Sudoku puzzle.
Rule change: The grid is 16×16 (instead of 9×9). The blocks are 4×4 (instead of 3×3). The valid symbols are the hexadecimal digits {0, 1, 2, 3, 4, 5, 6, 7, 8, 9, A, B, C, D, E, F}. Each row, column, and 4×4 block must contain each symbol exactly once.

Puzzle (. = empty cell):
B . . . | . . . E | . 8 . . | 5 A 4 .
A 4 C 5 | 8 9 . . | . . . 3 | E . 2 .
. . . F | . . C . | . . E . | 7 . . 3
6 . . . | . . . 7 | A . . . | F 9 . 1
-------------------------------------
. . . . | . . 7 . | C B . 5 | . 1 . F
. . F . | B C 5 4 | . A . E | . 3 9 .
. B . 4 | . . . . | 3 9 . . | . . A .
. . . D | . . . 2 | . . . . | 4 C . 5
-------------------------------------
. E . . | . 4 B . | . . C . | 1 D . .
. 7 . 3 | . 8 . . | D F 1 . | . 2 . .
2 . A C | F . . 1 | 4 7 . . | . . . .
. . . . | . 2 . . | 8 . . 6 | 3 4 . .
-------------------------------------
. 3 . . | . . . . | 7 1 . . | . . . 2
. . 2 A | 1 . . . | . . . . | 6 F . 8
F . . . | . . . . | . . . 2 | . 7 . D
. . . . | . . . . | F . 6 8 | . 5 . .

Which of the following is the correct completed solution?","[[11, 13, 3, 7, 2, 6, 0, 14, 9, 8, 15, 1, 5, 10, 4, 12], [10, 4, 12, 5, 8, 9, 1, 15, 11, 13, 7, 3, 14, 6, 2, 0], [9, 8, 1, 15, 4, 10, 12, 5, 6, 2, 14, 0, 7, 11, 13, 3], [6, 2, 0, 14, 13, 11, 3, 7, 10, 4, 5, 12, 15, 9, 8, 1], [0, 10, 14, 2, 9, 3, 7, 13, 12, 11, 4, 5, 8, 1, 6, 15], [1, 6, 15, 2, 11, 12, 5, 4, 0, 10, 8, 14, 13, 3, 9, 7], [12, 11, 5, 4, 6, 1, 15, 8, 3, 9, 13, 7, 2, 0, 10, 14], [3, 9, 7, 13, 10, 0, 14, 2, 1, 6, 8, 15, 4, 12, 11, 5], [8, 14, 6, 0, 7, 4, 11, 3, 2, 5, 12, 10, 1, 13, 15, 9], [4, 7, 11, 3, 14, 8, 6, 0, 13, 15, 1, 9, 12, 2, 5, 10], [2, 5, 10, 12, 15, 13, 9, 1, 4, 7, 3, 11, 0, 8, 14, 6], [13, 15, 9, 1, 5, 2, 10, 12, 8, 14, 0, 6, 3, 4, 7, 11], [5, 3, 4, 11, 0, 15, 8, 6, 7, 1, 9, 13, 10, 14, 12, 2], [14, 12, 2, 10, 1, 7, 13, 9, 5, 3, 11, 4, 6, 15, 0, 8], [15, 0, 8, 6, 3, 5, 4, 11, 14, 12, 10, 2, 9, 7, 1, 13], [7, 1, 13, 9, 12, 14, 2, 10, 15, 0, 6, 8, 11, 5, 3, 4]]","[[11, 13, 3, 7, 2, 6, 0, 14, 9, 8, 15, 1, 5, 10, 4, 12], [10, 4, 12, 5, 8, 9, 1, 15, 11, 13, 7, 3, 14, 6, 2, 0], [9, 8, 1, 15, 4, 10, 12, 5, 6, 2, 14, 0, 7, 11, 13, 3], [6, 2, 0, 14, 13, 11, 3, 7, 10, 4, 5, 12, 15, 9, 8, 1], [0, 10, 14, 2, 9, 3, 7, 13, 12, 11, 4, 5, 8, 1, 6, 15], [1, 6, 15, 8, 11, 12, 5, 4, 0, 10, 2, 14, 13, 3, 9, 7], [12, 11, 5, 4, 6, 1, 15, 8, 3, 9, 13, 7, 2, 0, 10, 14], [3, 9, 7, 13, 10, 0, 14, 2, 1, 6, 8, 15, 4, 12, 11, 5], [2, 14, 6, 0, 7, 4, 11, 3, 8, 5, 12, 10, 1, 13, 15, 9], [4, 7, 11, 3, 14, 8, 6, 0, 13, 15, 1, 9, 12, 2, 5, 10], [2, 5, 10, 12, 15, 13, 9, 1, 4, 7, 3, 11, 0, 8, 14, 6], [13, 15, 9, 1, 5, 2, 10, 12, 8, 14, 0, 6, 3, 4, 7, 11], [5, 3, 4, 11, 0, 15, 8, 6, 7, 1, 9, 13, 10, 14, 12, 2], [14, 12, 2, 10, 1, 7, 13, 9, 5, 3, 11, 4, 6, 15, 0, 8], [15, 0, 8, 6, 3, 5, 4, 11, 14, 12, 10, 2, 9, 7, 1, 13], [7, 1, 13, 9, 12, 14, 2, 10, 15, 0, 6, 8, 11, 5, 3, 4]]","[[11, 13, 3, 7, 2, 6, 0, 14, 9, 8, 15, 1, 5, 10, 4, 12], [10, 4, 12, 5, 8, 9, 1, 15, 11, 13, 7, 3, 14, 6, 2, 0], [9, 8, 1, 15, 4, 10, 12, 5, 6, 2, 14, 0, 7, 11, 13, 3], [6, 2, 0, 14, 13, 11, 3, 7, 10, 4, 5, 12, 15, 9, 8, 1], [0, 10, 14, 2, 9, 3, 7, 13, 12, 11, 4, 5, 8, 1, 6, 15], [1, 6, 15, 8, 11, 12, 5, 4, 0, 10, 2, 14, 13, 3, 9, 7], [12, 11, 5, 4, 6, 1, 15, 8, 3, 9, 13, 7, 2, 0, 10, 14], [3, 9, 7, 13, 10, 1, 14, 2, 0, 6, 8, 15, 4, 12, 11, 5], [8, 14, 6, 0, 7, 4, 11, 3, 2, 5, 12, 10, 1, 13, 15, 9], [4, 7, 11, 3, 14, 8, 6, 0, 13, 15, 1, 9, 12, 2, 5, 10], [2, 5, 10, 12, 15, 13, 9, 1, 4, 7, 3, 11, 0, 8, 14, 6], [13, 15, 9, 1, 5, 2, 10, 12, 8, 14, 0, 6, 3, 4, 7, 11], [5, 3, 4, 11, 0, 15, 8, 6, 7, 1, 9, 13, 10, 14, 12, 2], [14, 12, 2, 10, 1, 7, 13, 9, 5, 3, 11, 4, 6, 15, 0, 8], [15, 0, 8, 6, 3, 5, 4, 11, 14, 12, 10, 2, 9, 7, 1, 13], [7, 1, 13, 9, 12, 14, 2, 10, 15, 0, 6, 8, 11, 5, 3, 4]]","[[11, 13, 3, 7, 2, 6, 0, 14, 9, 8, 15, 1, 5, 10, 4, 12], [10, 4, 12, 5, 8, 9, 1, 15, 11, 13, 7, 3, 14, 6, 2, 0], [9, 8, 1, 15, 4, 10, 12, 5, 6, 2, 14, 0, 7, 11, 13, 3], [6, 2, 0, 14, 13, 11, 3, 7, 10, 4, 5, 12, 15, 9, 8, 1], [0, 10, 14, 2, 9, 3, 7, 13, 12, 11, 4, 5, 8, 1, 6, 15], [1, 6, 15, 8, 11, 12, 5, 4, 0, 10, 2, 14, 13, 3, 9, 7], [12, 11, 5, 4, 6, 1, 15, 8, 3, 9, 13, 7, 2, 0, 10, 14], [3, 9, 7, 13, 10, 0, 14, 2, 1, 6, 8, 15, 4, 12, 11, 5], [8, 14, 6, 0, 7, 4, 11, 3, 2, 5, 12, 10, 1, 13, 15, 9], [4, 7, 11, 3, 14, 8, 6, 0, 13, 15, 1, 9, 12, 2, 5, 10], [2, 5, 10, 12, 15, 13, 9, 1, 4, 7, 3, 11, 0, 8, 14, 6], [13, 15, 9, 1, 5, 2, 10, 12, 8, 14, 0, 6, 3, 4, 7, 11], [5, 3, 4, 11, 0, 15, 8, 6, 7, 1, 9, 13, 10, 14, 12, 2], [14, 12, 2, 10, 1, 7, 13, 9, 5, 3, 11, 4, 6, 15, 0, 8], [15, 0, 8, 6, 3, 5, 4, 11, 14, 12, 10, 2, 9, 7, 1, 13], [7, 1, 13, 9, 12, 14, 2, 10, 15, 0, 6, 8, 11, 5, 3, 4]]",D,"[[11, 13, 3, 7, 2, 6, 0, 14, 9, 8, 15, 1, 5, 10, 4, 12], [10, 4, 12, 5, 8, 9, 1, 15, 11, 13, 7, 3, 14, 6, 2, 0], [9, 8, 1, 15, 4, 10, 12, 5, 6, 2, 14, 0, 7, 11, 13, 3], [6, 2, 0, 14, 13, 11, 3, 7, 10, 4, 5, 12, 15, 9, 8, 1], [0, 10, 14, 2, 9, 3, 7, 13, 12, 11, 4, 5, 8, 1, 6, 15], [1, 6, 15, 8, 11, 12, 5, 4, 0, 10, 2, 14, 13, 3, 9, 7], [12, 11, 5, 4, 6, 1, 15, 8, 3, 9, 13, 7, 2, 0, 10, 14], [3, 9, 7, 13, 10, 0, 14, 2, 1, 6, 8, 15, 4, 12, 11, 5], [8, 14, 6, 0, 7, 4, 11, 3, 2, 5, 12, 10, 1, 13, 15, 9], [4, 7, 11, 3, 14, 8, 6, 0, 13, 15, 1, 9, 12, 2, 5, 10], [2, 5, 10, 12, 15, 13, 9, 1, 4, 7, 3, 11, 0, 8, 14, 6], [13, 15, 9, 1, 5, 2, 10, 12, 8, 14, 0, 6, 3, 4, 7, 11], [5, 3, 4, 11, 0, 15, 8, 6, 7, 1, 9, 13, 10, 14, 12, 2], [14, 12, 2, 10, 1, 7, 13, 9, 5, 3, 11, 4, 6, 15, 0, 8], [15, 0, 8, 6, 3, 5, 4, 11, 14, 12, 10, 2, 9, 7, 1, 13], [7, 1, 13, 9, 12, 14, 2, 10, 15, 0, 6, 8, 11, 5, 3, 4]]","{""num_givens"": 100, ""grid_size"": 16}"
sudoku_cf4_hex_0095,sudoku_cf4_hex,counterfactual,"[[null, 8, 15, 14, null, 10, null, 12, 3, null, null, 9, null, null, 1, 4], [null, 7, null, null, 11, 3, null, 9, null, null, null, 14, 10, null, null, null], [3, null, null, 9, 4, null, null, null, null, 0, 5, null, 13, null, 14, 15], [null, 5, null, null, null, null, 8, null, 2, 4, null, null, null, 6, null, 11], [7, null, null, null, 9, null, 10, 0, 8, null, null, 11, 5, 2, 4, null], [5, 2, 12, 4, 14, null, 3, 11, null, null, null, 15, null, null, 0, null], [8, null, 14, null, null, 5, 2, null, null, null, 10, 0, null, null, null, null], [null, 10, null, 0, 1, 7, null, null, null, null, 2, null, null, null, null, 14], [null, null, null, 3, null, null, null, null, 11, null, null, null, null, 1, null, 7], [0, null, null, null, null, 15, 14, null, null, 7, null, null, 11, 9, null, null], [null, null, 6, 10, null, null, null, null, null, 5, null, null, 15, null, null, null], [null, null, null, null, null, 11, null, null, 15, 8, null, null, null, null, 2, null], [null, null, null, null, 3, 14, 11, null, null, 13, null, null, 9, 0, null, 10], [null, null, 10, null, 13, 1, null, null, 12, 2, null, null, 14, null, 6, null], [null, null, null, 6, 2, null, 4, null, null, null, null, null, null, 15, null, null], [null, null, null, null, null, null, null, null, 14, null, 11, null, null, 4, 7, 2]]","Solve the following hexadecimal Sudoku puzzle.
Rule change: The grid is 16×16 (instead of 9×9). The blocks are 4×4 (instead of 3×3). The valid symbols are the hexadecimal digits {0, 1, 2, 3, 4, 5, 6, 7, 8, 9, A, B, C, D, E, F}. Each row, column, and 4×4 block must contain each symbol exactly once.

Puzzle (. = empty cell):
. 8 F E | . A . C | 3 . . 9 | . . 1 4
. 7 . . | B 3 . 9 | . . . E | A . . .
3 . . 9 | 4 . . . | . . 5 . | D . E F
. 5 . . | . . 8 . | 2 4 . . | . 6 . B
-------------------------------------
7 . . . | 9 . A . | 8 . . B | 5 2 4 .
5 2 C 4 | E . 3 B | . . . F | . . . .
8 . E . | . 5 2 . | . . A . | . . . .
. A . . | 1 7 . . | . . 2 . | . . . E
-------------------------------------
. . . 3 | . . . . | B . . . | . 1 . 7
. . . . | . F E . | . 7 . . | B 9 . .
. . 6 A | . . . . | . 5 . . | F . . .
. . . . | . B . . | F 8 . . | . . 2 .
-------------------------------------
. . . . | 3 E B . | . D . . | 9 . . A
. . A . | D 1 . . | C 2 . . | E . 6 .
. . . 6 | 2 . 4 . | . . . . | . F . .
. . . . | . . . . | E . B . | . 4 7 2

Which of the following is the correct completed solution?","[[13, 8, 15, 14, 0, 10, 5, 12, 3, 11, 6, 9, 2, 7, 1, 4], [2, 7, 4, 1, 11, 3, 6, 9, 13, 15, 8, 14, 10, 5, 12, 0], [3, 6, 11, 9, 4, 2, 7, 1, 10, 0, 5, 12, 13, 8, 14, 15], [10, 5, 0, 12, 15, 13, 8, 14, 2, 4, 7, 1, 3, 6, 9, 11], [7, 13, 1, 15, 9, 6, 10, 0, 8, 14, 3, 11, 5, 2, 4, 12], [5, 2, 12, 4, 14, 8, 3, 11, 7, 1, 13, 15, 6, 10, 0, 9], [8, 3, 14, 11, 12, 5, 2, 4, 6, 9, 10, 0, 7, 13, 15, 1], [6, 10, 9, 0, 1, 7, 13, 15, 5, 12, 2, 4, 8, 3, 11, 14], [15, 14, 8, 3, 5, 0, 12, 2, 11, 6, 9, 10, 4, 1, 13, 7], [0, 12, 5, 2, 8, 15, 14, 3, 4, 7, 1, 13, 11, 9, 10, 6], [11, 9, 6, 10, 7, 4, 1, 13, 0, 5, 12, 2, 15, 14, 3, 8], [4, 1, 7, 13, 6, 11, 9, 10, 15, 8, 14, 3, 0, 12, 2, 5], [12, 4, 2, 7, 3, 14, 11, 6, 1, 13, 15, 8, 9, 0, 5, 10], [9, 0, 10, 5, 13, 1, 15, 8, 12, 2, 4, 7, 14, 11, 6, 3], [14, 11, 3, 6, 2, 12, 4, 7, 9, 10, 0, 5, 1, 15, 8, 13], [1, 15, 5, 8, 10, 9, 0, 13, 14, 3, 11, 6, 12, 4, 7, 2]]","[[13, 8, 15, 14, 0, 10, 5, 12, 3, 11, 6, 9, 2, 7, 1, 4], [2, 7, 4, 1, 11, 3, 6, 9, 13, 15, 8, 14, 10, 5, 12, 0], [3, 6, 11, 9, 4, 2, 10, 1, 7, 0, 5, 12, 13, 8, 14, 15], [10, 5, 0, 12, 15, 13, 8, 14, 2, 4, 7, 1, 3, 6, 9, 11], [7, 13, 1, 15, 9, 6, 10, 0, 8, 14, 3, 11, 5, 2, 4, 12], [5, 2, 12, 4, 14, 8, 3, 11, 7, 1, 13, 15, 6, 10, 0, 9], [8, 3, 14, 11, 12, 5, 2, 4, 6, 9, 10, 0, 7, 13, 15, 1], [6, 10, 9, 0, 1, 7, 13, 15, 5, 12, 2, 4, 8, 3, 11, 14], [15, 14, 8, 3, 5, 0, 12, 2, 11, 6, 9, 10, 4, 1, 13, 7], [0, 12, 5, 2, 8, 15, 14, 3, 4, 7, 1, 13, 11, 9, 10, 6], [11, 9, 6, 10, 7, 4, 1, 13, 0, 5, 12, 2, 15, 14, 3, 8], [4, 1, 7, 13, 6, 11, 9, 10, 15, 8, 14, 3, 0, 12, 2, 5], [12, 4, 2, 7, 3, 14, 11, 6, 1, 13, 15, 8, 9, 0, 5, 10], [9, 0, 10, 5, 13, 1, 15, 8, 12, 2, 4, 7, 14, 11, 6, 3], [14, 11, 3, 6, 2, 12, 4, 7, 9, 10, 0, 5, 1, 15, 8, 13], [1, 15, 13, 8, 10, 9, 0, 5, 14, 3, 11, 6, 12, 4, 7, 2]]","[[13, 8, 15, 14, 0, 10, 5, 12, 3, 11, 6, 9, 2, 7, 1, 4], [2, 7, 4, 1, 11, 3, 6, 9, 13, 15, 8, 14, 10, 5, 12, 0], [3, 6, 11, 9, 4, 2, 7, 1, 10, 0, 5, 12, 13, 8, 14, 15], [10, 5, 0, 12, 15, 13, 8, 14, 2, 4, 7, 1, 3, 6, 9, 11], [7, 13, 1, 15, 9, 6, 10, 0, 8, 14, 3, 11, 5, 2, 4, 12], [5, 2, 12, 4, 14, 8, 3, 11, 7, 1, 13, 15, 6, 10, 0, 9], [8, 3, 14, 11, 12, 5, 2, 4, 6, 9, 10, 0, 7, 13, 15, 1], [6, 10, 9, 0, 1, 7, 13, 15, 5, 12, 2, 4, 8, 3, 11, 14], [15, 14, 8, 3, 5, 0, 12, 2, 11, 6, 9, 10, 4, 1, 13, 7], [0, 12, 5, 2, 8, 15, 14, 3, 4, 7, 1, 13, 11, 9, 10, 6], [11, 9, 6, 10, 7, 4, 1, 13, 0, 5, 12, 2, 15, 14, 3, 8], [4, 1, 7, 13, 6, 11, 9, 10, 15, 8, 14, 3, 0, 12, 2, 5], [12, 4, 2, 7, 3, 14, 11, 6, 1, 13, 15, 8, 9, 0, 5, 10], [9, 0, 10, 5, 13, 1, 15, 8, 12, 2, 4, 7, 14, 11, 6, 3], [14, 11, 3, 6, 2, 12, 4, 7, 9, 10, 0, 5, 1, 15, 8, 13], [1, 15, 13, 8, 10, 9, 0, 5, 14, 3, 11, 6, 12, 4, 7, 2]]","[[13, 8, 15, 14, 0, 10, 5, 12, 3, 11, 6, 9, 2, 7, 1, 4], [2, 7, 4, 1, 11, 3, 6, 9, 13, 15, 8, 14, 10, 5, 12, 0], [3, 6, 11, 9, 4, 2, 7, 1, 10, 0, 5, 12, 13, 8, 14, 15], [10, 5, 0, 12, 15, 13, 8, 14, 2, 4, 7, 1, 3, 6, 9, 11], [7, 13, 1, 15, 9, 6, 10, 0, 8, 14, 3, 11, 5, 2, 4, 12], [5, 2, 12, 4, 14, 8, 3, 11, 7, 1, 13, 15, 6, 10, 0, 9], [8, 3, 14, 11, 12, 5, 2, 4, 6, 9, 10, 0, 7, 13, 15, 1], [6, 10, 9, 0, 1, 7, 13, 15, 5, 12, 2, 4, 8, 3, 11, 14], [15, 14, 8, 3, 5, 0, 12, 2, 11, 6, 9, 10, 4, 1, 13, 7], [0, 12, 5, 2, 8, 15, 14, 3, 4, 7, 1, 13, 11, 9, 10, 6], [11, 9, 6, 10, 7, 4, 1, 13, 0, 5, 12, 2, 15, 14, 3, 8], [4, 1, 7, 13, 6, 11, 9, 10, 15, 8, 14, 3, 0, 12, 2, 5], [12, 4, 2, 7, 3, 14, 11, 6, 1, 13, 15, 8, 9, 0, 5, 10], [9, 0, 10, 5, 13, 1, 15, 8, 12, 2, 4, 7, 14, 11, 6, 3], [14, 11, 3, 6, 2, 12, 4, 7, 9, 10, 0, 5, 1, 15, 8, 13], [1, 15, 13, 8, 3, 9, 0, 5, 14, 10, 11, 6, 12, 4, 7, 2]]",C,"[[13, 8, 15, 14, 0, 10, 5, 12, 3, 11, 6, 9, 2, 7, 1, 4], [2, 7, 4, 1, 11, 3, 6, 9, 13, 15, 8, 14, 10, 5, 12, 0], [3, 6, 11, 9, 4, 2, 7, 1, 10, 0, 5, 12, 13, 8, 14, 15], [10, 5, 0, 12, 15, 13, 8, 14, 2, 4, 7, 1, 3, 6, 9, 11], [7, 13, 1, 15, 9, 6, 10, 0, 8, 14, 3, 11, 5, 2, 4, 12], [5, 2, 12, 4, 14, 8, 3, 11, 7, 1, 13, 15, 6, 10, 0, 9], [8, 3, 14, 11, 12, 5, 2, 4, 6, 9, 10, 0, 7, 13, 15, 1], [6, 10, 9, 0, 1, 7, 13, 15, 5, 12, 2, 4, 8, 3, 11, 14], [15, 14, 8, 3, 5, 0, 12, 2, 11, 6, 9, 10, 4, 1, 13, 7], [0, 12, 5, 2, 8, 15, 14, 3, 4, 7, 1, 13, 11, 9, 10, 6], [11, 9, 6, 10, 7, 4, 1, 13, 0, 5, 12, 2, 15, 14, 3, 8], [4, 1, 7, 13, 6, 11, 9, 10, 15, 8, 14, 3, 0, 12, 2, 5], [12, 4, 2, 7, 3, 14, 11, 6, 1, 13, 15, 8, 9, 0, 5, 10], [9, 0, 10, 5, 13, 1, 15, 8, 12, 2, 4, 7, 14, 11, 6, 3], [14, 11, 3, 6, 2, 12, 4, 7, 9, 10, 0, 5, 1, 15, 8, 13], [1, 15, 13, 8, 10, 9, 0, 5, 14, 3, 11, 6, 12, 4, 7, 2]]","{""num_givens"": 100, ""grid_size"": 16}"
sudoku_cf4_hex_0096,sudoku_cf4_hex,counterfactual,"[[null, 5, null, null, null, 10, null, 12, null, null, 15, null, null, null, null, null], [4, null, 10, null, null, null, null, null, 14, 13, 0, null, null, null, 15, null], [1, null, null, 2, 8, null, null, null, 7, 12, 10, null, null, null, 3, 5], [null, null, null, 13, null, 15, null, null, 5, null, null, null, null, null, 10, 7], [null, null, 13, null, null, null, 1, 3, null, 0, 11, 14, 9, null, 12, null], [9, null, null, null, null, null, null, 0, 8, null, 13, null, null, 3, 2, null], [null, 1, 2, 3, 7, null, null, null, 4, 15, null, null, null, 0, 11, 6], [14, 6, null, null, null, null, null, null, 1, null, 2, null, 7, 10, null, 8], [0, null, 5, null, null, null, 12, 4, null, 1, null, null, null, 8, null, null], [null, 2, null, 1, null, null, 13, null, null, 4, null, null, 0, 6, null, null], [10, null, null, null, null, null, null, null, 11, null, 5, null, 15, null, 7, null], [null, null, 7, 4, 0, null, 11, null, null, null, null, null, 3, 1, null, null], [null, 15, 4, 9, null, null, null, 14, 10, 7, null, null, null, 5, null, null], [null, null, null, null, null, null, 10, null, null, 9, null, null, 13, 14, null, 0], [13, null, null, null, 2, null, 15, null, null, null, null, null, 12, null, null, 10], [null, null, null, 7, null, 1, null, 5, 0, 14, 6, null, 2, null, null, null]]","Solve the following hexadecimal Sudoku puzzle.
Rule change: The grid is 16×16 (instead of 9×9). The blocks are 4×4 (instead of 3×3). The valid symbols are the hexadecimal digits {0, 1, 2, 3, 4, 5, 6, 7, 8, 9, A, B, C, D, E, F}. Each row, column, and 4×4 block must contain each symbol exactly once.

Puzzle (. = empty cell):
. 5 . . | . A . C | . . F . | . . . .
4 . A . | . . . . | E D . . | . . F .
1 . . 2 | 8 . . . | 7 C A . | . . 3 5
. . . D | . F . . | 5 . . . | . . A 7
-------------------------------------
. . D . | . . 1 3 | . . B E | 9 . C .
9 . . . | . . . . | 8 . D . | . 3 2 .
. 1 2 3 | 7 . . . | 4 F . . | . . B 6
E 6 . . | . . . . | 1 . 2 . | 7 A . 8
-------------------------------------
. . 5 . | . . C 4 | . 1 . . | . 8 . .
. 2 . 1 | . . D . | . 4 . . | . 6 . .
A . . . | . . . . | B . 5 . | F . 7 .
. . 7 4 | . . B . | . . . . | 3 1 . .
-------------------------------------
. F 4 9 | . . . E | A 7 . . | . 5 . .
. . . . | . . A . | . 9 . . | D E . .
D . . . | 2 . F . | . . . . | C . . A
. . . 7 | . 1 . 5 | . E 6 . | 2 . . .

Which of the following is the correct completed solution?","[[6, 5, 3, 11, 4, 10, 7, 12, 9, 2, 15, 1, 8, 13, 0, 14], [4, 7, 10, 12, 6, 3, 5, 11, 14, 13, 0, 8, 1, 2, 15, 9], [1, 9, 15, 2, 8, 0, 14, 13, 7, 12, 10, 4, 6, 11, 3, 5], [8, 14, 0, 13, 1, 15, 9, 2, 5, 11, 3, 6, 4, 12, 10, 7], [7, 8, 13, 10, 5, 2, 1, 3, 6, 0, 11, 14, 9, 15, 12, 4], [9, 4, 12, 15, 14, 11, 6, 0, 8, 10, 13, 7, 5, 3, 2, 1], [5, 1, 2, 3, 7, 13, 8, 10, 4, 15, 12, 9, 14, 0, 11, 6], [14, 6, 11, 0, 9, 12, 4, 15, 1, 3, 2, 5, 7, 10, 13, 8], [0, 11, 5, 6, 15, 7, 12, 4, 2, 1, 9, 3, 10, 8, 14, 13], [3, 2, 9, 1, 10, 14, 13, 8, 12, 4, 7, 15, 0, 6, 5, 11], [10, 13, 14, 8, 3, 9, 2, 1, 11, 6, 5, 0, 15, 4, 7, 12], [15, 12, 7, 4, 0, 5, 11, 6, 10, 8, 14, 13, 3, 1, 9, 2], [2, 15, 4, 9, 13, 6, 0, 14, 10, 7, 8, 12, 11, 5, 1, 3], [11, 3, 1, 5, 12, 8, 10, 7, 15, 9, 4, 2, 13, 14, 6, 0], [13, 0, 6, 14, 2, 4, 15, 9, 3, 5, 1, 11, 12, 7, 8, 10], [12, 10, 8, 7, 11, 1, 3, 5, 0, 14, 6, 13, 2, 9, 4, 15]]","[[6, 5, 3, 11, 4, 10, 7, 12, 9, 2, 15, 1, 8, 13, 0, 14], [4, 7, 10, 12, 6, 3, 5, 11, 14, 13, 0, 8, 1, 9, 15, 2], [1, 9, 15, 2, 8, 0, 14, 13, 7, 12, 10, 4, 6, 11, 3, 5], [8, 14, 0, 13, 1, 15, 9, 2, 5, 11, 3, 6, 4, 12, 10, 7], [7, 8, 13, 10, 5, 2, 1, 3, 6, 0, 11, 14, 9, 15, 12, 4], [9, 4, 12, 15, 14, 11, 6, 0, 8, 10, 13, 7, 5, 3, 2, 1], [5, 1, 2, 3, 7, 13, 8, 10, 4, 15, 12, 9, 14, 0, 11, 6], [14, 6, 11, 0, 9, 12, 4, 15, 1, 3, 2, 5, 7, 10, 13, 8], [0, 11, 5, 6, 15, 7, 12, 4, 2, 1, 9, 3, 10, 8, 14, 13], [3, 2, 9, 1, 10, 14, 13, 8, 12, 4, 7, 15, 0, 6, 5, 11], [10, 13, 14, 8, 3, 9, 2, 1, 11, 6, 5, 0, 15, 4, 7, 12], [15, 12, 7, 4, 0, 5, 11, 6, 13, 8, 14, 10, 3, 1, 9, 2], [2, 15, 4, 9, 13, 6, 0, 14, 10, 7, 8, 12, 11, 5, 1, 3], [11, 3, 1, 5, 12, 8, 10, 7, 15, 9, 4, 2, 13, 14, 6, 0], [13, 0, 6, 14, 2, 4, 15, 9, 3, 5, 1, 11, 12, 7, 8, 10], [12, 10, 8, 7, 11, 1, 3, 5, 0, 14, 6, 13, 2, 9, 4, 15]]","[[6, 5, 3, 11, 4, 10, 7, 12, 9, 2, 15, 1, 8, 13, 0, 14], [4, 7, 10, 12, 6, 3, 5, 11, 14, 13, 0, 8, 1, 2, 15, 9], [1, 9, 15, 2, 8, 0, 14, 13, 7, 12, 10, 4, 6, 11, 3, 5], [8, 14, 0, 13, 1, 15, 9, 2, 5, 11, 3, 6, 4, 12, 10, 7], [7, 8, 13, 10, 5, 2, 1, 3, 6, 0, 11, 14, 9, 15, 12, 4], [9, 4, 12, 15, 14, 11, 6, 0, 8, 10, 13, 7, 5, 3, 2, 1], [5, 1, 2, 3, 7, 13, 8, 10, 4, 15, 12, 9, 14, 0, 11, 6], [14, 6, 11, 0, 9, 12, 4, 15, 1, 3, 2, 5, 7, 10, 13, 8], [0, 11, 5, 6, 15, 7, 12, 4, 2, 1, 9, 3, 10, 8, 14, 13], [3, 2, 9, 1, 10, 14, 13, 8, 12, 4, 7, 15, 0, 6, 5, 11], [10, 13, 14, 8, 3, 9, 2, 1, 11, 6, 5, 0, 15, 4, 7, 12], [15, 12, 7, 4, 0, 6, 11, 5, 13, 8, 14, 10, 3, 1, 9, 2], [2, 15, 4, 9, 13, 6, 0, 14, 10, 7, 8, 12, 11, 5, 1, 3], [11, 3, 1, 5, 12, 8, 10, 7, 15, 9, 4, 2, 13, 14, 6, 0], [13, 0, 6, 14, 2, 4, 15, 9, 3, 5, 1, 11, 12, 7, 8, 10], [12, 10, 8, 7, 11, 1, 3, 5, 0, 14, 6, 13, 2, 9, 4, 15]]","[[6, 5, 3, 11, 4, 10, 7, 12, 9, 2, 15, 1, 8, 13, 0, 14], [4, 7, 10, 12, 6, 3, 5, 11, 14, 13, 0, 8, 1, 2, 15, 9], [1, 9, 15, 2, 8, 0, 14, 13, 7, 12, 10, 4, 6, 11, 3, 5], [8, 14, 0, 13, 1, 15, 9, 2, 5, 11, 3, 6, 4, 12, 10, 7], [7, 8, 13, 10, 5, 2, 1, 3, 6, 0, 11, 14, 9, 15, 12, 4], [9, 4, 12, 15, 14, 11, 6, 0, 8, 10, 13, 7, 5, 3, 2, 1], [5, 1, 2, 3, 7, 13, 8, 10, 4, 15, 12, 9, 14, 0, 11, 6], [14, 6, 11, 0, 9, 12, 4, 15, 1, 3, 2, 5, 7, 10, 13, 8], [0, 11, 5, 6, 15, 7, 12, 4, 2, 1, 9, 3, 10, 8, 14, 13], [3, 2, 9, 1, 10, 14, 13, 8, 12, 4, 7, 15, 0, 6, 5, 11], [10, 13, 14, 8, 3, 9, 2, 1, 11, 6, 5, 0, 15, 4, 7, 12], [15, 12, 7, 4, 0, 5, 11, 6, 13, 8, 14, 10, 3, 1, 9, 2], [2, 15, 4, 9, 13, 6, 0, 14, 10, 7, 8, 12, 11, 5, 1, 3], [11, 3, 1, 5, 12, 8, 10, 7, 15, 9, 4, 2, 13, 14, 6, 0], [13, 0, 6, 14, 2, 4, 15, 9, 3, 5, 1, 11, 12, 7, 8, 10], [12, 10, 8, 7, 11, 1, 3, 5, 0, 14, 6, 13, 2, 9, 4, 15]]",D,"[[6, 5, 3, 11, 4, 10, 7, 12, 9, 2, 15, 1, 8, 13, 0, 14], [4, 7, 10, 12, 6, 3, 5, 11, 14, 13, 0, 8, 1, 2, 15, 9], [1, 9, 15, 2, 8, 0, 14, 13, 7, 12, 10, 4, 6, 11, 3, 5], [8, 14, 0, 13, 1, 15, 9, 2, 5, 11, 3, 6, 4, 12, 10, 7], [7, 8, 13, 10, 5, 2, 1, 3, 6, 0, 11, 14, 9, 15, 12, 4], [9, 4, 12, 15, 14, 11, 6, 0, 8, 10, 13, 7, 5, 3, 2, 1], [5, 1, 2, 3, 7, 13, 8, 10, 4, 15, 12, 9, 14, 0, 11, 6], [14, 6, 11, 0, 9, 12, 4, 15, 1, 3, 2, 5, 7, 10, 13, 8], [0, 11, 5, 6, 15, 7, 12, 4, 2, 1, 9, 3, 10, 8, 14, 13], [3, 2, 9, 1, 10, 14, 13, 8, 12, 4, 7, 15, 0, 6, 5, 11], [10, 13, 14, 8, 3, 9, 2, 1, 11, 6, 5, 0, 15, 4, 7, 12], [15, 12, 7, 4, 0, 5, 11, 6, 13, 8, 14, 10, 3, 1, 9, 2], [2, 15, 4, 9, 13, 6, 0, 14, 10, 7, 8, 12, 11, 5, 1, 3], [11, 3, 1, 5, 12, 8, 10, 7, 15, 9, 4, 2, 13, 14, 6, 0], [13, 0, 6, 14, 2, 4, 15, 9, 3, 5, 1, 11, 12, 7, 8, 10], [12, 10, 8, 7, 11, 1, 3, 5, 0, 14, 6, 13, 2, 9, 4, 15]]","{""num_givens"": 100, ""grid_size"": 16}"
sudoku_cf4_hex_0097,sudoku_cf4_hex,counterfactual,"[[null, 8, null, null, null, null, null, 15, null, null, 2, 7, null, null, null, null], [3, 15, null, null, null, 13, null, 14, 0, null, 11, 10, 7, null, null, null], [null, null, null, null, 2, null, 9, null, 6, 15, null, null, null, null, null, null], [7, null, 2, 9, 11, 10, null, null, null, null, null, null, null, 15, null, 6], [null, 5, null, null, 4, null, null, null, 7, null, null, null, null, null, null, null], [null, null, 9, 13, 0, 8, null, 11, null, 1, null, 14, null, 5, 6, 10], [null, null, 4, 3, null, null, 13, null, null, 5, null, null, 8, 11, null, 7], [8, null, null, null, null, null, 10, 5, 13, 2, null, 12, 14, null, null, null], [null, null, 8, 11, 15, 4, null, null, null, 7, 12, 0, 9, null, null, 1], [null, 7, 12, null, 8, null, 11, 10, null, null, 14, null, null, null, null, null], [null, null, null, null, 14, null, null, 13, 11, 10, null, null, null, null, 12, null], [null, null, null, 1, 12, null, 2, null, 5, null, null, 4, 6, null, null, null], [null, null, null, null, null, 2, null, null, 8, null, null, null, 11, null, null, 12], [5, 6, null, 8, 3, null, 15, null, 12, null, null, null, null, null, null, null], [11, null, null, 12, null, null, null, 6, 14, 9, null, null, null, 4, null, null], [null, null, 13, null, 7, 11, 12, 0, 15, 4, null, null, null, null, 10, null]]","Solve the following hexadecimal Sudoku puzzle.
Rule change: The grid is 16×16 (instead of 9×9). The blocks are 4×4 (instead of 3×3). The valid symbols are the hexadecimal digits {0, 1, 2, 3, 4, 5, 6, 7, 8, 9, A, B, C, D, E, F}. Each row, column, and 4×4 block must contain each symbol exactly once.

Puzzle (. = empty cell):
. 8 . . | . . . F | . . 2 7 | . . . .
3 F . . | . D . E | . . B A | 7 . . .
. . . . | 2 . 9 . | 6 F . . | . . . .
7 . 2 9 | B A . . | . . . . | . F . 6
-------------------------------------
. 5 . . | 4 . . . | 7 . . . | . . . .
. . 9 D | . 8 . B | . 1 . E | . 5 6 A
. . 4 3 | . . D . | . 5 . . | 8 B . 7
8 . . . | . . A 5 | D 2 . C | E . . .
-------------------------------------
. . 8 B | F 4 . . | . 7 C . | 9 . . 1
. 7 C . | 8 . B A | . . E . | . . . .
. . . . | E . . D | B A . . | . . C .
. . . 1 | C . 2 . | 5 . . 4 | 6 . . .
-------------------------------------
. . . . | . 2 . . | 8 . . . | B . . C
5 6 . 8 | 3 . F . | C . . . | . . . .
B . . C | . . . 6 | E 9 . . | . 4 . .
. . D . | 7 B C . | F 4 . . | . . A .

Which of the following is the correct completed solution?","[[10, 8, 11, 0, 5, 3, 6, 15, 9, 12, 2, 7, 13, 14, 1, 4], [3, 15, 5, 6, 1, 13, 4, 14, 0, 8, 11, 10, 7, 12, 2, 9], [13, 14, 1, 4, 2, 7, 9, 12, 6, 15, 5, 3, 10, 8, 11, 0], [7, 12, 2, 9, 11, 10, 0, 8, 4, 14, 1, 13, 3, 15, 5, 6], [15, 5, 6, 10, 4, 14, 3, 1, 7, 11, 0, 8, 12, 2, 9, 13], [12, 2, 9, 13, 0, 8, 7, 11, 3, 1, 4, 14, 15, 5, 6, 10], [14, 1, 4, 3, 9, 12, 13, 2, 10, 5, 6, 15, 8, 11, 0, 7], [8, 11, 0, 7, 6, 15, 10, 5, 13, 2, 9, 12, 14, 1, 4, 3], [6, 10, 8, 11, 15, 4, 5, 3, 2, 7, 12, 0, 9, 13, 14, 1], [0, 7, 12, 2, 8, 6, 11, 10, 1, 13, 14, 9, 4, 3, 15, 5], [4, 3, 15, 5, 14, 9, 1, 13, 11, 10, 8, 6, 0, 7, 12, 2], [9, 13, 14, 1, 12, 0, 2, 7, 5, 3, 15, 4, 6, 10, 8, 11], [1, 4, 3, 15, 13, 2, 14, 9, 8, 6, 10, 5, 11, 0, 7, 12], [5, 6, 10, 8, 3, 1, 15, 4, 12, 0, 7, 11, 2, 9, 13, 14], [11, 0, 7, 12, 10, 5, 8, 6, 14, 9, 13, 2, 1, 4, 3, 15], [2, 9, 13, 14, 7, 11, 12, 0, 15, 4, 3, 1, 5, 6, 10, 8]]","[[10, 8, 11, 0, 5, 3, 6, 15, 9, 12, 2, 7, 13, 14, 1, 4], [3, 15, 5, 6, 1, 13, 4, 14, 0, 8, 11, 10, 7, 12, 2, 9], [13, 14, 1, 4, 2, 7, 9, 12, 6, 15, 5, 3, 10, 8, 11, 0], [7, 12, 2, 9, 11, 10, 0, 8, 4, 14, 1, 13, 3, 15, 5, 6], [15, 5, 6, 10, 4, 14, 3, 1, 7, 11, 0, 8, 13, 2, 9, 12], [12, 2, 9, 13, 0, 8, 7, 11, 3, 1, 4, 14, 15, 5, 6, 10], [14, 1, 4, 3, 9, 12, 13, 2, 10, 5, 6, 15, 8, 11, 0, 7], [8, 11, 0, 7, 6, 15, 10, 5, 13, 2, 9, 12, 14, 1, 4, 3], [6, 10, 8, 11, 15, 4, 5, 3, 2, 7, 12, 0, 9, 13, 14, 1], [0, 7, 12, 2, 8, 6, 11, 10, 1, 13, 14, 9, 4, 3, 15, 5], [4, 3, 15, 5, 14, 9, 1, 13, 11, 10, 8, 6, 0, 7, 12, 2], [9, 13, 14, 1, 12, 0, 2, 7, 5, 3, 15, 4, 6, 10, 8, 11], [1, 4, 3, 15, 13, 2, 14, 9, 8, 6, 10, 5, 11, 0, 7, 12], [5, 6, 10, 8, 3, 1, 15, 4, 12, 0, 7, 11, 2, 9, 13, 14], [11, 0, 7, 12, 10, 5, 8, 6, 14, 9, 13, 2, 1, 4, 3, 15], [2, 9, 13, 14, 7, 11, 12, 0, 15, 4, 3, 1, 5, 6, 10, 8]]","[[10, 8, 11, 0, 5, 3, 6, 15, 9, 12, 2, 7, 13, 14, 1, 4], [3, 15, 5, 6, 1, 13, 4, 14, 0, 8, 11, 10, 7, 12, 2, 9], [13, 14, 1, 4, 2, 7, 9, 12, 6, 15, 5, 3, 10, 8, 11, 0], [7, 12, 2, 9, 11, 10, 0, 8, 4, 14, 1, 13, 3, 15, 5, 6], [15, 5, 6, 10, 4, 14, 3, 1, 7, 11, 0, 8, 12, 2, 9, 13], [12, 2, 9, 13, 0, 8, 7, 11, 3, 1, 4, 14, 15, 5, 6, 10], [14, 1, 4, 3, 9, 12, 13, 2, 10, 5, 6, 15, 8, 11, 0, 7], [8, 11, 0, 7, 6, 15, 10, 5, 13, 2, 9, 12, 14, 1, 4, 3], [6, 10, 8, 11, 15, 4, 5, 3, 2, 7, 12, 0, 9, 13, 14, 1], [0, 7, 12, 2, 8, 6, 11, 10, 1, 13, 14, 9, 4, 3, 15, 5], [4, 3, 15, 5, 14, 9, 1, 13, 11, 10, 8, 6, 0, 7, 12, 2], [9, 13, 14, 1, 12, 0, 2, 7, 5, 3, 15, 4, 6, 10, 8, 11], [1, 4, 3, 15, 13, 2, 14, 9, 8, 6, 10, 5, 11, 0, 7, 12], [5, 6, 10, 8, 3, 1, 15, 4, 12, 0, 7, 11, 2, 9, 13, 14], [11, 8, 7, 12, 10, 5, 0, 6, 14, 9, 13, 2, 1, 4, 3, 15], [2, 9, 13, 14, 7, 11, 12, 0, 15, 4, 3, 1, 5, 6, 10, 8]]","[[10, 8, 11, 0, 5, 3, 6, 15, 9, 12, 2, 7, 13, 14, 1, 4], [3, 15, 5, 6, 1, 13, 4, 14, 0, 8, 11, 10, 7, 12, 2, 9], [13, 14, 1, 4, 2, 7, 9, 3, 6, 15, 5, 12, 10, 8, 11, 0], [7, 12, 2, 9, 11, 10, 0, 8, 4, 14, 1, 13, 3, 15, 5, 6], [15, 5, 6, 10, 4, 14, 3, 1, 7, 11, 0, 8, 12, 2, 9, 13], [12, 2, 9, 13, 0, 8, 7, 11, 3, 1, 4, 14, 15, 5, 6, 10], [14, 1, 4, 3, 9, 12, 13, 2, 10, 5, 6, 15, 8, 11, 0, 7], [8, 11, 0, 7, 6, 15, 10, 5, 13, 2, 9, 12, 14, 1, 4, 3], [6, 10, 8, 11, 15, 4, 5, 3, 2, 7, 12, 0, 9, 13, 14, 1], [0, 7, 12, 2, 8, 6, 11, 10, 1, 13, 14, 9, 4, 3, 15, 5], [4, 3, 15, 5, 14, 9, 1, 13, 11, 10, 8, 6, 0, 7, 12, 2], [9, 13, 14, 1, 12, 0, 2, 7, 5, 3, 15, 4, 6, 10, 8, 11], [1, 4, 3, 15, 13, 2, 14, 9, 8, 6, 10, 5, 11, 0, 7, 12], [5, 6, 10, 8, 3, 1, 15, 4, 12, 0, 7, 11, 2, 9, 13, 14], [11, 0, 7, 12, 10, 5, 8, 6, 14, 9, 13, 2, 1, 4, 3, 15], [2, 9, 13, 14, 7, 11, 12, 0, 15, 4, 3, 1, 5, 6, 10, 8]]",A,"[[10, 8, 11, 0, 5, 3, 6, 15, 9, 12, 2, 7, 13, 14, 1, 4], [3, 15, 5, 6, 1, 13, 4, 14, 0, 8, 11, 10, 7, 12, 2, 9], [13, 14, 1, 4, 2, 7, 9, 12, 6, 15, 5, 3, 10, 8, 11, 0], [7, 12, 2, 9, 11, 10, 0, 8, 4, 14, 1, 13, 3, 15, 5, 6], [15, 5, 6, 10, 4, 14, 3, 1, 7, 11, 0, 8, 12, 2, 9, 13], [12, 2, 9, 13, 0, 8, 7, 11, 3, 1, 4, 14, 15, 5, 6, 10], [14, 1, 4, 3, 9, 12, 13, 2, 10, 5, 6, 15, 8, 11, 0, 7], [8, 11, 0, 7, 6, 15, 10, 5, 13, 2, 9, 12, 14, 1, 4, 3], [6, 10, 8, 11, 15, 4, 5, 3, 2, 7, 12, 0, 9, 13, 14, 1], [0, 7, 12, 2, 8, 6, 11, 10, 1, 13, 14, 9, 4, 3, 15, 5], [4, 3, 15, 5, 14, 9, 1, 13, 11, 10, 8, 6, 0, 7, 12, 2], [9, 13, 14, 1, 12, 0, 2, 7, 5, 3, 15, 4, 6, 10, 8, 11], [1, 4, 3, 15, 13, 2, 14, 9, 8, 6, 10, 5, 11, 0, 7, 12], [5, 6, 10, 8, 3, 1, 15, 4, 12, 0, 7, 11, 2, 9, 13, 14], [11, 0, 7, 12, 10, 5, 8, 6, 14, 9, 13, 2, 1, 4, 3, 15], [2, 9, 13, 14, 7, 11, 12, 0, 15, 4, 3, 1, 5, 6, 10, 8]]","{""num_givens"": 100, ""grid_size"": 16}"
sudoku_cf4_hex_0098,sudoku_cf4_hex,counterfactual,"[[2, null, null, 3, null, null, 9, null, null, 6, null, 14, 7, 5, 1, null], [9, 10, null, null, null, 15, 4, null, null, null, null, null, null, 0, null, null], [null, null, null, 15, null, null, null, null, null, null, null, 12, 9, null, 11, null], [null, null, 8, 1, null, null, null, 12, 11, null, 9, 13, 4, null, 15, null], [null, 15, null, 5, null, null, null, 7, null, 3, null, null, null, 11, null, 9], [null, 3, null, null, null, 6, null, null, null, 15, null, null, null, null, null, null], [null, 11, null, null, 15, null, 8, null, null, null, 12, 7, 13, 3, null, null], [null, 1, null, null, null, 10, null, null, null, null, null, null, null, null, 5, null], [null, null, null, 8, null, 12, 1, null, 13, null, null, 0, null, 9, null, null], [null, null, 10, null, null, null, 15, null, 12, 7, null, null, null, null, 13, 0], [null, null, 5, null, 2, 13, 3, 0, null, null, null, null, null, null, 8, null], [null, null, 0, 13, 9, 14, 11, null, 8, 4, 15, null, 1, null, 12, null], [null, null, null, 9, null, null, 6, null, 7, null, null, null, 0, null, null, 1], [null, 8, 15, null, 12, 2, null, null, 9, 13, null, 3, null, null, null, 11], [0, 12, null, null, null, null, 10, 3, 4, null, null, 11, 5, null, null, null], [6, null, null, 4, 8, null, 5, 15, 2, null, null, null, 10, 13, null, null]]","Solve the following hexadecimal Sudoku puzzle.
Rule change: The grid is 16×16 (instead of 9×9). The blocks are 4×4 (instead of 3×3). The valid symbols are the hexadecimal digits {0, 1, 2, 3, 4, 5, 6, 7, 8, 9, A, B, C, D, E, F}. Each row, column, and 4×4 block must contain each symbol exactly once.

Puzzle (. = empty cell):
2 . . 3 | . . 9 . | . 6 . E | 7 5 1 .
9 A . . | . F 4 . | . . . . | . . . .
. . . F | . . . . | . . . C | 9 . B .
. . 8 1 | . . . C | B . 9 D | 4 . F .
-------------------------------------
. F . 5 | . . . 7 | . 3 . . | . B . 9
. 3 . . | . 6 . . | . F . . | . . . .
. B . . | F . 8 . | . . C 7 | D 3 . .
. 1 . . | . A . . | . . . . | . . 5 .
-------------------------------------
. . . 8 | . C 1 . | D . . . | . 9 . .
. . A . | . . F . | C 7 . . | . . D .
. . 5 . | 2 D 3 . | . . . . | . . 8 .
. . . D | 9 E B . | 8 4 F . | 1 . C .
-------------------------------------
. . . 9 | . . 6 . | 7 . . . | . . . 1
. 8 F . | C 2 . . | 9 D . 3 | . . . B
. C . . | . . A 3 | 4 . . B | 5 . . .
6 . . 4 | 8 . 5 F | 2 . . . | A D . .

Which of the following is the correct completed solution?","[[2, 0, 12, 3, 10, 11, 9, 13, 15, 6, 4, 14, 7, 5, 1, 8], [9, 10, 13, 11, 6, 15, 4, 14, 1, 5, 7, 8, 2, 0, 3, 12], [4, 6, 14, 15, 5, 1, 7, 8, 3, 0, 2, 12, 9, 10, 11, 13], [7, 5, 8, 1, 0, 3, 2, 12, 11, 10, 9, 13, 4, 6, 15, 14], [8, 15, 4, 5, 1, 0, 12, 7, 10, 3, 13, 2, 14, 11, 6, 9], [13, 3, 2, 10, 11, 6, 14, 9, 5, 15, 8, 4, 12, 1, 0, 7], [14, 11, 9, 6, 15, 5, 8, 4, 0, 1, 12, 7, 13, 3, 10, 2], [12, 1, 7, 0, 3, 10, 13, 2, 6, 11, 14, 9, 8, 15, 5, 4], [15, 4, 6, 8, 7, 12, 1, 5, 13, 2, 3, 0, 11, 9, 14, 10], [11, 9, 10, 14, 4, 8, 15, 6, 12, 7, 1, 5, 3, 2, 13, 0], [1, 7, 5, 9, 2, 13, 3, 0, 14, 12, 11, 10, 15, 4, 8, 6], [3, 2, 0, 13, 9, 14, 11, 10, 8, 4, 15, 6, 1, 7, 12, 5], [10, 13, 3, 9, 14, 4, 6, 11, 7, 8, 5, 15, 0, 12, 2, 1], [5, 8, 15, 7, 12, 2, 0, 1, 9, 13, 10, 3, 6, 14, 4, 11], [0, 12, 1, 2, 13, 9, 10, 3, 4, 14, 6, 11, 5, 8, 7, 15], [6, 14, 11, 4, 8, 7, 5, 15, 2, 12, 0, 1, 10, 13, 9, 3]]","[[2, 0, 12, 3, 10, 11, 9, 13, 8, 6, 4, 14, 7, 5, 1, 15], [9, 10, 13, 11, 6, 15, 4, 14, 1, 5, 7, 8, 2, 0, 3, 12], [4, 6, 14, 15, 5, 1, 7, 8, 3, 0, 2, 12, 9, 10, 11, 13], [7, 5, 8, 1, 0, 3, 2, 12, 11, 10, 9, 13, 4, 6, 15, 14], [8, 15, 4, 5, 1, 0, 12, 7, 10, 3, 13, 2, 14, 11, 6, 9], [13, 3, 2, 10, 11, 6, 14, 9, 5, 15, 8, 4, 12, 1, 0, 7], [14, 11, 9, 6, 15, 5, 8, 4, 0, 1, 12, 7, 13, 3, 10, 2], [12, 1, 7, 0, 3, 10, 13, 2, 6, 11, 14, 9, 8, 15, 5, 4], [15, 4, 6, 8, 7, 12, 1, 5, 13, 2, 3, 0, 11, 9, 14, 10], [11, 9, 10, 14, 4, 8, 15, 6, 12, 7, 1, 5, 3, 2, 13, 0], [1, 7, 5, 12, 2, 13, 3, 0, 14, 9, 11, 10, 15, 4, 8, 6], [3, 2, 0, 13, 9, 14, 11, 10, 8, 4, 15, 6, 1, 7, 12, 5], [10, 13, 3, 9, 14, 4, 6, 11, 7, 8, 5, 15, 0, 12, 2, 1], [5, 8, 15, 7, 12, 2, 0, 1, 9, 13, 10, 3, 6, 14, 4, 11], [0, 12, 1, 2, 13, 9, 10, 3, 4, 14, 6, 11, 5, 8, 7, 15], [6, 14, 11, 4, 8, 7, 5, 15, 2, 12, 0, 1, 10, 13, 9, 3]]","[[2, 0, 12, 3, 10, 11, 9, 13, 15, 6, 4, 14, 7, 5, 1, 8], [9, 10, 13, 11, 6, 15, 4, 14, 1, 5, 7, 8, 2, 0, 3, 12], [4, 6, 14, 15, 5, 1, 7, 8, 3, 0, 2, 12, 9, 10, 11, 13], [7, 5, 8, 1, 0, 3, 2, 12, 11, 10, 9, 13, 4, 6, 15, 14], [8, 15, 4, 5, 1, 0, 12, 7, 10, 3, 13, 2, 14, 11, 6, 9], [13, 3, 2, 10, 11, 6, 14, 9, 5, 15, 8, 4, 12, 1, 0, 7], [14, 11, 9, 6, 15, 5, 8, 4, 0, 1, 12, 7, 13, 3, 10, 2], [12, 1, 7, 0, 3, 10, 13, 2, 6, 11, 14, 9, 8, 15, 5, 4], [15, 4, 6, 8, 7, 12, 1, 5, 13, 2, 3, 0, 11, 9, 14, 10], [11, 9, 10, 14, 4, 8, 15, 6, 12, 7, 1, 5, 3, 2, 13, 0], [1, 7, 5, 12, 2, 13, 3, 0, 14, 9, 11, 10, 15, 4, 8, 6], [3, 7, 0, 13, 9, 14, 11, 10, 8, 4, 15, 6, 1, 2, 12, 5], [10, 13, 3, 9, 14, 4, 6, 11, 7, 8, 5, 15, 0, 12, 2, 1], [5, 8, 15, 7, 12, 2, 0, 1, 9, 13, 10, 3, 6, 14, 4, 11], [0, 12, 1, 2, 13, 9, 10, 3, 4, 14, 6, 11, 5, 8, 7, 15], [6, 14, 11, 4, 8, 7, 5, 15, 2, 12, 0, 1, 10, 13, 9, 3]]","[[2, 0, 12, 3, 10, 11, 9, 13, 15, 6, 4, 14, 7, 5, 1, 8], [9, 10, 13, 11, 6, 15, 4, 14, 1, 5, 7, 8, 2, 0, 3, 12], [4, 6, 14, 15, 5, 1, 7, 8, 3, 0, 2, 12, 9, 10, 11, 13], [7, 5, 8, 1, 0, 3, 2, 12, 11, 10, 9, 13, 4, 6, 15, 14], [8, 15, 4, 5, 1, 0, 12, 7, 10, 3, 13, 2, 14, 11, 6, 9], [13, 3, 2, 10, 11, 6, 14, 9, 5, 15, 8, 4, 12, 1, 0, 7], [14, 11, 9, 6, 15, 5, 8, 4, 0, 1, 12, 7, 13, 3, 10, 2], [12, 1, 7, 0, 3, 10, 13, 2, 6, 11, 14, 9, 8, 15, 5, 4], [15, 4, 6, 8, 7, 12, 1, 5, 13, 2, 3, 0, 11, 9, 14, 10], [11, 9, 10, 14, 4, 8, 15, 6, 12, 7, 1, 5, 3, 2, 13, 0], [1, 7, 5, 12, 2, 13, 3, 0, 14, 9, 11, 10, 15, 4, 8, 6], [3, 2, 0, 13, 9, 14, 11, 10, 8, 4, 15, 6, 1, 7, 12, 5], [10, 13, 3, 9, 14, 4, 6, 11, 7, 8, 5, 15, 0, 12, 2, 1], [5, 8, 15, 7, 12, 2, 0, 1, 9, 13, 10, 3, 6, 14, 4, 11], [0, 12, 1, 2, 13, 9, 10, 3, 4, 14, 6, 11, 5, 8, 7, 15], [6, 14, 11, 4, 8, 7, 5, 15, 2, 12, 0, 1, 10, 13, 9, 3]]",D,"[[2, 0, 12, 3, 10, 11, 9, 13, 15, 6, 4, 14, 7, 5, 1, 8], [9, 10, 13, 11, 6, 15, 4, 14, 1, 5, 7, 8, 2, 0, 3, 12], [4, 6, 14, 15, 5, 1, 7, 8, 3, 0, 2, 12, 9, 10, 11, 13], [7, 5, 8, 1, 0, 3, 2, 12, 11, 10, 9, 13, 4, 6, 15, 14], [8, 15, 4, 5, 1, 0, 12, 7, 10, 3, 13, 2, 14, 11, 6, 9], [13, 3, 2, 10, 11, 6, 14, 9, 5, 15, 8, 4, 12, 1, 0, 7], [14, 11, 9, 6, 15, 5, 8, 4, 0, 1, 12, 7, 13, 3, 10, 2], [12, 1, 7, 0, 3, 10, 13, 2, 6, 11, 14, 9, 8, 15, 5, 4], [15, 4, 6, 8, 7, 12, 1, 5, 13, 2, 3, 0, 11, 9, 14, 10], [11, 9, 10, 14, 4, 8, 15, 6, 12, 7, 1, 5, 3, 2, 13, 0], [1, 7, 5, 12, 2, 13, 3, 0, 14, 9, 11, 10, 15, 4, 8, 6], [3, 2, 0, 13, 9, 14, 11, 10, 8, 4, 15, 6, 1, 7, 12, 5], [10, 13, 3, 9, 14, 4, 6, 11, 7, 8, 5, 15, 0, 12, 2, 1], [5, 8, 15, 7, 12, 2, 0, 1, 9, 13, 10, 3, 6, 14, 4, 11], [0, 12, 1, 2, 13, 9, 10, 3, 4, 14, 6, 11, 5, 8, 7, 15], [6, 14, 11, 4, 8, 7, 5, 15, 2, 12, 0, 1, 10, 13, 9, 3]]","{""num_givens"": 100, ""grid_size"": 16}"
sudoku_cf4_hex_0099,sudoku_cf4_hex,counterfactual,"[[null, 1, 15, null, null, null, 3, 2, 12, null, null, null, null, 7, null, 8], [11, null, null, null, null, null, null, null, null, null, null, null, null, null, null, null], [null, null, null, null, null, null, null, 6, 1, null, 0, null, 14, null, null, null], [null, null, 14, null, null, 15, null, 5, 8, null, 7, null, null, 11, 6, null], [4, 10, null, null, 6, null, null, 9, null, null, 8, 15, 3, 12, 14, null], [1, 6, null, null, 10, null, 4, null, null, null, 12, 14, 0, 8, null, 5], [null, 2, null, null, 5, null, 8, null, 10, null, 4, 13, null, 1, 9, 6], [null, null, null, null, null, 3, 12, null, 6, 11, null, null, null, null, 13, null], [null, 11, 5, 1, 7, null, 14, null, 3, 6, null, null, 10, null, null, 0], [null, null, null, null, null, null, null, null, 11, null, null, 1, 2, null, null, null], [null, 3, null, null, null, 10, 13, 8, 7, 2, 14, null, 5, null, null, 11], [null, null, null, null, null, null, null, null, null, 10, 13, null, 6, 9, null, 3], [null, null, null, null, null, null, null, null, null, 8, null, null, 12, null, null, 14], [null, null, 1, null, null, null, null, null, 14, null, null, 3, null, null, null, 15], [6, null, null, null, 15, 8, 10, 0, null, 4, 2, 7, 1, null, 11, 9], [10, null, null, null, null, null, null, null, null, 1, null, null, 4, null, 7, 13]]","Solve the following hexadecimal Sudoku puzzle.
Rule change: The grid is 16×16 (instead of 9×9). The blocks are 4×4 (instead of 3×3). The valid symbols are the hexadecimal digits {0, 1, 2, 3, 4, 5, 6, 7, 8, 9, A, B, C, D, E, F}. Each row, column, and 4×4 block must contain each symbol exactly once.

Puzzle (. = empty cell):
. 1 F . | . . 3 2 | C . . . | . 7 . 8
B . . . | . . . . | . . . . | . . . .
. . . . | . . . 6 | 1 . . . | E . . .
. . E . | . F . 5 | 8 . 7 . | . B 6 .
-------------------------------------
4 A . . | 6 . . 9 | . . 8 F | 3 C E .
1 6 . . | A . 4 . | . . C E | . 8 . 5
. 2 . . | 5 . 8 . | A . 4 D | . 1 9 6
. . . . | . 3 C . | 6 B . . | . . D .
-------------------------------------
. B 5 1 | 7 . E . | 3 6 . . | A . . .
. . . . | . . . . | B . . 1 | 2 . . .
. 3 . . | . A D 8 | 7 2 E . | 5 . . B
. . . . | . . . . | . A D . | 6 9 . 3
-------------------------------------
. . . . | . . . . | . 8 . . | C . . E
. . 1 . | . . . . | E . . 3 | . . . F
6 . . . | F 8 A . | . 4 2 7 | 1 . B 9
A . . . | . . . . | . 1 . . | 4 . 7 D

Which of the following is the correct completed solution?","[[0, 1, 15, 5, 4, 14, 3, 2, 12, 9, 11, 6, 13, 7, 10, 8], [11, 12, 9, 6, 8, 13, 14, 10, 4, 7, 3, 2, 15, 0, 5, 1], [7, 8, 13, 10, 12, 9, 11, 6, 1, 15, 0, 5, 14, 3, 2, 4], [3, 4, 14, 2, 1, 15, 0, 5, 8, 13, 7, 10, 9, 11, 6, 12], [4, 10, 7, 13, 6, 11, 1, 9, 5, 0, 8, 15, 3, 12, 14, 2], [1, 6, 11, 9, 10, 7, 4, 13, 2, 3, 12, 14, 0, 8, 15, 5], [12, 2, 3, 14, 5, 0, 8, 15, 10, 7, 4, 13, 11, 1, 9, 6], [8, 5, 0, 15, 2, 3, 12, 14, 6, 11, 1, 9, 7, 4, 13, 10], [15, 11, 5, 1, 7, 2, 14, 4, 3, 6, 9, 12, 10, 13, 8, 0], [13, 0, 10, 8, 3, 6, 9, 12, 11, 5, 15, 1, 2, 14, 4, 7], [9, 3, 6, 12, 0, 10, 13, 8, 7, 2, 14, 4, 5, 15, 1, 11], [14, 7, 2, 4, 11, 5, 15, 1, 0, 10, 13, 8, 6, 9, 12, 3], [2, 13, 4, 7, 9, 1, 5, 11, 15, 8, 10, 0, 12, 6, 3, 14], [5, 9, 1, 11, 13, 4, 2, 7, 14, 12, 6, 3, 8, 10, 0, 15], [6, 14, 12, 3, 15, 8, 10, 0, 13, 4, 2, 7, 1, 5, 11, 9], [10, 15, 8, 0, 14, 12, 6, 3, 9, 1, 5, 11, 4, 2, 7, 13]]","[[0, 1, 15, 5, 4, 14, 3, 2, 12, 9, 11, 6, 13, 7, 10, 8], [11, 12, 9, 6, 8, 13, 7, 10, 4, 14, 3, 2, 15, 0, 5, 1], [7, 8, 13, 10, 12, 9, 11, 6, 1, 15, 0, 5, 14, 3, 2, 4], [3, 4, 14, 2, 1, 15, 0, 5, 8, 13, 7, 10, 9, 11, 6, 12], [4, 10, 7, 13, 6, 11, 1, 9, 5, 0, 8, 15, 3, 12, 14, 2], [1, 6, 11, 9, 10, 7, 4, 13, 2, 3, 12, 14, 0, 8, 15, 5], [12, 2, 3, 14, 5, 0, 8, 15, 10, 7, 4, 13, 11, 1, 9, 6], [8, 5, 0, 15, 2, 3, 12, 14, 6, 11, 1, 9, 7, 4, 13, 10], [15, 11, 5, 1, 7, 2, 14, 4, 3, 6, 9, 12, 10, 13, 8, 0], [13, 0, 10, 8, 3, 6, 9, 12, 11, 5, 15, 1, 2, 14, 4, 7], [9, 3, 6, 12, 0, 10, 13, 8, 7, 2, 14, 4, 5, 15, 1, 11], [14, 7, 2, 4, 11, 5, 15, 1, 0, 10, 13, 8, 6, 9, 12, 3], [2, 13, 4, 7, 9, 1, 5, 11, 15, 8, 10, 0, 12, 6, 3, 14], [5, 9, 1, 11, 13, 4, 2, 7, 14, 12, 6, 3, 8, 10, 0, 15], [6, 14, 12, 5, 15, 8, 10, 0, 13, 4, 2, 7, 1, 3, 11, 9], [10, 15, 8, 0, 14, 12, 6, 3, 9, 1, 5, 11, 4, 2, 7, 13]]","[[0, 1, 15, 5, 4, 14, 3, 2, 12, 9, 11, 6, 13, 7, 10, 8], [11, 12, 9, 6, 8, 13, 7, 10, 4, 14, 3, 2, 15, 0, 5, 1], [7, 8, 13, 10, 12, 9, 11, 6, 1, 15, 0, 5, 14, 3, 2, 4], [3, 4, 14, 2, 1, 15, 0, 5, 8, 13, 7, 10, 9, 11, 6, 12], [4, 10, 7, 13, 6, 11, 1, 9, 5, 0, 8, 15, 3, 12, 14, 2], [1, 6, 11, 9, 10, 7, 4, 13, 2, 3, 12, 14, 0, 8, 15, 5], [12, 2, 3, 14, 5, 0, 8, 15, 10, 7, 4, 13, 11, 1, 9, 6], [8, 5, 0, 15, 2, 3, 12, 14, 6, 11, 1, 9, 7, 4, 13, 10], [15, 11, 5, 1, 7, 2, 14, 4, 3, 6, 9, 12, 10, 13, 8, 0], [13, 0, 10, 8, 3, 6, 9, 12, 11, 5, 15, 1, 2, 14, 4, 7], [9, 3, 6, 12, 0, 10, 13, 8, 7, 2, 14, 4, 5, 15, 1, 11], [14, 7, 2, 4, 11, 5, 15, 1, 0, 10, 13, 8, 6, 9, 12, 3], [2, 13, 4, 7, 9, 1, 5, 11, 15, 8, 10, 0, 12, 6, 3, 14], [5, 9, 1, 11, 13, 4, 2, 7, 14, 12, 6, 3, 8, 10, 0, 15], [6, 14, 12, 3, 15, 8, 10, 0, 13, 4, 2, 7, 1, 5, 11, 9], [10, 15, 8, 0, 14, 12, 6, 3, 9, 1, 5, 11, 4, 2, 7, 13]]","[[0, 1, 15, 5, 4, 14, 3, 2, 12, 9, 11, 6, 13, 7, 10, 8], [11, 12, 9, 6, 8, 13, 7, 10, 4, 14, 3, 2, 15, 0, 5, 1], [7, 8, 13, 10, 12, 9, 11, 6, 1, 15, 0, 5, 14, 3, 2, 4], [3, 4, 14, 2, 1, 15, 0, 5, 8, 13, 7, 10, 9, 11, 6, 12], [4, 10, 7, 13, 6, 11, 1, 9, 5, 0, 8, 15, 3, 12, 14, 2], [1, 6, 11, 9, 10, 7, 4, 13, 2, 3, 12, 14, 0, 8, 15, 5], [12, 2, 3, 14, 5, 0, 8, 15, 10, 7, 4, 13, 11, 1, 9, 6], [8, 5, 0, 15, 2, 3, 12, 14, 6, 11, 1, 9, 7, 4, 13, 10], [15, 11, 5, 1, 7, 2, 14, 4, 3, 6, 9, 12, 10, 13, 8, 0], [13, 0, 10, 8, 3, 6, 9, 12, 11, 5, 15, 1, 2, 14, 4, 7], [9, 3, 6, 12, 0, 10, 13, 8, 7, 2, 14, 4, 5, 15, 1, 11], [14, 7, 2, 4, 11, 5, 15, 1, 0, 10, 13, 8, 6, 9, 12, 3], [2, 13, 4, 7, 9, 1, 5, 11, 15, 8, 10, 0, 12, 6, 3, 14], [5, 9, 1, 11, 13, 4, 2, 7, 14, 12, 6, 3, 8, 10, 0, 15], [6, 14, 12, 3, 15, 8, 10, 0, 13, 4, 2, 7, 1, 5, 11, 9], [10, 15, 8, 0, 3, 12, 6, 14, 9, 1, 5, 11, 4, 2, 7, 13]]",C,"[[0, 1, 15, 5, 4, 14, 3, 2, 12, 9, 11, 6, 13, 7, 10, 8], [11, 12, 9, 6, 8, 13, 7, 10, 4, 14, 3, 2, 15, 0, 5, 1], [7, 8, 13, 10, 12, 9, 11, 6, 1, 15, 0, 5, 14, 3, 2, 4], [3, 4, 14, 2, 1, 15, 0, 5, 8, 13, 7, 10, 9, 11, 6, 12], [4, 10, 7, 13, 6, 11, 1, 9, 5, 0, 8, 15, 3, 12, 14, 2], [1, 6, 11, 9, 10, 7, 4, 13, 2, 3, 12, 14, 0, 8, 15, 5], [12, 2, 3, 14, 5, 0, 8, 15, 10, 7, 4, 13, 11, 1, 9, 6], [8, 5, 0, 15, 2, 3, 12, 14, 6, 11, 1, 9, 7, 4, 13, 10], [15, 11, 5, 1, 7, 2, 14, 4, 3, 6, 9, 12, 10, 13, 8, 0], [13, 0, 10, 8, 3, 6, 9, 12, 11, 5, 15, 1, 2, 14, 4, 7], [9, 3, 6, 12, 0, 10, 13, 8, 7, 2, 14, 4, 5, 15, 1, 11], [14, 7, 2, 4, 11, 5, 15, 1, 0, 10, 13, 8, 6, 9, 12, 3], [2, 13, 4, 7, 9, 1, 5, 11, 15, 8, 10, 0, 12, 6, 3, 14], [5, 9, 1, 11, 13, 4, 2, 7, 14, 12, 6, 3, 8, 10, 0, 15], [6, 14, 12, 3, 15, 8, 10, 0, 13, 4, 2, 7, 1, 5, 11, 9], [10, 15, 8, 0, 14, 12, 6, 3, 9, 1, 5, 11, 4, 2, 7, 13]]","{""num_givens"": 100, ""grid_size"": 16}"
sudoku_cf4_hex_0100,sudoku_cf4_hex,counterfactual,"[[6, 14, 3, null, 9, null, 8, null, null, 15, null, null, null, 4, 0, null], [2, null, null, 4, 15, 11, null, null, null, 9, null, 8, 6, 13, 14, null], [11, null, null, 7, 3, 6, null, 14, 0, 10, null, null, null, 8, null, null], [null, null, 9, null, null, null, 4, 0, null, 3, 6, null, null, null, null, 15], [null, 2, null, null, null, null, 15, null, null, null, 8, null, null, null, null, null], [null, 5, 14, null, null, null, 10, null, 6, null, null, 3, null, null, null, 0], [null, null, null, 15, null, 13, null, null, 2, null, null, null, null, 9, null, 14], [null, 6, null, 3, null, 8, null, 5, null, null, null, 15, 4, 10, null, null], [14, null, 13, 6, null, null, null, null, null, null, null, null, 0, null, null, null], [0, 15, null, null, null, 12, null, 3, 10, 8, 1, null, null, 6, 9, null], [null, null, null, null, 4, null, null, 15, null, null, 14, null, 12, 11, 3, 7], [null, null, null, null, null, null, null, null, null, null, null, 2, 1, null, 10, null], [null, null, null, null, null, null, null, 13, 4, null, null, 1, 9, null, null, 6], [null, null, null, null, null, null, null, 8, null, null, null, 0, null, null, null, null], [null, 4, 5, 1, null, null, null, 7, null, 6, 9, null, 3, 12, 13, null], [9, null, null, 14, null, null, 1, null, 13, null, 3, 12, 15, 0, 7, null]]","Solve the following hexadecimal Sudoku puzzle.
Rule change: The grid is 16×16 (instead of 9×9). The blocks are 4×4 (instead of 3×3). The valid symbols are the hexadecimal digits {0, 1, 2, 3, 4, 5, 6, 7, 8, 9, A, B, C, D, E, F}. Each row, column, and 4×4 block must contain each symbol exactly once.

Puzzle (. = empty cell):
6 E 3 . | 9 . 8 . | . F . . | . 4 . .
2 . . 4 | F B . . | . 9 . 8 | 6 D E .
B . . 7 | 3 6 . E | . A . . | . 8 . .
. . 9 . | . . 4 . | . 3 6 . | . . . F
-------------------------------------
. 2 . . | . . F . | . . 8 . | . . . .
. 5 E . | . . A . | 6 . . 3 | . . . .
. . . F | . D . . | 2 . . . | . 9 . E
. 6 . 3 | . 8 . 5 | . . . F | 4 A . .
-------------------------------------
E . D 6 | . . . . | . . . . | . . . .
. F . . | . C . 3 | A 8 1 . | . 6 9 .
. . . . | 4 . . F | . . E . | C B 3 7
. . . . | . . . . | . . . 2 | 1 . A .
-------------------------------------
. . . . | . . . D | 4 . . 1 | 9 . . 6
. . . . | . . . 8 | . . . . | . . . .
. 4 5 1 | . . . 7 | . 6 9 . | 3 C D .
9 . . E | . . 1 . | D . 3 C | F . 7 .

Which of the following is the correct completed solution?","[[6, 14, 3, 13, 9, 5, 8, 1, 12, 15, 11, 7, 2, 4, 0, 10], [2, 0, 10, 4, 15, 11, 7, 12, 1, 9, 5, 8, 6, 13, 14, 3], [11, 12, 15, 7, 3, 6, 13, 14, 0, 10, 2, 4, 5, 8, 1, 9], [5, 1, 9, 8, 10, 2, 4, 0, 14, 3, 6, 13, 11, 7, 12, 15], [4, 2, 1, 10, 0, 7, 15, 11, 5, 14, 8, 9, 13, 3, 6, 12], [8, 5, 14, 9, 1, 4, 10, 2, 6, 12, 13, 3, 7, 15, 11, 0], [7, 11, 0, 15, 12, 13, 3, 6, 2, 1, 4, 10, 8, 9, 5, 14], [13, 6, 12, 3, 14, 8, 9, 5, 11, 0, 7, 15, 4, 10, 2, 1], [14, 9, 13, 6, 8, 1, 5, 10, 3, 7, 12, 11, 0, 2, 15, 4], [0, 15, 4, 2, 7, 12, 11, 3, 10, 8, 1, 5, 14, 6, 9, 13], [1, 10, 8, 5, 4, 0, 2, 15, 9, 13, 14, 6, 12, 11, 3, 7], [12, 3, 7, 11, 13, 14, 6, 9, 15, 4, 0, 2, 1, 5, 10, 8], [15, 7, 2, 0, 11, 3, 12, 13, 4, 5, 10, 1, 9, 14, 8, 6], [3, 13, 11, 12, 6, 9, 14, 8, 7, 2, 15, 0, 10, 1, 4, 5], [10, 4, 5, 1, 2, 15, 0, 7, 8, 6, 9, 14, 3, 12, 13, 11], [9, 8, 6, 14, 5, 10, 1, 4, 13, 11, 3, 12, 15, 0, 7, 2]]","[[6, 14, 3, 13, 9, 5, 8, 1, 12, 15, 11, 7, 2, 4, 0, 10], [2, 0, 10, 4, 15, 11, 7, 12, 1, 9, 5, 8, 6, 13, 14, 3], [11, 12, 15, 7, 3, 6, 13, 14, 0, 10, 2, 4, 5, 8, 1, 9], [5, 1, 9, 8, 10, 2, 4, 0, 14, 3, 6, 13, 11, 7, 12, 15], [4, 2, 1, 10, 0, 7, 15, 11, 5, 14, 8, 9, 13, 3, 6, 12], [8, 5, 14, 9, 1, 4, 10, 2, 6, 12, 13, 3, 7, 15, 11, 0], [7, 11, 0, 15, 12, 13, 3, 6, 2, 1, 4, 10, 8, 9, 5, 14], [13, 6, 12, 3, 14, 8, 9, 5, 11, 0, 7, 15, 4, 10, 2, 1], [14, 9, 13, 6, 8, 1, 5, 10, 3, 7, 12, 11, 0, 2, 15, 4], [0, 15, 4, 2, 7, 12, 11, 3, 10, 8, 1, 5, 14, 6, 9, 13], [1, 10, 8, 5, 4, 0, 2, 15, 9, 13, 14, 6, 12, 11, 3, 7], [12, 3, 7, 11, 13, 14, 6, 9, 15, 4, 0, 2, 1, 5, 10, 8], [15, 7, 2, 0, 11, 3, 12, 13, 4, 5, 10, 1, 9, 14, 8, 6], [3, 13, 11, 12, 6, 9, 14, 8, 7, 2, 15, 0, 10, 1, 4, 5], [10, 4, 5, 1, 2, 15, 0, 7, 8, 6, 9, 14, 3, 12, 13, 11], [9, 8, 6, 14, 5, 10, 1, 4, 13, 2, 3, 12, 15, 0, 7, 11]]","[[6, 14, 3, 13, 9, 5, 8, 1, 12, 15, 11, 7, 2, 4, 0, 10], [2, 0, 10, 4, 15, 11, 7, 12, 1, 9, 5, 8, 6, 13, 14, 3], [11, 12, 15, 7, 3, 6, 13, 14, 0, 10, 2, 4, 5, 8, 1, 9], [5, 1, 9, 8, 10, 2, 4, 0, 14, 3, 6, 13, 11, 7, 12, 15], [4, 2, 1, 10, 0, 7, 15, 11, 5, 14, 8, 9, 13, 3, 6, 12], [8, 5, 14, 9, 1, 4, 10, 2, 6, 12, 13, 3, 7, 15, 11, 0], [7, 11, 0, 15, 12, 13, 3, 6, 2, 1, 4, 10, 8, 9, 5, 14], [13, 6, 12, 3, 14, 8, 9, 5, 11, 0, 7, 15, 4, 10, 2, 1], [14, 9, 13, 6, 8, 1, 5, 10, 3, 7, 12, 11, 0, 2, 15, 4], [0, 15, 4, 2, 7, 12, 11, 3, 10, 8, 1, 5, 14, 6, 9, 13], [1, 10, 8, 5, 4, 0, 2, 15, 9, 13, 14, 6, 12, 11, 3, 7], [12, 3, 7, 11, 13, 14, 6, 9, 15, 4, 0, 2, 1, 5, 10, 8], [15, 7, 2, 0, 11, 3, 12, 13, 4, 5, 10, 1, 9, 14, 8, 6], [3, 13, 11, 12, 6, 9, 14, 8, 5, 2, 15, 0, 10, 1, 4, 7], [10, 4, 5, 1, 2, 15, 0, 7, 8, 6, 9, 14, 3, 12, 13, 11], [9, 8, 6, 14, 5, 10, 1, 4, 13, 11, 3, 12, 15, 0, 7, 2]]","[[6, 14, 3, 13, 9, 5, 8, 1, 12, 15, 2, 7, 11, 4, 0, 10], [2, 0, 10, 4, 15, 11, 7, 12, 1, 9, 5, 8, 6, 13, 14, 3], [11, 12, 15, 7, 3, 6, 13, 14, 0, 10, 2, 4, 5, 8, 1, 9], [5, 1, 9, 8, 10, 2, 4, 0, 14, 3, 6, 13, 11, 7, 12, 15], [4, 2, 1, 10, 0, 7, 15, 11, 5, 14, 8, 9, 13, 3, 6, 12], [8, 5, 14, 9, 1, 4, 10, 2, 6, 12, 13, 3, 7, 15, 11, 0], [7, 11, 0, 15, 12, 13, 3, 6, 2, 1, 4, 10, 8, 9, 5, 14], [13, 6, 12, 3, 14, 8, 9, 5, 11, 0, 7, 15, 4, 10, 2, 1], [14, 9, 13, 6, 8, 1, 5, 10, 3, 7, 12, 11, 0, 2, 15, 4], [0, 15, 4, 2, 7, 12, 11, 3, 10, 8, 1, 5, 14, 6, 9, 13], [1, 10, 8, 5, 4, 0, 2, 15, 9, 13, 14, 6, 12, 11, 3, 7], [12, 3, 7, 11, 13, 14, 6, 9, 15, 4, 0, 2, 1, 5, 10, 8], [15, 7, 2, 0, 11, 3, 12, 13, 4, 5, 10, 1, 9, 14, 8, 6], [3, 13, 11, 12, 6, 9, 14, 8, 7, 2, 15, 0, 10, 1, 4, 5], [10, 4, 5, 1, 2, 15, 0, 7, 8, 6, 9, 14, 3, 12, 13, 11], [9, 8, 6, 14, 5, 10, 1, 4, 13, 11, 3, 12, 15, 0, 7, 2]]",A,"[[6, 14, 3, 13, 9, 5, 8, 1, 12, 15, 11, 7, 2, 4, 0, 10], [2, 0, 10, 4, 15, 11, 7, 12, 1, 9, 5, 8, 6, 13, 14, 3], [11, 12, 15, 7, 3, 6, 13, 14, 0, 10, 2, 4, 5, 8, 1, 9], [5, 1, 9, 8, 10, 2, 4, 0, 14, 3, 6, 13, 11, 7, 12, 15], [4, 2, 1, 10, 0, 7, 15, 11, 5, 14, 8, 9, 13, 3, 6, 12], [8, 5, 14, 9, 1, 4, 10, 2, 6, 12, 13, 3, 7, 15, 11, 0], [7, 11, 0, 15, 12, 13, 3, 6, 2, 1, 4, 10, 8, 9, 5, 14], [13, 6, 12, 3, 14, 8, 9, 5, 11, 0, 7, 15, 4, 10, 2, 1], [14, 9, 13, 6, 8, 1, 5, 10, 3, 7, 12, 11, 0, 2, 15, 4], [0, 15, 4, 2, 7, 12, 11, 3, 10, 8, 1, 5, 14, 6, 9, 13], [1, 10, 8, 5, 4, 0, 2, 15, 9, 13, 14, 6, 12, 11, 3, 7], [12, 3, 7, 11, 13, 14, 6, 9, 15, 4, 0, 2, 1, 5, 10, 8], [15, 7, 2, 0, 11, 3, 12, 13, 4, 5, 10, 1, 9, 14, 8, 6], [3, 13, 11, 12, 6, 9, 14, 8, 7, 2, 15, 0, 10, 1, 4, 5], [10, 4, 5, 1, 2, 15, 0, 7, 8, 6, 9, 14, 3, 12, 13, 11], [9, 8, 6, 14, 5, 10, 1, 4, 13, 11, 3, 12, 15, 0, 7, 2]]","{""num_givens"": 100, ""grid_size"": 16}"
