id,rule,state,puzzle,question,correct_answer,params
sudoku_cf3_11to19_0001,sudoku_cf3_11to19,counterfactual,"[[14, 19, 0, 0, 0, 0, 16, 0, 17], [13, 16, 15, 0, 0, 14, 0, 18, 0], [0, 12, 17, 0, 0, 0, 0, 0, 0], [0, 0, 16, 0, 0, 13, 0, 17, 19], [0, 18, 0, 0, 19, 0, 0, 14, 0], [0, 14, 0, 16, 18, 0, 0, 13, 0], [18, 17, 0, 0, 0, 16, 0, 0, 0], [0, 0, 0, 0, 11, 12, 0, 0, 0], [0, 11, 0, 0, 0, 0, 0, 12, 15]]","Solve the following modified Sudoku puzzle.
Rule change: Instead of the digits 1–9, the valid symbols are 11–19. Each row, column, and 3×3 box must contain each of {11, 12, 13, 14, 15, 16, 17, 18, 19} exactly once.

Puzzle (. = empty cell):
14 19 . | . . . | 16 . 17
13 16 15 | . . 14 | . 18 .
. 12 17 | . . . | . . .
-----------------------
. . 16 | . . 13 | . 17 19
. 18 . | . 19 . | . 14 .
. 14 . | 16 18 . | . 13 .
-------------------------
18 17 . | . . 16 | . . .
. . . | . 11 12 | . . .
. 11 . | . . . | . 12 15","[[14, 19, 18, 13, 12, 11, 16, 15, 17], [13, 16, 15, 19, 17, 14, 12, 18, 11], [11, 12, 17, 15, 16, 18, 13, 19, 14], [12, 15, 16, 11, 14, 13, 18, 17, 19], [17, 18, 13, 12, 19, 15, 11, 14, 16], [19, 14, 11, 16, 18, 17, 15, 13, 12], [18, 17, 12, 14, 15, 16, 19, 11, 13], [15, 13, 19, 17, 11, 12, 14, 16, 18], [16, 11, 14, 18, 13, 19, 17, 12, 15]]","{""num_givens"": 30, ""grid_size"": 9}"
sudoku_cf3_11to19_0002,sudoku_cf3_11to19,counterfactual,"[[15, 13, 0, 0, 0, 0, 18, 0, 11], [19, 0, 0, 18, 0, 0, 0, 17, 0], [0, 18, 11, 0, 0, 0, 0, 0, 0], [16, 0, 0, 0, 12, 0, 15, 11, 0], [13, 0, 0, 0, 0, 17, 16, 0, 18], [18, 0, 12, 15, 0, 0, 0, 0, 14], [0, 0, 13, 0, 18, 0, 0, 0, 12], [0, 15, 0, 0, 0, 19, 0, 0, 0], [14, 0, 17, 0, 0, 15, 0, 0, 16]]","Solve the following modified Sudoku puzzle.
Rule change: Instead of the digits 1–9, the valid symbols are 11–19. Each row, column, and 3×3 box must contain each of {11, 12, 13, 14, 15, 16, 17, 18, 19} exactly once.

Puzzle (. = empty cell):
15 13 . | . . . | 18 . 11
19 . . | 18 . . | . 17 .
. 18 11 | . . . | . . .
-----------------------
16 . . | . 12 . | 15 11 .
13 . . | . . 17 | 16 . 18
18 . 12 | 15 . . | . . 14
-------------------------
. . 13 | . 18 . | . . 12
. 15 . | . . 19 | . . .
14 . 17 | . . 15 | . . 16","[[15, 13, 14, 19, 17, 12, 18, 16, 11], [19, 12, 16, 18, 14, 11, 13, 17, 15], [17, 18, 11, 13, 15, 16, 12, 14, 19], [16, 17, 19, 14, 12, 18, 15, 11, 13], [13, 14, 15, 11, 19, 17, 16, 12, 18], [18, 11, 12, 15, 16, 13, 17, 19, 14], [11, 16, 13, 17, 18, 14, 19, 15, 12], [12, 15, 18, 16, 11, 19, 14, 13, 17], [14, 19, 17, 12, 13, 15, 11, 18, 16]]","{""num_givens"": 30, ""grid_size"": 9}"
sudoku_cf3_11to19_0003,sudoku_cf3_11to19,counterfactual,"[[19, 0, 0, 17, 0, 0, 0, 12, 0], [18, 0, 0, 0, 13, 0, 17, 0, 0], [17, 0, 15, 0, 18, 0, 11, 0, 0], [0, 19, 0, 0, 14, 0, 0, 0, 15], [0, 0, 0, 16, 0, 0, 13, 0, 0], [0, 0, 13, 0, 19, 0, 12, 0, 11], [12, 0, 0, 0, 17, 18, 16, 14, 0], [16, 0, 18, 13, 0, 0, 0, 0, 0], [0, 17, 0, 0, 0, 14, 19, 0, 0]]","Solve the following modified Sudoku puzzle.
Rule change: Instead of the digits 1–9, the valid symbols are 11–19. Each row, column, and 3×3 box must contain each of {11, 12, 13, 14, 15, 16, 17, 18, 19} exactly once.

Puzzle (. = empty cell):
19 . . | 17 . . | . 12 .
18 . . | . 13 . | 17 . .
17 . 15 | . 18 . | 11 . .
-------------------------
. 19 . | . 14 . | . . 15
. . . | 16 . . | 13 . .
. . 13 | . 19 . | 12 . 11
-------------------------
12 . . | . 17 18 | 16 14 .
16 . 18 | 13 . . | . . .
. 17 . | . . 14 | 19 . .","[[19, 13, 16, 17, 15, 11, 14, 12, 18], [18, 11, 14, 19, 13, 12, 17, 15, 16], [17, 12, 15, 14, 18, 16, 11, 13, 19], [11, 19, 17, 12, 14, 13, 18, 16, 15], [15, 18, 12, 16, 11, 17, 13, 19, 14], [14, 16, 13, 18, 19, 15, 12, 17, 11], [12, 15, 19, 11, 17, 18, 16, 14, 13], [16, 14, 18, 13, 12, 19, 15, 11, 17], [13, 17, 11, 15, 16, 14, 19, 18, 12]]","{""num_givens"": 30, ""grid_size"": 9}"
sudoku_cf3_11to19_0004,sudoku_cf3_11to19,counterfactual,"[[0, 13, 0, 11, 0, 0, 0, 0, 0], [0, 16, 0, 0, 0, 0, 17, 0, 0], [12, 0, 0, 14, 0, 19, 16, 0, 0], [15, 0, 0, 19, 11, 0, 18, 0, 14], [0, 14, 0, 0, 0, 18, 12, 13, 0], [16, 0, 0, 15, 0, 14, 0, 11, 0], [0, 0, 0, 0, 0, 0, 0, 0, 18], [13, 0, 0, 18, 0, 0, 14, 19, 12], [0, 0, 15, 0, 19, 0, 11, 0, 0]]","Solve the following modified Sudoku puzzle.
Rule change: Instead of the digits 1–9, the valid symbols are 11–19. Each row, column, and 3×3 box must contain each of {11, 12, 13, 14, 15, 16, 17, 18, 19} exactly once.

Puzzle (. = empty cell):
. 13 . | 11 . . | . . .
. 16 . | . . . | 17 . .
12 . . | 14 . 19 | 16 . .
-------------------------
15 . . | 19 11 . | 18 . 14
. 14 . | . . 18 | 12 13 .
16 . . | 15 . 14 | . 11 .
-------------------------
. . . | . . . | . . 18
13 . . | 18 . . | 14 19 12
. . 15 | . 19 . | 11 . .","[[18, 13, 17, 11, 12, 16, 15, 14, 19], [19, 16, 14, 13, 18, 15, 17, 12, 11], [12, 15, 11, 14, 17, 19, 16, 18, 13], [15, 17, 13, 19, 11, 12, 18, 16, 14], [11, 14, 19, 17, 16, 18, 12, 13, 15], [16, 12, 18, 15, 13, 14, 19, 11, 17], [17, 19, 12, 16, 14, 11, 13, 15, 18], [13, 11, 16, 18, 15, 17, 14, 19, 12], [14, 18, 15, 12, 19, 13, 11, 17, 16]]","{""num_givens"": 30, ""grid_size"": 9}"
sudoku_cf3_11to19_0005,sudoku_cf3_11to19,counterfactual,"[[19, 0, 0, 12, 14, 0, 0, 0, 0], [0, 0, 14, 13, 15, 11, 0, 0, 0], [0, 0, 0, 0, 0, 16, 0, 0, 0], [0, 11, 0, 0, 0, 13, 19, 0, 0], [17, 0, 13, 14, 11, 19, 18, 0, 0], [0, 0, 0, 15, 0, 0, 13, 16, 0], [0, 0, 17, 16, 19, 15, 0, 0, 12], [14, 0, 15, 0, 0, 0, 0, 18, 0], [0, 0, 0, 0, 18, 0, 0, 17, 0]]","Solve the following modified Sudoku puzzle.
Rule change: Instead of the digits 1–9, the valid symbols are 11–19. Each row, column, and 3×3 box must contain each of {11, 12, 13, 14, 15, 16, 17, 18, 19} exactly once.

Puzzle (. = empty cell):
19 . . | 12 14 . | . . .
. . 14 | 13 15 11 | . . .
. . . | . . 16 | . . .
----------------------
. 11 . | . . 13 | 19 . .
17 . 13 | 14 11 19 | 18 . .
. . . | 15 . . | 13 16 .
------------------------
. . 17 | 16 19 15 | . . 12
14 . 15 | . . . | . 18 .
. . . | . 18 . | . 17 .","[[19, 17, 11, 12, 14, 18, 16, 15, 13], [16, 12, 14, 13, 15, 11, 17, 19, 18], [13, 15, 18, 19, 17, 16, 12, 11, 14], [15, 11, 12, 18, 16, 13, 19, 14, 17], [17, 16, 13, 14, 11, 19, 18, 12, 15], [18, 14, 19, 15, 12, 17, 13, 16, 11], [11, 18, 17, 16, 19, 15, 14, 13, 12], [14, 19, 15, 17, 13, 12, 11, 18, 16], [12, 13, 16, 11, 18, 14, 15, 17, 19]]","{""num_givens"": 30, ""grid_size"": 9}"
sudoku_cf3_11to19_0006,sudoku_cf3_11to19,counterfactual,"[[0, 0, 0, 0, 13, 11, 15, 0, 17], [0, 0, 17, 16, 0, 0, 0, 11, 14], [11, 0, 13, 0, 0, 0, 16, 0, 19], [0, 12, 11, 0, 0, 13, 0, 19, 0], [17, 0, 0, 18, 0, 0, 0, 0, 0], [15, 13, 19, 0, 0, 17, 0, 0, 0], [0, 0, 15, 0, 14, 0, 0, 0, 0], [14, 0, 0, 0, 0, 15, 19, 0, 13], [13, 0, 0, 0, 0, 19, 0, 0, 0]]","Solve the following modified Sudoku puzzle.
Rule change: Instead of the digits 1–9, the valid symbols are 11–19. Each row, column, and 3×3 box must contain each of {11, 12, 13, 14, 15, 16, 17, 18, 19} exactly once.

Puzzle (. = empty cell):
. . . | . 13 11 | 15 . 17
. . 17 | 16 . . | . 11 14
11 . 13 | . . . | 16 . 19
-------------------------
. 12 11 | . . 13 | . 19 .
17 . . | 18 . . | . . .
15 13 19 | . . 17 | . . .
-------------------------
. . 15 | . 14 . | . . .
14 . . | . . 15 | 19 . 13
13 . . | . . 19 | . . .","[[16, 14, 12, 19, 13, 11, 15, 18, 17], [19, 15, 17, 16, 12, 18, 13, 11, 14], [11, 18, 13, 15, 17, 14, 16, 12, 19], [18, 12, 11, 14, 15, 13, 17, 19, 16], [17, 16, 14, 18, 19, 12, 11, 13, 15], [15, 13, 19, 11, 16, 17, 12, 14, 18], [12, 19, 15, 13, 14, 16, 18, 17, 11], [14, 17, 18, 12, 11, 15, 19, 16, 13], [13, 11, 16, 17, 18, 19, 14, 15, 12]]","{""num_givens"": 30, ""grid_size"": 9}"
sudoku_cf3_11to19_0007,sudoku_cf3_11to19,counterfactual,"[[0, 0, 0, 13, 0, 0, 0, 19, 11], [0, 18, 12, 14, 0, 0, 16, 15, 0], [0, 11, 0, 0, 16, 0, 0, 0, 18], [15, 0, 0, 0, 0, 17, 0, 0, 0], [0, 0, 0, 0, 14, 0, 13, 0, 0], [0, 13, 18, 11, 0, 0, 0, 0, 0], [18, 16, 0, 0, 0, 0, 11, 0, 0], [0, 17, 19, 0, 0, 0, 12, 0, 14], [13, 0, 14, 0, 11, 16, 0, 0, 19]]","Solve the following modified Sudoku puzzle.
Rule change: Instead of the digits 1–9, the valid symbols are 11–19. Each row, column, and 3×3 box must contain each of {11, 12, 13, 14, 15, 16, 17, 18, 19} exactly once.

Puzzle (. = empty cell):
. . . | 13 . . | . 19 11
. 18 12 | 14 . . | 16 15 .
. 11 . | . 16 . | . . 18
------------------------
15 . . | . . 17 | . . .
. . . | . 14 . | 13 . .
. 13 18 | 11 . . | . . .
------------------------
18 16 . | . . . | 11 . .
. 17 19 | . . . | 12 . 14
13 . 14 | . 11 16 | . . 19","[[16, 15, 17, 13, 18, 12, 14, 19, 11], [19, 18, 12, 14, 17, 11, 16, 15, 13], [14, 11, 13, 15, 16, 19, 17, 12, 18], [15, 14, 16, 19, 13, 17, 18, 11, 12], [12, 19, 11, 16, 14, 18, 13, 17, 15], [17, 13, 18, 11, 12, 15, 19, 14, 16], [18, 16, 15, 12, 19, 14, 11, 13, 17], [11, 17, 19, 18, 15, 13, 12, 16, 14], [13, 12, 14, 17, 11, 16, 15, 18, 19]]","{""num_givens"": 30, ""grid_size"": 9}"
sudoku_cf3_11to19_0008,sudoku_cf3_11to19,counterfactual,"[[0, 0, 11, 0, 0, 19, 0, 12, 0], [0, 0, 19, 0, 17, 0, 0, 0, 0], [0, 14, 0, 11, 0, 0, 19, 0, 0], [0, 0, 0, 0, 0, 17, 18, 14, 0], [0, 0, 0, 0, 0, 14, 0, 0, 0], [19, 0, 0, 0, 11, 13, 16, 0, 17], [0, 0, 0, 14, 0, 16, 15, 0, 0], [0, 15, 0, 0, 19, 0, 0, 11, 18], [14, 0, 12, 0, 15, 11, 17, 0, 13]]","Solve the following modified Sudoku puzzle.
Rule change: Instead of the digits 1–9, the valid symbols are 11–19. Each row, column, and 3×3 box must contain each of {11, 12, 13, 14, 15, 16, 17, 18, 19} exactly once.

Puzzle (. = empty cell):
. . 11 | . . 19 | . 12 .
. . 19 | . 17 . | . . .
. 14 . | 11 . . | 19 . .
------------------------
. . . | . . 17 | 18 14 .
. . . | . . 14 | . . .
19 . . | . 11 13 | 16 . 17
--------------------------
. . . | 14 . 16 | 15 . .
. 15 . | . 19 . | . 11 18
14 . 12 | . 15 11 | 17 . 13","[[18, 17, 11, 16, 14, 19, 13, 12, 15], [16, 12, 19, 13, 17, 15, 11, 18, 14], [15, 14, 13, 11, 12, 18, 19, 17, 16], [12, 13, 15, 19, 16, 17, 18, 14, 11], [11, 16, 17, 15, 18, 14, 12, 13, 19], [19, 18, 14, 12, 11, 13, 16, 15, 17], [17, 11, 18, 14, 13, 16, 15, 19, 12], [13, 15, 16, 17, 19, 12, 14, 11, 18], [14, 19, 12, 18, 15, 11, 17, 16, 13]]","{""num_givens"": 30, ""grid_size"": 9}"
sudoku_cf3_11to19_0009,sudoku_cf3_11to19,counterfactual,"[[0, 0, 16, 0, 13, 18, 0, 0, 15], [0, 18, 14, 0, 0, 0, 0, 0, 0], [0, 0, 0, 19, 16, 0, 0, 0, 0], [0, 0, 0, 0, 0, 17, 0, 12, 0], [0, 11, 0, 0, 19, 0, 15, 0, 0], [12, 17, 15, 0, 14, 16, 0, 0, 0], [0, 0, 0, 0, 0, 0, 12, 0, 0], [0, 12, 0, 11, 17, 0, 19, 16, 14], [15, 14, 17, 0, 0, 0, 13, 18, 0]]","Solve the following modified Sudoku puzzle.
Rule change: Instead of the digits 1–9, the valid symbols are 11–19. Each row, column, and 3×3 box must contain each of {11, 12, 13, 14, 15, 16, 17, 18, 19} exactly once.

Puzzle (. = empty cell):
. . 16 | . 13 18 | . . 15
. 18 14 | . . . | . . .
. . . | 19 16 . | . . .
-----------------------
. . . | . . 17 | . 12 .
. 11 . | . 19 . | 15 . .
12 17 15 | . 14 16 | . . .
--------------------------
. . . | . . . | 12 . .
. 12 . | 11 17 . | 19 16 14
15 14 17 | . . . | 13 18 .","[[11, 19, 16, 12, 13, 18, 17, 14, 15], [13, 18, 14, 17, 15, 11, 16, 19, 12], [17, 15, 12, 19, 16, 14, 18, 11, 13], [16, 13, 19, 15, 11, 17, 14, 12, 18], [14, 11, 18, 13, 19, 12, 15, 17, 16], [12, 17, 15, 18, 14, 16, 11, 13, 19], [19, 16, 11, 14, 18, 13, 12, 15, 17], [18, 12, 13, 11, 17, 15, 19, 16, 14], [15, 14, 17, 16, 12, 19, 13, 18, 11]]","{""num_givens"": 30, ""grid_size"": 9}"
sudoku_cf3_11to19_0010,sudoku_cf3_11to19,counterfactual,"[[0, 0, 0, 0, 0, 0, 0, 12, 0], [0, 0, 0, 0, 0, 15, 19, 16, 0], [18, 15, 19, 14, 16, 12, 0, 0, 0], [0, 0, 0, 0, 0, 0, 11, 0, 16], [0, 0, 16, 0, 17, 11, 0, 0, 19], [19, 0, 0, 0, 0, 0, 13, 0, 0], [15, 13, 0, 17, 0, 18, 0, 0, 0], [12, 17, 0, 16, 0, 0, 0, 11, 0], [0, 0, 0, 11, 0, 13, 0, 17, 14]]","Solve the following modified Sudoku puzzle.
Rule change: Instead of the digits 1–9, the valid symbols are 11–19. Each row, column, and 3×3 box must contain each of {11, 12, 13, 14, 15, 16, 17, 18, 19} exactly once.

Puzzle (. = empty cell):
. . . | . . . | . 12 .
. . . | . . 15 | 19 16 .
18 15 19 | 14 16 12 | . . .
---------------------------
. . . | . . . | 11 . 16
. . 16 | . 17 11 | . . 19
19 . . | . . . | 13 . .
-----------------------
15 13 . | 17 . 18 | . . .
12 17 . | 16 . . | . 11 .
. . . | 11 . 13 | . 17 14","[[11, 16, 13, 18, 19, 17, 14, 12, 15], [14, 12, 17, 13, 11, 15, 19, 16, 18], [18, 15, 19, 14, 16, 12, 17, 13, 11], [17, 18, 12, 19, 13, 14, 11, 15, 16], [13, 14, 16, 15, 17, 11, 12, 18, 19], [19, 11, 15, 12, 18, 16, 13, 14, 17], [15, 13, 11, 17, 14, 18, 16, 19, 12], [12, 17, 14, 16, 15, 19, 18, 11, 13], [16, 19, 18, 11, 12, 13, 15, 17, 14]]","{""num_givens"": 30, ""grid_size"": 9}"
sudoku_cf3_11to19_0011,sudoku_cf3_11to19,counterfactual,"[[0, 0, 13, 11, 16, 0, 0, 0, 17], [0, 0, 0, 0, 0, 14, 0, 0, 0], [14, 16, 0, 0, 0, 0, 13, 0, 12], [0, 0, 0, 17, 11, 0, 19, 0, 0], [0, 0, 0, 0, 13, 0, 11, 0, 0], [19, 11, 17, 15, 0, 0, 0, 13, 16], [11, 14, 19, 0, 0, 0, 18, 0, 15], [0, 0, 0, 19, 15, 0, 0, 0, 0], [16, 15, 0, 0, 0, 0, 0, 19, 0]]","Solve the following modified Sudoku puzzle.
Rule change: Instead of the digits 1–9, the valid symbols are 11–19. Each row, column, and 3×3 box must contain each of {11, 12, 13, 14, 15, 16, 17, 18, 19} exactly once.

Puzzle (. = empty cell):
. . 13 | 11 16 . | . . 17
. . . | . . 14 | . . .
14 16 . | . . . | 13 . 12
-------------------------
. . . | 17 11 . | 19 . .
. . . | . 13 . | 11 . .
19 11 17 | 15 . . | . 13 16
---------------------------
11 14 19 | . . . | 18 . 15
. . . | 19 15 . | . . .
16 15 . | . . . | . 19 .","[[12, 19, 13, 11, 16, 15, 14, 18, 17], [18, 17, 11, 13, 12, 14, 15, 16, 19], [14, 16, 15, 18, 19, 17, 13, 11, 12], [13, 12, 14, 17, 11, 16, 19, 15, 18], [15, 18, 16, 12, 13, 19, 11, 17, 14], [19, 11, 17, 15, 14, 18, 12, 13, 16], [11, 14, 19, 16, 17, 13, 18, 12, 15], [17, 13, 18, 19, 15, 12, 16, 14, 11], [16, 15, 12, 14, 18, 11, 17, 19, 13]]","{""num_givens"": 30, ""grid_size"": 9}"
sudoku_cf3_11to19_0012,sudoku_cf3_11to19,counterfactual,"[[0, 0, 0, 16, 0, 14, 0, 12, 0], [19, 18, 0, 0, 15, 13, 0, 0, 0], [0, 17, 0, 12, 0, 0, 0, 15, 0], [0, 19, 0, 0, 12, 16, 0, 0, 14], [0, 16, 0, 0, 0, 15, 0, 18, 0], [17, 14, 0, 18, 0, 0, 16, 0, 0], [0, 0, 16, 15, 0, 0, 0, 0, 0], [0, 13, 0, 0, 14, 0, 0, 0, 15], [14, 0, 0, 0, 16, 12, 0, 0, 11]]","Solve the following modified Sudoku puzzle.
Rule change: Instead of the digits 1–9, the valid symbols are 11–19. Each row, column, and 3×3 box must contain each of {11, 12, 13, 14, 15, 16, 17, 18, 19} exactly once.

Puzzle (. = empty cell):
. . . | 16 . 14 | . 12 .
19 18 . | . 15 13 | . . .
. 17 . | 12 . . | . 15 .
------------------------
. 19 . | . 12 16 | . . 14
. 16 . | . . 15 | . 18 .
17 14 . | 18 . . | 16 . .
-------------------------
. . 16 | 15 . . | . . .
. 13 . | . 14 . | . . 15
14 . . | . 16 12 | . . 11","[[15, 11, 13, 16, 17, 14, 19, 12, 18], [19, 18, 12, 11, 15, 13, 17, 14, 16], [16, 17, 14, 12, 18, 19, 11, 15, 13], [13, 19, 18, 17, 12, 16, 15, 11, 14], [12, 16, 11, 14, 19, 15, 13, 18, 17], [17, 14, 15, 18, 13, 11, 16, 19, 12], [18, 12, 16, 15, 11, 17, 14, 13, 19], [11, 13, 17, 19, 14, 18, 12, 16, 15], [14, 15, 19, 13, 16, 12, 18, 17, 11]]","{""num_givens"": 30, ""grid_size"": 9}"
sudoku_cf3_11to19_0013,sudoku_cf3_11to19,counterfactual,"[[0, 0, 13, 0, 0, 16, 0, 0, 0], [0, 0, 0, 13, 0, 17, 18, 14, 0], [14, 16, 0, 18, 12, 0, 13, 0, 19], [0, 12, 0, 0, 15, 0, 14, 0, 0], [13, 11, 0, 0, 17, 14, 0, 0, 0], [0, 0, 15, 0, 0, 0, 0, 17, 18], [0, 0, 0, 0, 0, 13, 12, 18, 0], [15, 0, 12, 0, 0, 0, 0, 0, 0], [0, 0, 0, 12, 0, 11, 0, 0, 15]]","Solve the following modified Sudoku puzzle.
Rule change: Instead of the digits 1–9, the valid symbols are 11–19. Each row, column, and 3×3 box must contain each of {11, 12, 13, 14, 15, 16, 17, 18, 19} exactly once.

Puzzle (. = empty cell):
. . 13 | . . 16 | . . .
. . . | 13 . 17 | 18 14 .
14 16 . | 18 12 . | 13 . 19
---------------------------
. 12 . | . 15 . | 14 . .
13 11 . | . 17 14 | . . .
. . 15 | . . . | . 17 18
------------------------
. . . | . . 13 | 12 18 .
15 . 12 | . . . | . . .
. . . | 12 . 11 | . . 15","[[18, 19, 13, 14, 11, 16, 15, 12, 17], [12, 15, 11, 13, 19, 17, 18, 14, 16], [14, 16, 17, 18, 12, 15, 13, 11, 19], [17, 12, 16, 19, 15, 18, 14, 13, 11], [13, 11, 18, 16, 17, 14, 19, 15, 12], [19, 14, 15, 11, 13, 12, 16, 17, 18], [11, 17, 19, 15, 16, 13, 12, 18, 14], [15, 18, 12, 17, 14, 19, 11, 16, 13], [16, 13, 14, 12, 18, 11, 17, 19, 15]]","{""num_givens"": 30, ""grid_size"": 9}"
sudoku_cf3_11to19_0014,sudoku_cf3_11to19,counterfactual,"[[0, 14, 0, 0, 13, 0, 0, 0, 0], [0, 17, 0, 14, 0, 0, 15, 0, 12], [13, 11, 0, 15, 0, 16, 0, 0, 18], [17, 0, 0, 13, 16, 0, 0, 11, 0], [0, 16, 13, 0, 0, 0, 0, 0, 0], [0, 0, 0, 11, 19, 0, 0, 18, 0], [0, 0, 0, 0, 0, 0, 0, 0, 0], [14, 0, 0, 12, 15, 11, 13, 0, 16], [0, 12, 15, 16, 0, 0, 0, 0, 17]]","Solve the following modified Sudoku puzzle.
Rule change: Instead of the digits 1–9, the valid symbols are 11–19. Each row, column, and 3×3 box must contain each of {11, 12, 13, 14, 15, 16, 17, 18, 19} exactly once.

Puzzle (. = empty cell):
. 14 . | . 13 . | . . .
. 17 . | 14 . . | 15 . 12
13 11 . | 15 . 16 | . . 18
--------------------------
17 . . | 13 16 . | . 11 .
. 16 13 | . . . | . . .
. . . | 11 19 . | . 18 .
------------------------
. . . | . . . | . . .
14 . . | 12 15 11 | 13 . 16
. 12 15 | 16 . . | . . 17","[[15, 14, 12, 17, 13, 18, 19, 16, 11], [18, 17, 16, 14, 11, 19, 15, 13, 12], [13, 11, 19, 15, 12, 16, 14, 17, 18], [17, 19, 18, 13, 16, 15, 12, 11, 14], [11, 16, 13, 18, 14, 12, 17, 15, 19], [12, 15, 14, 11, 19, 17, 16, 18, 13], [16, 13, 11, 19, 17, 14, 18, 12, 15], [14, 18, 17, 12, 15, 11, 13, 19, 16], [19, 12, 15, 16, 18, 13, 11, 14, 17]]","{""num_givens"": 30, ""grid_size"": 9}"
sudoku_cf3_11to19_0015,sudoku_cf3_11to19,counterfactual,"[[0, 0, 0, 19, 0, 0, 0, 0, 17], [0, 14, 0, 0, 0, 13, 16, 0, 15], [18, 0, 17, 0, 14, 12, 13, 0, 0], [11, 0, 0, 12, 0, 0, 0, 13, 0], [14, 0, 19, 13, 11, 0, 0, 0, 16], [13, 0, 12, 0, 19, 0, 0, 0, 14], [17, 0, 0, 0, 13, 0, 0, 14, 0], [0, 0, 13, 0, 0, 0, 0, 0, 0], [0, 19, 0, 15, 0, 17, 0, 0, 0]]","Solve the following modified Sudoku puzzle.
Rule change: Instead of the digits 1–9, the valid symbols are 11–19. Each row, column, and 3×3 box must contain each of {11, 12, 13, 14, 15, 16, 17, 18, 19} exactly once.

Puzzle (. = empty cell):
. . . | 19 . . | . . 17
. 14 . | . . 13 | 16 . 15
18 . 17 | . 14 12 | 13 . .
--------------------------
11 . . | 12 . . | . 13 .
14 . 19 | 13 11 . | . . 16
13 . 12 | . 19 . | . . 14
-------------------------
17 . . | . 13 . | . 14 .
. . 13 | . . . | . . .
. 19 . | 15 . 17 | . . .","[[12, 13, 16, 19, 15, 11, 14, 18, 17], [19, 14, 11, 18, 17, 13, 16, 12, 15], [18, 15, 17, 16, 14, 12, 13, 19, 11], [11, 17, 15, 12, 16, 14, 19, 13, 18], [14, 18, 19, 13, 11, 15, 12, 17, 16], [13, 16, 12, 17, 19, 18, 11, 15, 14], [17, 12, 18, 11, 13, 16, 15, 14, 19], [15, 11, 13, 14, 18, 19, 17, 16, 12], [16, 19, 14, 15, 12, 17, 18, 11, 13]]","{""num_givens"": 30, ""grid_size"": 9}"
sudoku_cf3_11to19_0016,sudoku_cf3_11to19,counterfactual,"[[14, 0, 0, 0, 0, 0, 19, 0, 17], [15, 19, 12, 0, 18, 0, 16, 13, 14], [17, 0, 0, 0, 0, 0, 0, 0, 0], [19, 18, 15, 0, 0, 0, 14, 0, 0], [13, 0, 11, 0, 19, 0, 0, 0, 0], [0, 0, 14, 18, 13, 0, 0, 0, 0], [18, 0, 0, 0, 0, 15, 0, 14, 0], [0, 0, 0, 0, 14, 0, 12, 17, 19], [12, 0, 0, 0, 16, 0, 0, 0, 0]]","Solve the following modified Sudoku puzzle.
Rule change: Instead of the digits 1–9, the valid symbols are 11–19. Each row, column, and 3×3 box must contain each of {11, 12, 13, 14, 15, 16, 17, 18, 19} exactly once.

Puzzle (. = empty cell):
14 . . | . . . | 19 . 17
15 19 12 | . 18 . | 16 13 14
17 . . | . . . | . . .
----------------------
19 18 15 | . . . | 14 . .
13 . 11 | . 19 . | . . .
. . 14 | 18 13 . | . . .
------------------------
18 . . | . . 15 | . 14 .
. . . | . 14 . | 12 17 19
12 . . | . 16 . | . . .","[[14, 11, 18, 16, 12, 13, 19, 15, 17], [15, 19, 12, 11, 18, 17, 16, 13, 14], [17, 16, 13, 14, 15, 19, 18, 11, 12], [19, 18, 15, 17, 11, 16, 14, 12, 13], [13, 12, 11, 15, 19, 14, 17, 16, 18], [16, 17, 14, 18, 13, 12, 15, 19, 11], [18, 13, 19, 12, 17, 15, 11, 14, 16], [11, 15, 16, 13, 14, 18, 12, 17, 19], [12, 14, 17, 19, 16, 11, 13, 18, 15]]","{""num_givens"": 30, ""grid_size"": 9}"
sudoku_cf3_11to19_0017,sudoku_cf3_11to19,counterfactual,"[[17, 13, 0, 18, 0, 0, 12, 0, 0], [0, 0, 0, 0, 0, 13, 0, 0, 0], [0, 12, 0, 19, 0, 0, 0, 13, 16], [0, 0, 14, 0, 19, 0, 0, 0, 0], [0, 19, 13, 0, 0, 0, 17, 0, 11], [18, 0, 16, 14, 0, 17, 0, 19, 0], [0, 0, 0, 0, 0, 18, 14, 0, 0], [19, 0, 0, 0, 0, 16, 15, 0, 0], [13, 0, 18, 12, 14, 0, 0, 0, 17]]","Solve the following modified Sudoku puzzle.
Rule change: Instead of the digits 1–9, the valid symbols are 11–19. Each row, column, and 3×3 box must contain each of {11, 12, 13, 14, 15, 16, 17, 18, 19} exactly once.

Puzzle (. = empty cell):
17 13 . | 18 . . | 12 . .
. . . | . . 13 | . . .
. 12 . | 19 . . | . 13 16
-------------------------
. . 14 | . 19 . | . . .
. 19 13 | . . . | 17 . 11
18 . 16 | 14 . 17 | . 19 .
--------------------------
. . . | . . 18 | 14 . .
19 . . | . . 16 | 15 . .
13 . 18 | 12 14 . | . . 17","[[17, 13, 19, 18, 16, 14, 12, 11, 15], [16, 18, 15, 11, 12, 13, 19, 17, 14], [14, 12, 11, 19, 17, 15, 18, 13, 16], [12, 17, 14, 13, 19, 11, 16, 15, 18], [15, 19, 13, 16, 18, 12, 17, 14, 11], [18, 11, 16, 14, 15, 17, 13, 19, 12], [11, 16, 17, 15, 13, 18, 14, 12, 19], [19, 14, 12, 17, 11, 16, 15, 18, 13], [13, 15, 18, 12, 14, 19, 11, 16, 17]]","{""num_givens"": 30, ""grid_size"": 9}"
sudoku_cf3_11to19_0018,sudoku_cf3_11to19,counterfactual,"[[0, 14, 0, 15, 13, 0, 0, 11, 0], [0, 0, 17, 0, 0, 16, 0, 0, 15], [15, 0, 16, 0, 12, 0, 13, 0, 0], [0, 0, 0, 19, 0, 0, 17, 0, 0], [0, 13, 11, 17, 15, 0, 0, 0, 0], [17, 0, 12, 0, 0, 0, 19, 0, 0], [0, 0, 0, 0, 0, 0, 0, 0, 16], [16, 0, 0, 14, 0, 15, 0, 0, 0], [11, 17, 0, 13, 0, 19, 0, 14, 18]]","Solve the following modified Sudoku puzzle.
Rule change: Instead of the digits 1–9, the valid symbols are 11–19. Each row, column, and 3×3 box must contain each of {11, 12, 13, 14, 15, 16, 17, 18, 19} exactly once.

Puzzle (. = empty cell):
. 14 . | 15 13 . | . 11 .
. . 17 | . . 16 | . . 15
15 . 16 | . 12 . | 13 . .
-------------------------
. . . | 19 . . | 17 . .
. 13 11 | 17 15 . | . . .
17 . 12 | . . . | 19 . .
------------------------
. . . | . . . | . . 16
16 . . | 14 . 15 | . . .
11 17 . | 13 . 19 | . 14 18","[[12, 14, 18, 15, 13, 17, 16, 11, 19], [13, 11, 17, 18, 19, 16, 14, 12, 15], [15, 19, 16, 11, 12, 14, 13, 18, 17], [18, 16, 14, 19, 11, 13, 17, 15, 12], [19, 13, 11, 17, 15, 12, 18, 16, 14], [17, 15, 12, 16, 14, 18, 19, 13, 11], [14, 18, 13, 12, 17, 11, 15, 19, 16], [16, 12, 19, 14, 18, 15, 11, 17, 13], [11, 17, 15, 13, 16, 19, 12, 14, 18]]","{""num_givens"": 30, ""grid_size"": 9}"
sudoku_cf3_11to19_0019,sudoku_cf3_11to19,counterfactual,"[[0, 0, 15, 0, 0, 0, 0, 18, 12], [13, 12, 19, 11, 0, 0, 0, 0, 0], [0, 0, 0, 0, 0, 0, 0, 14, 0], [0, 0, 18, 14, 0, 19, 15, 0, 0], [19, 0, 0, 16, 0, 0, 0, 0, 18], [12, 0, 0, 0, 18, 0, 0, 11, 19], [11, 0, 17, 15, 0, 0, 18, 0, 0], [0, 0, 0, 18, 13, 14, 11, 17, 0], [0, 0, 0, 19, 0, 0, 0, 16, 0]]","Solve the following modified Sudoku puzzle.
Rule change: Instead of the digits 1–9, the valid symbols are 11–19. Each row, column, and 3×3 box must contain each of {11, 12, 13, 14, 15, 16, 17, 18, 19} exactly once.

Puzzle (. = empty cell):
. . 15 | . . . | . 18 12
13 12 19 | 11 . . | . . .
. . . | . . . | . 14 .
----------------------
. . 18 | 14 . 19 | 15 . .
19 . . | 16 . . | . . 18
12 . . | . 18 . | . 11 19
-------------------------
11 . 17 | 15 . . | 18 . .
. . . | 18 13 14 | 11 17 .
. . . | 19 . . | . 16 .","[[14, 11, 15, 17, 19, 16, 13, 18, 12], [13, 12, 19, 11, 14, 18, 16, 15, 17], [18, 17, 16, 12, 15, 13, 19, 14, 11], [17, 13, 18, 14, 11, 19, 15, 12, 16], [19, 15, 11, 16, 12, 17, 14, 13, 18], [12, 16, 14, 13, 18, 15, 17, 11, 19], [11, 14, 17, 15, 16, 12, 18, 19, 13], [16, 19, 12, 18, 13, 14, 11, 17, 15], [15, 18, 13, 19, 17, 11, 12, 16, 14]]","{""num_givens"": 30, ""grid_size"": 9}"
sudoku_cf3_11to19_0020,sudoku_cf3_11to19,counterfactual,"[[15, 0, 0, 16, 0, 0, 0, 0, 18], [0, 0, 0, 0, 14, 0, 17, 0, 0], [0, 12, 0, 0, 0, 0, 11, 0, 0], [0, 0, 0, 0, 0, 0, 18, 0, 12], [12, 0, 18, 0, 0, 13, 0, 16, 0], [0, 16, 19, 12, 0, 0, 13, 17, 0], [18, 19, 0, 14, 0, 11, 0, 13, 0], [0, 0, 14, 15, 0, 0, 12, 0, 11], [0, 0, 15, 0, 17, 0, 0, 19, 0]]","Solve the following modified Sudoku puzzle.
Rule change: Instead of the digits 1–9, the valid symbols are 11–19. Each row, column, and 3×3 box must contain each of {11, 12, 13, 14, 15, 16, 17, 18, 19} exactly once.

Puzzle (. = empty cell):
15 . . | 16 . . | . . 18
. . . | . 14 . | 17 . .
. 12 . | . . . | 11 . .
-----------------------
. . . | . . . | 18 . 12
12 . 18 | . . 13 | . 16 .
. 16 19 | 12 . . | 13 17 .
--------------------------
18 19 . | 14 . 11 | . 13 .
. . 14 | 15 . . | 12 . 11
. . 15 | . 17 . | . 19 .","[[15, 13, 11, 16, 12, 17, 19, 14, 18], [19, 18, 16, 11, 14, 15, 17, 12, 13], [14, 12, 17, 13, 19, 18, 11, 15, 16], [17, 14, 13, 19, 15, 16, 18, 11, 12], [12, 15, 18, 17, 11, 13, 14, 16, 19], [11, 16, 19, 12, 18, 14, 13, 17, 15], [18, 19, 12, 14, 16, 11, 15, 13, 17], [16, 17, 14, 15, 13, 19, 12, 18, 11], [13, 11, 15, 18, 17, 12, 16, 19, 14]]","{""num_givens"": 30, ""grid_size"": 9}"
sudoku_cf3_11to19_0021,sudoku_cf3_11to19,counterfactual,"[[18, 0, 0, 16, 0, 13, 0, 12, 0], [0, 0, 0, 0, 12, 18, 17, 0, 0], [0, 0, 16, 0, 0, 0, 0, 13, 11], [0, 0, 0, 0, 19, 12, 13, 0, 0], [11, 18, 0, 0, 0, 0, 16, 0, 0], [17, 0, 0, 0, 0, 0, 0, 19, 14], [0, 0, 0, 0, 0, 16, 0, 14, 0], [15, 12, 0, 11, 18, 0, 0, 0, 0], [0, 16, 0, 15, 14, 19, 0, 0, 17]]","Solve the following modified Sudoku puzzle.
Rule change: Instead of the digits 1–9, the valid symbols are 11–19. Each row, column, and 3×3 box must contain each of {11, 12, 13, 14, 15, 16, 17, 18, 19} exactly once.

Puzzle (. = empty cell):
18 . . | 16 . 13 | . 12 .
. . . | . 12 18 | 17 . .
. . 16 | . . . | . 13 11
------------------------
. . . | . 19 12 | 13 . .
11 18 . | . . . | 16 . .
17 . . | . . . | . 19 14
------------------------
. . . | . . 16 | . 14 .
15 12 . | 11 18 . | . . .
. 16 . | 15 14 19 | . . 17","[[18, 15, 17, 16, 11, 13, 14, 12, 19], [14, 11, 13, 19, 12, 18, 17, 15, 16], [12, 19, 16, 14, 17, 15, 18, 13, 11], [16, 14, 15, 17, 19, 12, 13, 11, 18], [11, 18, 19, 13, 15, 14, 16, 17, 12], [17, 13, 12, 18, 16, 11, 15, 19, 14], [19, 17, 18, 12, 13, 16, 11, 14, 15], [15, 12, 14, 11, 18, 17, 19, 16, 13], [13, 16, 11, 15, 14, 19, 12, 18, 17]]","{""num_givens"": 30, ""grid_size"": 9}"
sudoku_cf3_11to19_0022,sudoku_cf3_11to19,counterfactual,"[[12, 0, 0, 0, 0, 15, 11, 0, 16], [0, 0, 0, 0, 11, 0, 12, 0, 15], [0, 0, 0, 16, 19, 0, 13, 18, 0], [0, 0, 0, 0, 0, 19, 0, 15, 0], [0, 0, 0, 0, 0, 0, 16, 0, 0], [0, 15, 0, 14, 16, 0, 0, 12, 11], [0, 18, 0, 19, 17, 0, 0, 14, 0], [15, 14, 19, 0, 12, 18, 0, 0, 0], [0, 13, 0, 15, 0, 0, 0, 0, 0]]","Solve the following modified Sudoku puzzle.
Rule change: Instead of the digits 1–9, the valid symbols are 11–19. Each row, column, and 3×3 box must contain each of {11, 12, 13, 14, 15, 16, 17, 18, 19} exactly once.

Puzzle (. = empty cell):
12 . . | . . 15 | 11 . 16
. . . | . 11 . | 12 . 15
. . . | 16 19 . | 13 18 .
-------------------------
. . . | . . 19 | . 15 .
. . . | . . . | 16 . .
. 15 . | 14 16 . | . 12 11
--------------------------
. 18 . | 19 17 . | . 14 .
15 14 19 | . 12 18 | . . .
. 13 . | 15 . . | . . .","[[12, 19, 14, 13, 18, 15, 11, 17, 16], [13, 16, 18, 17, 11, 14, 12, 19, 15], [11, 17, 15, 16, 19, 12, 13, 18, 14], [18, 11, 16, 12, 13, 19, 14, 15, 17], [14, 12, 17, 18, 15, 11, 16, 13, 19], [19, 15, 13, 14, 16, 17, 18, 12, 11], [16, 18, 11, 19, 17, 13, 15, 14, 12], [15, 14, 19, 11, 12, 18, 17, 16, 13], [17, 13, 12, 15, 14, 16, 19, 11, 18]]","{""num_givens"": 30, ""grid_size"": 9}"
sudoku_cf3_11to19_0023,sudoku_cf3_11to19,counterfactual,"[[17, 0, 0, 13, 16, 18, 0, 0, 11], [13, 0, 16, 0, 17, 14, 0, 18, 0], [0, 12, 0, 11, 0, 0, 0, 0, 13], [14, 0, 0, 0, 0, 0, 0, 0, 16], [12, 0, 0, 0, 0, 0, 11, 0, 0], [0, 0, 0, 0, 18, 13, 0, 12, 0], [11, 14, 0, 0, 12, 0, 0, 0, 0], [16, 0, 0, 17, 0, 19, 0, 0, 0], [0, 0, 19, 18, 0, 0, 13, 16, 0]]","Solve the following modified Sudoku puzzle.
Rule change: Instead of the digits 1–9, the valid symbols are 11–19. Each row, column, and 3×3 box must contain each of {11, 12, 13, 14, 15, 16, 17, 18, 19} exactly once.

Puzzle (. = empty cell):
17 . . | 13 16 18 | . . 11
13 . 16 | . 17 14 | . 18 .
. 12 . | 11 . . | . . 13
------------------------
14 . . | . . . | . . 16
12 . . | . . . | 11 . .
. . . | . 18 13 | . 12 .
------------------------
11 14 . | . 12 . | . . .
16 . . | 17 . 19 | . . .
. . 19 | 18 . . | 13 16 .","[[17, 19, 15, 13, 16, 18, 12, 14, 11], [13, 11, 16, 12, 17, 14, 19, 18, 15], [18, 12, 14, 11, 19, 15, 16, 17, 13], [14, 13, 17, 19, 11, 12, 18, 15, 16], [12, 16, 18, 14, 15, 17, 11, 13, 19], [19, 15, 11, 16, 18, 13, 14, 12, 17], [11, 14, 13, 15, 12, 16, 17, 19, 18], [16, 18, 12, 17, 13, 19, 15, 11, 14], [15, 17, 19, 18, 14, 11, 13, 16, 12]]","{""num_givens"": 30, ""grid_size"": 9}"
sudoku_cf3_11to19_0024,sudoku_cf3_11to19,counterfactual,"[[18, 0, 0, 0, 11, 12, 0, 14, 0], [0, 0, 0, 0, 17, 0, 0, 0, 0], [0, 0, 0, 0, 15, 18, 0, 19, 11], [0, 16, 19, 0, 0, 0, 12, 0, 17], [0, 17, 0, 0, 0, 16, 0, 0, 0], [0, 18, 0, 17, 19, 11, 0, 0, 15], [0, 0, 0, 12, 16, 0, 11, 0, 0], [0, 12, 13, 19, 0, 0, 0, 17, 0], [17, 0, 0, 0, 0, 14, 0, 18, 0]]","Solve the following modified Sudoku puzzle.
Rule change: Instead of the digits 1–9, the valid symbols are 11–19. Each row, column, and 3×3 box must contain each of {11, 12, 13, 14, 15, 16, 17, 18, 19} exactly once.

Puzzle (. = empty cell):
18 . . | . 11 12 | . 14 .
. . . | . 17 . | . . .
. . . | . 15 18 | . 19 11
-------------------------
. 16 19 | . . . | 12 . 17
. 17 . | . . 16 | . . .
. 18 . | 17 19 11 | . . 15
--------------------------
. . . | 12 16 . | 11 . .
. 12 13 | 19 . . | . 17 .
17 . . | . . 14 | . 18 .","[[18, 19, 17, 13, 11, 12, 15, 14, 16], [16, 11, 15, 14, 17, 19, 13, 12, 18], [12, 13, 14, 16, 15, 18, 17, 19, 11], [15, 16, 19, 18, 14, 13, 12, 11, 17], [14, 17, 11, 15, 12, 16, 18, 13, 19], [13, 18, 12, 17, 19, 11, 14, 16, 15], [19, 14, 18, 12, 16, 17, 11, 15, 13], [11, 12, 13, 19, 18, 15, 16, 17, 14], [17, 15, 16, 11, 13, 14, 19, 18, 12]]","{""num_givens"": 30, ""grid_size"": 9}"
sudoku_cf3_11to19_0025,sudoku_cf3_11to19,counterfactual,"[[17, 0, 18, 0, 12, 0, 0, 13, 14], [0, 12, 16, 14, 0, 0, 0, 0, 0], [19, 0, 0, 0, 13, 0, 0, 0, 0], [0, 11, 0, 0, 19, 15, 17, 0, 0], [12, 0, 0, 0, 11, 0, 14, 0, 16], [0, 0, 15, 0, 16, 0, 12, 0, 0], [14, 13, 0, 0, 0, 0, 19, 0, 0], [0, 0, 0, 16, 14, 0, 0, 0, 0], [11, 16, 0, 0, 15, 0, 0, 0, 12]]","Solve the following modified Sudoku puzzle.
Rule change: Instead of the digits 1–9, the valid symbols are 11–19. Each row, column, and 3×3 box must contain each of {11, 12, 13, 14, 15, 16, 17, 18, 19} exactly once.

Puzzle (. = empty cell):
17 . 18 | . 12 . | . 13 14
. 12 16 | 14 . . | . . .
19 . . | . 13 . | . . .
-----------------------
. 11 . | . 19 15 | 17 . .
12 . . | . 11 . | 14 . 16
. . 15 | . 16 . | 12 . .
------------------------
14 13 . | . . . | 19 . .
. . . | 16 14 . | . . .
11 16 . | . 15 . | . . 12","[[17, 15, 18, 19, 12, 16, 11, 13, 14], [13, 12, 16, 14, 17, 11, 15, 19, 18], [19, 14, 11, 15, 13, 18, 16, 12, 17], [16, 11, 14, 12, 19, 15, 17, 18, 13], [12, 19, 13, 18, 11, 17, 14, 15, 16], [18, 17, 15, 13, 16, 14, 12, 11, 19], [14, 13, 17, 11, 18, 12, 19, 16, 15], [15, 18, 12, 16, 14, 19, 13, 17, 11], [11, 16, 19, 17, 15, 13, 18, 14, 12]]","{""num_givens"": 30, ""grid_size"": 9}"
sudoku_cf3_11to19_0026,sudoku_cf3_11to19,counterfactual,"[[0, 18, 0, 19, 0, 0, 0, 0, 12], [0, 0, 0, 13, 0, 0, 0, 16, 0], [12, 13, 14, 0, 16, 18, 0, 11, 17], [0, 0, 17, 16, 15, 0, 12, 18, 11], [0, 0, 0, 0, 18, 0, 13, 0, 0], [0, 12, 0, 14, 0, 0, 0, 0, 0], [19, 17, 0, 12, 0, 0, 16, 0, 0], [0, 0, 0, 0, 0, 0, 0, 0, 0], [16, 15, 0, 0, 0, 19, 0, 12, 0]]","Solve the following modified Sudoku puzzle.
Rule change: Instead of the digits 1–9, the valid symbols are 11–19. Each row, column, and 3×3 box must contain each of {11, 12, 13, 14, 15, 16, 17, 18, 19} exactly once.

Puzzle (. = empty cell):
. 18 . | 19 . . | . . 12
. . . | 13 . . | . 16 .
12 13 14 | . 16 18 | . 11 17
----------------------------
. . 17 | 16 15 . | 12 18 11
. . . | . 18 . | 13 . .
. 12 . | 14 . . | . . .
-----------------------
19 17 . | 12 . . | 16 . .
. . . | . . . | . . .
16 15 . | . . 19 | . 12 .","[[15, 18, 16, 19, 11, 17, 14, 13, 12], [17, 11, 19, 13, 12, 14, 18, 16, 15], [12, 13, 14, 15, 16, 18, 19, 11, 17], [14, 19, 17, 16, 15, 13, 12, 18, 11], [11, 16, 15, 17, 18, 12, 13, 19, 14], [18, 12, 13, 14, 19, 11, 15, 17, 16], [19, 17, 11, 12, 13, 15, 16, 14, 18], [13, 14, 12, 18, 17, 16, 11, 15, 19], [16, 15, 18, 11, 14, 19, 17, 12, 13]]","{""num_givens"": 30, ""grid_size"": 9}"
sudoku_cf3_11to19_0027,sudoku_cf3_11to19,counterfactual,"[[0, 0, 19, 0, 0, 17, 18, 0, 15], [0, 0, 0, 0, 11, 18, 0, 16, 14], [0, 14, 0, 0, 0, 15, 11, 0, 0], [0, 15, 0, 0, 0, 0, 0, 18, 0], [14, 11, 0, 0, 0, 12, 0, 0, 0], [18, 12, 0, 0, 0, 0, 0, 0, 13], [0, 0, 0, 12, 15, 0, 0, 0, 18], [0, 0, 15, 17, 0, 19, 0, 0, 11], [0, 0, 0, 13, 0, 11, 19, 0, 17]]","Solve the following modified Sudoku puzzle.
Rule change: Instead of the digits 1–9, the valid symbols are 11–19. Each row, column, and 3×3 box must contain each of {11, 12, 13, 14, 15, 16, 17, 18, 19} exactly once.

Puzzle (. = empty cell):
. . 19 | . . 17 | 18 . 15
. . . | . 11 18 | . 16 14
. 14 . | . . 15 | 11 . .
------------------------
. 15 . | . . . | . 18 .
14 11 . | . . 12 | . . .
18 12 . | . . . | . . 13
------------------------
. . . | 12 15 . | . . 18
. . 15 | 17 . 19 | . . 11
. . . | 13 . 11 | 19 . 17","[[11, 16, 19, 14, 13, 17, 18, 12, 15], [15, 17, 12, 19, 11, 18, 13, 16, 14], [13, 14, 18, 16, 12, 15, 11, 17, 19], [19, 15, 16, 11, 14, 13, 17, 18, 12], [14, 11, 13, 18, 17, 12, 15, 19, 16], [18, 12, 17, 15, 19, 16, 14, 11, 13], [17, 19, 11, 12, 15, 14, 16, 13, 18], [16, 13, 15, 17, 18, 19, 12, 14, 11], [12, 18, 14, 13, 16, 11, 19, 15, 17]]","{""num_givens"": 30, ""grid_size"": 9}"
sudoku_cf3_11to19_0028,sudoku_cf3_11to19,counterfactual,"[[0, 0, 0, 0, 0, 0, 0, 0, 0], [0, 11, 15, 17, 14, 0, 0, 19, 0], [0, 0, 17, 19, 11, 0, 18, 15, 0], [11, 0, 13, 0, 18, 19, 0, 0, 0], [0, 0, 12, 0, 0, 0, 14, 0, 0], [15, 0, 0, 0, 12, 17, 0, 0, 13], [12, 0, 0, 0, 17, 14, 0, 0, 0], [0, 0, 0, 12, 13, 11, 0, 0, 19], [0, 17, 0, 18, 0, 0, 15, 0, 0]]","Solve the following modified Sudoku puzzle.
Rule change: Instead of the digits 1–9, the valid symbols are 11–19. Each row, column, and 3×3 box must contain each of {11, 12, 13, 14, 15, 16, 17, 18, 19} exactly once.

Puzzle (. = empty cell):
. . . | . . . | . . .
. 11 15 | 17 14 . | . 19 .
. . 17 | 19 11 . | 18 15 .
--------------------------
11 . 13 | . 18 19 | . . .
. . 12 | . . . | 14 . .
15 . . | . 12 17 | . . 13
-------------------------
12 . . | . 17 14 | . . .
. . . | 12 13 11 | . . 19
. 17 . | 18 . . | 15 . .","[[19, 13, 14, 16, 15, 18, 11, 12, 17], [18, 11, 15, 17, 14, 12, 13, 19, 16], [16, 12, 17, 19, 11, 13, 18, 15, 14], [11, 16, 13, 14, 18, 19, 12, 17, 15], [17, 19, 12, 13, 16, 15, 14, 11, 18], [15, 14, 18, 11, 12, 17, 19, 16, 13], [12, 18, 19, 15, 17, 14, 16, 13, 11], [14, 15, 16, 12, 13, 11, 17, 18, 19], [13, 17, 11, 18, 19, 16, 15, 14, 12]]","{""num_givens"": 30, ""grid_size"": 9}"
sudoku_cf3_11to19_0029,sudoku_cf3_11to19,counterfactual,"[[0, 0, 12, 0, 19, 16, 0, 14, 0], [0, 0, 0, 13, 0, 0, 0, 0, 17], [11, 0, 0, 17, 0, 0, 0, 16, 13], [12, 0, 18, 0, 15, 17, 13, 0, 0], [13, 11, 0, 0, 0, 0, 17, 0, 15], [0, 0, 0, 11, 0, 13, 0, 0, 0], [0, 0, 19, 0, 0, 12, 0, 13, 0], [0, 0, 0, 14, 17, 19, 11, 15, 0], [16, 0, 0, 0, 0, 0, 0, 0, 0]]","Solve the following modified Sudoku puzzle.
Rule change: Instead of the digits 1–9, the valid symbols are 11–19. Each row, column, and 3×3 box must contain each of {11, 12, 13, 14, 15, 16, 17, 18, 19} exactly once.

Puzzle (. = empty cell):
. . 12 | . 19 16 | . 14 .
. . . | 13 . . | . . 17
11 . . | 17 . . | . 16 13
-------------------------
12 . 18 | . 15 17 | 13 . .
13 11 . | . . . | 17 . 15
. . . | 11 . 13 | . . .
-----------------------
. . 19 | . . 12 | . 13 .
. . . | 14 17 19 | 11 15 .
16 . . | . . . | . . .","[[17, 13, 12, 15, 19, 16, 18, 14, 11], [14, 19, 16, 13, 18, 11, 15, 12, 17], [11, 18, 15, 17, 12, 14, 19, 16, 13], [12, 16, 18, 19, 15, 17, 13, 11, 14], [13, 11, 14, 12, 16, 18, 17, 19, 15], [19, 15, 17, 11, 14, 13, 16, 18, 12], [15, 17, 19, 16, 11, 12, 14, 13, 18], [18, 12, 13, 14, 17, 19, 11, 15, 16], [16, 14, 11, 18, 13, 15, 12, 17, 19]]","{""num_givens"": 30, ""grid_size"": 9}"
sudoku_cf3_11to19_0030,sudoku_cf3_11to19,counterfactual,"[[0, 0, 0, 17, 0, 0, 0, 16, 0], [0, 17, 19, 0, 0, 13, 0, 18, 14], [0, 0, 15, 0, 12, 14, 0, 17, 0], [0, 14, 0, 0, 0, 0, 0, 0, 16], [0, 0, 0, 0, 0, 18, 0, 0, 15], [13, 0, 0, 0, 0, 17, 0, 11, 0], [14, 0, 0, 11, 17, 0, 0, 0, 0], [0, 16, 0, 13, 0, 0, 12, 14, 0], [15, 0, 17, 0, 0, 0, 18, 13, 11]]","Solve the following modified Sudoku puzzle.
Rule change: Instead of the digits 1–9, the valid symbols are 11–19. Each row, column, and 3×3 box must contain each of {11, 12, 13, 14, 15, 16, 17, 18, 19} exactly once.

Puzzle (. = empty cell):
. . . | 17 . . | . 16 .
. 17 19 | . . 13 | . 18 14
. . 15 | . 12 14 | . 17 .
-------------------------
. 14 . | . . . | . . 16
. . . | . . 18 | . . 15
13 . . | . . 17 | . 11 .
------------------------
14 . . | 11 17 . | . . .
. 16 . | 13 . . | 12 14 .
15 . 17 | . . . | 18 13 11","[[18, 13, 14, 17, 11, 19, 15, 16, 12], [12, 17, 19, 15, 16, 13, 11, 18, 14], [16, 11, 15, 18, 12, 14, 19, 17, 13], [17, 14, 18, 12, 15, 11, 13, 19, 16], [11, 19, 16, 14, 13, 18, 17, 12, 15], [13, 15, 12, 16, 19, 17, 14, 11, 18], [14, 18, 13, 11, 17, 12, 16, 15, 19], [19, 16, 11, 13, 18, 15, 12, 14, 17], [15, 12, 17, 19, 14, 16, 18, 13, 11]]","{""num_givens"": 30, ""grid_size"": 9}"
sudoku_cf3_11to19_0031,sudoku_cf3_11to19,counterfactual,"[[0, 0, 11, 17, 15, 0, 0, 12, 13], [0, 0, 12, 0, 0, 0, 15, 0, 17], [0, 16, 0, 13, 0, 0, 0, 0, 11], [0, 19, 0, 0, 0, 0, 0, 0, 18], [0, 0, 14, 0, 18, 0, 17, 11, 0], [11, 0, 0, 12, 16, 0, 0, 0, 0], [17, 0, 0, 0, 0, 11, 18, 0, 0], [0, 0, 0, 15, 0, 18, 14, 0, 16], [18, 0, 0, 0, 19, 0, 0, 15, 0]]","Solve the following modified Sudoku puzzle.
Rule change: Instead of the digits 1–9, the valid symbols are 11–19. Each row, column, and 3×3 box must contain each of {11, 12, 13, 14, 15, 16, 17, 18, 19} exactly once.

Puzzle (. = empty cell):
. . 11 | 17 15 . | . 12 13
. . 12 | . . . | 15 . 17
. 16 . | 13 . . | . . 11
------------------------
. 19 . | . . . | . . 18
. . 14 | . 18 . | 17 11 .
11 . . | 12 16 . | . . .
------------------------
17 . . | . . 11 | 18 . .
. . . | 15 . 18 | 14 . 16
18 . . | . 19 . | . 15 .","[[14, 18, 11, 17, 15, 19, 16, 12, 13], [19, 13, 12, 18, 11, 16, 15, 14, 17], [15, 16, 17, 13, 14, 12, 19, 18, 11], [13, 19, 15, 11, 17, 14, 12, 16, 18], [16, 12, 14, 19, 18, 13, 17, 11, 15], [11, 17, 18, 12, 16, 15, 13, 19, 14], [17, 15, 16, 14, 12, 11, 18, 13, 19], [12, 11, 19, 15, 13, 18, 14, 17, 16], [18, 14, 13, 16, 19, 17, 11, 15, 12]]","{""num_givens"": 30, ""grid_size"": 9}"
sudoku_cf3_11to19_0032,sudoku_cf3_11to19,counterfactual,"[[16, 0, 0, 0, 0, 0, 0, 17, 13], [19, 0, 17, 16, 18, 0, 0, 0, 0], [0, 0, 0, 0, 11, 0, 0, 0, 0], [12, 0, 0, 0, 0, 0, 0, 0, 0], [0, 11, 0, 17, 13, 19, 12, 0, 0], [15, 0, 0, 12, 0, 0, 16, 11, 0], [0, 0, 18, 13, 0, 11, 0, 0, 0], [13, 0, 0, 0, 0, 14, 0, 16, 15], [0, 0, 14, 15, 19, 12, 0, 13, 0]]","Solve the following modified Sudoku puzzle.
Rule change: Instead of the digits 1–9, the valid symbols are 11–19. Each row, column, and 3×3 box must contain each of {11, 12, 13, 14, 15, 16, 17, 18, 19} exactly once.

Puzzle (. = empty cell):
16 . . | . . . | . 17 13
19 . 17 | 16 18 . | . . .
. . . | . 11 . | . . .
----------------------
12 . . | . . . | . . .
. 11 . | 17 13 19 | 12 . .
15 . . | 12 . . | 16 11 .
-------------------------
. . 18 | 13 . 11 | . . .
13 . . | . . 14 | . 16 15
. . 14 | 15 19 12 | . 13 .","[[16, 18, 11, 14, 12, 15, 19, 17, 13], [19, 12, 17, 16, 18, 13, 15, 14, 11], [14, 13, 15, 19, 11, 17, 18, 12, 16], [12, 14, 19, 11, 15, 16, 13, 18, 17], [18, 11, 16, 17, 13, 19, 12, 15, 14], [15, 17, 13, 12, 14, 18, 16, 11, 19], [17, 15, 18, 13, 16, 11, 14, 19, 12], [13, 19, 12, 18, 17, 14, 11, 16, 15], [11, 16, 14, 15, 19, 12, 17, 13, 18]]","{""num_givens"": 30, ""grid_size"": 9}"
sudoku_cf3_11to19_0033,sudoku_cf3_11to19,counterfactual,"[[0, 0, 0, 0, 0, 0, 15, 0, 0], [16, 0, 0, 0, 0, 14, 0, 13, 0], [14, 0, 0, 15, 0, 0, 11, 19, 17], [0, 17, 15, 19, 0, 0, 13, 0, 0], [0, 0, 16, 0, 17, 0, 0, 14, 15], [19, 0, 0, 16, 0, 0, 18, 0, 0], [0, 19, 12, 0, 0, 18, 16, 0, 0], [0, 0, 0, 0, 19, 0, 0, 0, 0], [0, 18, 13, 0, 16, 0, 14, 0, 19]]","Solve the following modified Sudoku puzzle.
Rule change: Instead of the digits 1–9, the valid symbols are 11–19. Each row, column, and 3×3 box must contain each of {11, 12, 13, 14, 15, 16, 17, 18, 19} exactly once.

Puzzle (. = empty cell):
. . . | . . . | 15 . .
16 . . | . . 14 | . 13 .
14 . . | 15 . . | 11 19 17
--------------------------
. 17 15 | 19 . . | 13 . .
. . 16 | . 17 . | . 14 15
19 . . | 16 . . | 18 . .
------------------------
. 19 12 | . . 18 | 16 . .
. . . | . 19 . | . . .
. 18 13 | . 16 . | 14 . 19","[[12, 11, 17, 13, 18, 19, 15, 16, 14], [16, 15, 19, 17, 11, 14, 12, 13, 18], [14, 13, 18, 15, 12, 16, 11, 19, 17], [18, 17, 15, 19, 14, 12, 13, 11, 16], [13, 12, 16, 18, 17, 11, 19, 14, 15], [19, 14, 11, 16, 15, 13, 18, 17, 12], [17, 19, 12, 14, 13, 18, 16, 15, 11], [11, 16, 14, 12, 19, 15, 17, 18, 13], [15, 18, 13, 11, 16, 17, 14, 12, 19]]","{""num_givens"": 30, ""grid_size"": 9}"
sudoku_cf3_11to19_0034,sudoku_cf3_11to19,counterfactual,"[[0, 14, 19, 0, 17, 12, 0, 16, 0], [15, 0, 16, 0, 0, 0, 12, 0, 0], [17, 11, 0, 0, 0, 0, 0, 0, 0], [11, 0, 14, 15, 16, 0, 0, 0, 0], [0, 0, 0, 11, 0, 19, 0, 14, 0], [0, 0, 0, 0, 0, 0, 19, 0, 0], [0, 0, 0, 18, 14, 0, 0, 12, 0], [0, 0, 0, 19, 0, 16, 15, 0, 18], [0, 0, 0, 0, 15, 17, 14, 13, 16]]","Solve the following modified Sudoku puzzle.
Rule change: Instead of the digits 1–9, the valid symbols are 11–19. Each row, column, and 3×3 box must contain each of {11, 12, 13, 14, 15, 16, 17, 18, 19} exactly once.

Puzzle (. = empty cell):
. 14 19 | . 17 12 | . 16 .
15 . 16 | . . . | 12 . .
17 11 . | . . . | . . .
-----------------------
11 . 14 | 15 16 . | . . .
. . . | 11 . 19 | . 14 .
. . . | . . . | 19 . .
----------------------
. . . | 18 14 . | . 12 .
. . . | 19 . 16 | 15 . 18
. . . | . 15 17 | 14 13 16","[[18, 14, 19, 13, 17, 12, 11, 16, 15], [15, 13, 16, 14, 11, 18, 12, 19, 17], [17, 11, 12, 16, 19, 15, 13, 18, 14], [11, 19, 14, 15, 16, 13, 18, 17, 12], [12, 17, 15, 11, 18, 19, 16, 14, 13], [13, 16, 18, 17, 12, 14, 19, 15, 11], [16, 15, 13, 18, 14, 11, 17, 12, 19], [14, 12, 17, 19, 13, 16, 15, 11, 18], [19, 18, 11, 12, 15, 17, 14, 13, 16]]","{""num_givens"": 30, ""grid_size"": 9}"
sudoku_cf3_11to19_0035,sudoku_cf3_11to19,counterfactual,"[[0, 14, 0, 0, 0, 0, 0, 0, 0], [15, 0, 12, 0, 0, 14, 19, 0, 0], [0, 0, 13, 19, 0, 0, 0, 0, 14], [17, 12, 19, 0, 0, 15, 0, 0, 16], [11, 16, 0, 0, 0, 0, 0, 13, 0], [0, 18, 15, 0, 0, 0, 0, 19, 0], [18, 0, 0, 0, 0, 17, 14, 0, 15], [0, 0, 0, 15, 14, 0, 11, 16, 0], [0, 15, 0, 0, 18, 16, 0, 0, 0]]","Solve the following modified Sudoku puzzle.
Rule change: Instead of the digits 1–9, the valid symbols are 11–19. Each row, column, and 3×3 box must contain each of {11, 12, 13, 14, 15, 16, 17, 18, 19} exactly once.

Puzzle (. = empty cell):
. 14 . | . . . | . . .
15 . 12 | . . 14 | 19 . .
. . 13 | 19 . . | . . 14
------------------------
17 12 19 | . . 15 | . . 16
11 16 . | . . . | . 13 .
. 18 15 | . . . | . 19 .
------------------------
18 . . | . . 17 | 14 . 15
. . . | 15 14 . | 11 16 .
. 15 . | . 18 16 | . . .","[[19, 14, 18, 17, 12, 11, 16, 15, 13], [15, 11, 12, 16, 13, 14, 19, 18, 17], [16, 17, 13, 19, 15, 18, 12, 11, 14], [17, 12, 19, 13, 11, 15, 18, 14, 16], [11, 16, 14, 18, 17, 19, 15, 13, 12], [13, 18, 15, 14, 16, 12, 17, 19, 11], [18, 13, 16, 11, 19, 17, 14, 12, 15], [12, 19, 17, 15, 14, 13, 11, 16, 18], [14, 15, 11, 12, 18, 16, 13, 17, 19]]","{""num_givens"": 30, ""grid_size"": 9}"
sudoku_cf3_11to19_0036,sudoku_cf3_11to19,counterfactual,"[[0, 13, 0, 0, 17, 12, 0, 0, 0], [11, 15, 0, 0, 0, 13, 0, 19, 0], [17, 14, 12, 15, 0, 16, 0, 0, 18], [0, 0, 19, 12, 0, 0, 14, 17, 0], [0, 0, 0, 0, 16, 0, 0, 12, 13], [0, 0, 14, 0, 0, 0, 0, 0, 15], [15, 0, 17, 14, 0, 0, 0, 0, 19], [0, 0, 0, 0, 0, 0, 0, 0, 14], [0, 18, 0, 0, 15, 0, 0, 0, 17]]","Solve the following modified Sudoku puzzle.
Rule change: Instead of the digits 1–9, the valid symbols are 11–19. Each row, column, and 3×3 box must contain each of {11, 12, 13, 14, 15, 16, 17, 18, 19} exactly once.

Puzzle (. = empty cell):
. 13 . | . 17 12 | . . .
11 15 . | . . 13 | . 19 .
17 14 12 | 15 . 16 | . . 18
---------------------------
. . 19 | 12 . . | 14 17 .
. . . | . 16 . | . 12 13
. . 14 | . . . | . . 15
-----------------------
15 . 17 | 14 . . | . . 19
. . . | . . . | . . 14
. 18 . | . 15 . | . . 17","[[19, 13, 18, 11, 17, 12, 15, 14, 16], [11, 15, 16, 18, 14, 13, 17, 19, 12], [17, 14, 12, 15, 19, 16, 11, 13, 18], [13, 16, 19, 12, 18, 15, 14, 17, 11], [18, 11, 15, 17, 16, 14, 19, 12, 13], [12, 17, 14, 19, 13, 11, 16, 18, 15], [15, 12, 17, 14, 11, 18, 13, 16, 19], [16, 19, 11, 13, 12, 17, 18, 15, 14], [14, 18, 13, 16, 15, 19, 12, 11, 17]]","{""num_givens"": 30, ""grid_size"": 9}"
sudoku_cf3_11to19_0037,sudoku_cf3_11to19,counterfactual,"[[0, 0, 17, 0, 0, 0, 0, 0, 13], [18, 0, 13, 0, 0, 15, 0, 16, 0], [0, 14, 0, 13, 0, 0, 19, 0, 0], [0, 17, 0, 18, 0, 0, 11, 0, 0], [0, 0, 19, 17, 0, 0, 0, 0, 15], [0, 13, 0, 16, 0, 0, 0, 17, 19], [0, 0, 14, 0, 19, 12, 0, 11, 0], [0, 18, 0, 0, 16, 17, 0, 12, 14], [0, 11, 0, 0, 0, 0, 0, 19, 0]]","Solve the following modified Sudoku puzzle.
Rule change: Instead of the digits 1–9, the valid symbols are 11–19. Each row, column, and 3×3 box must contain each of {11, 12, 13, 14, 15, 16, 17, 18, 19} exactly once.

Puzzle (. = empty cell):
. . 17 | . . . | . . 13
18 . 13 | . . 15 | . 16 .
. 14 . | 13 . . | 19 . .
------------------------
. 17 . | 18 . . | 11 . .
. . 19 | 17 . . | . . 15
. 13 . | 16 . . | . 17 19
-------------------------
. . 14 | . 19 12 | . 11 .
. 18 . | . 16 17 | . 12 14
. 11 . | . . . | . 19 .","[[16, 15, 17, 19, 11, 18, 12, 14, 13], [18, 19, 13, 12, 14, 15, 17, 16, 11], [12, 14, 11, 13, 17, 16, 19, 15, 18], [14, 17, 16, 18, 15, 19, 11, 13, 12], [11, 12, 19, 17, 13, 14, 16, 18, 15], [15, 13, 18, 16, 12, 11, 14, 17, 19], [13, 16, 14, 15, 19, 12, 18, 11, 17], [19, 18, 15, 11, 16, 17, 13, 12, 14], [17, 11, 12, 14, 18, 13, 15, 19, 16]]","{""num_givens"": 30, ""grid_size"": 9}"
sudoku_cf3_11to19_0038,sudoku_cf3_11to19,counterfactual,"[[0, 0, 14, 0, 0, 0, 0, 15, 0], [11, 0, 0, 19, 0, 0, 0, 0, 0], [0, 19, 16, 0, 0, 0, 17, 12, 0], [18, 15, 12, 0, 0, 0, 11, 0, 0], [0, 17, 11, 0, 0, 19, 0, 13, 0], [0, 0, 0, 11, 0, 0, 0, 0, 0], [0, 0, 19, 0, 18, 16, 12, 0, 17], [17, 11, 0, 13, 0, 14, 0, 0, 18], [12, 0, 0, 0, 0, 11, 0, 0, 13]]","Solve the following modified Sudoku puzzle.
Rule change: Instead of the digits 1–9, the valid symbols are 11–19. Each row, column, and 3×3 box must contain each of {11, 12, 13, 14, 15, 16, 17, 18, 19} exactly once.

Puzzle (. = empty cell):
. . 14 | . . . | . 15 .
11 . . | 19 . . | . . .
. 19 16 | . . . | 17 12 .
-------------------------
18 15 12 | . . . | 11 . .
. 17 11 | . . 19 | . 13 .
. . . | 11 . . | . . .
----------------------
. . 19 | . 18 16 | 12 . 17
17 11 . | 13 . 14 | . . 18
12 . . | . . 11 | . . 13","[[13, 18, 14, 12, 11, 17, 19, 15, 16], [11, 12, 17, 19, 16, 15, 13, 18, 14], [15, 19, 16, 14, 13, 18, 17, 12, 11], [18, 15, 12, 16, 14, 13, 11, 17, 19], [16, 17, 11, 18, 15, 19, 14, 13, 12], [19, 14, 13, 11, 17, 12, 18, 16, 15], [14, 13, 19, 15, 18, 16, 12, 11, 17], [17, 11, 15, 13, 12, 14, 16, 19, 18], [12, 16, 18, 17, 19, 11, 15, 14, 13]]","{""num_givens"": 30, ""grid_size"": 9}"
sudoku_cf3_11to19_0039,sudoku_cf3_11to19,counterfactual,"[[0, 0, 12, 18, 19, 14, 0, 16, 0], [0, 18, 0, 0, 0, 0, 0, 0, 13], [0, 0, 15, 0, 13, 17, 0, 19, 18], [0, 0, 0, 0, 15, 0, 13, 17, 12], [16, 0, 14, 0, 12, 0, 15, 0, 0], [0, 0, 0, 0, 0, 0, 0, 0, 0], [17, 15, 13, 19, 0, 0, 18, 0, 14], [0, 0, 0, 0, 0, 0, 16, 15, 0], [0, 19, 0, 0, 0, 0, 0, 13, 0]]","Solve the following modified Sudoku puzzle.
Rule change: Instead of the digits 1–9, the valid symbols are 11–19. Each row, column, and 3×3 box must contain each of {11, 12, 13, 14, 15, 16, 17, 18, 19} exactly once.

Puzzle (. = empty cell):
. . 12 | 18 19 14 | . 16 .
. 18 . | . . . | . . 13
. . 15 | . 13 17 | . 19 18
--------------------------
. . . | . 15 . | 13 17 12
16 . 14 | . 12 . | 15 . .
. . . | . . . | . . .
---------------------
17 15 13 | 19 . . | 18 . 14
. . . | . . . | 16 15 .
. 19 . | . . . | . 13 .","[[13, 17, 12, 18, 19, 14, 11, 16, 15], [14, 18, 19, 16, 11, 15, 17, 12, 13], [11, 16, 15, 12, 13, 17, 14, 19, 18], [19, 11, 18, 14, 15, 16, 13, 17, 12], [16, 13, 14, 17, 12, 19, 15, 18, 11], [15, 12, 17, 11, 18, 13, 19, 14, 16], [17, 15, 13, 19, 16, 12, 18, 11, 14], [12, 14, 11, 13, 17, 18, 16, 15, 19], [18, 19, 16, 15, 14, 11, 12, 13, 17]]","{""num_givens"": 30, ""grid_size"": 9}"
sudoku_cf3_11to19_0040,sudoku_cf3_11to19,counterfactual,"[[0, 17, 0, 16, 12, 0, 15, 0, 0], [0, 13, 0, 0, 0, 0, 0, 16, 17], [16, 0, 0, 0, 13, 0, 0, 0, 0], [19, 0, 0, 14, 16, 0, 11, 0, 13], [0, 16, 18, 0, 0, 11, 0, 0, 0], [12, 0, 14, 0, 17, 15, 0, 0, 0], [11, 0, 16, 17, 14, 0, 19, 0, 0], [0, 0, 0, 18, 0, 0, 14, 0, 0], [0, 14, 0, 0, 0, 0, 0, 18, 0]]","Solve the following modified Sudoku puzzle.
Rule change: Instead of the digits 1–9, the valid symbols are 11–19. Each row, column, and 3×3 box must contain each of {11, 12, 13, 14, 15, 16, 17, 18, 19} exactly once.

Puzzle (. = empty cell):
. 17 . | 16 12 . | 15 . .
. 13 . | . . . | . 16 17
16 . . | . 13 . | . . .
-----------------------
19 . . | 14 16 . | 11 . 13
. 16 18 | . . 11 | . . .
12 . 14 | . 17 15 | . . .
-------------------------
11 . 16 | 17 14 . | 19 . .
. . . | 18 . . | 14 . .
. 14 . | . . . | . 18 .","[[18, 17, 11, 16, 12, 14, 15, 13, 19], [14, 13, 15, 11, 18, 19, 12, 16, 17], [16, 12, 19, 15, 13, 17, 18, 11, 14], [19, 15, 17, 14, 16, 18, 11, 12, 13], [13, 16, 18, 12, 19, 11, 17, 14, 15], [12, 11, 14, 13, 17, 15, 16, 19, 18], [11, 18, 16, 17, 14, 13, 19, 15, 12], [15, 19, 13, 18, 11, 12, 14, 17, 16], [17, 14, 12, 19, 15, 16, 13, 18, 11]]","{""num_givens"": 30, ""grid_size"": 9}"
sudoku_cf3_11to19_0041,sudoku_cf3_11to19,counterfactual,"[[0, 0, 0, 17, 0, 15, 0, 0, 12], [13, 15, 16, 0, 0, 0, 11, 0, 0], [19, 12, 0, 0, 0, 0, 0, 0, 0], [14, 19, 0, 0, 0, 13, 15, 0, 0], [0, 18, 0, 0, 0, 0, 0, 11, 0], [0, 0, 0, 0, 0, 0, 0, 0, 0], [11, 13, 0, 15, 0, 17, 0, 14, 18], [16, 0, 19, 0, 11, 14, 0, 12, 0], [15, 0, 18, 16, 0, 0, 0, 0, 11]]","Solve the following modified Sudoku puzzle.
Rule change: Instead of the digits 1–9, the valid symbols are 11–19. Each row, column, and 3×3 box must contain each of {11, 12, 13, 14, 15, 16, 17, 18, 19} exactly once.

Puzzle (. = empty cell):
. . . | 17 . 15 | . . 12
13 15 16 | . . . | 11 . .
19 12 . | . . . | . . .
-----------------------
14 19 . | . . 13 | 15 . .
. 18 . | . . . | . 11 .
. . . | . . . | . . .
---------------------
11 13 . | 15 . 17 | . 14 18
16 . 19 | . 11 14 | . 12 .
15 . 18 | 16 . . | . . 11","[[18, 11, 14, 17, 16, 15, 19, 13, 12], [13, 15, 16, 19, 12, 18, 11, 17, 14], [19, 12, 17, 13, 14, 11, 18, 15, 16], [14, 19, 11, 12, 18, 13, 15, 16, 17], [17, 18, 13, 14, 15, 16, 12, 11, 19], [12, 16, 15, 11, 17, 19, 14, 18, 13], [11, 13, 12, 15, 19, 17, 16, 14, 18], [16, 17, 19, 18, 11, 14, 13, 12, 15], [15, 14, 18, 16, 13, 12, 17, 19, 11]]","{""num_givens"": 30, ""grid_size"": 9}"
sudoku_cf3_11to19_0042,sudoku_cf3_11to19,counterfactual,"[[0, 0, 0, 0, 16, 17, 0, 0, 11], [19, 0, 0, 0, 0, 18, 13, 0, 15], [0, 0, 15, 0, 13, 0, 0, 0, 0], [0, 11, 12, 0, 0, 16, 17, 0, 18], [0, 0, 18, 0, 0, 0, 16, 11, 14], [14, 0, 0, 0, 19, 0, 0, 0, 0], [11, 15, 13, 19, 0, 0, 0, 0, 17], [0, 18, 0, 0, 0, 0, 0, 0, 0], [0, 14, 0, 0, 17, 0, 0, 18, 12]]","Solve the following modified Sudoku puzzle.
Rule change: Instead of the digits 1–9, the valid symbols are 11–19. Each row, column, and 3×3 box must contain each of {11, 12, 13, 14, 15, 16, 17, 18, 19} exactly once.

Puzzle (. = empty cell):
. . . | . 16 17 | . . 11
19 . . | . . 18 | 13 . 15
. . 15 | . 13 . | . . .
-----------------------
. 11 12 | . . 16 | 17 . 18
. . 18 | . . . | 16 11 14
14 . . | . 19 . | . . .
-----------------------
11 15 13 | 19 . . | . . 17
. 18 . | . . . | . . .
. 14 . | . 17 . | . 18 12","[[18, 13, 14, 15, 16, 17, 19, 12, 11], [19, 16, 11, 12, 14, 18, 13, 17, 15], [17, 12, 15, 11, 13, 19, 18, 14, 16], [13, 11, 12, 14, 15, 16, 17, 19, 18], [15, 19, 18, 17, 12, 13, 16, 11, 14], [14, 17, 16, 18, 19, 11, 12, 15, 13], [11, 15, 13, 19, 18, 12, 14, 16, 17], [12, 18, 17, 16, 11, 14, 15, 13, 19], [16, 14, 19, 13, 17, 15, 11, 18, 12]]","{""num_givens"": 30, ""grid_size"": 9}"
sudoku_cf3_11to19_0043,sudoku_cf3_11to19,counterfactual,"[[0, 0, 0, 13, 0, 0, 0, 19, 0], [0, 12, 0, 0, 0, 0, 14, 15, 0], [13, 0, 14, 0, 0, 17, 0, 0, 11], [19, 0, 0, 0, 11, 0, 0, 0, 15], [18, 0, 13, 0, 0, 0, 0, 0, 0], [0, 0, 0, 0, 18, 0, 0, 16, 19], [17, 0, 18, 0, 13, 0, 15, 0, 12], [11, 15, 19, 0, 0, 0, 13, 0, 16], [0, 0, 16, 11, 15, 0, 0, 0, 0]]","Solve the following modified Sudoku puzzle.
Rule change: Instead of the digits 1–9, the valid symbols are 11–19. Each row, column, and 3×3 box must contain each of {11, 12, 13, 14, 15, 16, 17, 18, 19} exactly once.

Puzzle (. = empty cell):
. . . | 13 . . | . 19 .
. 12 . | . . . | 14 15 .
13 . 14 | . . 17 | . . 11
-------------------------
19 . . | . 11 . | . . 15
18 . 13 | . . . | . . .
. . . | . 18 . | . 16 19
------------------------
17 . 18 | . 13 . | 15 . 12
11 15 19 | . . . | 13 . 16
. . 16 | 11 15 . | . . .","[[15, 18, 11, 13, 14, 12, 16, 19, 17], [16, 12, 17, 18, 19, 11, 14, 15, 13], [13, 19, 14, 15, 16, 17, 12, 18, 11], [19, 17, 12, 14, 11, 16, 18, 13, 15], [18, 16, 13, 19, 17, 15, 11, 12, 14], [14, 11, 15, 12, 18, 13, 17, 16, 19], [17, 14, 18, 16, 13, 19, 15, 11, 12], [11, 15, 19, 17, 12, 18, 13, 14, 16], [12, 13, 16, 11, 15, 14, 19, 17, 18]]","{""num_givens"": 30, ""grid_size"": 9}"
sudoku_cf3_11to19_0044,sudoku_cf3_11to19,counterfactual,"[[19, 0, 0, 0, 0, 14, 0, 11, 13], [0, 0, 0, 0, 17, 0, 0, 0, 16], [0, 0, 11, 18, 0, 0, 0, 14, 0], [12, 0, 0, 0, 0, 17, 0, 16, 14], [17, 19, 13, 14, 0, 0, 0, 0, 15], [0, 16, 0, 12, 0, 0, 0, 0, 19], [0, 0, 0, 0, 0, 15, 0, 19, 0], [0, 18, 17, 11, 0, 0, 16, 13, 0], [0, 0, 0, 13, 0, 0, 0, 15, 0]]","Solve the following modified Sudoku puzzle.
Rule change: Instead of the digits 1–9, the valid symbols are 11–19. Each row, column, and 3×3 box must contain each of {11, 12, 13, 14, 15, 16, 17, 18, 19} exactly once.

Puzzle (. = empty cell):
19 . . | . . 14 | . 11 13
. . . | . 17 . | . . 16
. . 11 | 18 . . | . 14 .
------------------------
12 . . | . . 17 | . 16 14
17 19 13 | 14 . . | . . 15
. 16 . | 12 . . | . . 19
------------------------
. . . | . . 15 | . 19 .
. 18 17 | 11 . . | 16 13 .
. . . | 13 . . | . 15 .","[[19, 17, 12, 16, 15, 14, 18, 11, 13], [18, 13, 14, 19, 17, 11, 15, 12, 16], [16, 15, 11, 18, 12, 13, 19, 14, 17], [12, 11, 18, 15, 19, 17, 13, 16, 14], [17, 19, 13, 14, 11, 16, 12, 18, 15], [14, 16, 15, 12, 13, 18, 11, 17, 19], [13, 12, 16, 17, 18, 15, 14, 19, 11], [15, 18, 17, 11, 14, 19, 16, 13, 12], [11, 14, 19, 13, 16, 12, 17, 15, 18]]","{""num_givens"": 30, ""grid_size"": 9}"
sudoku_cf3_11to19_0045,sudoku_cf3_11to19,counterfactual,"[[0, 11, 0, 18, 0, 0, 0, 0, 12], [0, 0, 13, 14, 16, 0, 18, 11, 0], [0, 0, 0, 0, 17, 0, 14, 0, 19], [0, 0, 12, 0, 0, 0, 0, 0, 0], [18, 16, 0, 17, 0, 0, 19, 13, 0], [0, 0, 0, 0, 18, 11, 0, 0, 14], [13, 0, 0, 12, 14, 18, 0, 0, 0], [0, 0, 0, 16, 0, 0, 12, 0, 0], [0, 12, 0, 0, 11, 19, 15, 0, 0]]","Solve the following modified Sudoku puzzle.
Rule change: Instead of the digits 1–9, the valid symbols are 11–19. Each row, column, and 3×3 box must contain each of {11, 12, 13, 14, 15, 16, 17, 18, 19} exactly once.

Puzzle (. = empty cell):
. 11 . | 18 . . | . . 12
. . 13 | 14 16 . | 18 11 .
. . . | . 17 . | 14 . 19
------------------------
. . 12 | . . . | . . .
18 16 . | 17 . . | 19 13 .
. . . | . 18 11 | . . 14
------------------------
13 . . | 12 14 18 | . . .
. . . | 16 . . | 12 . .
. 12 . | . 11 19 | 15 . .","[[14, 11, 17, 18, 19, 15, 13, 16, 12], [19, 15, 13, 14, 16, 12, 18, 11, 17], [12, 18, 16, 11, 17, 13, 14, 15, 19], [15, 14, 12, 19, 13, 16, 17, 18, 11], [18, 16, 11, 17, 12, 14, 19, 13, 15], [17, 13, 19, 15, 18, 11, 16, 12, 14], [13, 17, 15, 12, 14, 18, 11, 19, 16], [11, 19, 18, 16, 15, 17, 12, 14, 13], [16, 12, 14, 13, 11, 19, 15, 17, 18]]","{""num_givens"": 30, ""grid_size"": 9}"
sudoku_cf3_11to19_0046,sudoku_cf3_11to19,counterfactual,"[[0, 0, 0, 0, 15, 16, 0, 0, 0], [0, 16, 19, 0, 0, 12, 0, 11, 17], [0, 0, 13, 0, 0, 14, 15, 0, 0], [19, 18, 12, 0, 0, 17, 0, 0, 0], [0, 11, 0, 0, 0, 0, 0, 12, 0], [14, 0, 16, 0, 0, 0, 17, 0, 0], [16, 0, 15, 0, 0, 11, 0, 0, 0], [0, 0, 14, 18, 17, 19, 0, 16, 0], [0, 19, 11, 16, 0, 0, 0, 0, 0]]","Solve the following modified Sudoku puzzle.
Rule change: Instead of the digits 1–9, the valid symbols are 11–19. Each row, column, and 3×3 box must contain each of {11, 12, 13, 14, 15, 16, 17, 18, 19} exactly once.

Puzzle (. = empty cell):
. . . | . 15 16 | . . .
. 16 19 | . . 12 | . 11 17
. . 13 | . . 14 | 15 . .
------------------------
19 18 12 | . . 17 | . . .
. 11 . | . . . | . 12 .
14 . 16 | . . . | 17 . .
------------------------
16 . 15 | . . 11 | . . .
. . 14 | 18 17 19 | . 16 .
. 19 11 | 16 . . | . . .","[[11, 14, 18, 17, 15, 16, 19, 13, 12], [15, 16, 19, 13, 18, 12, 14, 11, 17], [17, 12, 13, 19, 11, 14, 15, 18, 16], [19, 18, 12, 14, 16, 17, 13, 15, 11], [13, 11, 17, 15, 19, 18, 16, 12, 14], [14, 15, 16, 11, 12, 13, 17, 19, 18], [16, 17, 15, 12, 13, 11, 18, 14, 19], [12, 13, 14, 18, 17, 19, 11, 16, 15], [18, 19, 11, 16, 14, 15, 12, 17, 13]]","{""num_givens"": 30, ""grid_size"": 9}"
sudoku_cf3_11to19_0047,sudoku_cf3_11to19,counterfactual,"[[0, 0, 0, 0, 15, 17, 18, 13, 11], [0, 0, 0, 19, 0, 0, 0, 14, 0], [0, 0, 13, 0, 0, 11, 0, 0, 17], [16, 0, 12, 15, 0, 14, 0, 0, 18], [0, 14, 0, 0, 0, 0, 0, 0, 0], [0, 0, 0, 17, 19, 13, 0, 16, 0], [0, 12, 0, 0, 17, 0, 0, 0, 14], [18, 0, 0, 0, 0, 16, 12, 0, 0], [17, 0, 0, 0, 18, 19, 0, 11, 0]]","Solve the following modified Sudoku puzzle.
Rule change: Instead of the digits 1–9, the valid symbols are 11–19. Each row, column, and 3×3 box must contain each of {11, 12, 13, 14, 15, 16, 17, 18, 19} exactly once.

Puzzle (. = empty cell):
. . . | . 15 17 | 18 13 11
. . . | 19 . . | . 14 .
. . 13 | . . 11 | . . 17
------------------------
16 . 12 | 15 . 14 | . . 18
. 14 . | . . . | . . .
. . . | 17 19 13 | . 16 .
-------------------------
. 12 . | . 17 . | . . 14
18 . . | . . 16 | 12 . .
17 . . | . 18 19 | . 11 .","[[12, 19, 16, 14, 15, 17, 18, 13, 11], [11, 17, 18, 19, 13, 12, 15, 14, 16], [14, 15, 13, 18, 16, 11, 19, 12, 17], [16, 13, 12, 15, 11, 14, 17, 19, 18], [19, 14, 17, 16, 12, 18, 11, 15, 13], [15, 18, 11, 17, 19, 13, 14, 16, 12], [13, 12, 19, 11, 17, 15, 16, 18, 14], [18, 11, 15, 13, 14, 16, 12, 17, 19], [17, 16, 14, 12, 18, 19, 13, 11, 15]]","{""num_givens"": 30, ""grid_size"": 9}"
sudoku_cf3_11to19_0048,sudoku_cf3_11to19,counterfactual,"[[0, 0, 0, 16, 14, 17, 0, 0, 0], [0, 0, 15, 0, 13, 11, 14, 0, 17], [0, 0, 0, 0, 0, 0, 0, 0, 16], [0, 0, 12, 17, 18, 0, 0, 13, 19], [16, 0, 0, 0, 15, 0, 11, 17, 0], [0, 14, 0, 0, 0, 0, 0, 0, 15], [0, 0, 17, 19, 0, 18, 0, 0, 0], [0, 15, 16, 13, 11, 0, 0, 0, 0], [13, 0, 0, 14, 17, 0, 0, 0, 0]]","Solve the following modified Sudoku puzzle.
Rule change: Instead of the digits 1–9, the valid symbols are 11–19. Each row, column, and 3×3 box must contain each of {11, 12, 13, 14, 15, 16, 17, 18, 19} exactly once.

Puzzle (. = empty cell):
. . . | 16 14 17 | . . .
. . 15 | . 13 11 | 14 . 17
. . . | . . . | . . 16
----------------------
. . 12 | 17 18 . | . 13 19
16 . . | . 15 . | 11 17 .
. 14 . | . . . | . . 15
-----------------------
. . 17 | 19 . 18 | . . .
. 15 16 | 13 11 . | . . .
13 . . | 14 17 . | . . .","[[18, 13, 19, 16, 14, 17, 12, 15, 11], [12, 16, 15, 18, 13, 11, 14, 19, 17], [11, 17, 14, 15, 12, 19, 13, 18, 16], [15, 11, 12, 17, 18, 14, 16, 13, 19], [16, 19, 18, 12, 15, 13, 11, 17, 14], [17, 14, 13, 11, 19, 16, 18, 12, 15], [14, 12, 17, 19, 16, 18, 15, 11, 13], [19, 15, 16, 13, 11, 12, 17, 14, 18], [13, 18, 11, 14, 17, 15, 19, 16, 12]]","{""num_givens"": 30, ""grid_size"": 9}"
sudoku_cf3_11to19_0049,sudoku_cf3_11to19,counterfactual,"[[0, 17, 0, 0, 13, 0, 0, 18, 0], [0, 14, 0, 0, 19, 0, 12, 0, 11], [0, 0, 0, 11, 0, 18, 15, 17, 0], [11, 0, 0, 12, 18, 0, 19, 0, 0], [0, 18, 0, 0, 0, 19, 0, 15, 0], [0, 0, 15, 13, 0, 0, 0, 11, 0], [0, 0, 13, 19, 14, 0, 0, 0, 0], [0, 19, 0, 18, 12, 11, 0, 0, 0], [12, 0, 0, 0, 0, 13, 0, 0, 0]]","Solve the following modified Sudoku puzzle.
Rule change: Instead of the digits 1–9, the valid symbols are 11–19. Each row, column, and 3×3 box must contain each of {11, 12, 13, 14, 15, 16, 17, 18, 19} exactly once.

Puzzle (. = empty cell):
. 17 . | . 13 . | . 18 .
. 14 . | . 19 . | 12 . 11
. . . | 11 . 18 | 15 17 .
-------------------------
11 . . | 12 18 . | 19 . .
. 18 . | . . 19 | . 15 .
. . 15 | 13 . . | . 11 .
------------------------
. . 13 | 19 14 . | . . .
. 19 . | 18 12 11 | . . .
12 . . | . . 13 | . . .","[[15, 17, 11, 14, 13, 12, 16, 18, 19], [16, 14, 18, 15, 19, 17, 12, 13, 11], [13, 12, 19, 11, 16, 18, 15, 17, 14], [11, 13, 17, 12, 18, 15, 19, 14, 16], [14, 18, 12, 16, 11, 19, 17, 15, 13], [19, 16, 15, 13, 17, 14, 18, 11, 12], [18, 15, 13, 19, 14, 16, 11, 12, 17], [17, 19, 14, 18, 12, 11, 13, 16, 15], [12, 11, 16, 17, 15, 13, 14, 19, 18]]","{""num_givens"": 30, ""grid_size"": 9}"
sudoku_cf3_11to19_0050,sudoku_cf3_11to19,counterfactual,"[[0, 0, 17, 0, 14, 0, 11, 19, 0], [0, 16, 0, 11, 0, 0, 0, 0, 0], [0, 14, 18, 0, 12, 0, 0, 0, 13], [0, 19, 0, 0, 0, 0, 16, 0, 0], [0, 18, 15, 0, 0, 0, 14, 12, 17], [0, 11, 0, 14, 0, 15, 0, 0, 0], [18, 15, 0, 13, 0, 0, 17, 0, 16], [14, 0, 0, 0, 0, 18, 0, 11, 0], [19, 0, 0, 0, 0, 0, 0, 13, 0]]","Solve the following modified Sudoku puzzle.
Rule change: Instead of the digits 1–9, the valid symbols are 11–19. Each row, column, and 3×3 box must contain each of {11, 12, 13, 14, 15, 16, 17, 18, 19} exactly once.

Puzzle (. = empty cell):
. . 17 | . 14 . | 11 19 .
. 16 . | 11 . . | . . .
. 14 18 | . 12 . | . . 13
-------------------------
. 19 . | . . . | 16 . .
. 18 15 | . . . | 14 12 17
. 11 . | 14 . 15 | . . .
------------------------
18 15 . | 13 . . | 17 . 16
14 . . | . . 18 | . 11 .
19 . . | . . . | . 13 .","[[15, 13, 17, 18, 14, 16, 11, 19, 12], [12, 16, 19, 11, 15, 13, 18, 17, 14], [11, 14, 18, 17, 12, 19, 15, 16, 13], [13, 19, 14, 12, 18, 17, 16, 15, 11], [16, 18, 15, 19, 13, 11, 14, 12, 17], [17, 11, 12, 14, 16, 15, 13, 18, 19], [18, 15, 11, 13, 19, 12, 17, 14, 16], [14, 12, 13, 16, 17, 18, 19, 11, 15], [19, 17, 16, 15, 11, 14, 12, 13, 18]]","{""num_givens"": 30, ""grid_size"": 9}"
sudoku_cf3_11to19_0051,sudoku_cf3_11to19,counterfactual,"[[13, 0, 0, 14, 0, 15, 0, 17, 11], [16, 0, 18, 0, 0, 11, 15, 0, 12], [0, 15, 11, 19, 0, 16, 0, 0, 0], [0, 0, 0, 0, 14, 0, 0, 13, 0], [0, 0, 0, 0, 13, 0, 17, 0, 0], [0, 0, 0, 17, 11, 0, 14, 12, 16], [0, 11, 0, 0, 16, 0, 0, 0, 0], [0, 0, 13, 0, 0, 0, 18, 0, 0], [18, 0, 17, 0, 0, 13, 0, 0, 0]]","Solve the following modified Sudoku puzzle.
Rule change: Instead of the digits 1–9, the valid symbols are 11–19. Each row, column, and 3×3 box must contain each of {11, 12, 13, 14, 15, 16, 17, 18, 19} exactly once.

Puzzle (. = empty cell):
13 . . | 14 . 15 | . 17 11
16 . 18 | . . 11 | 15 . 12
. 15 11 | 19 . 16 | . . .
-------------------------
. . . | . 14 . | . 13 .
. . . | . 13 . | 17 . .
. . . | 17 11 . | 14 12 16
--------------------------
. 11 . | . 16 . | . . .
. . 13 | . . . | 18 . .
18 . 17 | . . 13 | . . .","[[13, 19, 12, 14, 18, 15, 16, 17, 11], [16, 14, 18, 13, 17, 11, 15, 19, 12], [17, 15, 11, 19, 12, 16, 13, 18, 14], [11, 17, 16, 15, 14, 12, 19, 13, 18], [12, 18, 14, 16, 13, 19, 17, 11, 15], [19, 13, 15, 17, 11, 18, 14, 12, 16], [14, 11, 19, 18, 16, 17, 12, 15, 13], [15, 12, 13, 11, 19, 14, 18, 16, 17], [18, 16, 17, 12, 15, 13, 11, 14, 19]]","{""num_givens"": 30, ""grid_size"": 9}"
sudoku_cf3_11to19_0052,sudoku_cf3_11to19,counterfactual,"[[18, 0, 0, 0, 15, 19, 0, 13, 0], [0, 0, 0, 0, 0, 14, 0, 0, 11], [0, 0, 12, 0, 0, 0, 19, 15, 14], [0, 0, 0, 13, 17, 0, 0, 0, 19], [14, 0, 0, 0, 0, 0, 11, 0, 0], [11, 19, 0, 0, 0, 12, 13, 0, 18], [0, 16, 14, 0, 0, 0, 18, 0, 0], [0, 13, 0, 18, 0, 0, 15, 0, 0], [0, 0, 18, 0, 0, 0, 17, 11, 16]]","Solve the following modified Sudoku puzzle.
Rule change: Instead of the digits 1–9, the valid symbols are 11–19. Each row, column, and 3×3 box must contain each of {11, 12, 13, 14, 15, 16, 17, 18, 19} exactly once.

Puzzle (. = empty cell):
18 . . | . 15 19 | . 13 .
. . . | . . 14 | . . 11
. . 12 | . . . | 19 15 14
-------------------------
. . . | 13 17 . | . . 19
14 . . | . . . | 11 . .
11 19 . | . . 12 | 13 . 18
--------------------------
. 16 14 | . . . | 18 . .
. 13 . | 18 . . | 15 . .
. . 18 | . . . | 17 11 16","[[18, 14, 16, 11, 15, 19, 12, 13, 17], [15, 17, 19, 12, 13, 14, 16, 18, 11], [13, 11, 12, 16, 18, 17, 19, 15, 14], [16, 18, 15, 13, 17, 11, 14, 12, 19], [14, 12, 13, 19, 16, 18, 11, 17, 15], [11, 19, 17, 15, 14, 12, 13, 16, 18], [12, 16, 14, 17, 11, 15, 18, 19, 13], [17, 13, 11, 18, 19, 16, 15, 14, 12], [19, 15, 18, 14, 12, 13, 17, 11, 16]]","{""num_givens"": 30, ""grid_size"": 9}"
sudoku_cf3_11to19_0053,sudoku_cf3_11to19,counterfactual,"[[11, 14, 0, 19, 0, 0, 0, 15, 0], [13, 0, 0, 0, 18, 14, 17, 0, 0], [0, 0, 19, 15, 0, 12, 0, 0, 13], [19, 15, 0, 0, 0, 0, 12, 17, 0], [0, 17, 14, 0, 0, 0, 0, 13, 0], [0, 0, 0, 0, 0, 0, 0, 0, 0], [18, 0, 0, 0, 15, 11, 14, 12, 0], [0, 12, 17, 0, 13, 0, 0, 0, 18], [0, 19, 0, 0, 12, 0, 0, 0, 0]]","Solve the following modified Sudoku puzzle.
Rule change: Instead of the digits 1–9, the valid symbols are 11–19. Each row, column, and 3×3 box must contain each of {11, 12, 13, 14, 15, 16, 17, 18, 19} exactly once.

Puzzle (. = empty cell):
11 14 . | 19 . . | . 15 .
13 . . | . 18 14 | 17 . .
. . 19 | 15 . 12 | . . 13
-------------------------
19 15 . | . . . | 12 17 .
. 17 14 | . . . | . 13 .
. . . | . . . | . . .
---------------------
18 . . | . 15 11 | 14 12 .
. 12 17 | . 13 . | . . 18
. 19 . | . 12 . | . . .","[[11, 14, 12, 19, 17, 13, 18, 15, 16], [13, 16, 15, 11, 18, 14, 17, 19, 12], [17, 18, 19, 15, 16, 12, 11, 14, 13], [19, 15, 18, 13, 11, 16, 12, 17, 14], [12, 17, 14, 18, 19, 15, 16, 13, 11], [16, 11, 13, 12, 14, 17, 19, 18, 15], [18, 13, 16, 17, 15, 11, 14, 12, 19], [14, 12, 17, 16, 13, 19, 15, 11, 18], [15, 19, 11, 14, 12, 18, 13, 16, 17]]","{""num_givens"": 30, ""grid_size"": 9}"
sudoku_cf3_11to19_0054,sudoku_cf3_11to19,counterfactual,"[[16, 0, 0, 0, 0, 0, 0, 0, 11], [0, 0, 13, 0, 0, 18, 19, 16, 0], [19, 0, 0, 17, 0, 11, 0, 14, 12], [0, 0, 0, 18, 0, 0, 0, 0, 19], [0, 0, 11, 0, 15, 14, 0, 0, 16], [17, 0, 18, 0, 19, 0, 12, 0, 0], [18, 0, 0, 16, 0, 0, 14, 12, 0], [11, 0, 12, 0, 0, 0, 0, 0, 0], [0, 16, 17, 0, 0, 0, 0, 0, 18]]","Solve the following modified Sudoku puzzle.
Rule change: Instead of the digits 1–9, the valid symbols are 11–19. Each row, column, and 3×3 box must contain each of {11, 12, 13, 14, 15, 16, 17, 18, 19} exactly once.

Puzzle (. = empty cell):
16 . . | . . . | . . 11
. . 13 | . . 18 | 19 16 .
19 . . | 17 . 11 | . 14 12
--------------------------
. . . | 18 . . | . . 19
. . 11 | . 15 14 | . . 16
17 . 18 | . 19 . | 12 . .
-------------------------
18 . . | 16 . . | 14 12 .
11 . 12 | . . . | . . .
. 16 17 | . . . | . . 18","[[16, 17, 14, 13, 12, 19, 18, 15, 11], [12, 11, 13, 15, 14, 18, 19, 16, 17], [19, 18, 15, 17, 16, 11, 13, 14, 12], [14, 12, 16, 18, 17, 13, 15, 11, 19], [13, 19, 11, 12, 15, 14, 17, 18, 16], [17, 15, 18, 11, 19, 16, 12, 13, 14], [18, 13, 19, 16, 11, 17, 14, 12, 15], [11, 14, 12, 19, 18, 15, 16, 17, 13], [15, 16, 17, 14, 13, 12, 11, 19, 18]]","{""num_givens"": 30, ""grid_size"": 9}"
sudoku_cf3_11to19_0055,sudoku_cf3_11to19,counterfactual,"[[0, 0, 16, 0, 0, 0, 0, 0, 0], [0, 19, 12, 0, 0, 0, 0, 11, 0], [14, 15, 17, 0, 0, 16, 13, 0, 0], [19, 0, 14, 0, 0, 0, 0, 0, 12], [0, 17, 0, 12, 0, 0, 0, 18, 0], [15, 0, 0, 0, 13, 0, 0, 0, 0], [12, 0, 0, 14, 0, 19, 0, 16, 0], [0, 18, 0, 13, 17, 12, 14, 15, 0], [0, 14, 0, 0, 0, 0, 0, 19, 18]]","Solve the following modified Sudoku puzzle.
Rule change: Instead of the digits 1–9, the valid symbols are 11–19. Each row, column, and 3×3 box must contain each of {11, 12, 13, 14, 15, 16, 17, 18, 19} exactly once.

Puzzle (. = empty cell):
. . 16 | . . . | . . .
. 19 12 | . . . | . 11 .
14 15 17 | . . 16 | 13 . .
--------------------------
19 . 14 | . . . | . . 12
. 17 . | 12 . . | . 18 .
15 . . | . 13 . | . . .
-----------------------
12 . . | 14 . 19 | . 16 .
. 18 . | 13 17 12 | 14 15 .
. 14 . | . . . | . 19 18","[[11, 13, 16, 19, 12, 17, 18, 14, 15], [18, 19, 12, 15, 14, 13, 16, 11, 17], [14, 15, 17, 18, 11, 16, 13, 12, 19], [19, 16, 14, 17, 15, 18, 11, 13, 12], [13, 17, 11, 12, 19, 14, 15, 18, 16], [15, 12, 18, 16, 13, 11, 19, 17, 14], [12, 11, 15, 14, 18, 19, 17, 16, 13], [16, 18, 19, 13, 17, 12, 14, 15, 11], [17, 14, 13, 11, 16, 15, 12, 19, 18]]","{""num_givens"": 30, ""grid_size"": 9}"
sudoku_cf3_11to19_0056,sudoku_cf3_11to19,counterfactual,"[[0, 14, 18, 0, 0, 0, 0, 0, 0], [0, 0, 17, 0, 0, 0, 11, 0, 0], [0, 0, 0, 13, 12, 0, 15, 0, 14], [14, 0, 11, 0, 0, 0, 18, 19, 0], [0, 0, 12, 14, 0, 0, 0, 0, 15], [0, 13, 19, 17, 0, 0, 0, 0, 12], [0, 0, 0, 12, 15, 0, 17, 0, 11], [18, 11, 0, 0, 0, 17, 12, 0, 0], [0, 0, 13, 0, 11, 0, 19, 0, 0]]","Solve the following modified Sudoku puzzle.
Rule change: Instead of the digits 1–9, the valid symbols are 11–19. Each row, column, and 3×3 box must contain each of {11, 12, 13, 14, 15, 16, 17, 18, 19} exactly once.

Puzzle (. = empty cell):
. 14 18 | . . . | . . .
. . 17 | . . . | 11 . .
. . . | 13 12 . | 15 . 14
-------------------------
14 . 11 | . . . | 18 19 .
. . 12 | 14 . . | . . 15
. 13 19 | 17 . . | . . 12
-------------------------
. . . | 12 15 . | 17 . 11
18 11 . | . . 17 | 12 . .
. . 13 | . 11 . | 19 . .","[[15, 14, 18, 11, 17, 16, 13, 12, 19], [13, 12, 17, 15, 14, 19, 11, 16, 18], [11, 19, 16, 13, 12, 18, 15, 17, 14], [14, 15, 11, 16, 13, 12, 18, 19, 17], [17, 18, 12, 14, 19, 11, 16, 13, 15], [16, 13, 19, 17, 18, 15, 14, 11, 12], [19, 16, 14, 12, 15, 13, 17, 18, 11], [18, 11, 15, 19, 16, 17, 12, 14, 13], [12, 17, 13, 18, 11, 14, 19, 15, 16]]","{""num_givens"": 30, ""grid_size"": 9}"
sudoku_cf3_11to19_0057,sudoku_cf3_11to19,counterfactual,"[[0, 0, 11, 19, 0, 13, 0, 0, 12], [0, 0, 0, 18, 0, 12, 11, 0, 19], [0, 19, 0, 0, 11, 0, 17, 0, 0], [15, 12, 0, 0, 0, 19, 0, 0, 0], [0, 0, 0, 0, 0, 14, 0, 0, 18], [14, 13, 0, 0, 0, 0, 0, 0, 0], [0, 0, 0, 0, 0, 18, 0, 0, 16], [0, 15, 16, 13, 0, 17, 14, 19, 0], [11, 0, 0, 0, 19, 0, 0, 13, 17]]","Solve the following modified Sudoku puzzle.
Rule change: Instead of the digits 1–9, the valid symbols are 11–19. Each row, column, and 3×3 box must contain each of {11, 12, 13, 14, 15, 16, 17, 18, 19} exactly once.

Puzzle (. = empty cell):
. . 11 | 19 . 13 | . . 12
. . . | 18 . 12 | 11 . 19
. 19 . | . 11 . | 17 . .
------------------------
15 12 . | . . 19 | . . .
. . . | . . 14 | . . 18
14 13 . | . . . | . . .
-----------------------
. . . | . . 18 | . . 16
. 15 16 | 13 . 17 | 14 19 .
11 . . | . 19 . | . 13 17","[[17, 18, 11, 19, 15, 13, 16, 14, 12], [13, 16, 14, 18, 17, 12, 11, 15, 19], [12, 19, 15, 14, 11, 16, 17, 18, 13], [15, 12, 18, 17, 16, 19, 13, 11, 14], [16, 11, 19, 15, 13, 14, 12, 17, 18], [14, 13, 17, 12, 18, 11, 19, 16, 15], [19, 17, 13, 11, 14, 18, 15, 12, 16], [18, 15, 16, 13, 12, 17, 14, 19, 11], [11, 14, 12, 16, 19, 15, 18, 13, 17]]","{""num_givens"": 30, ""grid_size"": 9}"
sudoku_cf3_11to19_0058,sudoku_cf3_11to19,counterfactual,"[[18, 0, 0, 0, 0, 16, 0, 0, 0], [0, 0, 0, 0, 0, 14, 17, 18, 0], [16, 0, 13, 0, 0, 0, 0, 0, 0], [0, 0, 0, 14, 0, 0, 0, 0, 17], [0, 0, 0, 0, 17, 11, 18, 16, 0], [17, 0, 15, 0, 16, 0, 0, 12, 19], [0, 0, 0, 15, 19, 0, 0, 17, 14], [0, 0, 16, 18, 14, 0, 12, 0, 0], [0, 0, 12, 0, 0, 17, 13, 0, 18]]","Solve the following modified Sudoku puzzle.
Rule change: Instead of the digits 1–9, the valid symbols are 11–19. Each row, column, and 3×3 box must contain each of {11, 12, 13, 14, 15, 16, 17, 18, 19} exactly once.

Puzzle (. = empty cell):
18 . . | . . 16 | . . .
. . . | . . 14 | 17 18 .
16 . 13 | . . . | . . .
-----------------------
. . . | 14 . . | . . 17
. . . | . 17 11 | 18 16 .
17 . 15 | . 16 . | . 12 19
--------------------------
. . . | 15 19 . | . 17 14
. . 16 | 18 14 . | 12 . .
. . 12 | . . 17 | 13 . 18","[[18, 12, 17, 11, 15, 16, 19, 14, 13], [11, 15, 19, 12, 13, 14, 17, 18, 16], [16, 14, 13, 17, 18, 19, 15, 11, 12], [19, 16, 18, 14, 12, 15, 11, 13, 17], [12, 13, 14, 19, 17, 11, 18, 16, 15], [17, 11, 15, 13, 16, 18, 14, 12, 19], [13, 18, 11, 15, 19, 12, 16, 17, 14], [15, 17, 16, 18, 14, 13, 12, 19, 11], [14, 19, 12, 16, 11, 17, 13, 15, 18]]","{""num_givens"": 30, ""grid_size"": 9}"
sudoku_cf3_11to19_0059,sudoku_cf3_11to19,counterfactual,"[[0, 19, 11, 16, 0, 18, 0, 0, 0], [0, 0, 0, 0, 14, 12, 0, 0, 0], [14, 0, 0, 13, 0, 19, 0, 0, 0], [16, 15, 0, 0, 12, 0, 0, 14, 0], [13, 0, 17, 0, 0, 0, 15, 0, 16], [18, 0, 12, 0, 0, 16, 0, 19, 0], [0, 0, 0, 0, 0, 0, 0, 17, 0], [17, 0, 0, 19, 0, 15, 12, 16, 0], [0, 0, 0, 12, 17, 0, 0, 18, 0]]","Solve the following modified Sudoku puzzle.
Rule change: Instead of the digits 1–9, the valid symbols are 11–19. Each row, column, and 3×3 box must contain each of {11, 12, 13, 14, 15, 16, 17, 18, 19} exactly once.

Puzzle (. = empty cell):
. 19 11 | 16 . 18 | . . .
. . . | . 14 12 | . . .
14 . . | 13 . 19 | . . .
------------------------
16 15 . | . 12 . | . 14 .
13 . 17 | . . . | 15 . 16
18 . 12 | . . 16 | . 19 .
-------------------------
. . . | . . . | . 17 .
17 . . | 19 . 15 | 12 16 .
. . . | 12 17 . | . 18 .","[[12, 19, 11, 16, 15, 18, 17, 13, 14], [15, 18, 13, 17, 14, 12, 16, 11, 19], [14, 17, 16, 13, 11, 19, 18, 15, 12], [16, 15, 19, 11, 12, 17, 13, 14, 18], [13, 11, 17, 18, 19, 14, 15, 12, 16], [18, 14, 12, 15, 13, 16, 11, 19, 17], [11, 12, 18, 14, 16, 13, 19, 17, 15], [17, 13, 14, 19, 18, 15, 12, 16, 11], [19, 16, 15, 12, 17, 11, 14, 18, 13]]","{""num_givens"": 30, ""grid_size"": 9}"
sudoku_cf3_11to19_0060,sudoku_cf3_11to19,counterfactual,"[[13, 0, 0, 16, 0, 0, 0, 11, 17], [0, 0, 12, 13, 14, 18, 15, 0, 0], [0, 14, 0, 0, 0, 0, 0, 13, 12], [0, 16, 0, 11, 18, 0, 0, 19, 0], [0, 0, 0, 0, 0, 0, 11, 0, 0], [0, 0, 0, 0, 0, 19, 0, 14, 18], [0, 0, 13, 0, 0, 17, 19, 0, 0], [14, 12, 0, 18, 0, 0, 0, 0, 0], [0, 0, 17, 14, 0, 0, 0, 18, 16]]","Solve the following modified Sudoku puzzle.
Rule change: Instead of the digits 1–9, the valid symbols are 11–19. Each row, column, and 3×3 box must contain each of {11, 12, 13, 14, 15, 16, 17, 18, 19} exactly once.

Puzzle (. = empty cell):
13 . . | 16 . . | . 11 17
. . 12 | 13 14 18 | 15 . .
. 14 . | . . . | . 13 12
------------------------
. 16 . | 11 18 . | . 19 .
. . . | . . . | 11 . .
. . . | . . 19 | . 14 18
------------------------
. . 13 | . . 17 | 19 . .
14 12 . | 18 . . | . . .
. . 17 | 14 . . | . 18 16","[[13, 19, 18, 16, 15, 12, 14, 11, 17], [11, 17, 12, 13, 14, 18, 15, 16, 19], [15, 14, 16, 19, 17, 11, 18, 13, 12], [12, 16, 14, 11, 18, 13, 17, 19, 15], [18, 15, 19, 17, 16, 14, 11, 12, 13], [17, 13, 11, 15, 12, 19, 16, 14, 18], [16, 18, 13, 12, 11, 17, 19, 15, 14], [14, 12, 15, 18, 19, 16, 13, 17, 11], [19, 11, 17, 14, 13, 15, 12, 18, 16]]","{""num_givens"": 30, ""grid_size"": 9}"
sudoku_cf3_11to19_0061,sudoku_cf3_11to19,counterfactual,"[[0, 14, 16, 0, 0, 0, 0, 17, 18], [15, 0, 0, 16, 11, 18, 0, 0, 0], [0, 0, 18, 13, 0, 0, 0, 0, 15], [0, 0, 0, 11, 0, 13, 17, 0, 0], [14, 13, 0, 15, 0, 12, 0, 0, 0], [16, 0, 0, 0, 17, 0, 15, 0, 13], [0, 0, 0, 0, 0, 11, 18, 0, 0], [0, 18, 0, 14, 0, 15, 16, 0, 19], [0, 0, 14, 0, 0, 0, 0, 0, 0]]","Solve the following modified Sudoku puzzle.
Rule change: Instead of the digits 1–9, the valid symbols are 11–19. Each row, column, and 3×3 box must contain each of {11, 12, 13, 14, 15, 16, 17, 18, 19} exactly once.

Puzzle (. = empty cell):
. 14 16 | . . . | . 17 18
15 . . | 16 11 18 | . . .
. . 18 | 13 . . | . . 15
------------------------
. . . | 11 . 13 | 17 . .
14 13 . | 15 . 12 | . . .
16 . . | . 17 . | 15 . 13
-------------------------
. . . | . . 11 | 18 . .
. 18 . | 14 . 15 | 16 . 19
. . 14 | . . . | . . .","[[11, 14, 16, 12, 15, 19, 13, 17, 18], [15, 17, 13, 16, 11, 18, 14, 19, 12], [12, 19, 18, 13, 14, 17, 11, 16, 15], [18, 12, 15, 11, 19, 13, 17, 14, 16], [14, 13, 17, 15, 16, 12, 19, 18, 11], [16, 11, 19, 18, 17, 14, 15, 12, 13], [19, 16, 12, 17, 13, 11, 18, 15, 14], [17, 18, 11, 14, 12, 15, 16, 13, 19], [13, 15, 14, 19, 18, 16, 12, 11, 17]]","{""num_givens"": 30, ""grid_size"": 9}"
sudoku_cf3_11to19_0062,sudoku_cf3_11to19,counterfactual,"[[0, 14, 0, 0, 16, 0, 0, 15, 0], [0, 18, 0, 0, 0, 0, 0, 17, 11], [0, 15, 16, 0, 0, 17, 0, 0, 0], [0, 0, 0, 17, 13, 0, 11, 0, 12], [0, 17, 12, 15, 0, 14, 13, 19, 0], [0, 0, 0, 16, 0, 19, 17, 0, 0], [0, 0, 0, 18, 0, 13, 0, 16, 0], [0, 0, 0, 11, 0, 0, 0, 13, 0], [19, 16, 0, 0, 0, 0, 0, 0, 14]]","Solve the following modified Sudoku puzzle.
Rule change: Instead of the digits 1–9, the valid symbols are 11–19. Each row, column, and 3×3 box must contain each of {11, 12, 13, 14, 15, 16, 17, 18, 19} exactly once.

Puzzle (. = empty cell):
. 14 . | . 16 . | . 15 .
. 18 . | . . . | . 17 11
. 15 16 | . . 17 | . . .
------------------------
. . . | 17 13 . | 11 . 12
. 17 12 | 15 . 14 | 13 19 .
. . . | 16 . 19 | 17 . .
------------------------
. . . | 18 . 13 | . 16 .
. . . | 11 . . | . 13 .
19 16 . | . . . | . . 14","[[12, 14, 17, 13, 16, 11, 19, 15, 18], [13, 18, 19, 14, 15, 12, 16, 17, 11], [11, 15, 16, 19, 18, 17, 14, 12, 13], [16, 19, 15, 17, 13, 18, 11, 14, 12], [18, 17, 12, 15, 11, 14, 13, 19, 16], [14, 13, 11, 16, 12, 19, 17, 18, 15], [15, 11, 14, 18, 19, 13, 12, 16, 17], [17, 12, 18, 11, 14, 16, 15, 13, 19], [19, 16, 13, 12, 17, 15, 18, 11, 14]]","{""num_givens"": 30, ""grid_size"": 9}"
sudoku_cf3_11to19_0063,sudoku_cf3_11to19,counterfactual,"[[0, 0, 0, 18, 14, 15, 13, 0, 0], [14, 0, 0, 0, 0, 0, 11, 18, 0], [0, 0, 0, 17, 0, 0, 0, 0, 0], [0, 0, 0, 14, 0, 12, 0, 0, 0], [0, 14, 13, 11, 0, 0, 0, 12, 0], [19, 12, 0, 0, 16, 0, 17, 13, 0], [13, 17, 0, 16, 0, 0, 0, 0, 11], [0, 0, 14, 0, 17, 0, 0, 0, 15], [0, 11, 18, 0, 15, 0, 0, 0, 13]]","Solve the following modified Sudoku puzzle.
Rule change: Instead of the digits 1–9, the valid symbols are 11–19. Each row, column, and 3×3 box must contain each of {11, 12, 13, 14, 15, 16, 17, 18, 19} exactly once.

Puzzle (. = empty cell):
. . . | 18 14 15 | 13 . .
14 . . | . . . | 11 18 .
. . . | 17 . . | . . .
----------------------
. . . | 14 . 12 | . . .
. 14 13 | 11 . . | . 12 .
19 12 . | . 16 . | 17 13 .
--------------------------
13 17 . | 16 . . | . . 11
. . 14 | . 17 . | . . 15
. 11 18 | . 15 . | . . 13","[[11, 16, 12, 18, 14, 15, 13, 19, 17], [14, 15, 17, 19, 12, 13, 11, 18, 16], [18, 13, 19, 17, 11, 16, 14, 15, 12], [17, 18, 16, 14, 13, 12, 15, 11, 19], [15, 14, 13, 11, 19, 17, 16, 12, 18], [19, 12, 11, 15, 16, 18, 17, 13, 14], [13, 17, 15, 16, 18, 19, 12, 14, 11], [12, 19, 14, 13, 17, 11, 18, 16, 15], [16, 11, 18, 12, 15, 14, 19, 17, 13]]","{""num_givens"": 30, ""grid_size"": 9}"
sudoku_cf3_11to19_0064,sudoku_cf3_11to19,counterfactual,"[[0, 0, 0, 18, 0, 0, 0, 0, 0], [0, 0, 0, 0, 0, 11, 0, 15, 19], [0, 0, 15, 0, 12, 0, 0, 0, 14], [18, 0, 0, 11, 15, 0, 0, 17, 16], [0, 15, 0, 0, 13, 0, 0, 0, 11], [0, 0, 0, 16, 0, 18, 0, 14, 0], [15, 0, 18, 0, 0, 13, 0, 19, 17], [17, 14, 0, 0, 16, 0, 0, 0, 0], [11, 16, 0, 0, 0, 0, 0, 12, 15]]","Solve the following modified Sudoku puzzle.
Rule change: Instead of the digits 1–9, the valid symbols are 11–19. Each row, column, and 3×3 box must contain each of {11, 12, 13, 14, 15, 16, 17, 18, 19} exactly once.

Puzzle (. = empty cell):
. . . | 18 . . | . . .
. . . | . . 11 | . 15 19
. . 15 | . 12 . | . . 14
------------------------
18 . . | 11 15 . | . 17 16
. 15 . | . 13 . | . . 11
. . . | 16 . 18 | . 14 .
------------------------
15 . 18 | . . 13 | . 19 17
17 14 . | . 16 . | . . .
11 16 . | . . . | . 12 15","[[14, 17, 11, 18, 19, 15, 13, 16, 12], [12, 18, 16, 13, 14, 11, 17, 15, 19], [13, 19, 15, 17, 12, 16, 18, 11, 14], [18, 13, 14, 11, 15, 19, 12, 17, 16], [16, 15, 17, 12, 13, 14, 19, 18, 11], [19, 11, 12, 16, 17, 18, 15, 14, 13], [15, 12, 18, 14, 11, 13, 16, 19, 17], [17, 14, 19, 15, 16, 12, 11, 13, 18], [11, 16, 13, 19, 18, 17, 14, 12, 15]]","{""num_givens"": 30, ""grid_size"": 9}"
sudoku_cf3_11to19_0065,sudoku_cf3_11to19,counterfactual,"[[0, 13, 0, 0, 0, 0, 0, 0, 0], [19, 0, 0, 0, 0, 0, 15, 16, 11], [17, 0, 0, 15, 0, 14, 0, 0, 0], [0, 0, 0, 11, 0, 0, 13, 15, 0], [0, 12, 18, 17, 0, 13, 0, 0, 0], [0, 0, 13, 0, 0, 0, 12, 0, 18], [0, 18, 0, 0, 15, 0, 17, 0, 14], [14, 0, 0, 13, 18, 0, 0, 19, 15], [0, 0, 19, 0, 0, 0, 0, 18, 13]]","Solve the following modified Sudoku puzzle.
Rule change: Instead of the digits 1–9, the valid symbols are 11–19. Each row, column, and 3×3 box must contain each of {11, 12, 13, 14, 15, 16, 17, 18, 19} exactly once.

Puzzle (. = empty cell):
. 13 . | . . . | . . .
19 . . | . . . | 15 16 11
17 . . | 15 . 14 | . . .
------------------------
. . . | 11 . . | 13 15 .
. 12 18 | 17 . 13 | . . .
. . 13 | . . . | 12 . 18
------------------------
. 18 . | . 15 . | 17 . 14
14 . . | 13 18 . | . 19 15
. . 19 | . . . | . 18 13","[[18, 13, 15, 12, 11, 16, 14, 17, 19], [19, 14, 12, 18, 13, 17, 15, 16, 11], [17, 11, 16, 15, 19, 14, 18, 13, 12], [16, 19, 14, 11, 12, 18, 13, 15, 17], [15, 12, 18, 17, 14, 13, 19, 11, 16], [11, 17, 13, 19, 16, 15, 12, 14, 18], [13, 18, 11, 16, 15, 19, 17, 12, 14], [14, 16, 17, 13, 18, 12, 11, 19, 15], [12, 15, 19, 14, 17, 11, 16, 18, 13]]","{""num_givens"": 30, ""grid_size"": 9}"
sudoku_cf3_11to19_0066,sudoku_cf3_11to19,counterfactual,"[[0, 12, 11, 0, 0, 14, 0, 17, 15], [0, 0, 14, 17, 0, 0, 0, 0, 19], [17, 0, 0, 15, 0, 0, 18, 0, 0], [0, 13, 0, 0, 0, 0, 0, 0, 11], [0, 0, 16, 0, 18, 0, 19, 0, 0], [0, 18, 12, 0, 0, 0, 14, 0, 13], [0, 0, 0, 0, 0, 12, 0, 11, 0], [0, 0, 0, 18, 0, 0, 13, 0, 12], [0, 17, 0, 16, 11, 0, 0, 14, 18]]","Solve the following modified Sudoku puzzle.
Rule change: Instead of the digits 1–9, the valid symbols are 11–19. Each row, column, and 3×3 box must contain each of {11, 12, 13, 14, 15, 16, 17, 18, 19} exactly once.

Puzzle (. = empty cell):
. 12 11 | . . 14 | . 17 15
. . 14 | 17 . . | . . 19
17 . . | 15 . . | 18 . .
------------------------
. 13 . | . . . | . . 11
. . 16 | . 18 . | 19 . .
. 18 12 | . . . | 14 . 13
-------------------------
. . . | . . 12 | . 11 .
. . . | 18 . . | 13 . 12
. 17 . | 16 11 . | . 14 18","[[18, 12, 11, 19, 13, 14, 16, 17, 15], [13, 15, 14, 17, 16, 18, 11, 12, 19], [17, 16, 19, 15, 12, 11, 18, 13, 14], [15, 13, 17, 14, 19, 16, 12, 18, 11], [11, 14, 16, 12, 18, 13, 19, 15, 17], [19, 18, 12, 11, 17, 15, 14, 16, 13], [14, 19, 18, 13, 15, 12, 17, 11, 16], [16, 11, 15, 18, 14, 17, 13, 19, 12], [12, 17, 13, 16, 11, 19, 15, 14, 18]]","{""num_givens"": 30, ""grid_size"": 9}"
sudoku_cf3_11to19_0067,sudoku_cf3_11to19,counterfactual,"[[16, 0, 0, 0, 12, 0, 0, 0, 19], [0, 0, 18, 16, 0, 0, 0, 0, 0], [0, 14, 17, 0, 0, 0, 12, 13, 0], [12, 0, 0, 0, 13, 0, 0, 0, 0], [0, 0, 0, 0, 0, 0, 0, 15, 11], [0, 0, 11, 19, 18, 16, 0, 0, 0], [0, 0, 0, 0, 0, 17, 19, 16, 0], [0, 16, 0, 12, 0, 13, 0, 18, 15], [15, 0, 12, 11, 0, 0, 13, 0, 17]]","Solve the following modified Sudoku puzzle.
Rule change: Instead of the digits 1–9, the valid symbols are 11–19. Each row, column, and 3×3 box must contain each of {11, 12, 13, 14, 15, 16, 17, 18, 19} exactly once.

Puzzle (. = empty cell):
16 . . | . 12 . | . . 19
. . 18 | 16 . . | . . .
. 14 17 | . . . | 12 13 .
-------------------------
12 . . | . 13 . | . . .
. . . | . . . | . 15 11
. . 11 | 19 18 16 | . . .
-------------------------
. . . | . . 17 | 19 16 .
. 16 . | 12 . 13 | . 18 15
15 . 12 | 11 . . | 13 . 17","[[16, 11, 15, 13, 12, 14, 18, 17, 19], [13, 12, 18, 16, 17, 19, 15, 11, 14], [19, 14, 17, 18, 11, 15, 12, 13, 16], [12, 17, 16, 15, 13, 11, 14, 19, 18], [18, 13, 19, 17, 14, 12, 16, 15, 11], [14, 15, 11, 19, 18, 16, 17, 12, 13], [11, 18, 13, 14, 15, 17, 19, 16, 12], [17, 16, 14, 12, 19, 13, 11, 18, 15], [15, 19, 12, 11, 16, 18, 13, 14, 17]]","{""num_givens"": 30, ""grid_size"": 9}"
sudoku_cf3_11to19_0068,sudoku_cf3_11to19,counterfactual,"[[15, 11, 18, 0, 0, 16, 19, 0, 0], [0, 0, 0, 0, 0, 19, 0, 14, 0], [0, 0, 14, 12, 0, 11, 16, 0, 15], [0, 0, 0, 0, 0, 0, 0, 13, 17], [12, 0, 13, 0, 15, 0, 0, 0, 0], [16, 0, 0, 0, 0, 0, 11, 15, 18], [0, 0, 0, 0, 0, 15, 13, 11, 0], [13, 15, 16, 0, 0, 0, 0, 0, 0], [0, 17, 0, 0, 0, 18, 0, 0, 12]]","Solve the following modified Sudoku puzzle.
Rule change: Instead of the digits 1–9, the valid symbols are 11–19. Each row, column, and 3×3 box must contain each of {11, 12, 13, 14, 15, 16, 17, 18, 19} exactly once.

Puzzle (. = empty cell):
15 11 18 | . . 16 | 19 . .
. . . | . . 19 | . 14 .
. . 14 | 12 . 11 | 16 . 15
--------------------------
. . . | . . . | . 13 17
12 . 13 | . 15 . | . . .
16 . . | . . . | 11 15 18
-------------------------
. . . | . . 15 | 13 11 .
13 15 16 | . . . | . . .
. 17 . | . . 18 | . . 12","[[15, 11, 18, 17, 14, 16, 19, 12, 13], [17, 16, 12, 15, 13, 19, 18, 14, 11], [19, 13, 14, 12, 18, 11, 16, 17, 15], [11, 19, 15, 18, 16, 14, 12, 13, 17], [12, 18, 13, 11, 15, 17, 14, 19, 16], [16, 14, 17, 19, 12, 13, 11, 15, 18], [18, 12, 19, 16, 17, 15, 13, 11, 14], [13, 15, 16, 14, 11, 12, 17, 18, 19], [14, 17, 11, 13, 19, 18, 15, 16, 12]]","{""num_givens"": 30, ""grid_size"": 9}"
sudoku_cf3_11to19_0069,sudoku_cf3_11to19,counterfactual,"[[0, 0, 0, 0, 15, 0, 18, 0, 0], [0, 0, 0, 0, 11, 13, 15, 0, 0], [13, 0, 0, 17, 0, 0, 0, 0, 12], [0, 0, 12, 0, 19, 0, 13, 0, 0], [0, 0, 0, 0, 0, 11, 0, 12, 17], [11, 17, 16, 18, 0, 0, 14, 15, 0], [17, 0, 11, 0, 0, 0, 0, 18, 0], [0, 0, 19, 11, 0, 0, 0, 0, 15], [0, 16, 15, 0, 17, 14, 0, 0, 0]]","Solve the following modified Sudoku puzzle.
Rule change: Instead of the digits 1–9, the valid symbols are 11–19. Each row, column, and 3×3 box must contain each of {11, 12, 13, 14, 15, 16, 17, 18, 19} exactly once.

Puzzle (. = empty cell):
. . . | . 15 . | 18 . .
. . . | . 11 13 | 15 . .
13 . . | 17 . . | . . 12
------------------------
. . 12 | . 19 . | 13 . .
. . . | . . 11 | . 12 17
11 17 16 | 18 . . | 14 15 .
---------------------------
17 . 11 | . . . | . 18 .
. . 19 | 11 . . | . . 15
. 16 15 | . 17 14 | . . .","[[16, 11, 17, 12, 15, 19, 18, 14, 13], [12, 19, 18, 14, 11, 13, 15, 17, 16], [13, 15, 14, 17, 18, 16, 11, 19, 12], [15, 14, 12, 16, 19, 17, 13, 11, 18], [19, 18, 13, 15, 14, 11, 16, 12, 17], [11, 17, 16, 18, 13, 12, 14, 15, 19], [17, 12, 11, 13, 16, 15, 19, 18, 14], [14, 13, 19, 11, 12, 18, 17, 16, 15], [18, 16, 15, 19, 17, 14, 12, 13, 11]]","{""num_givens"": 30, ""grid_size"": 9}"
sudoku_cf3_11to19_0070,sudoku_cf3_11to19,counterfactual,"[[17, 0, 0, 0, 0, 0, 19, 0, 11], [0, 0, 0, 16, 0, 12, 0, 0, 0], [0, 0, 13, 11, 15, 19, 0, 0, 0], [0, 14, 0, 0, 0, 0, 11, 17, 0], [0, 0, 17, 12, 16, 0, 0, 18, 0], [0, 0, 0, 13, 11, 0, 0, 16, 0], [0, 11, 15, 0, 0, 16, 14, 0, 18], [16, 17, 14, 0, 0, 0, 0, 0, 15], [18, 0, 0, 0, 0, 0, 0, 0, 16]]","Solve the following modified Sudoku puzzle.
Rule change: Instead of the digits 1–9, the valid symbols are 11–19. Each row, column, and 3×3 box must contain each of {11, 12, 13, 14, 15, 16, 17, 18, 19} exactly once.

Puzzle (. = empty cell):
17 . . | . . . | 19 . 11
. . . | 16 . 12 | . . .
. . 13 | 11 15 19 | . . .
-------------------------
. 14 . | . . . | 11 17 .
. . 17 | 12 16 . | . 18 .
. . . | 13 11 . | . 16 .
------------------------
. 11 15 | . . 16 | 14 . 18
16 17 14 | . . . | . . 15
18 . . | . . . | . . 16","[[17, 16, 12, 18, 14, 13, 19, 15, 11], [15, 19, 11, 16, 17, 12, 18, 14, 13], [14, 18, 13, 11, 15, 19, 16, 12, 17], [13, 14, 16, 15, 19, 18, 11, 17, 12], [11, 15, 17, 12, 16, 14, 13, 18, 19], [19, 12, 18, 13, 11, 17, 15, 16, 14], [12, 11, 15, 17, 13, 16, 14, 19, 18], [16, 17, 14, 19, 18, 11, 12, 13, 15], [18, 13, 19, 14, 12, 15, 17, 11, 16]]","{""num_givens"": 30, ""grid_size"": 9}"
sudoku_cf3_11to19_0071,sudoku_cf3_11to19,counterfactual,"[[15, 17, 19, 0, 0, 0, 13, 0, 0], [18, 0, 0, 0, 0, 19, 0, 12, 0], [0, 12, 0, 0, 16, 15, 0, 0, 0], [19, 14, 0, 0, 0, 0, 0, 16, 0], [0, 13, 0, 0, 0, 14, 17, 15, 12], [0, 0, 0, 0, 15, 0, 19, 0, 0], [12, 19, 0, 0, 13, 0, 0, 0, 0], [0, 0, 0, 0, 12, 0, 14, 0, 19], [0, 16, 0, 14, 0, 0, 12, 11, 0]]","Solve the following modified Sudoku puzzle.
Rule change: Instead of the digits 1–9, the valid symbols are 11–19. Each row, column, and 3×3 box must contain each of {11, 12, 13, 14, 15, 16, 17, 18, 19} exactly once.

Puzzle (. = empty cell):
15 17 19 | . . . | 13 . .
18 . . | . . 19 | . 12 .
. 12 . | . 16 15 | . . .
------------------------
19 14 . | . . . | . 16 .
. 13 . | . . 14 | 17 15 12
. . . | . 15 . | 19 . .
-----------------------
12 19 . | . 13 . | . . .
. . . | . 12 . | 14 . 19
. 16 . | 14 . . | 12 11 .","[[15, 17, 19, 11, 14, 12, 13, 18, 16], [18, 11, 16, 13, 17, 19, 15, 12, 14], [14, 12, 13, 18, 16, 15, 11, 19, 17], [19, 14, 15, 12, 11, 17, 18, 16, 13], [16, 13, 11, 19, 18, 14, 17, 15, 12], [17, 18, 12, 16, 15, 13, 19, 14, 11], [12, 19, 14, 15, 13, 11, 16, 17, 18], [11, 15, 18, 17, 12, 16, 14, 13, 19], [13, 16, 17, 14, 19, 18, 12, 11, 15]]","{""num_givens"": 30, ""grid_size"": 9}"
sudoku_cf3_11to19_0072,sudoku_cf3_11to19,counterfactual,"[[0, 0, 0, 0, 0, 0, 0, 0, 11], [13, 11, 0, 15, 18, 0, 12, 14, 0], [0, 0, 0, 0, 0, 12, 18, 0, 0], [14, 13, 0, 0, 11, 18, 0, 16, 0], [19, 12, 11, 0, 14, 13, 15, 0, 0], [0, 0, 18, 0, 0, 0, 13, 0, 0], [12, 0, 0, 0, 0, 14, 0, 0, 0], [0, 0, 0, 13, 12, 0, 17, 0, 18], [0, 0, 0, 0, 0, 17, 0, 0, 15]]","Solve the following modified Sudoku puzzle.
Rule change: Instead of the digits 1–9, the valid symbols are 11–19. Each row, column, and 3×3 box must contain each of {11, 12, 13, 14, 15, 16, 17, 18, 19} exactly once.

Puzzle (. = empty cell):
. . . | . . . | . . 11
13 11 . | 15 18 . | 12 14 .
. . . | . . 12 | 18 . .
-----------------------
14 13 . | . 11 18 | . 16 .
19 12 11 | . 14 13 | 15 . .
. . 18 | . . . | 13 . .
-----------------------
12 . . | . . 14 | . . .
. . . | 13 12 . | 17 . 18
. . . | . . 17 | . . 15","[[18, 15, 12, 14, 13, 19, 16, 17, 11], [13, 11, 17, 15, 18, 16, 12, 14, 19], [16, 19, 14, 11, 17, 12, 18, 15, 13], [14, 13, 15, 17, 11, 18, 19, 16, 12], [19, 12, 11, 16, 14, 13, 15, 18, 17], [17, 16, 18, 12, 19, 15, 13, 11, 14], [12, 17, 19, 18, 15, 14, 11, 13, 16], [15, 14, 16, 13, 12, 11, 17, 19, 18], [11, 18, 13, 19, 16, 17, 14, 12, 15]]","{""num_givens"": 30, ""grid_size"": 9}"
sudoku_cf3_11to19_0073,sudoku_cf3_11to19,counterfactual,"[[0, 14, 16, 0, 0, 0, 18, 0, 0], [0, 13, 0, 12, 16, 0, 0, 0, 0], [0, 0, 0, 0, 0, 17, 15, 0, 0], [0, 15, 0, 0, 11, 12, 0, 17, 18], [17, 0, 12, 0, 0, 0, 11, 0, 0], [14, 0, 0, 0, 17, 0, 0, 15, 12], [0, 12, 0, 0, 0, 0, 0, 0, 19], [16, 0, 15, 0, 18, 0, 0, 0, 0], [13, 0, 18, 0, 0, 16, 17, 11, 0]]","Solve the following modified Sudoku puzzle.
Rule change: Instead of the digits 1–9, the valid symbols are 11–19. Each row, column, and 3×3 box must contain each of {11, 12, 13, 14, 15, 16, 17, 18, 19} exactly once.

Puzzle (. = empty cell):
. 14 16 | . . . | 18 . .
. 13 . | 12 16 . | . . .
. . . | . . 17 | 15 . .
-----------------------
. 15 . | . 11 12 | . 17 18
17 . 12 | . . . | 11 . .
14 . . | . 17 . | . 15 12
-------------------------
. 12 . | . . . | . . 19
16 . 15 | . 18 . | . . .
13 . 18 | . . 16 | 17 11 .","[[15, 14, 16, 13, 19, 11, 18, 12, 17], [18, 13, 17, 12, 16, 15, 19, 14, 11], [12, 11, 19, 18, 14, 17, 15, 16, 13], [19, 15, 13, 16, 11, 12, 14, 17, 18], [17, 18, 12, 15, 13, 14, 11, 19, 16], [14, 16, 11, 19, 17, 18, 13, 15, 12], [11, 12, 14, 17, 15, 13, 16, 18, 19], [16, 17, 15, 11, 18, 19, 12, 13, 14], [13, 19, 18, 14, 12, 16, 17, 11, 15]]","{""num_givens"": 30, ""grid_size"": 9}"
sudoku_cf3_11to19_0074,sudoku_cf3_11to19,counterfactual,"[[0, 0, 13, 0, 0, 0, 16, 17, 12], [0, 0, 0, 0, 0, 0, 0, 18, 14], [14, 0, 0, 17, 0, 0, 0, 13, 0], [19, 0, 0, 0, 0, 0, 0, 0, 0], [17, 0, 0, 0, 0, 0, 12, 19, 16], [11, 16, 0, 18, 0, 0, 0, 0, 0], [0, 19, 11, 16, 17, 0, 0, 15, 0], [13, 0, 15, 0, 19, 0, 0, 16, 0], [0, 18, 0, 15, 13, 0, 0, 0, 19]]","Solve the following modified Sudoku puzzle.
Rule change: Instead of the digits 1–9, the valid symbols are 11–19. Each row, column, and 3×3 box must contain each of {11, 12, 13, 14, 15, 16, 17, 18, 19} exactly once.

Puzzle (. = empty cell):
. . 13 | . . . | 16 17 12
. . . | . . . | . 18 14
14 . . | 17 . . | . 13 .
------------------------
19 . . | . . . | . . .
17 . . | . . . | 12 19 16
11 16 . | 18 . . | . . .
------------------------
. 19 11 | 16 17 . | . 15 .
13 . 15 | . 19 . | . 16 .
. 18 . | 15 13 . | . . 19","[[18, 11, 13, 19, 14, 15, 16, 17, 12], [15, 17, 16, 13, 12, 11, 19, 18, 14], [14, 12, 19, 17, 18, 16, 15, 13, 11], [19, 13, 14, 12, 16, 17, 18, 11, 15], [17, 15, 18, 14, 11, 13, 12, 19, 16], [11, 16, 12, 18, 15, 19, 13, 14, 17], [12, 19, 11, 16, 17, 18, 14, 15, 13], [13, 14, 15, 11, 19, 12, 17, 16, 18], [16, 18, 17, 15, 13, 14, 11, 12, 19]]","{""num_givens"": 30, ""grid_size"": 9}"
sudoku_cf3_11to19_0075,sudoku_cf3_11to19,counterfactual,"[[18, 0, 0, 19, 0, 17, 16, 12, 0], [0, 15, 12, 0, 13, 0, 0, 0, 0], [0, 0, 0, 0, 14, 18, 13, 0, 0], [14, 0, 0, 0, 0, 15, 0, 11, 0], [15, 0, 11, 14, 17, 0, 0, 19, 0], [0, 0, 0, 0, 19, 0, 0, 0, 0], [0, 11, 0, 0, 0, 0, 0, 18, 0], [13, 0, 0, 0, 11, 16, 17, 0, 12], [16, 0, 0, 17, 0, 19, 0, 0, 0]]","Solve the following modified Sudoku puzzle.
Rule change: Instead of the digits 1–9, the valid symbols are 11–19. Each row, column, and 3×3 box must contain each of {11, 12, 13, 14, 15, 16, 17, 18, 19} exactly once.

Puzzle (. = empty cell):
18 . . | 19 . 17 | 16 12 .
. 15 12 | . 13 . | . . .
. . . | . 14 18 | 13 . .
------------------------
14 . . | . . 15 | . 11 .
15 . 11 | 14 17 . | . 19 .
. . . | . 19 . | . . .
----------------------
. 11 . | . . . | . 18 .
13 . . | . 11 16 | 17 . 12
16 . . | 17 . 19 | . . .","[[18, 14, 13, 19, 15, 17, 16, 12, 11], [19, 15, 12, 16, 13, 11, 14, 17, 18], [11, 17, 16, 12, 14, 18, 13, 15, 19], [14, 13, 19, 18, 16, 15, 12, 11, 17], [15, 16, 11, 14, 17, 12, 18, 19, 13], [12, 18, 17, 11, 19, 13, 15, 16, 14], [17, 11, 15, 13, 12, 14, 19, 18, 16], [13, 19, 18, 15, 11, 16, 17, 14, 12], [16, 12, 14, 17, 18, 19, 11, 13, 15]]","{""num_givens"": 30, ""grid_size"": 9}"
sudoku_cf3_11to19_0076,sudoku_cf3_11to19,counterfactual,"[[0, 0, 12, 0, 0, 0, 0, 0, 0], [15, 16, 18, 0, 0, 0, 0, 14, 0], [17, 14, 0, 0, 0, 15, 16, 0, 0], [0, 15, 0, 13, 0, 12, 0, 0, 0], [18, 0, 0, 0, 11, 0, 0, 0, 12], [0, 12, 14, 0, 15, 0, 0, 0, 0], [0, 0, 11, 18, 14, 0, 12, 15, 16], [14, 0, 16, 0, 0, 0, 17, 0, 0], [0, 17, 0, 0, 0, 19, 0, 0, 11]]","Solve the following modified Sudoku puzzle.
Rule change: Instead of the digits 1–9, the valid symbols are 11–19. Each row, column, and 3×3 box must contain each of {11, 12, 13, 14, 15, 16, 17, 18, 19} exactly once.

Puzzle (. = empty cell):
. . 12 | . . . | . . .
15 16 18 | . . . | . 14 .
17 14 . | . . 15 | 16 . .
-------------------------
. 15 . | 13 . 12 | . . .
18 . . | . 11 . | . . 12
. 12 14 | . 15 . | . . .
------------------------
. . 11 | 18 14 . | 12 15 16
14 . 16 | . . . | 17 . .
. 17 . | . . 19 | . . 11","[[19, 11, 12, 14, 16, 18, 13, 17, 15], [15, 16, 18, 12, 17, 13, 11, 14, 19], [17, 14, 13, 11, 19, 15, 16, 12, 18], [16, 15, 17, 13, 18, 12, 19, 11, 14], [18, 13, 19, 17, 11, 14, 15, 16, 12], [11, 12, 14, 19, 15, 16, 18, 13, 17], [13, 19, 11, 18, 14, 17, 12, 15, 16], [14, 18, 16, 15, 12, 11, 17, 19, 13], [12, 17, 15, 16, 13, 19, 14, 18, 11]]","{""num_givens"": 30, ""grid_size"": 9}"
sudoku_cf3_11to19_0077,sudoku_cf3_11to19,counterfactual,"[[0, 13, 12, 0, 15, 19, 0, 0, 0], [0, 17, 0, 14, 0, 0, 0, 18, 13], [0, 0, 0, 13, 0, 0, 16, 12, 15], [13, 0, 0, 0, 0, 0, 0, 16, 0], [0, 0, 18, 0, 0, 0, 17, 19, 11], [17, 0, 0, 15, 19, 0, 0, 0, 0], [0, 0, 0, 0, 12, 0, 13, 0, 14], [0, 0, 13, 0, 0, 16, 0, 15, 0], [15, 19, 0, 0, 0, 0, 0, 0, 16]]","Solve the following modified Sudoku puzzle.
Rule change: Instead of the digits 1–9, the valid symbols are 11–19. Each row, column, and 3×3 box must contain each of {11, 12, 13, 14, 15, 16, 17, 18, 19} exactly once.

Puzzle (. = empty cell):
. 13 12 | . 15 19 | . . .
. 17 . | 14 . . | . 18 13
. . . | 13 . . | 16 12 15
-------------------------
13 . . | . . . | . 16 .
. . 18 | . . . | 17 19 11
17 . . | 15 19 . | . . .
------------------------
. . . | . 12 . | 13 . 14
. . 13 | . . 16 | . 15 .
15 19 . | . . . | . . 16","[[18, 13, 12, 16, 15, 19, 11, 14, 17], [16, 17, 15, 14, 11, 12, 19, 18, 13], [19, 11, 14, 13, 18, 17, 16, 12, 15], [13, 12, 19, 17, 14, 11, 15, 16, 18], [14, 15, 18, 12, 16, 13, 17, 19, 11], [17, 16, 11, 15, 19, 18, 14, 13, 12], [11, 18, 16, 19, 12, 15, 13, 17, 14], [12, 14, 13, 11, 17, 16, 18, 15, 19], [15, 19, 17, 18, 13, 14, 12, 11, 16]]","{""num_givens"": 30, ""grid_size"": 9}"
sudoku_cf3_11to19_0078,sudoku_cf3_11to19,counterfactual,"[[17, 0, 0, 0, 0, 0, 0, 18, 16], [12, 0, 0, 0, 15, 0, 11, 0, 0], [16, 0, 11, 13, 0, 0, 12, 0, 0], [0, 0, 12, 15, 0, 0, 16, 0, 13], [0, 0, 18, 0, 14, 0, 0, 0, 0], [15, 0, 0, 0, 0, 13, 0, 0, 0], [0, 12, 0, 0, 0, 0, 14, 0, 19], [18, 0, 15, 0, 0, 12, 0, 11, 0], [11, 0, 0, 0, 13, 17, 15, 0, 18]]","Solve the following modified Sudoku puzzle.
Rule change: Instead of the digits 1–9, the valid symbols are 11–19. Each row, column, and 3×3 box must contain each of {11, 12, 13, 14, 15, 16, 17, 18, 19} exactly once.

Puzzle (. = empty cell):
17 . . | . . . | . 18 16
12 . . | . 15 . | 11 . .
16 . 11 | 13 . . | 12 . .
-------------------------
. . 12 | 15 . . | 16 . 13
. . 18 | . 14 . | . . .
15 . . | . . 13 | . . .
-----------------------
. 12 . | . . . | 14 . 19
18 . 15 | . . 12 | . 11 .
11 . . | . 13 17 | 15 . 18","[[17, 15, 13, 11, 12, 14, 19, 18, 16], [12, 18, 19, 17, 15, 16, 11, 13, 14], [16, 14, 11, 13, 18, 19, 12, 17, 15], [14, 11, 12, 15, 17, 18, 16, 19, 13], [19, 13, 18, 16, 14, 11, 17, 15, 12], [15, 17, 16, 12, 19, 13, 18, 14, 11], [13, 12, 17, 18, 11, 15, 14, 16, 19], [18, 19, 15, 14, 16, 12, 13, 11, 17], [11, 16, 14, 19, 13, 17, 15, 12, 18]]","{""num_givens"": 30, ""grid_size"": 9}"
sudoku_cf3_11to19_0079,sudoku_cf3_11to19,counterfactual,"[[0, 0, 0, 15, 0, 0, 0, 13, 16], [15, 0, 14, 0, 0, 16, 12, 0, 0], [0, 12, 13, 0, 0, 0, 18, 0, 14], [0, 0, 16, 0, 0, 14, 13, 0, 15], [0, 0, 0, 0, 0, 19, 0, 18, 0], [0, 0, 0, 0, 0, 15, 16, 14, 19], [0, 0, 0, 16, 0, 0, 17, 0, 0], [17, 0, 15, 0, 19, 0, 14, 0, 11], [11, 0, 0, 0, 0, 0, 0, 12, 0]]","Solve the following modified Sudoku puzzle.
Rule change: Instead of the digits 1–9, the valid symbols are 11–19. Each row, column, and 3×3 box must contain each of {11, 12, 13, 14, 15, 16, 17, 18, 19} exactly once.

Puzzle (. = empty cell):
. . . | 15 . . | . 13 16
15 . 14 | . . 16 | 12 . .
. 12 13 | . . . | 18 . 14
-------------------------
. . 16 | . . 14 | 13 . 15
. . . | . . 19 | . 18 .
. . . | . . 15 | 16 14 19
-------------------------
. . . | 16 . . | 17 . .
17 . 15 | . 19 . | 14 . 11
11 . . | . . . | . 12 .","[[18, 17, 11, 15, 14, 12, 19, 13, 16], [15, 19, 14, 18, 13, 16, 12, 11, 17], [16, 12, 13, 19, 11, 17, 18, 15, 14], [19, 18, 16, 11, 12, 14, 13, 17, 15], [14, 15, 17, 13, 16, 19, 11, 18, 12], [13, 11, 12, 17, 18, 15, 16, 14, 19], [12, 14, 18, 16, 15, 11, 17, 19, 13], [17, 13, 15, 12, 19, 18, 14, 16, 11], [11, 16, 19, 14, 17, 13, 15, 12, 18]]","{""num_givens"": 30, ""grid_size"": 9}"
sudoku_cf3_11to19_0080,sudoku_cf3_11to19,counterfactual,"[[16, 0, 0, 15, 0, 13, 14, 0, 0], [13, 15, 19, 0, 0, 0, 0, 0, 0], [0, 0, 0, 0, 19, 16, 18, 15, 0], [0, 0, 14, 18, 0, 0, 0, 17, 12], [12, 0, 0, 0, 0, 0, 15, 0, 0], [0, 19, 17, 0, 0, 0, 0, 11, 0], [0, 17, 0, 11, 0, 0, 0, 13, 19], [0, 0, 16, 0, 0, 14, 0, 0, 0], [0, 18, 12, 0, 17, 0, 11, 0, 0]]","Solve the following modified Sudoku puzzle.
Rule change: Instead of the digits 1–9, the valid symbols are 11–19. Each row, column, and 3×3 box must contain each of {11, 12, 13, 14, 15, 16, 17, 18, 19} exactly once.

Puzzle (. = empty cell):
16 . . | 15 . 13 | 14 . .
13 15 19 | . . . | . . .
. . . | . 19 16 | 18 15 .
-------------------------
. . 14 | 18 . . | . 17 12
12 . . | . . . | 15 . .
. 19 17 | . . . | . 11 .
------------------------
. 17 . | 11 . . | . 13 19
. . 16 | . . 14 | . . .
. 18 12 | . 17 . | 11 . .","[[16, 12, 18, 15, 11, 13, 14, 19, 17], [13, 15, 19, 14, 18, 17, 16, 12, 11], [17, 14, 11, 12, 19, 16, 18, 15, 13], [15, 16, 14, 18, 13, 11, 19, 17, 12], [12, 11, 13, 17, 14, 19, 15, 16, 18], [18, 19, 17, 16, 15, 12, 13, 11, 14], [14, 17, 15, 11, 16, 18, 12, 13, 19], [11, 13, 16, 19, 12, 14, 17, 18, 15], [19, 18, 12, 13, 17, 15, 11, 14, 16]]","{""num_givens"": 30, ""grid_size"": 9}"
sudoku_cf3_11to19_0081,sudoku_cf3_11to19,counterfactual,"[[15, 0, 0, 0, 0, 18, 0, 11, 0], [18, 0, 14, 0, 0, 15, 0, 0, 0], [0, 13, 12, 16, 14, 0, 15, 17, 0], [0, 0, 0, 0, 19, 0, 0, 0, 0], [0, 15, 0, 0, 0, 13, 19, 14, 0], [0, 0, 17, 0, 16, 0, 13, 0, 0], [12, 0, 0, 13, 0, 0, 0, 19, 16], [0, 0, 11, 14, 0, 0, 12, 0, 0], [0, 0, 0, 0, 11, 12, 0, 15, 0]]","Solve the following modified Sudoku puzzle.
Rule change: Instead of the digits 1–9, the valid symbols are 11–19. Each row, column, and 3×3 box must contain each of {11, 12, 13, 14, 15, 16, 17, 18, 19} exactly once.

Puzzle (. = empty cell):
15 . . | . . 18 | . 11 .
18 . 14 | . . 15 | . . .
. 13 12 | 16 14 . | 15 17 .
---------------------------
. . . | . 19 . | . . .
. 15 . | . . 13 | 19 14 .
. . 17 | . 16 . | 13 . .
------------------------
12 . . | 13 . . | . 19 16
. . 11 | 14 . . | 12 . .
. . . | . 11 12 | . 15 .","[[15, 16, 19, 17, 13, 18, 14, 11, 12], [18, 17, 14, 11, 12, 15, 16, 13, 19], [11, 13, 12, 16, 14, 19, 15, 17, 18], [14, 12, 13, 15, 19, 11, 18, 16, 17], [16, 15, 18, 12, 17, 13, 19, 14, 11], [19, 11, 17, 18, 16, 14, 13, 12, 15], [12, 14, 15, 13, 18, 17, 11, 19, 16], [17, 19, 11, 14, 15, 16, 12, 18, 13], [13, 18, 16, 19, 11, 12, 17, 15, 14]]","{""num_givens"": 30, ""grid_size"": 9}"
sudoku_cf3_11to19_0082,sudoku_cf3_11to19,counterfactual,"[[0, 0, 0, 0, 0, 0, 0, 18, 0], [0, 0, 0, 0, 0, 0, 19, 0, 15], [0, 0, 0, 11, 0, 0, 17, 0, 14], [0, 0, 13, 0, 12, 0, 11, 0, 19], [0, 16, 0, 15, 0, 17, 18, 0, 13], [0, 17, 0, 19, 0, 0, 12, 15, 0], [15, 0, 12, 0, 14, 0, 0, 0, 0], [0, 0, 11, 12, 19, 0, 15, 0, 17], [17, 0, 0, 0, 18, 0, 0, 11, 0]]","Solve the following modified Sudoku puzzle.
Rule change: Instead of the digits 1–9, the valid symbols are 11–19. Each row, column, and 3×3 box must contain each of {11, 12, 13, 14, 15, 16, 17, 18, 19} exactly once.

Puzzle (. = empty cell):
. . . | . . . | . 18 .
. . . | . . . | 19 . 15
. . . | 11 . . | 17 . 14
------------------------
. . 13 | . 12 . | 11 . 19
. 16 . | 15 . 17 | 18 . 13
. 17 . | 19 . . | 12 15 .
-------------------------
15 . 12 | . 14 . | . . .
. . 11 | 12 19 . | 15 . 17
17 . . | . 18 . | . 11 .","[[16, 12, 17, 14, 15, 19, 13, 18, 11], [13, 11, 14, 18, 17, 12, 19, 16, 15], [19, 18, 15, 11, 16, 13, 17, 12, 14], [14, 15, 13, 16, 12, 18, 11, 17, 19], [12, 16, 19, 15, 11, 17, 18, 14, 13], [11, 17, 18, 19, 13, 14, 12, 15, 16], [15, 13, 12, 17, 14, 11, 16, 19, 18], [18, 14, 11, 12, 19, 16, 15, 13, 17], [17, 19, 16, 13, 18, 15, 14, 11, 12]]","{""num_givens"": 30, ""grid_size"": 9}"
sudoku_cf3_11to19_0083,sudoku_cf3_11to19,counterfactual,"[[0, 0, 0, 18, 17, 13, 0, 0, 0], [0, 13, 12, 0, 0, 19, 0, 0, 0], [0, 0, 15, 16, 0, 0, 0, 14, 0], [0, 16, 17, 0, 0, 14, 18, 13, 11], [0, 0, 0, 15, 0, 0, 0, 0, 16], [12, 18, 0, 11, 0, 0, 0, 0, 0], [13, 12, 0, 0, 0, 18, 0, 16, 19], [0, 14, 0, 19, 0, 0, 12, 0, 0], [0, 15, 0, 0, 16, 0, 0, 0, 0]]","Solve the following modified Sudoku puzzle.
Rule change: Instead of the digits 1–9, the valid symbols are 11–19. Each row, column, and 3×3 box must contain each of {11, 12, 13, 14, 15, 16, 17, 18, 19} exactly once.

Puzzle (. = empty cell):
. . . | 18 17 13 | . . .
. 13 12 | . . 19 | . . .
. . 15 | 16 . . | . 14 .
------------------------
. 16 17 | . . 14 | 18 13 11
. . . | 15 . . | . . 16
12 18 . | 11 . . | . . .
------------------------
13 12 . | . . 18 | . 16 19
. 14 . | 19 . . | 12 . .
. 15 . | . 16 . | . . .","[[14, 11, 16, 18, 17, 13, 19, 15, 12], [18, 13, 12, 14, 15, 19, 16, 11, 17], [19, 17, 15, 16, 12, 11, 13, 14, 18], [15, 16, 17, 12, 19, 14, 18, 13, 11], [11, 19, 13, 15, 18, 17, 14, 12, 16], [12, 18, 14, 11, 13, 16, 17, 19, 15], [13, 12, 11, 17, 14, 18, 15, 16, 19], [16, 14, 18, 19, 11, 15, 12, 17, 13], [17, 15, 19, 13, 16, 12, 11, 18, 14]]","{""num_givens"": 30, ""grid_size"": 9}"
sudoku_cf3_11to19_0084,sudoku_cf3_11to19,counterfactual,"[[0, 0, 11, 12, 19, 0, 17, 0, 0], [0, 0, 0, 0, 0, 0, 16, 0, 0], [0, 0, 0, 0, 0, 0, 0, 0, 0], [16, 0, 0, 0, 0, 11, 0, 0, 17], [17, 0, 0, 0, 0, 13, 19, 0, 16], [12, 13, 15, 19, 16, 0, 14, 0, 0], [0, 0, 17, 16, 15, 0, 0, 0, 11], [0, 0, 16, 13, 0, 12, 0, 0, 14], [15, 0, 0, 0, 17, 0, 18, 0, 13]]","Solve the following modified Sudoku puzzle.
Rule change: Instead of the digits 1–9, the valid symbols are 11–19. Each row, column, and 3×3 box must contain each of {11, 12, 13, 14, 15, 16, 17, 18, 19} exactly once.

Puzzle (. = empty cell):
. . 11 | 12 19 . | 17 . .
. . . | . . . | 16 . .
. . . | . . . | . . .
---------------------
16 . . | . . 11 | . . 17
17 . . | . . 13 | 19 . 16
12 13 15 | 19 16 . | 14 . .
---------------------------
. . 17 | 16 15 . | . . 11
. . 16 | 13 . 12 | . . 14
15 . . | . 17 . | 18 . 13","[[14, 16, 11, 12, 19, 18, 17, 13, 15], [19, 17, 13, 14, 11, 15, 16, 18, 12], [18, 15, 12, 17, 13, 16, 11, 14, 19], [16, 14, 19, 18, 12, 11, 13, 15, 17], [17, 11, 18, 15, 14, 13, 19, 12, 16], [12, 13, 15, 19, 16, 17, 14, 11, 18], [13, 18, 17, 16, 15, 14, 12, 19, 11], [11, 19, 16, 13, 18, 12, 15, 17, 14], [15, 12, 14, 11, 17, 19, 18, 16, 13]]","{""num_givens"": 30, ""grid_size"": 9}"
sudoku_cf3_11to19_0085,sudoku_cf3_11to19,counterfactual,"[[0, 0, 14, 0, 0, 0, 0, 0, 13], [18, 15, 0, 19, 14, 0, 0, 0, 12], [17, 0, 12, 18, 0, 0, 0, 14, 0], [0, 12, 0, 14, 0, 0, 15, 19, 0], [14, 18, 0, 0, 0, 11, 16, 0, 17], [0, 0, 0, 0, 0, 19, 0, 0, 0], [15, 0, 0, 0, 0, 13, 0, 0, 14], [19, 0, 16, 0, 18, 0, 11, 0, 0], [0, 0, 0, 11, 0, 0, 0, 16, 0]]","Solve the following modified Sudoku puzzle.
Rule change: Instead of the digits 1–9, the valid symbols are 11–19. Each row, column, and 3×3 box must contain each of {11, 12, 13, 14, 15, 16, 17, 18, 19} exactly once.

Puzzle (. = empty cell):
. . 14 | . . . | . . 13
18 15 . | 19 14 . | . . 12
17 . 12 | 18 . . | . 14 .
-------------------------
. 12 . | 14 . . | 15 19 .
14 18 . | . . 11 | 16 . 17
. . . | . . 19 | . . .
----------------------
15 . . | . . 13 | . . 14
19 . 16 | . 18 . | 11 . .
. . . | 11 . . | . 16 .","[[16, 19, 14, 17, 11, 12, 18, 15, 13], [18, 15, 13, 19, 14, 16, 17, 11, 12], [17, 11, 12, 18, 13, 15, 19, 14, 16], [13, 12, 17, 14, 16, 18, 15, 19, 11], [14, 18, 19, 15, 12, 11, 16, 13, 17], [11, 16, 15, 13, 17, 19, 14, 12, 18], [15, 17, 11, 16, 19, 13, 12, 18, 14], [19, 13, 16, 12, 18, 14, 11, 17, 15], [12, 14, 18, 11, 15, 17, 13, 16, 19]]","{""num_givens"": 30, ""grid_size"": 9}"
sudoku_cf3_11to19_0086,sudoku_cf3_11to19,counterfactual,"[[17, 0, 19, 0, 0, 14, 0, 12, 11], [11, 0, 14, 19, 0, 0, 15, 18, 0], [0, 0, 18, 15, 0, 0, 0, 0, 17], [0, 0, 0, 0, 0, 11, 19, 0, 0], [14, 17, 0, 13, 0, 0, 0, 0, 0], [0, 12, 0, 17, 18, 0, 0, 0, 13], [18, 19, 0, 0, 0, 0, 0, 0, 14], [15, 0, 0, 0, 0, 0, 0, 0, 12], [16, 0, 0, 0, 14, 0, 0, 13, 0]]","Solve the following modified Sudoku puzzle.
Rule change: Instead of the digits 1–9, the valid symbols are 11–19. Each row, column, and 3×3 box must contain each of {11, 12, 13, 14, 15, 16, 17, 18, 19} exactly once.

Puzzle (. = empty cell):
17 . 19 | . . 14 | . 12 11
11 . 14 | 19 . . | 15 18 .
. . 18 | 15 . . | . . 17
------------------------
. . . | . . 11 | 19 . .
14 17 . | 13 . . | . . .
. 12 . | 17 18 . | . . 13
-------------------------
18 19 . | . . . | . . 14
15 . . | . . . | . . 12
16 . . | . 14 . | . 13 .","[[17, 15, 19, 18, 16, 14, 13, 12, 11], [11, 13, 14, 19, 17, 12, 15, 18, 16], [12, 16, 18, 15, 11, 13, 14, 19, 17], [13, 18, 16, 14, 12, 11, 19, 17, 15], [14, 17, 11, 13, 15, 19, 12, 16, 18], [19, 12, 15, 17, 18, 16, 11, 14, 13], [18, 19, 12, 11, 13, 17, 16, 15, 14], [15, 14, 13, 16, 19, 18, 17, 11, 12], [16, 11, 17, 12, 14, 15, 18, 13, 19]]","{""num_givens"": 30, ""grid_size"": 9}"
sudoku_cf3_11to19_0087,sudoku_cf3_11to19,counterfactual,"[[19, 0, 18, 12, 0, 0, 0, 0, 0], [0, 16, 0, 0, 19, 0, 0, 11, 17], [0, 0, 0, 16, 0, 17, 0, 0, 0], [16, 0, 0, 13, 18, 0, 15, 0, 0], [12, 0, 0, 0, 0, 0, 18, 13, 0], [0, 18, 0, 0, 12, 15, 0, 16, 14], [0, 0, 12, 0, 0, 0, 11, 0, 0], [0, 0, 11, 0, 0, 0, 19, 0, 15], [17, 0, 0, 19, 14, 0, 0, 0, 12]]","Solve the following modified Sudoku puzzle.
Rule change: Instead of the digits 1–9, the valid symbols are 11–19. Each row, column, and 3×3 box must contain each of {11, 12, 13, 14, 15, 16, 17, 18, 19} exactly once.

Puzzle (. = empty cell):
19 . 18 | 12 . . | . . .
. 16 . | . 19 . | . 11 17
. . . | 16 . 17 | . . .
-----------------------
16 . . | 13 18 . | 15 . .
12 . . | . . . | 18 13 .
. 18 . | . 12 15 | . 16 14
--------------------------
. . 12 | . . . | 11 . .
. . 11 | . . . | 19 . 15
17 . . | 19 14 . | . . 12","[[19, 17, 18, 12, 11, 14, 16, 15, 13], [15, 16, 14, 18, 19, 13, 12, 11, 17], [11, 12, 13, 16, 15, 17, 14, 19, 18], [16, 14, 17, 13, 18, 19, 15, 12, 11], [12, 11, 15, 14, 17, 16, 18, 13, 19], [13, 18, 19, 11, 12, 15, 17, 16, 14], [14, 19, 12, 15, 13, 18, 11, 17, 16], [18, 13, 11, 17, 16, 12, 19, 14, 15], [17, 15, 16, 19, 14, 11, 13, 18, 12]]","{""num_givens"": 30, ""grid_size"": 9}"
sudoku_cf3_11to19_0088,sudoku_cf3_11to19,counterfactual,"[[0, 0, 19, 0, 17, 15, 0, 0, 14], [14, 0, 0, 0, 19, 11, 0, 16, 0], [0, 0, 0, 0, 0, 0, 0, 19, 11], [0, 0, 11, 19, 15, 0, 0, 0, 0], [19, 0, 0, 0, 0, 13, 16, 11, 0], [18, 0, 16, 14, 0, 0, 0, 0, 0], [0, 15, 0, 13, 0, 0, 19, 0, 0], [16, 0, 14, 11, 12, 17, 0, 13, 0], [0, 0, 0, 0, 0, 0, 0, 12, 0]]","Solve the following modified Sudoku puzzle.
Rule change: Instead of the digits 1–9, the valid symbols are 11–19. Each row, column, and 3×3 box must contain each of {11, 12, 13, 14, 15, 16, 17, 18, 19} exactly once.

Puzzle (. = empty cell):
. . 19 | . 17 15 | . . 14
14 . . | . 19 11 | . 16 .
. . . | . . . | . 19 11
-----------------------
. . 11 | 19 15 . | . . .
19 . . | . . 13 | 16 11 .
18 . 16 | 14 . . | . . .
------------------------
. 15 . | 13 . . | 19 . .
16 . 14 | 11 12 17 | . 13 .
. . . | . . . | . 12 .","[[13, 11, 19, 16, 17, 15, 12, 18, 14], [14, 12, 17, 18, 19, 11, 15, 16, 13], [15, 16, 18, 12, 13, 14, 17, 19, 11], [12, 13, 11, 19, 15, 16, 14, 17, 18], [19, 14, 15, 17, 18, 13, 16, 11, 12], [18, 17, 16, 14, 11, 12, 13, 15, 19], [11, 15, 12, 13, 16, 18, 19, 14, 17], [16, 19, 14, 11, 12, 17, 18, 13, 15], [17, 18, 13, 15, 14, 19, 11, 12, 16]]","{""num_givens"": 30, ""grid_size"": 9}"
sudoku_cf3_11to19_0089,sudoku_cf3_11to19,counterfactual,"[[0, 18, 0, 17, 15, 16, 0, 0, 0], [16, 15, 0, 0, 0, 0, 0, 0, 0], [13, 0, 17, 11, 0, 0, 0, 0, 0], [0, 0, 0, 18, 0, 0, 0, 19, 14], [0, 17, 0, 0, 11, 19, 0, 12, 0], [0, 0, 11, 16, 0, 0, 17, 0, 0], [19, 0, 18, 0, 12, 0, 0, 0, 0], [0, 11, 15, 19, 0, 13, 12, 0, 0], [0, 0, 13, 0, 16, 0, 0, 0, 11]]","Solve the following modified Sudoku puzzle.
Rule change: Instead of the digits 1–9, the valid symbols are 11–19. Each row, column, and 3×3 box must contain each of {11, 12, 13, 14, 15, 16, 17, 18, 19} exactly once.

Puzzle (. = empty cell):
. 18 . | 17 15 16 | . . .
16 15 . | . . . | . . .
13 . 17 | 11 . . | . . .
------------------------
. . . | 18 . . | . 19 14
. 17 . | . 11 19 | . 12 .
. . 11 | 16 . . | 17 . .
------------------------
19 . 18 | . 12 . | . . .
. 11 15 | 19 . 13 | 12 . .
. . 13 | . 16 . | . . 11","[[11, 18, 12, 17, 15, 16, 14, 13, 19], [16, 15, 19, 12, 13, 14, 18, 11, 17], [13, 14, 17, 11, 19, 18, 15, 16, 12], [12, 13, 16, 18, 17, 15, 11, 19, 14], [15, 17, 14, 13, 11, 19, 16, 12, 18], [18, 19, 11, 16, 14, 12, 17, 15, 13], [19, 16, 18, 14, 12, 11, 13, 17, 15], [17, 11, 15, 19, 18, 13, 12, 14, 16], [14, 12, 13, 15, 16, 17, 19, 18, 11]]","{""num_givens"": 30, ""grid_size"": 9}"
sudoku_cf3_11to19_0090,sudoku_cf3_11to19,counterfactual,"[[0, 0, 14, 0, 0, 0, 0, 17, 0], [0, 0, 0, 0, 11, 16, 14, 0, 12], [0, 0, 0, 13, 14, 0, 0, 0, 0], [0, 11, 0, 16, 0, 0, 0, 0, 14], [0, 17, 0, 0, 19, 0, 16, 12, 11], [0, 0, 16, 0, 0, 14, 19, 0, 0], [16, 0, 0, 0, 12, 17, 0, 0, 18], [0, 13, 17, 14, 18, 0, 0, 0, 0], [0, 19, 0, 15, 16, 0, 0, 0, 0]]","Solve the following modified Sudoku puzzle.
Rule change: Instead of the digits 1–9, the valid symbols are 11–19. Each row, column, and 3×3 box must contain each of {11, 12, 13, 14, 15, 16, 17, 18, 19} exactly once.

Puzzle (. = empty cell):
. . 14 | . . . | . 17 .
. . . | . 11 16 | 14 . 12
. . . | 13 14 . | . . .
-----------------------
. 11 . | 16 . . | . . 14
. 17 . | . 19 . | 16 12 11
. . 16 | . . 14 | 19 . .
------------------------
16 . . | . 12 17 | . . 18
. 13 17 | 14 18 . | . . .
. 19 . | 15 16 . | . . .","[[11, 16, 14, 12, 15, 19, 18, 17, 13], [13, 15, 18, 17, 11, 16, 14, 19, 12], [17, 12, 19, 13, 14, 18, 15, 11, 16], [19, 11, 15, 16, 13, 12, 17, 18, 14], [14, 17, 13, 18, 19, 15, 16, 12, 11], [12, 18, 16, 11, 17, 14, 19, 13, 15], [16, 14, 11, 19, 12, 17, 13, 15, 18], [15, 13, 17, 14, 18, 11, 12, 16, 19], [18, 19, 12, 15, 16, 13, 11, 14, 17]]","{""num_givens"": 30, ""grid_size"": 9}"
sudoku_cf3_11to19_0091,sudoku_cf3_11to19,counterfactual,"[[18, 0, 19, 0, 0, 15, 0, 0, 17], [0, 0, 0, 0, 12, 11, 0, 0, 0], [17, 0, 0, 0, 0, 0, 16, 0, 15], [0, 0, 0, 15, 0, 0, 13, 0, 16], [0, 17, 13, 0, 0, 12, 15, 11, 0], [0, 0, 18, 0, 0, 0, 0, 0, 0], [0, 18, 0, 14, 11, 0, 0, 0, 0], [14, 0, 0, 0, 15, 0, 0, 17, 11], [15, 0, 0, 0, 13, 17, 12, 0, 14]]","Solve the following modified Sudoku puzzle.
Rule change: Instead of the digits 1–9, the valid symbols are 11–19. Each row, column, and 3×3 box must contain each of {11, 12, 13, 14, 15, 16, 17, 18, 19} exactly once.

Puzzle (. = empty cell):
18 . 19 | . . 15 | . . 17
. . . | . 12 11 | . . .
17 . . | . . . | 16 . 15
------------------------
. . . | 15 . . | 13 . 16
. 17 13 | . . 12 | 15 11 .
. . 18 | . . . | . . .
----------------------
. 18 . | 14 11 . | . . .
14 . . | . 15 . | . 17 11
15 . . | . 13 17 | 12 . 14","[[18, 14, 19, 13, 16, 15, 11, 12, 17], [13, 16, 15, 17, 12, 11, 14, 18, 19], [17, 11, 12, 19, 18, 14, 16, 13, 15], [11, 12, 14, 15, 17, 18, 13, 19, 16], [19, 17, 13, 16, 14, 12, 15, 11, 18], [16, 15, 18, 11, 19, 13, 17, 14, 12], [12, 18, 17, 14, 11, 16, 19, 15, 13], [14, 13, 16, 12, 15, 19, 18, 17, 11], [15, 19, 11, 18, 13, 17, 12, 16, 14]]","{""num_givens"": 30, ""grid_size"": 9}"
sudoku_cf3_11to19_0092,sudoku_cf3_11to19,counterfactual,"[[0, 19, 11, 16, 0, 0, 18, 0, 12], [0, 18, 0, 0, 0, 0, 0, 0, 0], [16, 0, 0, 0, 14, 0, 0, 13, 0], [0, 12, 0, 0, 0, 0, 0, 11, 18], [0, 0, 16, 0, 0, 0, 14, 0, 0], [17, 11, 13, 0, 0, 0, 0, 19, 0], [0, 0, 17, 0, 13, 0, 11, 0, 0], [11, 13, 0, 18, 0, 0, 15, 0, 0], [0, 0, 18, 19, 11, 0, 13, 16, 0]]","Solve the following modified Sudoku puzzle.
Rule change: Instead of the digits 1–9, the valid symbols are 11–19. Each row, column, and 3×3 box must contain each of {11, 12, 13, 14, 15, 16, 17, 18, 19} exactly once.

Puzzle (. = empty cell):
. 19 11 | 16 . . | 18 . 12
. 18 . | . . . | . . .
16 . . | . 14 . | . 13 .
------------------------
. 12 . | . . . | . 11 18
. . 16 | . . . | 14 . .
17 11 13 | . . . | . 19 .
-------------------------
. . 17 | . 13 . | 11 . .
11 13 . | 18 . . | 15 . .
. . 18 | 19 11 . | 13 16 .","[[13, 19, 11, 16, 17, 15, 18, 14, 12], [14, 18, 12, 13, 19, 11, 17, 15, 16], [16, 17, 15, 12, 14, 18, 19, 13, 11], [19, 12, 14, 17, 15, 13, 16, 11, 18], [18, 15, 16, 11, 12, 19, 14, 17, 13], [17, 11, 13, 14, 18, 16, 12, 19, 15], [12, 16, 17, 15, 13, 14, 11, 18, 19], [11, 13, 19, 18, 16, 17, 15, 12, 14], [15, 14, 18, 19, 11, 12, 13, 16, 17]]","{""num_givens"": 30, ""grid_size"": 9}"
sudoku_cf3_11to19_0093,sudoku_cf3_11to19,counterfactual,"[[0, 0, 15, 0, 14, 12, 0, 0, 0], [0, 0, 0, 0, 0, 19, 0, 15, 0], [16, 0, 13, 0, 0, 0, 0, 0, 0], [0, 0, 0, 16, 0, 17, 0, 12, 0], [11, 0, 16, 0, 0, 18, 17, 0, 15], [0, 15, 0, 0, 0, 13, 14, 0, 18], [0, 16, 0, 0, 13, 14, 12, 0, 0], [0, 0, 17, 0, 18, 16, 13, 0, 19], [12, 0, 0, 0, 19, 0, 0, 0, 0]]","Solve the following modified Sudoku puzzle.
Rule change: Instead of the digits 1–9, the valid symbols are 11–19. Each row, column, and 3×3 box must contain each of {11, 12, 13, 14, 15, 16, 17, 18, 19} exactly once.

Puzzle (. = empty cell):
. . 15 | . 14 12 | . . .
. . . | . . 19 | . 15 .
16 . 13 | . . . | . . .
-----------------------
. . . | 16 . 17 | . 12 .
11 . 16 | . . 18 | 17 . 15
. 15 . | . . 13 | 14 . 18
-------------------------
. 16 . | . 13 14 | 12 . .
. . 17 | . 18 16 | 13 . 19
12 . . | . 19 . | . . .","[[19, 18, 15, 11, 14, 12, 16, 17, 13], [14, 17, 11, 13, 16, 19, 18, 15, 12], [16, 12, 13, 18, 17, 15, 11, 19, 14], [13, 14, 18, 16, 15, 17, 19, 12, 11], [11, 19, 16, 14, 12, 18, 17, 13, 15], [17, 15, 12, 19, 11, 13, 14, 16, 18], [18, 16, 19, 15, 13, 14, 12, 11, 17], [15, 11, 17, 12, 18, 16, 13, 14, 19], [12, 13, 14, 17, 19, 11, 15, 18, 16]]","{""num_givens"": 30, ""grid_size"": 9}"
sudoku_cf3_11to19_0094,sudoku_cf3_11to19,counterfactual,"[[0, 0, 0, 0, 18, 0, 17, 0, 0], [13, 0, 11, 0, 17, 0, 0, 0, 0], [0, 0, 16, 0, 0, 19, 0, 11, 12], [15, 0, 0, 17, 0, 0, 0, 16, 0], [0, 13, 0, 19, 0, 12, 0, 0, 0], [0, 11, 0, 0, 0, 15, 0, 19, 0], [0, 0, 0, 0, 12, 0, 0, 13, 11], [11, 0, 0, 15, 14, 0, 0, 12, 19], [14, 0, 13, 0, 19, 0, 0, 15, 0]]","Solve the following modified Sudoku puzzle.
Rule change: Instead of the digits 1–9, the valid symbols are 11–19. Each row, column, and 3×3 box must contain each of {11, 12, 13, 14, 15, 16, 17, 18, 19} exactly once.

Puzzle (. = empty cell):
. . . | . 18 . | 17 . .
13 . 11 | . 17 . | . . .
. . 16 | . . 19 | . 11 12
-------------------------
15 . . | 17 . . | . 16 .
. 13 . | 19 . 12 | . . .
. 11 . | . . 15 | . 19 .
------------------------
. . . | . 12 . | . 13 11
11 . . | 15 14 . | . 12 19
14 . 13 | . 19 . | . 15 .","[[12, 15, 19, 13, 18, 11, 17, 14, 16], [13, 14, 11, 12, 17, 16, 19, 18, 15], [18, 17, 16, 14, 15, 19, 13, 11, 12], [15, 19, 12, 17, 13, 14, 11, 16, 18], [16, 13, 18, 19, 11, 12, 15, 17, 14], [17, 11, 14, 18, 16, 15, 12, 19, 13], [19, 18, 15, 16, 12, 17, 14, 13, 11], [11, 16, 17, 15, 14, 13, 18, 12, 19], [14, 12, 13, 11, 19, 18, 16, 15, 17]]","{""num_givens"": 30, ""grid_size"": 9}"
sudoku_cf3_11to19_0095,sudoku_cf3_11to19,counterfactual,"[[0, 0, 0, 15, 12, 0, 16, 13, 0], [0, 0, 12, 0, 14, 0, 0, 0, 15], [18, 15, 0, 0, 0, 0, 0, 0, 0], [0, 17, 0, 18, 0, 0, 0, 15, 16], [0, 0, 0, 0, 0, 14, 0, 0, 0], [15, 18, 0, 11, 0, 13, 0, 0, 14], [0, 16, 0, 0, 13, 0, 0, 18, 0], [0, 13, 17, 0, 0, 11, 15, 0, 19], [0, 14, 0, 17, 0, 0, 0, 11, 0]]","Solve the following modified Sudoku puzzle.
Rule change: Instead of the digits 1–9, the valid symbols are 11–19. Each row, column, and 3×3 box must contain each of {11, 12, 13, 14, 15, 16, 17, 18, 19} exactly once.

Puzzle (. = empty cell):
. . . | 15 12 . | 16 13 .
. . 12 | . 14 . | . . 15
18 15 . | . . . | . . .
-----------------------
. 17 . | 18 . . | . 15 16
. . . | . . 14 | . . .
15 18 . | 11 . 13 | . . 14
--------------------------
. 16 . | . 13 . | . 18 .
. 13 17 | . . 11 | 15 . 19
. 14 . | 17 . . | . 11 .","[[17, 19, 14, 15, 12, 18, 16, 13, 11], [16, 11, 12, 13, 14, 17, 18, 19, 15], [18, 15, 13, 19, 11, 16, 17, 14, 12], [14, 17, 11, 18, 19, 12, 13, 15, 16], [13, 12, 19, 16, 15, 14, 11, 17, 18], [15, 18, 16, 11, 17, 13, 19, 12, 14], [11, 16, 15, 12, 13, 19, 14, 18, 17], [12, 13, 17, 14, 18, 11, 15, 16, 19], [19, 14, 18, 17, 16, 15, 12, 11, 13]]","{""num_givens"": 30, ""grid_size"": 9}"
sudoku_cf3_11to19_0096,sudoku_cf3_11to19,counterfactual,"[[0, 0, 18, 0, 13, 12, 15, 0, 11], [0, 0, 13, 0, 17, 19, 16, 12, 14], [12, 0, 0, 16, 0, 11, 0, 0, 0], [0, 15, 19, 0, 0, 0, 18, 0, 0], [0, 0, 0, 0, 0, 0, 11, 0, 0], [0, 16, 11, 17, 0, 0, 14, 13, 0], [0, 0, 0, 0, 14, 17, 0, 0, 13], [0, 0, 0, 0, 11, 0, 0, 0, 0], [11, 0, 14, 0, 0, 0, 0, 0, 15]]","Solve the following modified Sudoku puzzle.
Rule change: Instead of the digits 1–9, the valid symbols are 11–19. Each row, column, and 3×3 box must contain each of {11, 12, 13, 14, 15, 16, 17, 18, 19} exactly once.

Puzzle (. = empty cell):
. . 18 | . 13 12 | 15 . 11
. . 13 | . 17 19 | 16 12 14
12 . . | 16 . 11 | . . .
------------------------
. 15 19 | . . . | 18 . .
. . . | . . . | 11 . .
. 16 11 | 17 . . | 14 13 .
--------------------------
. . . | . 14 17 | . . 13
. . . | . 11 . | . . .
11 . 14 | . . . | . . 15","[[16, 19, 18, 14, 13, 12, 15, 17, 11], [15, 11, 13, 18, 17, 19, 16, 12, 14], [12, 14, 17, 16, 15, 11, 13, 19, 18], [13, 15, 19, 11, 12, 14, 18, 16, 17], [14, 17, 12, 13, 18, 16, 11, 15, 19], [18, 16, 11, 17, 19, 15, 14, 13, 12], [19, 18, 16, 15, 14, 17, 12, 11, 13], [17, 13, 15, 12, 11, 18, 19, 14, 16], [11, 12, 14, 19, 16, 13, 17, 18, 15]]","{""num_givens"": 30, ""grid_size"": 9}"
sudoku_cf3_11to19_0097,sudoku_cf3_11to19,counterfactual,"[[0, 18, 0, 19, 0, 17, 16, 12, 0], [0, 16, 0, 0, 14, 18, 0, 0, 19], [17, 19, 0, 11, 0, 0, 0, 18, 0], [0, 0, 0, 0, 17, 0, 13, 0, 0], [0, 0, 0, 0, 0, 0, 0, 19, 0], [19, 0, 0, 0, 11, 0, 0, 16, 14], [0, 0, 0, 17, 0, 11, 0, 0, 0], [0, 0, 16, 0, 0, 14, 12, 11, 0], [0, 11, 0, 15, 0, 12, 0, 0, 18]]","Solve the following modified Sudoku puzzle.
Rule change: Instead of the digits 1–9, the valid symbols are 11–19. Each row, column, and 3×3 box must contain each of {11, 12, 13, 14, 15, 16, 17, 18, 19} exactly once.

Puzzle (. = empty cell):
. 18 . | 19 . 17 | 16 12 .
. 16 . | . 14 18 | . . 19
17 19 . | 11 . . | . 18 .
-------------------------
. . . | . 17 . | 13 . .
. . . | . . . | . 19 .
19 . . | . 11 . | . 16 14
-------------------------
. . . | 17 . 11 | . . .
. . 16 | . . 14 | 12 11 .
. 11 . | 15 . 12 | . . 18","[[11, 18, 14, 19, 15, 17, 16, 12, 13], [15, 16, 12, 13, 14, 18, 11, 17, 19], [17, 19, 13, 11, 12, 16, 14, 18, 15], [12, 14, 18, 16, 17, 19, 13, 15, 11], [16, 13, 11, 14, 18, 15, 17, 19, 12], [19, 17, 15, 12, 11, 13, 18, 16, 14], [18, 12, 19, 17, 13, 11, 15, 14, 16], [13, 15, 16, 18, 19, 14, 12, 11, 17], [14, 11, 17, 15, 16, 12, 19, 13, 18]]","{""num_givens"": 30, ""grid_size"": 9}"
sudoku_cf3_11to19_0098,sudoku_cf3_11to19,counterfactual,"[[0, 0, 0, 11, 0, 13, 0, 17, 0], [0, 16, 11, 0, 0, 0, 0, 0, 13], [0, 0, 0, 0, 15, 12, 14, 0, 0], [0, 0, 0, 0, 18, 11, 17, 0, 0], [0, 0, 15, 0, 13, 0, 0, 18, 0], [0, 0, 0, 15, 0, 0, 16, 0, 11], [0, 13, 0, 12, 0, 18, 11, 16, 0], [18, 17, 0, 0, 11, 0, 15, 0, 12], [0, 0, 12, 14, 0, 0, 0, 0, 0]]","Solve the following modified Sudoku puzzle.
Rule change: Instead of the digits 1–9, the valid symbols are 11–19. Each row, column, and 3×3 box must contain each of {11, 12, 13, 14, 15, 16, 17, 18, 19} exactly once.

Puzzle (. = empty cell):
. . . | 11 . 13 | . 17 .
. 16 11 | . . . | . . 13
. . . | . 15 12 | 14 . .
------------------------
. . . | . 18 11 | 17 . .
. . 15 | . 13 . | . 18 .
. . . | 15 . . | 16 . 11
------------------------
. 13 . | 12 . 18 | 11 16 .
18 17 . | . 11 . | 15 . 12
. . 12 | 14 . . | . . .","[[14, 15, 18, 11, 16, 13, 12, 17, 19], [12, 16, 11, 17, 14, 19, 18, 15, 13], [17, 19, 13, 18, 15, 12, 14, 11, 16], [13, 14, 16, 19, 18, 11, 17, 12, 15], [11, 12, 15, 16, 13, 17, 19, 18, 14], [19, 18, 17, 15, 12, 14, 16, 13, 11], [15, 13, 14, 12, 19, 18, 11, 16, 17], [18, 17, 19, 13, 11, 16, 15, 14, 12], [16, 11, 12, 14, 17, 15, 13, 19, 18]]","{""num_givens"": 30, ""grid_size"": 9}"
sudoku_cf3_11to19_0099,sudoku_cf3_11to19,counterfactual,"[[0, 0, 0, 14, 0, 0, 0, 0, 17], [0, 0, 12, 0, 0, 0, 14, 0, 0], [0, 0, 11, 0, 19, 13, 0, 0, 0], [11, 0, 0, 0, 13, 0, 12, 0, 0], [0, 0, 18, 11, 0, 19, 16, 17, 0], [0, 0, 0, 17, 15, 12, 0, 0, 0], [19, 0, 16, 0, 0, 0, 0, 0, 12], [0, 13, 0, 0, 0, 11, 18, 16, 0], [18, 0, 0, 0, 0, 16, 11, 13, 19]]","Solve the following modified Sudoku puzzle.
Rule change: Instead of the digits 1–9, the valid symbols are 11–19. Each row, column, and 3×3 box must contain each of {11, 12, 13, 14, 15, 16, 17, 18, 19} exactly once.

Puzzle (. = empty cell):
. . . | 14 . . | . . 17
. . 12 | . . . | 14 . .
. . 11 | . 19 13 | . . .
------------------------
11 . . | . 13 . | 12 . .
. . 18 | 11 . 19 | 16 17 .
. . . | 17 15 12 | . . .
------------------------
19 . 16 | . . . | . . 12
. 13 . | . . 11 | 18 16 .
18 . . | . . 16 | 11 13 19","[[16, 18, 19, 14, 11, 15, 13, 12, 17], [13, 15, 12, 18, 16, 17, 14, 19, 11], [17, 14, 11, 12, 19, 13, 15, 18, 16], [11, 19, 17, 16, 13, 18, 12, 14, 15], [15, 12, 18, 11, 14, 19, 16, 17, 13], [14, 16, 13, 17, 15, 12, 19, 11, 18], [19, 11, 16, 13, 18, 14, 17, 15, 12], [12, 13, 15, 19, 17, 11, 18, 16, 14], [18, 17, 14, 15, 12, 16, 11, 13, 19]]","{""num_givens"": 30, ""grid_size"": 9}"
sudoku_cf3_11to19_0100,sudoku_cf3_11to19,counterfactual,"[[0, 0, 0, 0, 0, 0, 18, 15, 19], [12, 0, 0, 0, 0, 18, 0, 0, 0], [0, 11, 18, 15, 17, 0, 0, 0, 0], [0, 0, 13, 0, 0, 19, 12, 0, 15], [0, 0, 0, 18, 0, 0, 17, 19, 14], [0, 0, 17, 12, 14, 0, 0, 0, 0], [0, 18, 0, 0, 0, 11, 0, 17, 0], [0, 0, 16, 0, 0, 15, 14, 11, 0], [0, 0, 0, 14, 18, 0, 0, 12, 0]]","Solve the following modified Sudoku puzzle.
Rule change: Instead of the digits 1–9, the valid symbols are 11–19. Each row, column, and 3×3 box must contain each of {11, 12, 13, 14, 15, 16, 17, 18, 19} exactly once.

Puzzle (. = empty cell):
. . . | . . . | 18 15 19
12 . . | . . 18 | . . .
. 11 18 | 15 17 . | . . .
-------------------------
. . 13 | . . 19 | 12 . 15
. . . | 18 . . | 17 19 14
. . 17 | 12 14 . | . . .
------------------------
. 18 . | . . 11 | . 17 .
. . 16 | . . 15 | 14 11 .
. . . | 14 18 . | . 12 .","[[16, 17, 14, 11, 13, 12, 18, 15, 19], [12, 13, 15, 19, 16, 18, 11, 14, 17], [19, 11, 18, 15, 17, 14, 16, 13, 12], [18, 14, 13, 17, 11, 19, 12, 16, 15], [11, 16, 12, 18, 15, 13, 17, 19, 14], [15, 19, 17, 12, 14, 16, 13, 18, 11], [14, 18, 19, 16, 12, 11, 15, 17, 13], [17, 12, 16, 13, 19, 15, 14, 11, 18], [13, 15, 11, 14, 18, 17, 19, 12, 16]]","{""num_givens"": 30, ""grid_size"": 9}"
