id,rule,state,puzzle,question,option_A,option_B,option_C,option_D,correct_option,correct_answer,params
sudoku_cf2_shifted_boxes_0001,sudoku_cf2_shifted_boxes,counterfactual,"[[4, 9, 0, 0, 0, 0, 6, 0, 7], [0, 6, 5, 0, 0, 2, 0, 3, 0], [8, 3, 2, 0, 0, 0, 0, 0, 0], [5, 0, 1, 0, 0, 8, 0, 2, 0], [0, 8, 3, 0, 0, 0, 0, 1, 0], [0, 5, 0, 1, 6, 0, 0, 0, 0], [6, 0, 9, 0, 1, 5, 0, 0, 0], [0, 0, 0, 0, 8, 0, 4, 9, 0], [2, 0, 0, 4, 0, 9, 5, 0, 0]]","Solve the following modified Sudoku puzzle.
Rule change: The row and column rules are identical to standard Sudoku (each digit 1–9 appears exactly once per row and column). However, the nine 3×3 boxes are spatially shifted: instead of starting at rows/columns 0, 3, 6, each box is shifted by 1 cell in both directions with toroidal (wrap-around) topology. Concretely, box (br, bc) covers rows {(br×3+1) mod 9, (br×3+2) mod 9, (br×3+3) mod 9} and cols {(bc×3+1) mod 9, (bc×3+2) mod 9, (bc×3+3) mod 9}.

Puzzle (. = empty cell):
4 9 . | . . . | 6 . 7
. 6 5 | . . 2 | . 3 .
8 3 2 | . . . | . . .
---------------------
5 . 1 | . . 8 | . 2 .
. 8 3 | . . . | . 1 .
. 5 . | 1 6 . | . . .
---------------------
6 . 9 | . 1 5 | . . .
. . . | . 8 . | 4 9 .
2 . . | 4 . 9 | 5 . .

Which of the following is the correct completed solution?
Note: one option is the solution obtained by applying standard Sudoku rules.","[[4, 9, 1, 3, 2, 8, 6, 5, 7], [1, 6, 5, 8, 4, 2, 7, 3, 9], [8, 3, 2, 9, 5, 6, 1, 7, 4], [5, 4, 1, 7, 9, 8, 3, 2, 6], [9, 8, 3, 6, 7, 4, 2, 1, 5], [7, 5, 4, 1, 6, 3, 9, 8, 2], [6, 7, 9, 2, 1, 5, 8, 4, 3], [3, 2, 6, 5, 8, 7, 4, 9, 1], [2, 1, 7, 4, 3, 9, 5, 6, 8]]","[[4, 9, 8, 2, 3, 1, 6, 5, 7], [1, 6, 5, 8, 4, 2, 7, 3, 9], [8, 3, 2, 9, 5, 6, 1, 7, 4], [5, 4, 1, 7, 9, 8, 3, 2, 6], [9, 8, 3, 6, 7, 4, 2, 1, 5], [7, 5, 4, 1, 6, 3, 9, 8, 2], [6, 7, 9, 2, 1, 5, 8, 4, 3], [3, 2, 6, 5, 8, 7, 4, 9, 1], [2, 1, 7, 4, 3, 9, 5, 6, 8]]","[[4, 9, 8, 3, 2, 1, 6, 5, 7], [1, 6, 5, 8, 7, 2, 4, 3, 9], [8, 3, 2, 9, 5, 6, 1, 7, 4], [5, 4, 1, 7, 9, 8, 3, 2, 6], [9, 8, 3, 6, 7, 4, 2, 1, 5], [7, 5, 4, 1, 6, 3, 9, 8, 2], [6, 7, 9, 2, 1, 5, 8, 4, 3], [3, 2, 6, 5, 8, 7, 4, 9, 1], [2, 1, 7, 4, 3, 9, 5, 6, 8]]","[[4, 9, 8, 3, 2, 1, 6, 5, 7], [1, 6, 5, 8, 4, 2, 7, 3, 9], [8, 3, 2, 9, 5, 6, 1, 7, 4], [5, 4, 1, 7, 9, 8, 3, 2, 6], [9, 8, 3, 6, 7, 4, 2, 1, 5], [7, 5, 4, 1, 6, 3, 9, 8, 2], [6, 7, 9, 2, 1, 5, 8, 4, 3], [3, 2, 6, 5, 8, 7, 4, 9, 1], [2, 1, 7, 4, 3, 9, 5, 6, 8]]",D,"[[4, 9, 8, 3, 2, 1, 6, 5, 7], [1, 6, 5, 8, 4, 2, 7, 3, 9], [8, 3, 2, 9, 5, 6, 1, 7, 4], [5, 4, 1, 7, 9, 8, 3, 2, 6], [9, 8, 3, 6, 7, 4, 2, 1, 5], [7, 5, 4, 1, 6, 3, 9, 8, 2], [6, 7, 9, 2, 1, 5, 8, 4, 3], [3, 2, 6, 5, 8, 7, 4, 9, 1], [2, 1, 7, 4, 3, 9, 5, 6, 8]]","{""num_givens"": 32, ""grid_size"": 9, ""has_standard_distractor"": false}"
sudoku_cf2_shifted_boxes_0002,sudoku_cf2_shifted_boxes,counterfactual,"[[0, 6, 0, 4, 0, 0, 0, 0, 7], [6, 0, 0, 0, 8, 5, 0, 1, 4], [8, 0, 4, 3, 0, 0, 0, 0, 0], [0, 0, 0, 0, 4, 0, 1, 0, 2], [3, 0, 7, 0, 9, 0, 0, 0, 5], [2, 0, 3, 0, 0, 8, 7, 0, 0], [0, 0, 2, 0, 0, 0, 0, 0, 0], [9, 0, 0, 2, 7, 4, 8, 6, 1], [0, 7, 0, 0, 1, 0, 0, 0, 0]]","Solve the following modified Sudoku puzzle.
Rule change: The row and column rules are identical to standard Sudoku (each digit 1–9 appears exactly once per row and column). However, the nine 3×3 boxes are spatially shifted: instead of starting at rows/columns 0, 3, 6, each box is shifted by 1 cell in both directions with toroidal (wrap-around) topology. Concretely, box (br, bc) covers rows {(br×3+1) mod 9, (br×3+2) mod 9, (br×3+3) mod 9} and cols {(bc×3+1) mod 9, (bc×3+2) mod 9, (bc×3+3) mod 9}.

Puzzle (. = empty cell):
. 6 . | 4 . . | . . 7
6 . . | . 8 5 | . 1 4
8 . 4 | 3 . . | . . .
---------------------
. . . | . 4 . | 1 . 2
3 . 7 | . 9 . | . . 5
2 . 3 | . . 8 | 7 . .
---------------------
. . 2 | . . . | . . .
9 . . | 2 7 4 | 8 6 1
. 7 . | . 1 . | . . .

Which of the following is the correct completed solution?
Note: one option is the solution obtained by applying standard Sudoku rules.","[[5, 6, 1, 4, 3, 2, 9, 8, 7], [6, 2, 9, 7, 8, 5, 3, 1, 4], [8, 1, 4, 3, 2, 7, 6, 5, 9], [7, 5, 6, 8, 4, 9, 1, 3, 2], [3, 8, 7, 6, 9, 1, 2, 4, 5], [2, 4, 3, 1, 5, 8, 7, 9, 6], [1, 9, 2, 5, 6, 3, 4, 7, 8], [9, 3, 5, 2, 7, 4, 8, 6, 1], [4, 7, 8, 9, 1, 6, 5, 2, 3]]","[[5, 6, 1, 4, 3, 2, 9, 8, 7], [6, 2, 9, 7, 8, 5, 3, 1, 4], [8, 1, 4, 3, 2, 7, 6, 5, 9], [7, 5, 6, 8, 4, 9, 1, 3, 2], [3, 8, 7, 6, 9, 2, 1, 4, 5], [2, 4, 3, 1, 5, 8, 7, 9, 6], [1, 9, 2, 5, 6, 3, 4, 7, 8], [9, 3, 5, 2, 7, 4, 8, 6, 1], [4, 7, 8, 9, 1, 6, 5, 2, 3]]","[[5, 6, 1, 4, 3, 2, 9, 8, 7], [6, 2, 9, 7, 8, 5, 3, 1, 4], [8, 1, 4, 3, 2, 7, 6, 5, 9], [7, 5, 6, 8, 4, 9, 1, 3, 2], [3, 8, 7, 6, 9, 1, 2, 4, 5], [2, 4, 3, 1, 5, 8, 7, 9, 6], [1, 9, 2, 5, 6, 3, 4, 7, 8], [9, 5, 3, 2, 7, 4, 8, 6, 1], [4, 7, 8, 9, 1, 6, 5, 2, 3]]","[[5, 6, 1, 4, 3, 2, 9, 8, 7], [6, 2, 9, 7, 8, 5, 3, 1, 4], [8, 1, 4, 3, 2, 7, 6, 5, 9], [7, 5, 6, 8, 4, 9, 1, 3, 2], [3, 8, 7, 6, 9, 1, 2, 4, 5], [2, 4, 3, 1, 5, 8, 7, 9, 6], [1, 9, 2, 5, 6, 3, 4, 8, 7], [9, 3, 5, 2, 7, 4, 8, 6, 1], [4, 7, 8, 9, 1, 6, 5, 2, 3]]",A,"[[5, 6, 1, 4, 3, 2, 9, 8, 7], [6, 2, 9, 7, 8, 5, 3, 1, 4], [8, 1, 4, 3, 2, 7, 6, 5, 9], [7, 5, 6, 8, 4, 9, 1, 3, 2], [3, 8, 7, 6, 9, 1, 2, 4, 5], [2, 4, 3, 1, 5, 8, 7, 9, 6], [1, 9, 2, 5, 6, 3, 4, 7, 8], [9, 3, 5, 2, 7, 4, 8, 6, 1], [4, 7, 8, 9, 1, 6, 5, 2, 3]]","{""num_givens"": 32, ""grid_size"": 9, ""has_standard_distractor"": false}"
sudoku_cf2_shifted_boxes_0003,sudoku_cf2_shifted_boxes,counterfactual,"[[0, 0, 0, 0, 0, 0, 3, 0, 0], [0, 0, 0, 0, 0, 0, 7, 6, 3], [0, 0, 7, 0, 0, 0, 0, 0, 0], [0, 8, 0, 0, 3, 0, 5, 0, 0], [0, 0, 0, 0, 1, 0, 0, 0, 0], [5, 0, 0, 1, 2, 0, 0, 0, 6], [3, 0, 4, 2, 5, 6, 8, 0, 0], [8, 3, 0, 5, 7, 0, 2, 4, 9], [0, 4, 2, 9, 8, 0, 0, 3, 7]]","Solve the following modified Sudoku puzzle.
Rule change: The row and column rules are identical to standard Sudoku (each digit 1–9 appears exactly once per row and column). However, the nine 3×3 boxes are spatially shifted: instead of starting at rows/columns 0, 3, 6, each box is shifted by 1 cell in both directions with toroidal (wrap-around) topology. Concretely, box (br, bc) covers rows {(br×3+1) mod 9, (br×3+2) mod 9, (br×3+3) mod 9} and cols {(bc×3+1) mod 9, (bc×3+2) mod 9, (bc×3+3) mod 9}.

Puzzle (. = empty cell):
. . . | . . . | 3 . .
. . . | . . . | 7 6 3
. . 7 | . . . | . . .
---------------------
. 8 . | . 3 . | 5 . .
. . . | . 1 . | . . .
5 . . | 1 2 . | . . 6
---------------------
3 . 4 | 2 5 6 | 8 . .
8 3 . | 5 7 . | 2 4 9
. 4 2 | 9 8 . | . 3 7

Which of the following is the correct completed solution?
Note: one option is the solution obtained by applying standard Sudoku rules.","[[6, 1, 8, 7, 4, 9, 3, 2, 5], [2, 5, 1, 4, 9, 8, 7, 6, 3], [9, 2, 7, 3, 6, 4, 1, 5, 8], [7, 8, 9, 6, 3, 2, 5, 1, 4], [4, 6, 5, 8, 1, 3, 9, 7, 2], [5, 9, 3, 1, 2, 7, 4, 8, 6], [3, 7, 4, 2, 5, 6, 8, 9, 1], [8, 3, 6, 5, 7, 1, 2, 4, 9], [1, 4, 2, 9, 8, 5, 6, 3, 7]]","[[6, 1, 4, 7, 8, 9, 3, 2, 5], [2, 5, 1, 4, 9, 8, 7, 6, 3], [9, 2, 7, 3, 6, 4, 1, 5, 8], [7, 8, 9, 6, 3, 2, 5, 1, 4], [4, 6, 5, 8, 1, 3, 9, 7, 2], [5, 9, 3, 1, 2, 7, 4, 8, 6], [3, 7, 4, 2, 5, 6, 8, 9, 1], [8, 3, 6, 5, 7, 1, 2, 4, 9], [1, 4, 2, 9, 8, 5, 6, 3, 7]]","[[6, 1, 8, 7, 4, 9, 3, 2, 5], [2, 5, 1, 4, 9, 8, 7, 6, 3], [9, 2, 7, 3, 6, 4, 1, 5, 8], [7, 8, 9, 6, 3, 2, 5, 1, 4], [4, 6, 5, 8, 1, 3, 9, 7, 2], [5, 7, 3, 1, 2, 9, 4, 8, 6], [3, 7, 4, 2, 5, 6, 8, 9, 1], [8, 3, 6, 5, 7, 1, 2, 4, 9], [1, 4, 2, 9, 8, 5, 6, 3, 7]]","[[6, 1, 8, 7, 4, 9, 3, 2, 5], [2, 5, 1, 4, 9, 8, 7, 6, 3], [9, 2, 7, 3, 6, 4, 1, 5, 8], [7, 8, 9, 6, 3, 2, 5, 1, 4], [4, 6, 5, 8, 1, 3, 9, 7, 2], [5, 9, 3, 1, 2, 7, 4, 8, 6], [3, 7, 4, 2, 5, 6, 8, 9, 1], [8, 3, 6, 5, 7, 1, 2, 4, 9], [1, 4, 2, 9, 8, 6, 5, 3, 7]]",A,"[[6, 1, 8, 7, 4, 9, 3, 2, 5], [2, 5, 1, 4, 9, 8, 7, 6, 3], [9, 2, 7, 3, 6, 4, 1, 5, 8], [7, 8, 9, 6, 3, 2, 5, 1, 4], [4, 6, 5, 8, 1, 3, 9, 7, 2], [5, 9, 3, 1, 2, 7, 4, 8, 6], [3, 7, 4, 2, 5, 6, 8, 9, 1], [8, 3, 6, 5, 7, 1, 2, 4, 9], [1, 4, 2, 9, 8, 5, 6, 3, 7]]","{""num_givens"": 32, ""grid_size"": 9, ""has_standard_distractor"": false}"
sudoku_cf2_shifted_boxes_0004,sudoku_cf2_shifted_boxes,counterfactual,"[[0, 0, 3, 0, 0, 0, 0, 8, 0], [0, 0, 1, 8, 0, 5, 0, 6, 9], [0, 2, 4, 0, 9, 0, 0, 0, 0], [0, 3, 6, 9, 7, 0, 4, 0, 0], [0, 9, 0, 4, 0, 0, 3, 0, 2], [0, 1, 5, 0, 0, 0, 8, 0, 0], [8, 0, 0, 3, 0, 0, 5, 0, 4], [0, 0, 2, 0, 1, 0, 0, 0, 5], [7, 0, 0, 0, 0, 4, 0, 0, 3]]","Solve the following modified Sudoku puzzle.
Rule change: The row and column rules are identical to standard Sudoku (each digit 1–9 appears exactly once per row and column). However, the nine 3×3 boxes are spatially shifted: instead of starting at rows/columns 0, 3, 6, each box is shifted by 1 cell in both directions with toroidal (wrap-around) topology. Concretely, box (br, bc) covers rows {(br×3+1) mod 9, (br×3+2) mod 9, (br×3+3) mod 9} and cols {(bc×3+1) mod 9, (bc×3+2) mod 9, (bc×3+3) mod 9}.

Puzzle (. = empty cell):
. . 3 | . . . | . 8 .
. . 1 | 8 . 5 | . 6 9
. 2 4 | . 9 . | . . .
---------------------
. 3 6 | 9 7 . | 4 . .
. 9 . | 4 . . | 3 . 2
. 1 5 | . . . | 8 . .
---------------------
8 . . | 3 . . | 5 . 4
. . 2 | . 1 . | . . 5
7 . . | . . 4 | . . 3

Which of the following is the correct completed solution?
Note: one option is the solution obtained by applying standard Sudoku rules.","[[1, 4, 3, 7, 5, 2, 9, 8, 6], [4, 7, 1, 8, 3, 5, 2, 6, 9], [3, 2, 4, 5, 9, 6, 8, 7, 1], [2, 3, 6, 9, 7, 8, 4, 5, 1], [5, 9, 8, 4, 6, 7, 3, 1, 2], [6, 1, 5, 2, 4, 9, 8, 3, 7], [8, 6, 7, 3, 2, 1, 5, 9, 4], [9, 8, 2, 6, 1, 3, 7, 4, 5], [7, 5, 9, 1, 8, 4, 6, 2, 3]]","[[1, 4, 3, 7, 5, 2, 9, 8, 6], [4, 7, 1, 8, 3, 5, 2, 6, 9], [3, 2, 4, 5, 9, 6, 1, 7, 8], [2, 3, 6, 9, 7, 8, 4, 5, 1], [5, 9, 8, 4, 6, 7, 3, 1, 2], [6, 1, 5, 2, 4, 9, 8, 3, 7], [8, 6, 7, 3, 2, 1, 5, 9, 4], [9, 8, 2, 6, 1, 3, 7, 4, 5], [7, 5, 9, 1, 8, 4, 6, 2, 3]]","[[1, 4, 3, 7, 5, 2, 9, 8, 6], [4, 7, 1, 8, 3, 5, 2, 6, 9], [3, 2, 4, 5, 9, 6, 1, 7, 8], [2, 3, 6, 9, 7, 8, 4, 5, 1], [5, 9, 8, 4, 6, 7, 3, 1, 2], [6, 1, 5, 2, 4, 9, 8, 3, 7], [8, 6, 7, 3, 2, 1, 5, 9, 4], [9, 8, 2, 6, 1, 3, 7, 4, 5], [7, 1, 9, 5, 8, 4, 6, 2, 3]]","[[1, 4, 3, 7, 5, 2, 9, 8, 6], [7, 4, 1, 8, 3, 5, 2, 6, 9], [3, 2, 4, 5, 9, 6, 1, 7, 8], [2, 3, 6, 9, 7, 8, 4, 5, 1], [5, 9, 8, 4, 6, 7, 3, 1, 2], [6, 1, 5, 2, 4, 9, 8, 3, 7], [8, 6, 7, 3, 2, 1, 5, 9, 4], [9, 8, 2, 6, 1, 3, 7, 4, 5], [7, 5, 9, 1, 8, 4, 6, 2, 3]]",B,"[[1, 4, 3, 7, 5, 2, 9, 8, 6], [4, 7, 1, 8, 3, 5, 2, 6, 9], [3, 2, 4, 5, 9, 6, 1, 7, 8], [2, 3, 6, 9, 7, 8, 4, 5, 1], [5, 9, 8, 4, 6, 7, 3, 1, 2], [6, 1, 5, 2, 4, 9, 8, 3, 7], [8, 6, 7, 3, 2, 1, 5, 9, 4], [9, 8, 2, 6, 1, 3, 7, 4, 5], [7, 5, 9, 1, 8, 4, 6, 2, 3]]","{""num_givens"": 32, ""grid_size"": 9, ""has_standard_distractor"": false}"
sudoku_cf2_shifted_boxes_0005,sudoku_cf2_shifted_boxes,counterfactual,"[[0, 4, 0, 3, 0, 0, 0, 0, 1], [1, 0, 3, 5, 0, 7, 8, 0, 6], [0, 7, 8, 0, 0, 0, 1, 0, 9], [0, 1, 4, 6, 0, 9, 0, 7, 8], [0, 5, 7, 1, 0, 0, 0, 0, 0], [0, 0, 0, 0, 0, 0, 0, 4, 5], [0, 0, 0, 0, 0, 3, 9, 0, 0], [9, 0, 0, 0, 2, 0, 0, 6, 0], [0, 0, 0, 9, 0, 1, 3, 0, 0]]","Solve the following modified Sudoku puzzle.
Rule change: The row and column rules are identical to standard Sudoku (each digit 1–9 appears exactly once per row and column). However, the nine 3×3 boxes are spatially shifted: instead of starting at rows/columns 0, 3, 6, each box is shifted by 1 cell in both directions with toroidal (wrap-around) topology. Concretely, box (br, bc) covers rows {(br×3+1) mod 9, (br×3+2) mod 9, (br×3+3) mod 9} and cols {(bc×3+1) mod 9, (bc×3+2) mod 9, (bc×3+3) mod 9}.

Puzzle (. = empty cell):
. 4 . | 3 . . | . . 1
1 . 3 | 5 . 7 | 8 . 6
. 7 8 | . . . | 1 . 9
---------------------
. 1 4 | 6 . 9 | . 7 8
. 5 7 | 1 . . | . . .
. . . | . . . | . 4 5
---------------------
. . . | . . 3 | 9 . .
9 . . | . 2 . | . 6 .
. . . | 9 . 1 | 3 . .

Which of the following is the correct completed solution?
Note: one option is the solution obtained by applying standard Sudoku rules.","[[7, 4, 2, 3, 9, 8, 6, 5, 1], [1, 9, 3, 5, 4, 7, 8, 2, 6], [4, 7, 8, 2, 6, 5, 1, 3, 9], [5, 1, 4, 6, 3, 9, 2, 7, 8], [3, 5, 7, 1, 8, 6, 4, 9, 2], [6, 3, 9, 8, 1, 2, 7, 4, 5], [8, 2, 6, 4, 5, 3, 9, 1, 7], [9, 8, 1, 7, 2, 4, 5, 6, 3], [2, 6, 5, 9, 7, 1, 3, 8, 4]]","[[7, 4, 2, 3, 9, 8, 6, 5, 1], [1, 4, 3, 5, 9, 7, 8, 2, 6], [4, 7, 8, 2, 6, 5, 1, 3, 9], [5, 1, 4, 6, 3, 9, 2, 7, 8], [3, 5, 7, 1, 8, 6, 4, 9, 2], [6, 3, 9, 8, 1, 2, 7, 4, 5], [8, 2, 6, 4, 5, 3, 9, 1, 7], [9, 8, 1, 7, 2, 4, 5, 6, 3], [2, 6, 5, 9, 7, 1, 3, 8, 4]]","[[7, 4, 2, 3, 9, 8, 6, 5, 1], [1, 2, 3, 5, 4, 7, 8, 9, 6], [4, 7, 8, 2, 6, 5, 1, 3, 9], [5, 1, 4, 6, 3, 9, 2, 7, 8], [3, 5, 7, 1, 8, 6, 4, 9, 2], [6, 3, 9, 8, 1, 2, 7, 4, 5], [8, 2, 6, 4, 5, 3, 9, 1, 7], [9, 8, 1, 7, 2, 4, 5, 6, 3], [2, 6, 5, 9, 7, 1, 3, 8, 4]]","[[6, 4, 2, 3, 9, 8, 7, 5, 1], [1, 9, 3, 5, 4, 7, 8, 2, 6], [4, 7, 8, 2, 6, 5, 1, 3, 9], [5, 1, 4, 6, 3, 9, 2, 7, 8], [3, 5, 7, 1, 8, 6, 4, 9, 2], [6, 3, 9, 8, 1, 2, 7, 4, 5], [8, 2, 6, 4, 5, 3, 9, 1, 7], [9, 8, 1, 7, 2, 4, 5, 6, 3], [2, 6, 5, 9, 7, 1, 3, 8, 4]]",A,"[[7, 4, 2, 3, 9, 8, 6, 5, 1], [1, 9, 3, 5, 4, 7, 8, 2, 6], [4, 7, 8, 2, 6, 5, 1, 3, 9], [5, 1, 4, 6, 3, 9, 2, 7, 8], [3, 5, 7, 1, 8, 6, 4, 9, 2], [6, 3, 9, 8, 1, 2, 7, 4, 5], [8, 2, 6, 4, 5, 3, 9, 1, 7], [9, 8, 1, 7, 2, 4, 5, 6, 3], [2, 6, 5, 9, 7, 1, 3, 8, 4]]","{""num_givens"": 32, ""grid_size"": 9, ""has_standard_distractor"": false}"
sudoku_cf2_shifted_boxes_0006,sudoku_cf2_shifted_boxes,counterfactual,"[[0, 8, 0, 0, 0, 0, 5, 9, 3], [7, 0, 5, 0, 0, 4, 0, 6, 0], [5, 0, 0, 1, 0, 7, 2, 0, 0], [0, 7, 9, 0, 0, 6, 0, 8, 0], [0, 6, 0, 0, 1, 0, 0, 4, 0], [0, 5, 8, 0, 0, 9, 0, 0, 0], [0, 0, 0, 9, 0, 5, 0, 7, 8], [0, 9, 0, 0, 4, 0, 0, 0, 0], [0, 1, 2, 0, 0, 0, 8, 0, 6]]","Solve the following modified Sudoku puzzle.
Rule change: The row and column rules are identical to standard Sudoku (each digit 1–9 appears exactly once per row and column). However, the nine 3×3 boxes are spatially shifted: instead of starting at rows/columns 0, 3, 6, each box is shifted by 1 cell in both directions with toroidal (wrap-around) topology. Concretely, box (br, bc) covers rows {(br×3+1) mod 9, (br×3+2) mod 9, (br×3+3) mod 9} and cols {(bc×3+1) mod 9, (bc×3+2) mod 9, (bc×3+3) mod 9}.

Puzzle (. = empty cell):
. 8 . | . . . | 5 9 3
7 . 5 | . . 4 | . 6 .
5 . . | 1 . 7 | 2 . .
---------------------
. 7 9 | . . 6 | . 8 .
. 6 . | . 1 . | . 4 .
. 5 8 | . . 9 | . . .
---------------------
. . . | 9 . 5 | . 7 8
. 9 . | . 4 . | . . .
. 1 2 | . . . | 8 . 6

Which of the following is the correct completed solution?
Note: one option is the solution obtained by applying standard Sudoku rules.","[[1, 8, 7, 6, 4, 2, 5, 9, 3], [7, 2, 5, 8, 3, 4, 9, 6, 1], [5, 4, 6, 1, 8, 7, 2, 3, 9], [2, 7, 9, 3, 5, 6, 1, 8, 4], [9, 6, 7, 2, 1, 8, 3, 4, 5], [3, 5, 8, 4, 6, 9, 7, 1, 2], [6, 3, 1, 9, 2, 5, 4, 7, 8], [8, 9, 3, 5, 4, 1, 6, 2, 7], [4, 1, 2, 7, 9, 3, 8, 5, 6]]","[[1, 8, 4, 6, 7, 2, 5, 9, 3], [7, 2, 5, 8, 3, 4, 9, 6, 1], [5, 4, 6, 1, 8, 7, 2, 3, 9], [2, 7, 9, 5, 3, 6, 1, 8, 4], [9, 6, 7, 2, 1, 8, 3, 4, 5], [3, 5, 8, 4, 6, 9, 7, 1, 2], [6, 3, 1, 9, 2, 5, 4, 7, 8], [8, 9, 3, 5, 4, 1, 6, 2, 7], [4, 1, 2, 7, 9, 3, 8, 5, 6]]","[[1, 8, 4, 6, 7, 2, 5, 9, 3], [7, 2, 5, 8, 3, 4, 9, 6, 1], [5, 4, 6, 1, 8, 7, 2, 3, 9], [2, 7, 9, 3, 5, 6, 1, 8, 4], [9, 6, 7, 2, 1, 8, 3, 4, 5], [3, 5, 8, 4, 6, 9, 7, 1, 2], [6, 3, 1, 9, 2, 5, 4, 7, 8], [8, 9, 3, 5, 4, 1, 6, 2, 7], [4, 1, 2, 7, 9, 3, 8, 5, 6]]","[[1, 8, 4, 6, 7, 2, 5, 9, 3], [7, 2, 5, 8, 3, 4, 9, 6, 1], [5, 4, 6, 1, 8, 7, 2, 3, 9], [2, 7, 9, 3, 5, 6, 1, 8, 4], [9, 6, 7, 2, 1, 8, 3, 4, 5], [3, 5, 8, 4, 6, 9, 7, 1, 2], [6, 3, 1, 9, 2, 5, 4, 7, 8], [8, 9, 3, 5, 4, 1, 6, 2, 7], [4, 1, 2, 7, 9, 5, 8, 3, 6]]",C,"[[1, 8, 4, 6, 7, 2, 5, 9, 3], [7, 2, 5, 8, 3, 4, 9, 6, 1], [5, 4, 6, 1, 8, 7, 2, 3, 9], [2, 7, 9, 3, 5, 6, 1, 8, 4], [9, 6, 7, 2, 1, 8, 3, 4, 5], [3, 5, 8, 4, 6, 9, 7, 1, 2], [6, 3, 1, 9, 2, 5, 4, 7, 8], [8, 9, 3, 5, 4, 1, 6, 2, 7], [4, 1, 2, 7, 9, 3, 8, 5, 6]]","{""num_givens"": 32, ""grid_size"": 9, ""has_standard_distractor"": false}"
sudoku_cf2_shifted_boxes_0007,sudoku_cf2_shifted_boxes,counterfactual,"[[7, 0, 0, 5, 2, 0, 0, 0, 0], [2, 0, 3, 0, 9, 4, 0, 0, 0], [0, 0, 0, 0, 0, 6, 8, 5, 0], [0, 6, 9, 0, 0, 0, 0, 1, 3], [3, 0, 0, 9, 8, 0, 6, 2, 4], [0, 0, 8, 0, 0, 0, 0, 0, 5], [8, 3, 0, 0, 0, 9, 0, 0, 0], [0, 0, 0, 0, 0, 0, 3, 4, 6], [0, 4, 0, 0, 0, 5, 9, 8, 0]]","Solve the following modified Sudoku puzzle.
Rule change: The row and column rules are identical to standard Sudoku (each digit 1–9 appears exactly once per row and column). However, the nine 3×3 boxes are spatially shifted: instead of starting at rows/columns 0, 3, 6, each box is shifted by 1 cell in both directions with toroidal (wrap-around) topology. Concretely, box (br, bc) covers rows {(br×3+1) mod 9, (br×3+2) mod 9, (br×3+3) mod 9} and cols {(bc×3+1) mod 9, (bc×3+2) mod 9, (bc×3+3) mod 9}.

Puzzle (. = empty cell):
7 . . | 5 2 . | . . .
2 . 3 | . 9 4 | . . .
. . . | . . 6 | 8 5 .
---------------------
. 6 9 | . . . | . 1 3
3 . . | 9 8 . | 6 2 4
. . 8 | . . . | . . 5
---------------------
8 3 . | . . 9 | . . .
. . . | . . . | 3 4 6
. 4 . | . . 5 | 9 8 .

Which of the following is the correct completed solution?
Note: one option is the solution obtained by applying standard Sudoku rules.","[[7, 8, 6, 5, 2, 1, 4, 3, 9], [2, 5, 3, 7, 9, 4, 1, 6, 8], [9, 2, 4, 1, 3, 6, 8, 5, 7], [4, 6, 9, 8, 5, 2, 7, 1, 3], [3, 1, 5, 9, 8, 7, 6, 2, 4], [6, 7, 8, 4, 1, 3, 2, 9, 5], [8, 3, 2, 6, 4, 9, 5, 7, 1], [5, 9, 1, 2, 7, 8, 3, 4, 6], [1, 4, 7, 3, 6, 5, 9, 8, 2]]","[[7, 8, 6, 5, 2, 1, 4, 3, 9], [2, 5, 3, 7, 9, 4, 1, 6, 8], [9, 2, 4, 1, 3, 6, 8, 5, 7], [4, 6, 9, 8, 5, 2, 7, 1, 3], [3, 1, 5, 9, 8, 7, 6, 2, 4], [6, 4, 8, 7, 1, 3, 2, 9, 5], [8, 3, 2, 6, 4, 9, 5, 7, 1], [5, 9, 1, 2, 7, 8, 3, 4, 6], [1, 4, 7, 3, 6, 5, 9, 8, 2]]","[[7, 8, 6, 5, 2, 1, 4, 3, 9], [2, 5, 3, 7, 9, 4, 1, 6, 8], [9, 2, 4, 1, 3, 6, 8, 5, 7], [4, 6, 9, 8, 5, 2, 7, 1, 3], [3, 1, 5, 9, 8, 7, 6, 2, 4], [6, 7, 8, 4, 1, 3, 2, 9, 5], [8, 3, 2, 6, 4, 9, 1, 7, 5], [5, 9, 1, 2, 7, 8, 3, 4, 6], [1, 4, 7, 3, 6, 5, 9, 8, 2]]","[[7, 8, 1, 5, 2, 6, 4, 3, 9], [2, 5, 3, 7, 9, 4, 1, 6, 8], [9, 2, 4, 1, 3, 6, 8, 5, 7], [4, 6, 9, 8, 5, 2, 7, 1, 3], [3, 1, 5, 9, 8, 7, 6, 2, 4], [6, 7, 8, 4, 1, 3, 2, 9, 5], [8, 3, 2, 6, 4, 9, 5, 7, 1], [5, 9, 1, 2, 7, 8, 3, 4, 6], [1, 4, 7, 3, 6, 5, 9, 8, 2]]",A,"[[7, 8, 6, 5, 2, 1, 4, 3, 9], [2, 5, 3, 7, 9, 4, 1, 6, 8], [9, 2, 4, 1, 3, 6, 8, 5, 7], [4, 6, 9, 8, 5, 2, 7, 1, 3], [3, 1, 5, 9, 8, 7, 6, 2, 4], [6, 7, 8, 4, 1, 3, 2, 9, 5], [8, 3, 2, 6, 4, 9, 5, 7, 1], [5, 9, 1, 2, 7, 8, 3, 4, 6], [1, 4, 7, 3, 6, 5, 9, 8, 2]]","{""num_givens"": 32, ""grid_size"": 9, ""has_standard_distractor"": false}"
sudoku_cf2_shifted_boxes_0008,sudoku_cf2_shifted_boxes,counterfactual,"[[0, 5, 8, 0, 0, 0, 7, 0, 2], [0, 7, 9, 0, 4, 0, 0, 5, 0], [1, 4, 0, 3, 0, 7, 0, 0, 0], [0, 0, 0, 0, 5, 1, 0, 4, 0], [0, 0, 0, 5, 0, 0, 1, 0, 3], [0, 0, 0, 6, 0, 4, 0, 0, 0], [9, 0, 0, 0, 0, 0, 0, 2, 0], [0, 1, 0, 0, 0, 5, 0, 8, 0], [5, 0, 3, 0, 2, 8, 4, 1, 9]]","Solve the following modified Sudoku puzzle.
Rule change: The row and column rules are identical to standard Sudoku (each digit 1–9 appears exactly once per row and column). However, the nine 3×3 boxes are spatially shifted: instead of starting at rows/columns 0, 3, 6, each box is shifted by 1 cell in both directions with toroidal (wrap-around) topology. Concretely, box (br, bc) covers rows {(br×3+1) mod 9, (br×3+2) mod 9, (br×3+3) mod 9} and cols {(bc×3+1) mod 9, (bc×3+2) mod 9, (bc×3+3) mod 9}.

Puzzle (. = empty cell):
. 5 8 | . . . | 7 . 2
. 7 9 | . 4 . | . 5 .
1 4 . | 3 . 7 | . . .
---------------------
. . . | . 5 1 | . 4 .
. . . | 5 . . | 1 . 3
. . . | 6 . 4 | . . .
---------------------
9 . . | . . . | . 2 .
. 1 . | . . 5 | . 8 .
5 . 3 | . 2 8 | 4 1 9

Which of the following is the correct completed solution?
Note: one option is the solution obtained by applying standard Sudoku rules.","[[6, 5, 8, 4, 1, 9, 7, 3, 2], [2, 7, 9, 1, 4, 3, 8, 5, 6], [1, 4, 5, 3, 6, 7, 2, 9, 8], [3, 8, 6, 2, 5, 1, 9, 4, 7], [4, 9, 7, 5, 8, 2, 1, 6, 3], [8, 2, 1, 6, 9, 4, 3, 7, 5], [9, 3, 4, 8, 7, 5, 6, 2, 1], [7, 1, 2, 9, 3, 5, 6, 8, 4], [5, 6, 3, 7, 2, 8, 4, 1, 9]]","[[6, 5, 8, 4, 1, 9, 7, 3, 2], [2, 7, 9, 1, 4, 3, 8, 5, 6], [1, 4, 5, 3, 6, 7, 2, 9, 8], [3, 8, 6, 2, 5, 1, 9, 4, 7], [4, 9, 7, 5, 6, 2, 1, 8, 3], [8, 2, 1, 6, 9, 4, 3, 7, 5], [9, 3, 4, 8, 7, 6, 5, 2, 1], [7, 1, 2, 9, 3, 5, 6, 8, 4], [5, 6, 3, 7, 2, 8, 4, 1, 9]]","[[6, 5, 8, 4, 1, 9, 7, 3, 2], [2, 7, 9, 1, 4, 3, 8, 5, 6], [1, 4, 5, 3, 6, 7, 2, 9, 8], [3, 8, 6, 2, 5, 1, 9, 4, 7], [4, 9, 7, 5, 8, 2, 1, 6, 3], [8, 2, 1, 6, 9, 4, 3, 7, 5], [9, 3, 4, 8, 7, 6, 5, 2, 1], [7, 1, 3, 9, 2, 5, 6, 8, 4], [5, 6, 3, 7, 2, 8, 4, 1, 9]]","[[6, 5, 8, 4, 1, 9, 7, 3, 2], [2, 7, 9, 1, 4, 3, 8, 5, 6], [1, 4, 5, 3, 6, 7, 2, 9, 8], [3, 8, 6, 2, 5, 1, 9, 4, 7], [4, 9, 7, 5, 8, 2, 1, 6, 3], [8, 2, 1, 6, 9, 4, 3, 7, 5], [9, 3, 4, 8, 7, 6, 5, 2, 1], [7, 1, 2, 9, 3, 5, 6, 8, 4], [5, 6, 3, 7, 2, 8, 4, 1, 9]]",D,"[[6, 5, 8, 4, 1, 9, 7, 3, 2], [2, 7, 9, 1, 4, 3, 8, 5, 6], [1, 4, 5, 3, 6, 7, 2, 9, 8], [3, 8, 6, 2, 5, 1, 9, 4, 7], [4, 9, 7, 5, 8, 2, 1, 6, 3], [8, 2, 1, 6, 9, 4, 3, 7, 5], [9, 3, 4, 8, 7, 6, 5, 2, 1], [7, 1, 2, 9, 3, 5, 6, 8, 4], [5, 6, 3, 7, 2, 8, 4, 1, 9]]","{""num_givens"": 32, ""grid_size"": 9, ""has_standard_distractor"": false}"
sudoku_cf2_shifted_boxes_0009,sudoku_cf2_shifted_boxes,counterfactual,"[[0, 0, 0, 0, 0, 7, 3, 0, 0], [0, 1, 0, 0, 0, 0, 0, 0, 9], [4, 6, 5, 0, 0, 3, 0, 0, 0], [1, 2, 0, 0, 6, 0, 0, 7, 0], [0, 9, 4, 0, 0, 0, 5, 3, 0], [0, 0, 2, 5, 3, 0, 4, 0, 0], [8, 3, 7, 0, 0, 0, 0, 0, 4], [3, 0, 0, 8, 0, 4, 0, 2, 0], [0, 7, 6, 0, 0, 0, 0, 4, 5]]","Solve the following modified Sudoku puzzle.
Rule change: The row and column rules are identical to standard Sudoku (each digit 1–9 appears exactly once per row and column). However, the nine 3×3 boxes are spatially shifted: instead of starting at rows/columns 0, 3, 6, each box is shifted by 1 cell in both directions with toroidal (wrap-around) topology. Concretely, box (br, bc) covers rows {(br×3+1) mod 9, (br×3+2) mod 9, (br×3+3) mod 9} and cols {(bc×3+1) mod 9, (bc×3+2) mod 9, (bc×3+3) mod 9}.

Puzzle (. = empty cell):
. . . | . . 7 | 3 . .
. 1 . | . . . | . . 9
4 6 5 | . . 3 | . . .
---------------------
1 2 . | . 6 . | . 7 .
. 9 4 | . . . | 5 3 .
. . 2 | 5 3 . | 4 . .
---------------------
8 3 7 | . . . | . . 4
3 . . | 8 . 4 | . 2 .
. 7 6 | . . . | . 4 5

Which of the following is the correct completed solution?
Note: one option is the solution obtained by applying standard Sudoku rules.","[[6, 4, 9, 2, 5, 7, 3, 1, 8], [5, 1, 3, 7, 4, 2, 8, 6, 9], [4, 6, 5, 9, 1, 3, 7, 8, 2], [1, 2, 8, 4, 6, 5, 9, 7, 3], [2, 9, 4, 6, 7, 8, 5, 3, 1], [7, 8, 2, 5, 3, 6, 4, 9, 1], [8, 3, 7, 6, 2, 9, 1, 5, 4], [3, 5, 1, 8, 9, 4, 6, 2, 7], [9, 7, 6, 3, 8, 1, 2, 4, 5]]","[[6, 4, 9, 2, 5, 7, 3, 1, 8], [5, 1, 3, 7, 4, 2, 8, 6, 9], [4, 6, 5, 9, 1, 3, 7, 8, 2], [1, 2, 8, 4, 6, 5, 9, 7, 3], [2, 9, 4, 1, 7, 8, 5, 3, 6], [7, 8, 2, 5, 3, 6, 4, 9, 1], [8, 3, 7, 6, 2, 9, 1, 5, 4], [3, 1, 5, 8, 9, 4, 6, 2, 7], [9, 7, 6, 3, 8, 1, 2, 4, 5]]","[[6, 4, 9, 2, 5, 7, 3, 1, 8], [5, 1, 3, 7, 4, 2, 8, 6, 9], [4, 6, 5, 9, 1, 3, 7, 8, 2], [1, 2, 8, 4, 6, 5, 9, 7, 3], [2, 9, 4, 1, 7, 8, 5, 3, 6], [7, 8, 2, 5, 3, 6, 4, 9, 1], [8, 3, 7, 6, 2, 9, 1, 5, 4], [3, 5, 1, 8, 9, 4, 6, 2, 7], [9, 7, 6, 3, 8, 1, 2, 4, 5]]","[[6, 4, 9, 2, 5, 7, 3, 1, 8], [5, 1, 3, 7, 4, 2, 8, 6, 9], [4, 6, 5, 9, 1, 3, 7, 8, 2], [1, 2, 8, 4, 6, 5, 9, 7, 3], [2, 9, 4, 1, 7, 8, 5, 3, 6], [7, 8, 2, 5, 3, 6, 4, 9, 1], [8, 3, 7, 6, 2, 9, 1, 5, 4], [3, 5, 1, 8, 7, 4, 6, 2, 9], [9, 7, 6, 3, 8, 1, 2, 4, 5]]",C,"[[6, 4, 9, 2, 5, 7, 3, 1, 8], [5, 1, 3, 7, 4, 2, 8, 6, 9], [4, 6, 5, 9, 1, 3, 7, 8, 2], [1, 2, 8, 4, 6, 5, 9, 7, 3], [2, 9, 4, 1, 7, 8, 5, 3, 6], [7, 8, 2, 5, 3, 6, 4, 9, 1], [8, 3, 7, 6, 2, 9, 1, 5, 4], [3, 5, 1, 8, 9, 4, 6, 2, 7], [9, 7, 6, 3, 8, 1, 2, 4, 5]]","{""num_givens"": 32, ""grid_size"": 9, ""has_standard_distractor"": false}"
sudoku_cf2_shifted_boxes_0010,sudoku_cf2_shifted_boxes,counterfactual,"[[0, 0, 0, 7, 0, 0, 2, 0, 0], [7, 3, 0, 0, 2, 0, 6, 1, 0], [5, 0, 7, 0, 0, 0, 4, 0, 8], [0, 0, 0, 6, 1, 0, 0, 9, 0], [0, 0, 0, 9, 5, 0, 0, 4, 6], [0, 8, 5, 0, 0, 0, 9, 3, 0], [0, 6, 0, 3, 0, 4, 0, 0, 0], [0, 0, 6, 1, 0, 0, 0, 7, 0], [0, 0, 0, 0, 3, 7, 5, 2, 0]]","Solve the following modified Sudoku puzzle.
Rule change: The row and column rules are identical to standard Sudoku (each digit 1–9 appears exactly once per row and column). However, the nine 3×3 boxes are spatially shifted: instead of starting at rows/columns 0, 3, 6, each box is shifted by 1 cell in both directions with toroidal (wrap-around) topology. Concretely, box (br, bc) covers rows {(br×3+1) mod 9, (br×3+2) mod 9, (br×3+3) mod 9} and cols {(bc×3+1) mod 9, (bc×3+2) mod 9, (bc×3+3) mod 9}.

Puzzle (. = empty cell):
. . . | 7 . . | 2 . .
7 3 . | . 2 . | 6 1 .
5 . 7 | . . . | 4 . 8
---------------------
. . . | 6 1 . | . 9 .
. . . | 9 5 . | . 4 6
. 8 5 | . . . | 9 3 .
---------------------
. 6 . | 3 . 4 | . . .
. . 6 | 1 . . | . 7 .
. . . | . 3 7 | 5 2 .

Which of the following is the correct completed solution?
Note: one option is the solution obtained by applying standard Sudoku rules.","[[4, 5, 3, 7, 6, 1, 2, 8, 9], [7, 3, 9, 5, 2, 8, 6, 1, 4], [5, 1, 7, 2, 9, 3, 4, 6, 8], [2, 4, 8, 6, 1, 5, 7, 9, 3], [8, 7, 1, 9, 5, 2, 3, 4, 6], [1, 8, 5, 4, 7, 6, 9, 3, 2], [9, 6, 2, 3, 8, 4, 1, 5, 7], [3, 2, 6, 1, 4, 9, 8, 7, 5], [6, 9, 4, 8, 3, 7, 5, 2, 1]]","[[4, 5, 3, 7, 6, 1, 2, 8, 9], [7, 3, 9, 5, 2, 8, 6, 1, 4], [5, 1, 7, 2, 9, 3, 4, 6, 8], [2, 4, 8, 6, 1, 5, 7, 9, 3], [8, 7, 1, 9, 5, 2, 3, 4, 6], [1, 8, 5, 4, 7, 6, 9, 3, 2], [9, 6, 2, 3, 8, 4, 1, 5, 7], [3, 2, 6, 1, 4, 9, 8, 7, 5], [6, 4, 9, 8, 3, 7, 5, 2, 1]]","[[4, 5, 3, 7, 6, 1, 2, 8, 9], [7, 3, 9, 5, 2, 8, 6, 1, 4], [5, 1, 7, 2, 9, 3, 4, 6, 8], [2, 4, 8, 6, 1, 5, 7, 9, 3], [8, 7, 1, 9, 5, 2, 3, 4, 6], [1, 8, 5, 4, 7, 6, 9, 3, 2], [9, 6, 1, 3, 8, 4, 2, 5, 7], [3, 2, 6, 1, 4, 9, 8, 7, 5], [6, 9, 4, 8, 3, 7, 5, 2, 1]]","[[4, 5, 3, 7, 6, 1, 2, 8, 9], [7, 3, 9, 5, 2, 8, 6, 1, 4], [5, 1, 7, 2, 9, 3, 4, 6, 8], [2, 4, 8, 6, 1, 5, 7, 9, 3], [8, 7, 1, 9, 5, 2, 3, 4, 6], [1, 8, 5, 4, 7, 6, 9, 3, 2], [9, 6, 2, 3, 8, 4, 1, 5, 7], [3, 2, 6, 1, 4, 9, 8, 7, 5], [6, 1, 4, 8, 3, 7, 5, 2, 9]]",A,"[[4, 5, 3, 7, 6, 1, 2, 8, 9], [7, 3, 9, 5, 2, 8, 6, 1, 4], [5, 1, 7, 2, 9, 3, 4, 6, 8], [2, 4, 8, 6, 1, 5, 7, 9, 3], [8, 7, 1, 9, 5, 2, 3, 4, 6], [1, 8, 5, 4, 7, 6, 9, 3, 2], [9, 6, 2, 3, 8, 4, 1, 5, 7], [3, 2, 6, 1, 4, 9, 8, 7, 5], [6, 9, 4, 8, 3, 7, 5, 2, 1]]","{""num_givens"": 32, ""grid_size"": 9, ""has_standard_distractor"": false}"
sudoku_cf2_shifted_boxes_0011,sudoku_cf2_shifted_boxes,counterfactual,"[[1, 0, 9, 7, 0, 8, 6, 0, 0], [0, 0, 0, 1, 0, 5, 0, 0, 6], [5, 0, 6, 0, 0, 0, 0, 8, 0], [0, 4, 3, 0, 0, 0, 0, 1, 0], [2, 0, 0, 0, 0, 7, 9, 0, 0], [0, 7, 1, 0, 8, 2, 0, 5, 0], [0, 0, 0, 0, 1, 0, 5, 7, 0], [8, 5, 0, 3, 9, 0, 0, 0, 0], [0, 1, 0, 6, 3, 0, 0, 0, 0]]","Solve the following modified Sudoku puzzle.
Rule change: The row and column rules are identical to standard Sudoku (each digit 1–9 appears exactly once per row and column). However, the nine 3×3 boxes are spatially shifted: instead of starting at rows/columns 0, 3, 6, each box is shifted by 1 cell in both directions with toroidal (wrap-around) topology. Concretely, box (br, bc) covers rows {(br×3+1) mod 9, (br×3+2) mod 9, (br×3+3) mod 9} and cols {(bc×3+1) mod 9, (bc×3+2) mod 9, (bc×3+3) mod 9}.

Puzzle (. = empty cell):
1 . 9 | 7 . 8 | 6 . .
. . . | 1 . 5 | . . 6
5 . 6 | . . . | . 8 .
---------------------
. 4 3 | . . . | . 1 .
2 . . | . . 7 | 9 . .
. 7 1 | . 8 2 | . 5 .
---------------------
. . . | . 1 . | 5 7 .
8 5 . | 3 9 . | . . .
. 1 . | 6 3 . | . . .

Which of the following is the correct completed solution?
Note: one option is the solution obtained by applying standard Sudoku rules.","[[1, 2, 9, 7, 5, 8, 6, 4, 3], [3, 8, 7, 1, 2, 5, 4, 9, 6], [5, 9, 6, 2, 7, 3, 1, 8, 4], [7, 4, 3, 5, 6, 9, 8, 1, 2], [2, 6, 5, 4, 8, 7, 9, 3, 1], [6, 7, 1, 4, 8, 2, 3, 5, 9], [4, 3, 2, 9, 1, 6, 5, 7, 8], [8, 5, 4, 3, 9, 1, 2, 6, 7], [9, 1, 8, 6, 3, 4, 7, 2, 5]]","[[1, 2, 9, 7, 5, 8, 6, 4, 3], [3, 8, 7, 1, 2, 5, 4, 9, 6], [5, 9, 6, 2, 7, 3, 1, 8, 4], [7, 4, 3, 5, 6, 9, 8, 1, 2], [2, 8, 5, 6, 4, 7, 9, 3, 1], [6, 7, 1, 4, 8, 2, 3, 5, 9], [4, 3, 2, 9, 1, 6, 5, 7, 8], [8, 5, 4, 3, 9, 1, 2, 6, 7], [9, 1, 8, 6, 3, 4, 7, 2, 5]]","[[1, 2, 9, 7, 5, 8, 6, 4, 3], [3, 8, 7, 1, 2, 5, 4, 9, 6], [5, 9, 6, 2, 7, 3, 1, 8, 4], [7, 4, 3, 5, 6, 9, 8, 1, 2], [2, 6, 5, 8, 4, 7, 9, 3, 1], [6, 7, 1, 4, 8, 2, 3, 5, 9], [4, 3, 2, 9, 1, 6, 5, 7, 8], [8, 5, 4, 3, 9, 1, 2, 6, 7], [9, 1, 8, 6, 3, 4, 7, 2, 5]]","[[1, 2, 9, 7, 5, 8, 6, 4, 3], [3, 8, 7, 1, 2, 5, 4, 9, 6], [5, 9, 6, 2, 7, 3, 4, 8, 1], [7, 4, 3, 5, 6, 9, 8, 1, 2], [2, 6, 5, 8, 4, 7, 9, 3, 1], [6, 7, 1, 4, 8, 2, 3, 5, 9], [4, 3, 2, 9, 1, 6, 5, 7, 8], [8, 5, 4, 3, 9, 1, 2, 6, 7], [9, 1, 8, 6, 3, 4, 7, 2, 5]]",C,"[[1, 2, 9, 7, 5, 8, 6, 4, 3], [3, 8, 7, 1, 2, 5, 4, 9, 6], [5, 9, 6, 2, 7, 3, 1, 8, 4], [7, 4, 3, 5, 6, 9, 8, 1, 2], [2, 6, 5, 8, 4, 7, 9, 3, 1], [6, 7, 1, 4, 8, 2, 3, 5, 9], [4, 3, 2, 9, 1, 6, 5, 7, 8], [8, 5, 4, 3, 9, 1, 2, 6, 7], [9, 1, 8, 6, 3, 4, 7, 2, 5]]","{""num_givens"": 32, ""grid_size"": 9, ""has_standard_distractor"": false}"
sudoku_cf2_shifted_boxes_0012,sudoku_cf2_shifted_boxes,counterfactual,"[[0, 0, 1, 0, 2, 4, 6, 9, 3], [0, 0, 0, 9, 0, 5, 3, 0, 6], [0, 2, 4, 0, 0, 0, 0, 0, 9], [3, 0, 5, 6, 4, 0, 0, 0, 0], [9, 4, 0, 0, 0, 0, 0, 0, 0], [0, 5, 0, 1, 7, 0, 2, 4, 0], [0, 0, 6, 7, 8, 0, 4, 0, 0], [0, 0, 0, 4, 0, 0, 0, 0, 0], [1, 6, 0, 0, 0, 0, 8, 0, 0]]","Solve the following modified Sudoku puzzle.
Rule change: The row and column rules are identical to standard Sudoku (each digit 1–9 appears exactly once per row and column). However, the nine 3×3 boxes are spatially shifted: instead of starting at rows/columns 0, 3, 6, each box is shifted by 1 cell in both directions with toroidal (wrap-around) topology. Concretely, box (br, bc) covers rows {(br×3+1) mod 9, (br×3+2) mod 9, (br×3+3) mod 9} and cols {(bc×3+1) mod 9, (bc×3+2) mod 9, (bc×3+3) mod 9}.

Puzzle (. = empty cell):
. . 1 | . 2 4 | 6 9 3
. . . | 9 . 5 | 3 . 6
. 2 4 | . . . | . . 9
---------------------
3 . 5 | 6 4 . | . . .
9 4 . | . . . | . . .
. 5 . | 1 7 . | 2 4 .
---------------------
. . 6 | 7 8 . | 4 . .
. . . | 4 . . | . . .
1 6 . | . . . | 8 . .

Which of the following is the correct completed solution?
Note: one option is the solution obtained by applying standard Sudoku rules.","[[7, 8, 1, 5, 2, 4, 6, 9, 3], [4, 7, 8, 9, 1, 5, 3, 2, 6], [5, 2, 4, 3, 6, 8, 7, 1, 9], [3, 1, 5, 6, 4, 2, 9, 8, 7], [9, 4, 2, 8, 3, 6, 5, 7, 1], [6, 5, 3, 1, 7, 9, 2, 4, 8], [2, 9, 6, 7, 8, 1, 4, 3, 5], [8, 3, 9, 4, 5, 7, 1, 6, 2], [1, 6, 7, 2, 3, 9, 8, 5, 4]]","[[7, 5, 1, 8, 2, 4, 6, 9, 3], [4, 7, 8, 9, 1, 5, 3, 2, 6], [5, 2, 4, 3, 6, 8, 7, 1, 9], [3, 1, 5, 6, 4, 2, 9, 8, 7], [9, 4, 2, 8, 3, 6, 5, 7, 1], [6, 5, 3, 1, 7, 9, 2, 4, 8], [2, 9, 6, 7, 8, 1, 4, 3, 5], [8, 3, 9, 4, 5, 7, 1, 6, 2], [1, 6, 7, 2, 9, 3, 8, 5, 4]]","[[7, 8, 1, 5, 2, 4, 6, 9, 3], [4, 7, 8, 9, 1, 5, 3, 2, 6], [5, 2, 4, 3, 6, 8, 7, 1, 9], [3, 1, 5, 6, 4, 2, 9, 8, 7], [9, 4, 2, 8, 3, 6, 5, 7, 1], [6, 5, 3, 1, 7, 9, 2, 4, 8], [2, 9, 6, 7, 8, 1, 4, 3, 5], [8, 3, 9, 4, 5, 7, 1, 6, 2], [1, 6, 9, 2, 7, 3, 8, 5, 4]]","[[7, 8, 1, 5, 2, 4, 6, 9, 3], [4, 7, 8, 9, 1, 5, 3, 2, 6], [5, 2, 4, 3, 6, 8, 7, 1, 9], [3, 1, 5, 6, 4, 2, 9, 8, 7], [9, 4, 2, 8, 3, 6, 5, 7, 1], [6, 5, 3, 1, 7, 9, 2, 4, 8], [2, 9, 6, 7, 8, 1, 4, 3, 5], [8, 3, 9, 4, 5, 7, 1, 6, 2], [1, 6, 7, 2, 9, 3, 8, 5, 4]]",D,"[[7, 8, 1, 5, 2, 4, 6, 9, 3], [4, 7, 8, 9, 1, 5, 3, 2, 6], [5, 2, 4, 3, 6, 8, 7, 1, 9], [3, 1, 5, 6, 4, 2, 9, 8, 7], [9, 4, 2, 8, 3, 6, 5, 7, 1], [6, 5, 3, 1, 7, 9, 2, 4, 8], [2, 9, 6, 7, 8, 1, 4, 3, 5], [8, 3, 9, 4, 5, 7, 1, 6, 2], [1, 6, 7, 2, 9, 3, 8, 5, 4]]","{""num_givens"": 32, ""grid_size"": 9, ""has_standard_distractor"": false}"
sudoku_cf2_shifted_boxes_0013,sudoku_cf2_shifted_boxes,counterfactual,"[[0, 1, 7, 0, 4, 6, 0, 5, 0], [0, 8, 2, 6, 0, 0, 0, 0, 7], [0, 0, 5, 7, 0, 0, 0, 3, 0], [9, 0, 1, 0, 0, 0, 0, 2, 0], [8, 0, 0, 0, 0, 9, 6, 1, 0], [0, 0, 0, 1, 0, 0, 4, 0, 0], [0, 6, 0, 0, 0, 3, 1, 9, 5], [6, 0, 0, 0, 0, 7, 0, 8, 0], [0, 4, 0, 5, 0, 0, 3, 0, 0]]","Solve the following modified Sudoku puzzle.
Rule change: The row and column rules are identical to standard Sudoku (each digit 1–9 appears exactly once per row and column). However, the nine 3×3 boxes are spatially shifted: instead of starting at rows/columns 0, 3, 6, each box is shifted by 1 cell in both directions with toroidal (wrap-around) topology. Concretely, box (br, bc) covers rows {(br×3+1) mod 9, (br×3+2) mod 9, (br×3+3) mod 9} and cols {(bc×3+1) mod 9, (bc×3+2) mod 9, (bc×3+3) mod 9}.

Puzzle (. = empty cell):
. 1 7 | . 4 6 | . 5 .
. 8 2 | 6 . . | . . 7
. . 5 | 7 . . | . 3 .
---------------------
9 . 1 | . . . | . 2 .
8 . . | . . 9 | 6 1 .
. . . | 1 . . | 4 . .
---------------------
. 6 . | . . 3 | 1 9 5
6 . . | . . 7 | . 8 .
. 4 . | 5 . . | 3 . .

Which of the following is the correct completed solution?
Note: one option is the solution obtained by applying standard Sudoku rules.","[[3, 1, 7, 8, 4, 6, 2, 5, 9], [4, 8, 2, 6, 3, 1, 9, 5, 7], [1, 9, 5, 7, 2, 4, 8, 3, 6], [9, 3, 1, 4, 6, 5, 7, 2, 8], [8, 7, 4, 3, 5, 9, 6, 1, 2], [7, 5, 9, 1, 8, 2, 4, 6, 3], [4, 6, 8, 2, 7, 3, 1, 9, 5], [6, 2, 3, 9, 1, 7, 5, 8, 4], [2, 4, 6, 5, 9, 8, 3, 7, 1]]","[[3, 1, 7, 8, 4, 6, 2, 5, 9], [5, 8, 2, 6, 3, 1, 4, 9, 7], [1, 9, 5, 7, 2, 4, 8, 3, 6], [9, 3, 1, 4, 6, 5, 7, 2, 8], [8, 7, 4, 3, 5, 9, 6, 1, 2], [7, 5, 9, 1, 8, 2, 4, 6, 3], [4, 6, 8, 2, 7, 3, 1, 9, 5], [6, 2, 3, 9, 1, 7, 5, 8, 4], [2, 4, 6, 5, 9, 8, 3, 7, 1]]","[[3, 1, 7, 8, 4, 6, 2, 5, 9], [5, 8, 2, 6, 3, 1, 9, 4, 7], [1, 9, 5, 7, 2, 4, 8, 3, 6], [9, 3, 1, 4, 6, 5, 7, 2, 8], [8, 7, 4, 3, 5, 9, 6, 1, 2], [7, 5, 9, 1, 8, 2, 4, 6, 3], [4, 6, 8, 2, 7, 3, 1, 9, 5], [6, 2, 3, 9, 1, 7, 5, 8, 4], [2, 4, 6, 5, 9, 8, 3, 7, 1]]","[[3, 1, 7, 8, 4, 6, 2, 5, 9], [5, 8, 2, 6, 3, 1, 9, 4, 7], [1, 9, 5, 7, 2, 4, 8, 3, 6], [9, 3, 1, 4, 6, 5, 7, 2, 8], [8, 7, 4, 3, 5, 9, 6, 1, 2], [7, 5, 9, 1, 8, 2, 4, 6, 3], [7, 6, 8, 2, 4, 3, 1, 9, 5], [6, 2, 3, 9, 1, 7, 5, 8, 4], [2, 4, 6, 5, 9, 8, 3, 7, 1]]",C,"[[3, 1, 7, 8, 4, 6, 2, 5, 9], [5, 8, 2, 6, 3, 1, 9, 4, 7], [1, 9, 5, 7, 2, 4, 8, 3, 6], [9, 3, 1, 4, 6, 5, 7, 2, 8], [8, 7, 4, 3, 5, 9, 6, 1, 2], [7, 5, 9, 1, 8, 2, 4, 6, 3], [4, 6, 8, 2, 7, 3, 1, 9, 5], [6, 2, 3, 9, 1, 7, 5, 8, 4], [2, 4, 6, 5, 9, 8, 3, 7, 1]]","{""num_givens"": 32, ""grid_size"": 9, ""has_standard_distractor"": false}"
sudoku_cf2_shifted_boxes_0014,sudoku_cf2_shifted_boxes,counterfactual,"[[0, 4, 0, 0, 0, 8, 6, 5, 0], [2, 0, 0, 7, 5, 0, 0, 0, 0], [0, 0, 0, 3, 8, 0, 0, 9, 0], [0, 2, 6, 8, 7, 9, 1, 0, 0], [0, 3, 0, 0, 0, 0, 9, 8, 6], [5, 0, 8, 0, 6, 0, 3, 0, 0], [4, 9, 0, 6, 0, 0, 0, 0, 0], [0, 0, 7, 0, 1, 0, 0, 3, 0], [8, 0, 0, 0, 0, 0, 0, 0, 2]]","Solve the following modified Sudoku puzzle.
Rule change: The row and column rules are identical to standard Sudoku (each digit 1–9 appears exactly once per row and column). However, the nine 3×3 boxes are spatially shifted: instead of starting at rows/columns 0, 3, 6, each box is shifted by 1 cell in both directions with toroidal (wrap-around) topology. Concretely, box (br, bc) covers rows {(br×3+1) mod 9, (br×3+2) mod 9, (br×3+3) mod 9} and cols {(bc×3+1) mod 9, (bc×3+2) mod 9, (bc×3+3) mod 9}.

Puzzle (. = empty cell):
. 4 . | . . 8 | 6 5 .
2 . . | 7 5 . | . . .
. . . | 3 8 . | . 9 .
---------------------
. 2 6 | 8 7 9 | 1 . .
. 3 . | . . . | 9 8 6
5 . 8 | . 6 . | 3 . .
---------------------
4 9 . | 6 . . | . . .
. . 7 | . 1 . | . 3 .
8 . . | . . . | . . 2

Which of the following is the correct completed solution?
Note: one option is the solution obtained by applying standard Sudoku rules.","[[9, 4, 2, 1, 3, 8, 6, 5, 7], [2, 1, 9, 7, 5, 3, 4, 6, 8], [7, 5, 4, 3, 8, 6, 2, 9, 1], [3, 2, 6, 8, 7, 9, 1, 4, 5], [1, 3, 5, 2, 4, 7, 9, 8, 6], [5, 7, 8, 4, 6, 1, 3, 2, 9], [4, 9, 1, 6, 2, 5, 8, 7, 3], [6, 8, 7, 9, 1, 2, 5, 3, 4], [8, 6, 3, 5, 9, 4, 7, 1, 2]]","[[9, 4, 2, 1, 3, 8, 6, 5, 7], [2, 1, 9, 7, 5, 3, 4, 6, 8], [7, 5, 4, 3, 8, 6, 2, 9, 1], [3, 2, 6, 8, 7, 9, 1, 4, 5], [1, 3, 5, 2, 4, 7, 9, 8, 6], [5, 7, 8, 4, 6, 1, 3, 2, 9], [4, 9, 1, 6, 2, 3, 8, 7, 5], [6, 8, 7, 9, 1, 2, 5, 3, 4], [8, 6, 3, 5, 9, 4, 7, 1, 2]]","[[9, 4, 2, 1, 3, 8, 6, 5, 7], [2, 4, 9, 7, 5, 3, 1, 6, 8], [7, 5, 4, 3, 8, 6, 2, 9, 1], [3, 2, 6, 8, 7, 9, 1, 4, 5], [1, 3, 5, 2, 4, 7, 9, 8, 6], [5, 7, 8, 4, 6, 1, 3, 2, 9], [4, 9, 1, 6, 2, 5, 8, 7, 3], [6, 8, 7, 9, 1, 2, 5, 3, 4], [8, 6, 3, 5, 9, 4, 7, 1, 2]]","[[9, 4, 2, 1, 3, 8, 6, 5, 7], [2, 1, 9, 7, 5, 3, 4, 6, 8], [7, 5, 4, 3, 8, 6, 2, 9, 1], [3, 2, 6, 8, 7, 9, 1, 4, 5], [1, 3, 5, 2, 4, 7, 9, 8, 6], [5, 7, 8, 4, 6, 1, 3, 2, 9], [4, 9, 1, 6, 2, 5, 8, 7, 3], [6, 4, 7, 9, 1, 2, 5, 3, 8], [8, 6, 3, 5, 9, 4, 7, 1, 2]]",A,"[[9, 4, 2, 1, 3, 8, 6, 5, 7], [2, 1, 9, 7, 5, 3, 4, 6, 8], [7, 5, 4, 3, 8, 6, 2, 9, 1], [3, 2, 6, 8, 7, 9, 1, 4, 5], [1, 3, 5, 2, 4, 7, 9, 8, 6], [5, 7, 8, 4, 6, 1, 3, 2, 9], [4, 9, 1, 6, 2, 5, 8, 7, 3], [6, 8, 7, 9, 1, 2, 5, 3, 4], [8, 6, 3, 5, 9, 4, 7, 1, 2]]","{""num_givens"": 32, ""grid_size"": 9, ""has_standard_distractor"": false}"
sudoku_cf2_shifted_boxes_0015,sudoku_cf2_shifted_boxes,counterfactual,"[[1, 0, 0, 0, 0, 0, 0, 4, 0], [3, 0, 6, 0, 0, 0, 0, 9, 2], [7, 0, 4, 0, 0, 5, 0, 0, 0], [0, 0, 3, 0, 6, 7, 0, 5, 4], [0, 7, 0, 0, 0, 1, 0, 0, 3], [0, 1, 8, 4, 3, 2, 5, 0, 9], [0, 0, 2, 9, 7, 0, 0, 0, 5], [0, 0, 0, 0, 0, 0, 0, 0, 0], [0, 8, 0, 5, 2, 0, 1, 0, 0]]","Solve the following modified Sudoku puzzle.
Rule change: The row and column rules are identical to standard Sudoku (each digit 1–9 appears exactly once per row and column). However, the nine 3×3 boxes are spatially shifted: instead of starting at rows/columns 0, 3, 6, each box is shifted by 1 cell in both directions with toroidal (wrap-around) topology. Concretely, box (br, bc) covers rows {(br×3+1) mod 9, (br×3+2) mod 9, (br×3+3) mod 9} and cols {(bc×3+1) mod 9, (bc×3+2) mod 9, (bc×3+3) mod 9}.

Puzzle (. = empty cell):
1 . . | . . . | . 4 .
3 . 6 | . . . | . 9 2
7 . 4 | . . 5 | . . .
---------------------
. . 3 | . 6 7 | . 5 4
. 7 . | . . 1 | . . 3
. 1 8 | 4 3 2 | 5 . 9
---------------------
. . 2 | 9 7 . | . . 5
. . . | . . . | . . .
. 8 . | 5 2 . | 1 . .

Which of the following is the correct completed solution?
Note: one option is the solution obtained by applying standard Sudoku rules.","[[1, 6, 9, 2, 5, 3, 7, 4, 8], [3, 5, 6, 7, 1, 8, 4, 9, 2], [7, 2, 4, 8, 9, 5, 3, 6, 1], [8, 9, 3, 1, 6, 7, 2, 5, 4], [2, 7, 5, 6, 4, 1, 9, 8, 3], [6, 1, 8, 4, 3, 2, 5, 7, 9], [4, 3, 2, 9, 7, 6, 8, 1, 5], [5, 4, 1, 3, 8, 2, 6, 9, 7], [9, 8, 7, 5, 2, 4, 1, 3, 6]]","[[1, 6, 9, 2, 5, 3, 7, 4, 8], [3, 5, 6, 7, 1, 8, 4, 9, 2], [7, 2, 4, 1, 9, 5, 3, 6, 8], [8, 9, 3, 1, 6, 7, 2, 5, 4], [2, 7, 5, 6, 4, 1, 9, 8, 3], [6, 1, 8, 4, 3, 2, 5, 7, 9], [4, 3, 2, 9, 7, 6, 8, 1, 5], [5, 4, 1, 3, 8, 9, 6, 2, 7], [9, 8, 7, 5, 2, 4, 1, 3, 6]]","[[1, 6, 9, 2, 5, 3, 7, 4, 8], [3, 5, 6, 7, 1, 8, 4, 9, 2], [7, 2, 4, 8, 9, 5, 3, 6, 1], [8, 9, 3, 1, 6, 7, 2, 5, 4], [2, 7, 5, 6, 4, 1, 9, 8, 3], [6, 1, 8, 4, 3, 2, 5, 7, 9], [4, 3, 2, 9, 7, 6, 8, 1, 5], [5, 4, 1, 3, 8, 9, 6, 2, 7], [9, 8, 7, 5, 2, 4, 1, 3, 6]]","[[1, 6, 9, 2, 5, 3, 7, 4, 8], [3, 5, 6, 7, 1, 8, 4, 9, 2], [7, 2, 4, 8, 9, 5, 3, 6, 1], [8, 9, 3, 1, 6, 7, 2, 5, 4], [2, 7, 5, 6, 4, 1, 9, 8, 3], [6, 1, 8, 4, 3, 2, 5, 7, 9], [4, 6, 2, 9, 7, 3, 8, 1, 5], [5, 4, 1, 3, 8, 9, 6, 2, 7], [9, 8, 7, 5, 2, 4, 1, 3, 6]]",C,"[[1, 6, 9, 2, 5, 3, 7, 4, 8], [3, 5, 6, 7, 1, 8, 4, 9, 2], [7, 2, 4, 8, 9, 5, 3, 6, 1], [8, 9, 3, 1, 6, 7, 2, 5, 4], [2, 7, 5, 6, 4, 1, 9, 8, 3], [6, 1, 8, 4, 3, 2, 5, 7, 9], [4, 3, 2, 9, 7, 6, 8, 1, 5], [5, 4, 1, 3, 8, 9, 6, 2, 7], [9, 8, 7, 5, 2, 4, 1, 3, 6]]","{""num_givens"": 32, ""grid_size"": 9, ""has_standard_distractor"": false}"
sudoku_cf2_shifted_boxes_0016,sudoku_cf2_shifted_boxes,counterfactual,"[[0, 5, 0, 0, 0, 0, 0, 2, 8], [0, 0, 5, 0, 0, 8, 3, 7, 6], [0, 0, 1, 6, 7, 4, 0, 0, 0], [0, 0, 8, 0, 6, 0, 1, 0, 3], [0, 0, 0, 5, 0, 0, 0, 0, 9], [7, 4, 6, 0, 9, 0, 0, 0, 0], [0, 7, 2, 0, 5, 0, 0, 0, 0], [3, 0, 9, 0, 8, 0, 0, 1, 4], [0, 0, 0, 1, 0, 0, 6, 0, 0]]","Solve the following modified Sudoku puzzle.
Rule change: The row and column rules are identical to standard Sudoku (each digit 1–9 appears exactly once per row and column). However, the nine 3×3 boxes are spatially shifted: instead of starting at rows/columns 0, 3, 6, each box is shifted by 1 cell in both directions with toroidal (wrap-around) topology. Concretely, box (br, bc) covers rows {(br×3+1) mod 9, (br×3+2) mod 9, (br×3+3) mod 9} and cols {(bc×3+1) mod 9, (bc×3+2) mod 9, (bc×3+3) mod 9}.

Puzzle (. = empty cell):
. 5 . | . . . | . 2 8
. . 5 | . . 8 | 3 7 6
. . 1 | 6 7 4 | . . .
---------------------
. . 8 | . 6 . | 1 . 3
. . . | 5 . . | . . 9
7 4 6 | . 9 . | . . .
---------------------
. 7 2 | . 5 . | . . .
3 . 9 | . 8 . | . 1 4
. . . | 1 . . | 6 . .

Which of the following is the correct completed solution?
Note: one option is the solution obtained by applying standard Sudoku rules.","[[6, 5, 7, 3, 1, 9, 4, 2, 8], [1, 9, 5, 4, 2, 8, 3, 7, 6], [8, 3, 1, 6, 7, 4, 9, 5, 2], [9, 2, 8, 7, 6, 5, 1, 4, 3], [2, 1, 3, 5, 4, 6, 7, 8, 9], [7, 4, 6, 8, 9, 1, 2, 3, 5], [4, 7, 2, 9, 5, 3, 8, 6, 1], [3, 6, 9, 2, 8, 7, 5, 1, 4], [5, 8, 4, 1, 3, 2, 6, 9, 7]]","[[6, 5, 7, 3, 1, 9, 4, 2, 8], [1, 9, 5, 4, 2, 8, 3, 7, 6], [8, 3, 1, 6, 7, 4, 9, 5, 2], [9, 2, 8, 7, 6, 5, 1, 4, 3], [2, 1, 3, 5, 4, 6, 7, 8, 9], [7, 4, 6, 8, 9, 1, 2, 3, 5], [4, 7, 2, 9, 5, 3, 8, 6, 1], [3, 6, 9, 2, 8, 7, 5, 1, 4], [5, 8, 2, 1, 3, 4, 6, 9, 7]]","[[6, 5, 7, 3, 1, 9, 4, 2, 8], [1, 9, 5, 4, 2, 8, 3, 7, 6], [8, 3, 1, 6, 7, 4, 9, 5, 2], [9, 2, 8, 7, 6, 5, 1, 4, 3], [2, 1, 3, 5, 4, 6, 7, 8, 9], [7, 4, 6, 8, 9, 2, 1, 3, 5], [4, 7, 2, 9, 5, 3, 8, 6, 1], [3, 6, 9, 2, 8, 7, 5, 1, 4], [5, 8, 4, 1, 3, 2, 6, 9, 7]]","[[6, 5, 7, 3, 1, 9, 4, 2, 8], [1, 4, 5, 9, 2, 8, 3, 7, 6], [8, 3, 1, 6, 7, 4, 9, 5, 2], [9, 2, 8, 7, 6, 5, 1, 4, 3], [2, 1, 3, 5, 4, 6, 7, 8, 9], [7, 4, 6, 8, 9, 1, 2, 3, 5], [4, 7, 2, 9, 5, 3, 8, 6, 1], [3, 6, 9, 2, 8, 7, 5, 1, 4], [5, 8, 4, 1, 3, 2, 6, 9, 7]]",A,"[[6, 5, 7, 3, 1, 9, 4, 2, 8], [1, 9, 5, 4, 2, 8, 3, 7, 6], [8, 3, 1, 6, 7, 4, 9, 5, 2], [9, 2, 8, 7, 6, 5, 1, 4, 3], [2, 1, 3, 5, 4, 6, 7, 8, 9], [7, 4, 6, 8, 9, 1, 2, 3, 5], [4, 7, 2, 9, 5, 3, 8, 6, 1], [3, 6, 9, 2, 8, 7, 5, 1, 4], [5, 8, 4, 1, 3, 2, 6, 9, 7]]","{""num_givens"": 32, ""grid_size"": 9, ""has_standard_distractor"": false}"
sudoku_cf2_shifted_boxes_0017,sudoku_cf2_shifted_boxes,counterfactual,"[[0, 5, 4, 2, 0, 0, 0, 1, 8], [9, 8, 5, 0, 0, 0, 7, 4, 6], [0, 0, 0, 0, 0, 0, 3, 8, 0], [1, 9, 2, 0, 0, 0, 5, 0, 0], [4, 0, 0, 0, 0, 0, 1, 5, 0], [0, 0, 3, 0, 0, 0, 4, 0, 9], [0, 0, 9, 0, 0, 0, 6, 0, 0], [0, 6, 0, 0, 1, 0, 8, 0, 0], [5, 0, 0, 1, 4, 0, 2, 0, 0]]","Solve the following modified Sudoku puzzle.
Rule change: The row and column rules are identical to standard Sudoku (each digit 1–9 appears exactly once per row and column). However, the nine 3×3 boxes are spatially shifted: instead of starting at rows/columns 0, 3, 6, each box is shifted by 1 cell in both directions with toroidal (wrap-around) topology. Concretely, box (br, bc) covers rows {(br×3+1) mod 9, (br×3+2) mod 9, (br×3+3) mod 9} and cols {(bc×3+1) mod 9, (bc×3+2) mod 9, (bc×3+3) mod 9}.

Puzzle (. = empty cell):
. 5 4 | 2 . . | . 1 8
9 8 5 | . . . | 7 4 6
. . . | . . . | 3 8 .
---------------------
1 9 2 | . . . | 5 . .
4 . . | . . . | 1 5 .
. . 3 | . . . | 4 . 9
---------------------
. . 9 | . . . | 6 . .
. 6 . | . 1 . | 8 . .
5 . . | 1 4 . | 2 . .

Which of the following is the correct completed solution?
Note: one option is the solution obtained by applying standard Sudoku rules.","[[6, 5, 4, 2, 3, 7, 9, 1, 8], [9, 8, 5, 3, 2, 1, 7, 4, 6], [2, 4, 1, 7, 6, 9, 3, 8, 5], [1, 9, 2, 3, 8, 4, 5, 7, 6], [4, 7, 6, 8, 9, 3, 1, 5, 2], [8, 1, 3, 5, 7, 2, 4, 6, 9], [7, 2, 9, 4, 5, 8, 6, 3, 1], [3, 6, 7, 9, 1, 5, 8, 2, 4], [5, 3, 8, 1, 4, 6, 2, 9, 7]]","[[6, 5, 4, 2, 3, 7, 9, 1, 8], [9, 8, 5, 3, 2, 1, 7, 4, 6], [2, 4, 1, 7, 6, 9, 3, 8, 5], [1, 9, 2, 4, 8, 6, 5, 7, 3], [4, 7, 6, 8, 9, 3, 1, 5, 2], [8, 1, 3, 5, 7, 2, 4, 6, 9], [7, 2, 9, 4, 5, 8, 6, 3, 1], [3, 6, 7, 9, 1, 5, 8, 2, 4], [5, 3, 8, 1, 4, 6, 2, 9, 7]]","[[6, 5, 4, 2, 3, 7, 9, 1, 8], [9, 8, 5, 3, 2, 1, 7, 4, 6], [2, 4, 1, 7, 6, 9, 3, 8, 5], [1, 9, 2, 6, 8, 4, 5, 7, 3], [4, 7, 6, 8, 9, 3, 1, 5, 2], [8, 1, 3, 5, 7, 2, 4, 6, 9], [7, 2, 9, 4, 5, 8, 6, 3, 1], [3, 6, 7, 9, 1, 5, 8, 2, 4], [5, 3, 8, 1, 4, 6, 2, 9, 7]]","[[6, 5, 4, 2, 3, 7, 9, 1, 8], [9, 8, 5, 3, 2, 1, 7, 4, 6], [2, 4, 1, 7, 6, 9, 3, 8, 5], [1, 9, 2, 6, 8, 4, 5, 7, 3], [4, 7, 6, 8, 9, 3, 1, 5, 2], [8, 1, 3, 5, 7, 2, 4, 6, 9], [7, 2, 9, 4, 5, 8, 6, 3, 1], [3, 6, 7, 9, 1, 4, 8, 2, 5], [5, 3, 8, 1, 4, 6, 2, 9, 7]]",C,"[[6, 5, 4, 2, 3, 7, 9, 1, 8], [9, 8, 5, 3, 2, 1, 7, 4, 6], [2, 4, 1, 7, 6, 9, 3, 8, 5], [1, 9, 2, 6, 8, 4, 5, 7, 3], [4, 7, 6, 8, 9, 3, 1, 5, 2], [8, 1, 3, 5, 7, 2, 4, 6, 9], [7, 2, 9, 4, 5, 8, 6, 3, 1], [3, 6, 7, 9, 1, 5, 8, 2, 4], [5, 3, 8, 1, 4, 6, 2, 9, 7]]","{""num_givens"": 32, ""grid_size"": 9, ""has_standard_distractor"": false}"
sudoku_cf2_shifted_boxes_0018,sudoku_cf2_shifted_boxes,counterfactual,"[[0, 0, 0, 7, 0, 0, 5, 0, 0], [3, 0, 2, 8, 4, 0, 0, 0, 0], [1, 0, 4, 6, 0, 0, 0, 0, 9], [0, 0, 0, 0, 0, 0, 9, 8, 4], [0, 0, 0, 0, 1, 0, 3, 4, 2], [0, 7, 0, 2, 0, 0, 0, 0, 0], [6, 4, 0, 0, 0, 0, 0, 7, 8], [0, 0, 6, 9, 7, 0, 0, 3, 0], [0, 1, 0, 4, 3, 2, 8, 0, 0]]","Solve the following modified Sudoku puzzle.
Rule change: The row and column rules are identical to standard Sudoku (each digit 1–9 appears exactly once per row and column). However, the nine 3×3 boxes are spatially shifted: instead of starting at rows/columns 0, 3, 6, each box is shifted by 1 cell in both directions with toroidal (wrap-around) topology. Concretely, box (br, bc) covers rows {(br×3+1) mod 9, (br×3+2) mod 9, (br×3+3) mod 9} and cols {(bc×3+1) mod 9, (bc×3+2) mod 9, (bc×3+3) mod 9}.

Puzzle (. = empty cell):
. . . | 7 . . | 5 . .
3 . 2 | 8 4 . | . . .
1 . 4 | 6 . . | . . 9
---------------------
. . . | . . . | 9 8 4
. . . | . 1 . | 3 4 2
. 7 . | 2 . . | . . .
---------------------
6 4 . | . . . | . 7 8
. . 6 | 9 7 . | . 3 .
. 1 . | 4 3 2 | 8 . .

Which of the following is the correct completed solution?
Note: one option is the solution obtained by applying standard Sudoku rules.","[[4, 8, 3, 7, 9, 6, 5, 2, 1], [3, 9, 2, 8, 4, 5, 1, 6, 7], [1, 3, 4, 6, 7, 8, 2, 5, 9], [2, 5, 7, 1, 6, 3, 9, 8, 4], [9, 6, 8, 5, 1, 7, 3, 4, 2], [5, 7, 9, 2, 8, 4, 6, 1, 3], [6, 4, 1, 3, 5, 9, 2, 7, 8], [8, 2, 6, 9, 7, 1, 4, 3, 5], [7, 1, 5, 4, 3, 2, 8, 9, 6]]","[[4, 8, 3, 7, 9, 6, 5, 2, 1], [3, 9, 2, 8, 4, 5, 1, 6, 7], [1, 3, 4, 6, 2, 8, 7, 5, 9], [2, 5, 7, 1, 6, 3, 9, 8, 4], [9, 6, 8, 5, 1, 7, 3, 4, 2], [5, 7, 9, 2, 8, 4, 6, 1, 3], [6, 4, 1, 3, 5, 9, 2, 7, 8], [8, 2, 6, 9, 7, 1, 4, 3, 5], [7, 1, 5, 4, 3, 2, 8, 9, 6]]","[[4, 8, 3, 7, 9, 6, 5, 2, 1], [3, 9, 2, 8, 4, 5, 1, 6, 7], [1, 3, 4, 6, 2, 8, 7, 5, 9], [2, 5, 7, 1, 6, 3, 9, 8, 4], [9, 6, 8, 5, 1, 7, 3, 4, 2], [5, 7, 9, 2, 8, 4, 6, 1, 3], [6, 4, 1, 3, 5, 9, 2, 7, 8], [8, 2, 6, 9, 7, 1, 4, 3, 5], [5, 1, 7, 4, 3, 2, 8, 9, 6]]","[[4, 8, 3, 7, 9, 6, 5, 2, 1], [3, 9, 2, 8, 4, 5, 1, 6, 7], [1, 3, 4, 6, 2, 8, 7, 5, 9], [2, 5, 7, 1, 6, 3, 9, 8, 4], [9, 6, 8, 5, 1, 7, 3, 4, 2], [5, 7, 9, 2, 8, 4, 6, 1, 3], [6, 4, 1, 3, 5, 9, 2, 7, 8], [8, 2, 6, 9, 7, 1, 4, 3, 5], [7, 1, 5, 4, 3, 2, 8, 6, 9]]",B,"[[4, 8, 3, 7, 9, 6, 5, 2, 1], [3, 9, 2, 8, 4, 5, 1, 6, 7], [1, 3, 4, 6, 2, 8, 7, 5, 9], [2, 5, 7, 1, 6, 3, 9, 8, 4], [9, 6, 8, 5, 1, 7, 3, 4, 2], [5, 7, 9, 2, 8, 4, 6, 1, 3], [6, 4, 1, 3, 5, 9, 2, 7, 8], [8, 2, 6, 9, 7, 1, 4, 3, 5], [7, 1, 5, 4, 3, 2, 8, 9, 6]]","{""num_givens"": 32, ""grid_size"": 9, ""has_standard_distractor"": false}"
sudoku_cf2_shifted_boxes_0019,sudoku_cf2_shifted_boxes,counterfactual,"[[0, 9, 0, 2, 0, 1, 0, 0, 0], [0, 4, 0, 0, 0, 0, 8, 9, 0], [2, 0, 9, 0, 1, 0, 5, 4, 0], [0, 0, 0, 5, 0, 0, 0, 0, 3], [5, 0, 0, 0, 0, 0, 0, 0, 2], [0, 2, 7, 0, 0, 5, 0, 0, 6], [0, 0, 0, 1, 0, 4, 2, 0, 9], [0, 1, 8, 0, 0, 2, 3, 6, 0], [8, 0, 5, 7, 0, 9, 0, 0, 0]]","Solve the following modified Sudoku puzzle.
Rule change: The row and column rules are identical to standard Sudoku (each digit 1–9 appears exactly once per row and column). However, the nine 3×3 boxes are spatially shifted: instead of starting at rows/columns 0, 3, 6, each box is shifted by 1 cell in both directions with toroidal (wrap-around) topology. Concretely, box (br, bc) covers rows {(br×3+1) mod 9, (br×3+2) mod 9, (br×3+3) mod 9} and cols {(bc×3+1) mod 9, (bc×3+2) mod 9, (bc×3+3) mod 9}.

Puzzle (. = empty cell):
. 9 . | 2 . 1 | . . .
. 4 . | . . . | 8 9 .
2 . 9 | . 1 . | 5 4 .
---------------------
. . . | 5 . . | . . 3
5 . . | . . . | . . 2
. 2 7 | . . 5 | . . 6
---------------------
. . . | 1 . 4 | 2 . 9
. 1 8 | . . 2 | 3 6 .
8 . 5 | 7 . 9 | . . .

Which of the following is the correct completed solution?
Note: one option is the solution obtained by applying standard Sudoku rules.","[[3, 9, 6, 2, 8, 1, 7, 5, 4], [6, 4, 1, 3, 2, 7, 8, 9, 5], [2, 7, 9, 6, 1, 3, 5, 4, 8], [1, 8, 2, 5, 9, 6, 4, 7, 3], [5, 6, 4, 9, 7, 8, 1, 3, 2], [4, 2, 7, 8, 3, 5, 9, 1, 6], [7, 5, 3, 1, 6, 4, 2, 8, 9], [9, 1, 8, 4, 5, 2, 3, 6, 7], [8, 3, 5, 7, 4, 9, 6, 2, 1]]","[[3, 9, 6, 2, 8, 1, 7, 5, 4], [6, 4, 1, 3, 2, 7, 8, 9, 5], [2, 7, 9, 6, 1, 3, 5, 4, 8], [1, 8, 2, 5, 9, 6, 4, 7, 3], [5, 6, 4, 9, 7, 8, 1, 3, 2], [4, 2, 7, 8, 3, 5, 1, 9, 6], [7, 5, 3, 1, 6, 4, 2, 8, 9], [9, 1, 8, 4, 5, 2, 3, 6, 7], [8, 3, 5, 7, 4, 9, 6, 2, 1]]","[[3, 9, 6, 2, 8, 1, 7, 5, 4], [6, 4, 1, 3, 2, 7, 8, 9, 5], [2, 7, 9, 6, 1, 3, 5, 4, 8], [1, 8, 2, 5, 9, 6, 4, 7, 3], [5, 4, 6, 9, 7, 8, 1, 3, 2], [4, 2, 7, 8, 3, 5, 9, 1, 6], [7, 5, 3, 1, 6, 4, 2, 8, 9], [9, 1, 8, 4, 5, 2, 3, 6, 7], [8, 3, 5, 7, 4, 9, 6, 2, 1]]","[[3, 9, 6, 2, 8, 1, 7, 5, 4], [6, 4, 1, 3, 2, 7, 8, 9, 5], [2, 7, 9, 6, 1, 3, 5, 4, 8], [1, 8, 2, 5, 4, 6, 9, 7, 3], [5, 6, 4, 9, 7, 8, 1, 3, 2], [4, 2, 7, 8, 3, 5, 9, 1, 6], [7, 5, 3, 1, 6, 4, 2, 8, 9], [9, 1, 8, 4, 5, 2, 3, 6, 7], [8, 3, 5, 7, 4, 9, 6, 2, 1]]",A,"[[3, 9, 6, 2, 8, 1, 7, 5, 4], [6, 4, 1, 3, 2, 7, 8, 9, 5], [2, 7, 9, 6, 1, 3, 5, 4, 8], [1, 8, 2, 5, 9, 6, 4, 7, 3], [5, 6, 4, 9, 7, 8, 1, 3, 2], [4, 2, 7, 8, 3, 5, 9, 1, 6], [7, 5, 3, 1, 6, 4, 2, 8, 9], [9, 1, 8, 4, 5, 2, 3, 6, 7], [8, 3, 5, 7, 4, 9, 6, 2, 1]]","{""num_givens"": 32, ""grid_size"": 9, ""has_standard_distractor"": false}"
sudoku_cf2_shifted_boxes_0020,sudoku_cf2_shifted_boxes,counterfactual,"[[0, 2, 8, 0, 0, 4, 0, 7, 9], [0, 7, 0, 0, 1, 0, 0, 0, 4], [0, 0, 0, 4, 0, 6, 2, 0, 0], [0, 5, 6, 0, 0, 9, 0, 3, 0], [0, 6, 1, 0, 5, 0, 0, 2, 0], [9, 4, 0, 0, 0, 0, 6, 0, 0], [0, 8, 0, 2, 4, 0, 0, 0, 7], [0, 0, 0, 7, 9, 1, 0, 5, 0], [0, 0, 5, 0, 0, 0, 7, 0, 0]]","Solve the following modified Sudoku puzzle.
Rule change: The row and column rules are identical to standard Sudoku (each digit 1–9 appears exactly once per row and column). However, the nine 3×3 boxes are spatially shifted: instead of starting at rows/columns 0, 3, 6, each box is shifted by 1 cell in both directions with toroidal (wrap-around) topology. Concretely, box (br, bc) covers rows {(br×3+1) mod 9, (br×3+2) mod 9, (br×3+3) mod 9} and cols {(bc×3+1) mod 9, (bc×3+2) mod 9, (bc×3+3) mod 9}.

Puzzle (. = empty cell):
. 2 8 | . . 4 | . 7 9
. 7 . | . 1 . | . . 4
. . . | 4 . 6 | 2 . .
---------------------
. 5 6 | . . 9 | . 3 .
. 6 1 | . 5 . | . 2 .
9 4 . | . . . | 6 . .
---------------------
. 8 . | 2 4 . | . . 7
. . . | 7 9 1 | . 5 .
. . 5 | . . . | 7 . .

Which of the following is the correct completed solution?
Note: one option is the solution obtained by applying standard Sudoku rules.","[[3, 2, 8, 6, 1, 4, 5, 7, 9], [6, 7, 2, 9, 1, 5, 3, 8, 4], [7, 1, 3, 4, 8, 6, 2, 9, 5], [1, 5, 6, 8, 7, 9, 4, 3, 2], [4, 6, 1, 3, 5, 7, 9, 2, 8], [9, 4, 7, 5, 2, 8, 6, 1, 3], [5, 8, 9, 2, 4, 3, 1, 6, 7], [2, 3, 4, 7, 9, 1, 8, 5, 6], [8, 9, 5, 6, 3, 2, 7, 4, 1]]","[[3, 2, 8, 1, 6, 4, 5, 7, 9], [6, 7, 2, 9, 1, 5, 3, 8, 4], [7, 1, 3, 4, 8, 6, 2, 9, 5], [1, 5, 6, 8, 7, 9, 4, 3, 2], [4, 6, 1, 3, 5, 7, 9, 2, 8], [9, 4, 7, 5, 2, 8, 6, 1, 3], [5, 8, 9, 2, 4, 3, 1, 6, 7], [2, 3, 4, 7, 9, 1, 8, 5, 6], [8, 9, 5, 6, 3, 4, 7, 2, 1]]","[[3, 2, 8, 1, 6, 4, 5, 7, 9], [6, 7, 2, 9, 1, 5, 3, 8, 4], [7, 1, 3, 4, 8, 6, 2, 9, 5], [1, 5, 6, 8, 7, 9, 4, 3, 2], [4, 6, 1, 3, 5, 7, 9, 2, 8], [9, 4, 7, 5, 2, 8, 6, 1, 3], [5, 8, 9, 2, 4, 3, 1, 6, 7], [2, 3, 4, 7, 9, 1, 8, 5, 6], [8, 9, 5, 6, 3, 2, 7, 4, 1]]","[[3, 2, 8, 1, 6, 4, 5, 7, 9], [6, 7, 2, 9, 1, 5, 3, 8, 4], [7, 1, 3, 4, 8, 6, 2, 9, 5], [1, 5, 6, 8, 7, 9, 4, 3, 2], [4, 6, 1, 3, 5, 7, 9, 2, 8], [9, 4, 7, 1, 2, 8, 6, 5, 3], [5, 8, 9, 2, 4, 3, 1, 6, 7], [2, 3, 4, 7, 9, 1, 8, 5, 6], [8, 9, 5, 6, 3, 2, 7, 4, 1]]",C,"[[3, 2, 8, 1, 6, 4, 5, 7, 9], [6, 7, 2, 9, 1, 5, 3, 8, 4], [7, 1, 3, 4, 8, 6, 2, 9, 5], [1, 5, 6, 8, 7, 9, 4, 3, 2], [4, 6, 1, 3, 5, 7, 9, 2, 8], [9, 4, 7, 5, 2, 8, 6, 1, 3], [5, 8, 9, 2, 4, 3, 1, 6, 7], [2, 3, 4, 7, 9, 1, 8, 5, 6], [8, 9, 5, 6, 3, 2, 7, 4, 1]]","{""num_givens"": 32, ""grid_size"": 9, ""has_standard_distractor"": false}"
sudoku_cf2_shifted_boxes_0021,sudoku_cf2_shifted_boxes,counterfactual,"[[1, 0, 3, 0, 5, 0, 8, 4, 0], [0, 0, 2, 0, 8, 0, 0, 0, 0], [0, 0, 0, 1, 0, 7, 0, 0, 2], [0, 4, 6, 5, 0, 0, 0, 0, 8], [0, 0, 4, 3, 0, 0, 7, 8, 0], [3, 2, 0, 0, 6, 0, 5, 7, 0], [5, 0, 0, 0, 9, 0, 0, 0, 4], [2, 0, 5, 0, 0, 0, 0, 6, 9], [0, 7, 0, 0, 0, 0, 0, 0, 5]]","Solve the following modified Sudoku puzzle.
Rule change: The row and column rules are identical to standard Sudoku (each digit 1–9 appears exactly once per row and column). However, the nine 3×3 boxes are spatially shifted: instead of starting at rows/columns 0, 3, 6, each box is shifted by 1 cell in both directions with toroidal (wrap-around) topology. Concretely, box (br, bc) covers rows {(br×3+1) mod 9, (br×3+2) mod 9, (br×3+3) mod 9} and cols {(bc×3+1) mod 9, (bc×3+2) mod 9, (bc×3+3) mod 9}.

Puzzle (. = empty cell):
1 . 3 | . 5 . | 8 4 .
. . 2 | . 8 . | . . .
. . . | 1 . 7 | . . 2
---------------------
. 4 6 | 5 . . | . . 8
. . 4 | 3 . . | 7 8 .
3 2 . | . 6 . | 5 7 .
---------------------
5 . . | . 9 . | . . 4
2 . 5 | . . . | . 6 9
. 7 . | . . . | . . 5

Which of the following is the correct completed solution?
Note: one option is the solution obtained by applying standard Sudoku rules.","[[1, 6, 3, 2, 5, 9, 8, 4, 7], [4, 9, 2, 7, 8, 5, 6, 1, 3], [6, 3, 8, 1, 4, 7, 9, 5, 2], [7, 4, 6, 5, 3, 1, 2, 9, 8], [9, 5, 4, 3, 1, 2, 7, 8, 6], [3, 2, 9, 8, 6, 4, 5, 7, 1], [5, 1, 7, 6, 9, 8, 3, 2, 4], [2, 8, 5, 4, 7, 3, 1, 6, 9], [8, 7, 1, 9, 2, 6, 4, 3, 5]]","[[1, 6, 3, 2, 5, 9, 8, 4, 7], [4, 9, 2, 7, 8, 5, 6, 1, 3], [6, 3, 8, 1, 4, 7, 9, 5, 2], [7, 4, 6, 5, 3, 1, 2, 9, 8], [9, 5, 4, 3, 1, 2, 7, 8, 6], [3, 2, 9, 8, 6, 4, 5, 7, 1], [5, 1, 7, 6, 9, 8, 3, 2, 4], [2, 8, 5, 4, 7, 3, 1, 6, 9], [9, 7, 1, 8, 2, 6, 4, 3, 5]]","[[1, 6, 3, 2, 5, 9, 8, 4, 7], [4, 9, 2, 7, 8, 5, 6, 1, 3], [6, 3, 8, 1, 4, 7, 9, 5, 2], [7, 4, 6, 5, 3, 1, 2, 9, 8], [9, 5, 4, 3, 1, 2, 7, 8, 6], [3, 2, 1, 8, 6, 4, 5, 7, 9], [5, 1, 7, 6, 9, 8, 3, 2, 4], [2, 8, 5, 4, 7, 3, 1, 6, 9], [8, 7, 1, 9, 2, 6, 4, 3, 5]]","[[1, 6, 3, 2, 5, 9, 8, 4, 7], [4, 9, 2, 7, 8, 5, 6, 1, 3], [6, 3, 4, 1, 8, 7, 9, 5, 2], [7, 4, 6, 5, 3, 1, 2, 9, 8], [9, 5, 4, 3, 1, 2, 7, 8, 6], [3, 2, 9, 8, 6, 4, 5, 7, 1], [5, 1, 7, 6, 9, 8, 3, 2, 4], [2, 8, 5, 4, 7, 3, 1, 6, 9], [8, 7, 1, 9, 2, 6, 4, 3, 5]]",A,"[[1, 6, 3, 2, 5, 9, 8, 4, 7], [4, 9, 2, 7, 8, 5, 6, 1, 3], [6, 3, 8, 1, 4, 7, 9, 5, 2], [7, 4, 6, 5, 3, 1, 2, 9, 8], [9, 5, 4, 3, 1, 2, 7, 8, 6], [3, 2, 9, 8, 6, 4, 5, 7, 1], [5, 1, 7, 6, 9, 8, 3, 2, 4], [2, 8, 5, 4, 7, 3, 1, 6, 9], [8, 7, 1, 9, 2, 6, 4, 3, 5]]","{""num_givens"": 32, ""grid_size"": 9, ""has_standard_distractor"": false}"
sudoku_cf2_shifted_boxes_0022,sudoku_cf2_shifted_boxes,counterfactual,"[[0, 1, 0, 6, 0, 8, 0, 3, 0], [0, 0, 0, 0, 0, 1, 0, 2, 0], [3, 0, 0, 0, 0, 0, 8, 0, 0], [7, 6, 0, 9, 3, 0, 5, 4, 0], [0, 9, 0, 0, 0, 3, 1, 0, 4], [0, 4, 0, 0, 0, 9, 0, 0, 0], [0, 0, 0, 8, 4, 0, 2, 0, 3], [8, 0, 3, 0, 1, 0, 0, 7, 0], [0, 0, 0, 4, 0, 6, 3, 0, 5]]","Solve the following modified Sudoku puzzle.
Rule change: The row and column rules are identical to standard Sudoku (each digit 1–9 appears exactly once per row and column). However, the nine 3×3 boxes are spatially shifted: instead of starting at rows/columns 0, 3, 6, each box is shifted by 1 cell in both directions with toroidal (wrap-around) topology. Concretely, box (br, bc) covers rows {(br×3+1) mod 9, (br×3+2) mod 9, (br×3+3) mod 9} and cols {(bc×3+1) mod 9, (bc×3+2) mod 9, (bc×3+3) mod 9}.

Puzzle (. = empty cell):
. 1 . | 6 . 8 | . 3 .
. . . | . . 1 | . 2 .
3 . . | . . . | 8 . .
---------------------
7 6 . | 9 3 . | 5 4 .
. 9 . | . . 3 | 1 . 4
. 4 . | . . 9 | . . .
---------------------
. . . | 8 4 . | 2 . 3
8 . 3 | . 1 . | . 7 .
. . . | 4 . 6 | 3 . 5

Which of the following is the correct completed solution?
Note: one option is the solution obtained by applying standard Sudoku rules.","[[4, 1, 9, 6, 5, 8, 7, 3, 2], [6, 4, 5, 7, 9, 1, 3, 2, 8], [3, 2, 4, 1, 6, 7, 8, 5, 9], [7, 6, 8, 9, 3, 2, 5, 4, 1], [2, 9, 6, 5, 7, 3, 1, 8, 4], [5, 4, 2, 3, 8, 9, 6, 1, 7], [9, 7, 1, 8, 4, 5, 2, 6, 3], [8, 5, 3, 2, 1, 4, 9, 7, 6], [1, 8, 7, 4, 2, 6, 3, 9, 5]]","[[4, 1, 9, 6, 5, 8, 7, 3, 2], [6, 3, 5, 7, 9, 1, 4, 2, 8], [3, 2, 4, 1, 6, 7, 8, 5, 9], [7, 6, 8, 9, 3, 2, 5, 4, 1], [2, 9, 6, 5, 7, 3, 1, 8, 4], [5, 4, 2, 3, 8, 9, 6, 1, 7], [9, 7, 1, 8, 4, 5, 2, 6, 3], [8, 5, 3, 2, 1, 4, 9, 7, 6], [1, 2, 7, 4, 8, 6, 3, 9, 5]]","[[4, 1, 9, 6, 5, 8, 7, 3, 2], [6, 3, 5, 7, 9, 1, 4, 2, 8], [3, 2, 4, 1, 6, 7, 8, 5, 9], [7, 6, 8, 9, 3, 2, 5, 4, 1], [2, 9, 6, 5, 7, 3, 1, 8, 4], [5, 4, 2, 3, 8, 9, 6, 1, 7], [9, 7, 1, 8, 4, 6, 2, 5, 3], [8, 5, 3, 2, 1, 4, 9, 7, 6], [1, 8, 7, 4, 2, 6, 3, 9, 5]]","[[4, 1, 9, 6, 5, 8, 7, 3, 2], [6, 3, 5, 7, 9, 1, 4, 2, 8], [3, 2, 4, 1, 6, 7, 8, 5, 9], [7, 6, 8, 9, 3, 2, 5, 4, 1], [2, 9, 6, 5, 7, 3, 1, 8, 4], [5, 4, 2, 3, 8, 9, 6, 1, 7], [9, 7, 1, 8, 4, 5, 2, 6, 3], [8, 5, 3, 2, 1, 4, 9, 7, 6], [1, 8, 7, 4, 2, 6, 3, 9, 5]]",D,"[[4, 1, 9, 6, 5, 8, 7, 3, 2], [6, 3, 5, 7, 9, 1, 4, 2, 8], [3, 2, 4, 1, 6, 7, 8, 5, 9], [7, 6, 8, 9, 3, 2, 5, 4, 1], [2, 9, 6, 5, 7, 3, 1, 8, 4], [5, 4, 2, 3, 8, 9, 6, 1, 7], [9, 7, 1, 8, 4, 5, 2, 6, 3], [8, 5, 3, 2, 1, 4, 9, 7, 6], [1, 8, 7, 4, 2, 6, 3, 9, 5]]","{""num_givens"": 32, ""grid_size"": 9, ""has_standard_distractor"": false}"
sudoku_cf2_shifted_boxes_0023,sudoku_cf2_shifted_boxes,counterfactual,"[[0, 3, 0, 0, 0, 0, 0, 0, 0], [1, 4, 8, 0, 0, 0, 0, 0, 9], [0, 0, 0, 2, 7, 8, 0, 0, 0], [0, 1, 0, 6, 9, 0, 0, 0, 0], [5, 2, 0, 0, 0, 0, 4, 0, 0], [0, 7, 6, 0, 0, 1, 0, 0, 8], [0, 8, 0, 4, 0, 5, 6, 3, 0], [0, 6, 2, 0, 0, 0, 8, 0, 5], [0, 9, 0, 8, 0, 2, 0, 4, 3]]","Solve the following modified Sudoku puzzle.
Rule change: The row and column rules are identical to standard Sudoku (each digit 1–9 appears exactly once per row and column). However, the nine 3×3 boxes are spatially shifted: instead of starting at rows/columns 0, 3, 6, each box is shifted by 1 cell in both directions with toroidal (wrap-around) topology. Concretely, box (br, bc) covers rows {(br×3+1) mod 9, (br×3+2) mod 9, (br×3+3) mod 9} and cols {(bc×3+1) mod 9, (bc×3+2) mod 9, (bc×3+3) mod 9}.

Puzzle (. = empty cell):
. 3 . | . . . | . . .
1 4 8 | . . . | . . 9
. . . | 2 7 8 | . . .
---------------------
. 1 . | 6 9 . | . . .
5 2 . | . . . | 4 . .
. 7 6 | . . 1 | . . 8
---------------------
. 8 . | 4 . 5 | 6 3 .
. 6 2 | . . . | 8 . 5
. 9 . | 8 . 2 | . 4 3

Which of the following is the correct completed solution?
Note: one option is the solution obtained by applying standard Sudoku rules.","[[2, 3, 4, 7, 6, 9, 5, 8, 1], [1, 4, 8, 3, 5, 6, 2, 7, 9], [3, 5, 9, 2, 7, 8, 1, 6, 4], [8, 1, 7, 6, 9, 4, 3, 5, 2], [5, 2, 3, 9, 8, 7, 4, 1, 6], [4, 7, 6, 5, 3, 1, 9, 2, 8], [9, 8, 1, 4, 2, 5, 6, 3, 7], [7, 6, 2, 1, 4, 3, 8, 9, 5], [6, 9, 5, 8, 1, 2, 7, 4, 3]]","[[2, 3, 4, 7, 6, 9, 5, 8, 1], [1, 4, 8, 3, 5, 6, 2, 7, 9], [3, 5, 9, 2, 7, 8, 1, 6, 4], [8, 1, 3, 6, 9, 4, 7, 5, 2], [5, 2, 3, 9, 8, 7, 4, 1, 6], [4, 7, 6, 5, 3, 1, 9, 2, 8], [9, 8, 1, 4, 2, 5, 6, 3, 7], [7, 6, 2, 1, 4, 3, 8, 9, 5], [6, 9, 5, 8, 1, 2, 7, 4, 3]]","[[2, 3, 4, 7, 6, 9, 5, 8, 1], [1, 4, 8, 3, 5, 6, 2, 7, 9], [3, 5, 9, 2, 7, 8, 4, 6, 1], [8, 1, 7, 6, 9, 4, 3, 5, 2], [5, 2, 3, 9, 8, 7, 4, 1, 6], [4, 7, 6, 5, 3, 1, 9, 2, 8], [9, 8, 1, 4, 2, 5, 6, 3, 7], [7, 6, 2, 1, 4, 3, 8, 9, 5], [6, 9, 5, 8, 1, 2, 7, 4, 3]]","[[2, 3, 4, 7, 6, 9, 5, 8, 1], [1, 4, 8, 3, 5, 6, 2, 7, 9], [3, 5, 9, 2, 7, 8, 1, 6, 4], [8, 1, 7, 6, 9, 4, 3, 5, 2], [5, 2, 3, 9, 8, 7, 4, 1, 6], [4, 7, 6, 5, 3, 1, 9, 2, 8], [1, 8, 9, 4, 2, 5, 6, 3, 7], [7, 6, 2, 1, 4, 3, 8, 9, 5], [6, 9, 5, 8, 1, 2, 7, 4, 3]]",A,"[[2, 3, 4, 7, 6, 9, 5, 8, 1], [1, 4, 8, 3, 5, 6, 2, 7, 9], [3, 5, 9, 2, 7, 8, 1, 6, 4], [8, 1, 7, 6, 9, 4, 3, 5, 2], [5, 2, 3, 9, 8, 7, 4, 1, 6], [4, 7, 6, 5, 3, 1, 9, 2, 8], [9, 8, 1, 4, 2, 5, 6, 3, 7], [7, 6, 2, 1, 4, 3, 8, 9, 5], [6, 9, 5, 8, 1, 2, 7, 4, 3]]","{""num_givens"": 32, ""grid_size"": 9, ""has_standard_distractor"": false}"
sudoku_cf2_shifted_boxes_0024,sudoku_cf2_shifted_boxes,counterfactual,"[[0, 0, 0, 0, 0, 0, 7, 0, 0], [9, 3, 0, 0, 6, 0, 4, 0, 7], [0, 0, 0, 2, 3, 0, 0, 4, 5], [0, 9, 1, 0, 0, 5, 0, 0, 0], [0, 0, 0, 3, 0, 0, 0, 0, 9], [2, 0, 4, 0, 0, 7, 6, 1, 0], [0, 0, 0, 0, 0, 8, 0, 7, 0], [0, 0, 0, 6, 4, 3, 1, 9, 8], [4, 0, 0, 7, 5, 0, 0, 0, 2]]","Solve the following modified Sudoku puzzle.
Rule change: The row and column rules are identical to standard Sudoku (each digit 1–9 appears exactly once per row and column). However, the nine 3×3 boxes are spatially shifted: instead of starting at rows/columns 0, 3, 6, each box is shifted by 1 cell in both directions with toroidal (wrap-around) topology. Concretely, box (br, bc) covers rows {(br×3+1) mod 9, (br×3+2) mod 9, (br×3+3) mod 9} and cols {(bc×3+1) mod 9, (bc×3+2) mod 9, (bc×3+3) mod 9}.

Puzzle (. = empty cell):
. . . | . . . | 7 . .
9 3 . | . 6 . | 4 . 7
. . . | 2 3 . | . 4 5
---------------------
. 9 1 | . . 5 | . . .
. . . | 3 . . | . . 9
2 . 4 | . . 7 | 6 1 .
---------------------
. . . | . . 8 | . 7 .
. . . | 6 4 3 | 1 9 8
4 . . | 7 5 . | . . 2

Which of the following is the correct completed solution?
Note: one option is the solution obtained by applying standard Sudoku rules.","[[6, 4, 3, 9, 8, 2, 7, 5, 1], [9, 3, 8, 5, 6, 1, 4, 2, 7], [1, 7, 6, 2, 3, 9, 8, 4, 5], [3, 9, 1, 4, 7, 5, 2, 8, 6], [8, 2, 7, 3, 1, 4, 5, 6, 9], [2, 8, 4, 5, 9, 7, 6, 1, 3], [5, 6, 9, 1, 2, 8, 3, 7, 4], [7, 5, 2, 6, 4, 3, 1, 9, 8], [4, 1, 8, 7, 5, 6, 9, 3, 2]]","[[6, 4, 3, 9, 8, 2, 7, 5, 1], [9, 3, 5, 8, 6, 1, 4, 2, 7], [1, 7, 6, 2, 3, 9, 8, 4, 5], [3, 9, 1, 4, 7, 5, 2, 8, 6], [8, 2, 7, 3, 1, 4, 5, 6, 9], [2, 8, 4, 5, 9, 7, 6, 1, 3], [5, 6, 9, 1, 2, 8, 3, 7, 4], [7, 5, 2, 6, 4, 3, 1, 9, 8], [4, 1, 8, 7, 5, 6, 9, 3, 2]]","[[6, 4, 3, 9, 8, 2, 7, 5, 1], [9, 3, 5, 8, 6, 1, 4, 2, 7], [1, 7, 6, 2, 3, 8, 9, 4, 5], [3, 9, 1, 4, 7, 5, 2, 8, 6], [8, 2, 7, 3, 1, 4, 5, 6, 9], [2, 8, 4, 5, 9, 7, 6, 1, 3], [5, 6, 9, 1, 2, 8, 3, 7, 4], [7, 5, 2, 6, 4, 3, 1, 9, 8], [4, 1, 8, 7, 5, 6, 9, 3, 2]]","[[6, 4, 3, 9, 8, 2, 7, 5, 1], [9, 3, 5, 8, 6, 1, 4, 2, 7], [1, 7, 6, 2, 3, 9, 8, 4, 5], [3, 9, 1, 4, 7, 5, 2, 8, 6], [8, 2, 7, 3, 1, 4, 5, 6, 9], [2, 8, 4, 5, 9, 7, 6, 1, 3], [5, 6, 9, 1, 2, 8, 4, 7, 3], [7, 5, 2, 6, 4, 3, 1, 9, 8], [4, 1, 8, 7, 5, 6, 9, 3, 2]]",B,"[[6, 4, 3, 9, 8, 2, 7, 5, 1], [9, 3, 5, 8, 6, 1, 4, 2, 7], [1, 7, 6, 2, 3, 9, 8, 4, 5], [3, 9, 1, 4, 7, 5, 2, 8, 6], [8, 2, 7, 3, 1, 4, 5, 6, 9], [2, 8, 4, 5, 9, 7, 6, 1, 3], [5, 6, 9, 1, 2, 8, 3, 7, 4], [7, 5, 2, 6, 4, 3, 1, 9, 8], [4, 1, 8, 7, 5, 6, 9, 3, 2]]","{""num_givens"": 32, ""grid_size"": 9, ""has_standard_distractor"": false}"
sudoku_cf2_shifted_boxes_0025,sudoku_cf2_shifted_boxes,counterfactual,"[[0, 0, 0, 0, 0, 0, 9, 0, 2], [0, 0, 9, 2, 0, 0, 0, 0, 8], [0, 0, 0, 0, 0, 4, 0, 2, 7], [0, 3, 0, 4, 0, 0, 1, 9, 0], [8, 0, 0, 0, 0, 9, 0, 3, 5], [0, 8, 0, 3, 0, 0, 0, 0, 9], [6, 0, 0, 0, 8, 0, 5, 0, 0], [1, 0, 3, 0, 6, 0, 0, 8, 0], [0, 0, 2, 8, 4, 1, 0, 5, 3]]","Solve the following modified Sudoku puzzle.
Rule change: The row and column rules are identical to standard Sudoku (each digit 1–9 appears exactly once per row and column). However, the nine 3×3 boxes are spatially shifted: instead of starting at rows/columns 0, 3, 6, each box is shifted by 1 cell in both directions with toroidal (wrap-around) topology. Concretely, box (br, bc) covers rows {(br×3+1) mod 9, (br×3+2) mod 9, (br×3+3) mod 9} and cols {(bc×3+1) mod 9, (bc×3+2) mod 9, (bc×3+3) mod 9}.

Puzzle (. = empty cell):
. . . | . . . | 9 . 2
. . 9 | 2 . . | . . 8
. . . | . . 4 | . 2 7
---------------------
. 3 . | 4 . . | 1 9 .
8 . . | . . 9 | . 3 5
. 8 . | 3 . . | . . 9
---------------------
6 . . | . 8 . | 5 . .
1 . 3 | . 6 . | . 8 .
. . 2 | 8 4 1 | . 5 3

Which of the following is the correct completed solution?
Note: one option is the solution obtained by applying standard Sudoku rules.","[[7, 4, 1, 5, 3, 8, 9, 6, 2], [4, 7, 9, 2, 5, 6, 3, 1, 8], [3, 5, 6, 1, 9, 4, 8, 2, 7], [5, 3, 8, 4, 7, 2, 1, 9, 6], [8, 1, 7, 6, 2, 9, 4, 3, 5], [2, 8, 5, 3, 1, 7, 6, 4, 9], [6, 2, 4, 9, 8, 3, 5, 7, 1], [1, 9, 3, 7, 6, 5, 2, 8, 4], [9, 6, 2, 8, 4, 1, 7, 5, 3]]","[[7, 4, 1, 5, 3, 8, 9, 6, 2], [1, 7, 9, 2, 5, 6, 3, 4, 8], [3, 5, 6, 1, 9, 4, 8, 2, 7], [5, 3, 8, 4, 7, 2, 1, 9, 6], [8, 1, 7, 6, 2, 9, 4, 3, 5], [2, 8, 5, 3, 1, 7, 6, 4, 9], [6, 2, 4, 9, 8, 3, 5, 7, 1], [1, 9, 3, 7, 6, 5, 2, 8, 4], [9, 6, 2, 8, 4, 1, 7, 5, 3]]","[[7, 4, 1, 5, 3, 8, 9, 6, 2], [4, 7, 9, 2, 5, 6, 3, 1, 8], [3, 5, 6, 1, 9, 4, 8, 2, 7], [5, 3, 8, 4, 7, 2, 1, 9, 6], [8, 1, 7, 6, 2, 9, 4, 3, 5], [5, 8, 2, 3, 1, 7, 6, 4, 9], [6, 2, 4, 9, 8, 3, 5, 7, 1], [1, 9, 3, 7, 6, 5, 2, 8, 4], [9, 6, 2, 8, 4, 1, 7, 5, 3]]","[[7, 4, 1, 5, 3, 8, 9, 6, 2], [4, 7, 9, 2, 5, 6, 3, 1, 8], [3, 5, 6, 1, 9, 4, 8, 2, 7], [5, 3, 8, 4, 7, 2, 1, 9, 6], [8, 1, 7, 6, 2, 9, 4, 3, 5], [2, 8, 5, 3, 1, 7, 6, 4, 9], [6, 2, 4, 9, 8, 3, 5, 7, 1], [1, 9, 3, 7, 6, 5, 2, 8, 4], [9, 7, 2, 8, 4, 1, 6, 5, 3]]",A,"[[7, 4, 1, 5, 3, 8, 9, 6, 2], [4, 7, 9, 2, 5, 6, 3, 1, 8], [3, 5, 6, 1, 9, 4, 8, 2, 7], [5, 3, 8, 4, 7, 2, 1, 9, 6], [8, 1, 7, 6, 2, 9, 4, 3, 5], [2, 8, 5, 3, 1, 7, 6, 4, 9], [6, 2, 4, 9, 8, 3, 5, 7, 1], [1, 9, 3, 7, 6, 5, 2, 8, 4], [9, 6, 2, 8, 4, 1, 7, 5, 3]]","{""num_givens"": 32, ""grid_size"": 9, ""has_standard_distractor"": false}"
sudoku_cf2_shifted_boxes_0026,sudoku_cf2_shifted_boxes,counterfactual,"[[0, 0, 0, 0, 0, 0, 0, 8, 2], [0, 5, 0, 4, 0, 0, 0, 0, 7], [6, 0, 2, 0, 0, 9, 4, 0, 0], [0, 8, 6, 1, 7, 0, 2, 9, 0], [7, 0, 0, 3, 9, 0, 0, 0, 4], [0, 0, 0, 9, 6, 0, 0, 5, 0], [9, 0, 1, 8, 0, 0, 0, 0, 0], [0, 4, 0, 2, 0, 1, 0, 7, 0], [0, 0, 0, 0, 3, 0, 0, 4, 6]]","Solve the following modified Sudoku puzzle.
Rule change: The row and column rules are identical to standard Sudoku (each digit 1–9 appears exactly once per row and column). However, the nine 3×3 boxes are spatially shifted: instead of starting at rows/columns 0, 3, 6, each box is shifted by 1 cell in both directions with toroidal (wrap-around) topology. Concretely, box (br, bc) covers rows {(br×3+1) mod 9, (br×3+2) mod 9, (br×3+3) mod 9} and cols {(bc×3+1) mod 9, (bc×3+2) mod 9, (bc×3+3) mod 9}.

Puzzle (. = empty cell):
. . . | . . . | . 8 2
. 5 . | 4 . . | . . 7
6 . 2 | . . 9 | 4 . .
---------------------
. 8 6 | 1 7 . | 2 9 .
7 . . | 3 9 . | . . 4
. . . | 9 6 . | . 5 .
---------------------
9 . 1 | 8 . . | . . .
. 4 . | 2 . 1 | . 7 .
. . . | . 3 . | . 4 6

Which of the following is the correct completed solution?
Note: one option is the solution obtained by applying standard Sudoku rules.","[[3, 1, 7, 6, 4, 5, 9, 8, 2], [2, 5, 9, 4, 1, 6, 8, 3, 7], [6, 3, 2, 7, 5, 9, 4, 1, 8], [4, 8, 6, 1, 7, 3, 2, 9, 5], [7, 1, 5, 3, 9, 8, 6, 2, 4], [8, 2, 4, 9, 6, 7, 3, 5, 1], [9, 7, 1, 8, 2, 4, 5, 6, 3], [5, 4, 3, 2, 8, 1, 6, 7, 9], [1, 9, 8, 5, 3, 2, 7, 4, 6]]","[[3, 1, 7, 6, 4, 5, 9, 8, 2], [2, 5, 9, 4, 1, 6, 8, 3, 7], [6, 3, 2, 7, 5, 9, 4, 1, 8], [4, 8, 6, 1, 7, 3, 2, 9, 5], [7, 6, 5, 3, 9, 8, 1, 2, 4], [8, 2, 4, 9, 6, 7, 3, 5, 1], [9, 7, 1, 8, 2, 4, 5, 6, 3], [5, 4, 3, 2, 8, 1, 6, 7, 9], [1, 9, 8, 5, 3, 2, 7, 4, 6]]","[[3, 1, 7, 6, 4, 5, 9, 8, 2], [2, 5, 9, 4, 1, 6, 8, 3, 7], [6, 3, 2, 7, 5, 9, 4, 1, 8], [4, 8, 6, 1, 7, 3, 2, 9, 5], [7, 6, 5, 3, 9, 8, 1, 2, 4], [8, 2, 4, 9, 6, 7, 3, 5, 1], [9, 7, 1, 8, 2, 4, 5, 6, 3], [5, 4, 3, 2, 8, 1, 6, 7, 9], [1, 9, 8, 7, 3, 2, 5, 4, 6]]","[[3, 1, 4, 6, 7, 5, 9, 8, 2], [2, 5, 9, 4, 1, 6, 8, 3, 7], [6, 3, 2, 7, 5, 9, 4, 1, 8], [4, 8, 6, 1, 7, 3, 2, 9, 5], [7, 6, 5, 3, 9, 8, 1, 2, 4], [8, 2, 4, 9, 6, 7, 3, 5, 1], [9, 7, 1, 8, 2, 4, 5, 6, 3], [5, 4, 3, 2, 8, 1, 6, 7, 9], [1, 9, 8, 5, 3, 2, 7, 4, 6]]",B,"[[3, 1, 7, 6, 4, 5, 9, 8, 2], [2, 5, 9, 4, 1, 6, 8, 3, 7], [6, 3, 2, 7, 5, 9, 4, 1, 8], [4, 8, 6, 1, 7, 3, 2, 9, 5], [7, 6, 5, 3, 9, 8, 1, 2, 4], [8, 2, 4, 9, 6, 7, 3, 5, 1], [9, 7, 1, 8, 2, 4, 5, 6, 3], [5, 4, 3, 2, 8, 1, 6, 7, 9], [1, 9, 8, 5, 3, 2, 7, 4, 6]]","{""num_givens"": 32, ""grid_size"": 9, ""has_standard_distractor"": false}"
sudoku_cf2_shifted_boxes_0027,sudoku_cf2_shifted_boxes,counterfactual,"[[0, 8, 3, 4, 5, 0, 9, 1, 0], [1, 6, 0, 5, 0, 0, 0, 0, 4], [0, 0, 0, 0, 0, 4, 0, 0, 9], [0, 9, 0, 0, 0, 1, 6, 2, 0], [0, 0, 0, 8, 0, 0, 0, 0, 0], [8, 4, 0, 0, 1, 5, 0, 9, 6], [0, 0, 0, 0, 0, 9, 0, 0, 3], [0, 7, 0, 0, 3, 8, 0, 0, 0], [0, 5, 0, 9, 0, 0, 1, 0, 8]]","Solve the following modified Sudoku puzzle.
Rule change: The row and column rules are identical to standard Sudoku (each digit 1–9 appears exactly once per row and column). However, the nine 3×3 boxes are spatially shifted: instead of starting at rows/columns 0, 3, 6, each box is shifted by 1 cell in both directions with toroidal (wrap-around) topology. Concretely, box (br, bc) covers rows {(br×3+1) mod 9, (br×3+2) mod 9, (br×3+3) mod 9} and cols {(bc×3+1) mod 9, (bc×3+2) mod 9, (bc×3+3) mod 9}.

Puzzle (. = empty cell):
. 8 3 | 4 5 . | 9 1 .
1 6 . | 5 . . | . . 4
. . . | . . 4 | . . 9
---------------------
. 9 . | . . 1 | 6 2 .
. . . | 8 . . | . . .
8 4 . | . 1 5 | . 9 6
---------------------
. . . | . . 9 | . . 3
. 7 . | . 3 8 | . . .
. 5 . | 9 . . | 1 . 8

Which of the following is the correct completed solution?
Note: one option is the solution obtained by applying standard Sudoku rules.","[[7, 8, 3, 4, 5, 6, 9, 1, 2], [1, 6, 7, 5, 9, 3, 2, 8, 4], [6, 2, 8, 1, 7, 4, 5, 3, 9], [5, 9, 4, 3, 8, 1, 6, 2, 7], [4, 3, 9, 8, 6, 2, 7, 5, 1], [8, 4, 2, 7, 1, 5, 3, 9, 6], [2, 4, 5, 6, 1, 9, 8, 7, 3], [9, 7, 1, 2, 3, 8, 4, 6, 5], [3, 5, 6, 9, 2, 7, 1, 4, 8]]","[[7, 8, 3, 4, 5, 6, 9, 1, 2], [1, 6, 7, 5, 9, 3, 2, 8, 4], [6, 2, 8, 1, 7, 4, 5, 3, 9], [5, 9, 4, 3, 8, 1, 6, 2, 7], [4, 3, 9, 8, 6, 2, 7, 5, 1], [8, 4, 2, 7, 1, 5, 3, 9, 6], [2, 1, 5, 6, 4, 9, 8, 7, 3], [9, 7, 1, 2, 3, 8, 4, 6, 5], [3, 5, 6, 9, 2, 4, 1, 7, 8]]","[[7, 8, 3, 4, 5, 6, 9, 1, 2], [1, 6, 7, 5, 9, 3, 2, 8, 4], [6, 2, 8, 1, 7, 4, 5, 3, 9], [5, 9, 4, 3, 8, 1, 6, 2, 7], [4, 3, 9, 8, 6, 2, 7, 5, 1], [8, 4, 2, 7, 1, 5, 3, 9, 6], [2, 1, 5, 6, 4, 9, 8, 7, 3], [9, 7, 1, 2, 3, 8, 4, 6, 5], [3, 5, 6, 9, 2, 7, 1, 4, 8]]","[[7, 8, 3, 4, 5, 6, 9, 1, 2], [1, 6, 7, 5, 9, 3, 2, 8, 4], [6, 2, 8, 1, 7, 4, 5, 3, 9], [5, 9, 4, 3, 8, 1, 6, 2, 7], [4, 3, 9, 8, 6, 2, 7, 5, 1], [8, 4, 3, 7, 1, 5, 2, 9, 6], [2, 1, 5, 6, 4, 9, 8, 7, 3], [9, 7, 1, 2, 3, 8, 4, 6, 5], [3, 5, 6, 9, 2, 7, 1, 4, 8]]",C,"[[7, 8, 3, 4, 5, 6, 9, 1, 2], [1, 6, 7, 5, 9, 3, 2, 8, 4], [6, 2, 8, 1, 7, 4, 5, 3, 9], [5, 9, 4, 3, 8, 1, 6, 2, 7], [4, 3, 9, 8, 6, 2, 7, 5, 1], [8, 4, 2, 7, 1, 5, 3, 9, 6], [2, 1, 5, 6, 4, 9, 8, 7, 3], [9, 7, 1, 2, 3, 8, 4, 6, 5], [3, 5, 6, 9, 2, 7, 1, 4, 8]]","{""num_givens"": 32, ""grid_size"": 9, ""has_standard_distractor"": false}"
sudoku_cf2_shifted_boxes_0028,sudoku_cf2_shifted_boxes,counterfactual,"[[0, 5, 0, 0, 0, 9, 2, 0, 0], [0, 6, 0, 0, 4, 7, 0, 0, 0], [7, 4, 0, 2, 0, 0, 9, 3, 0], [0, 7, 9, 5, 6, 0, 3, 8, 0], [8, 0, 0, 0, 0, 0, 0, 6, 1], [0, 0, 7, 0, 0, 0, 0, 0, 0], [5, 2, 3, 8, 0, 0, 0, 0, 0], [0, 0, 4, 0, 0, 0, 0, 2, 0], [6, 3, 0, 0, 0, 0, 4, 9, 7]]","Solve the following modified Sudoku puzzle.
Rule change: The row and column rules are identical to standard Sudoku (each digit 1–9 appears exactly once per row and column). However, the nine 3×3 boxes are spatially shifted: instead of starting at rows/columns 0, 3, 6, each box is shifted by 1 cell in both directions with toroidal (wrap-around) topology. Concretely, box (br, bc) covers rows {(br×3+1) mod 9, (br×3+2) mod 9, (br×3+3) mod 9} and cols {(bc×3+1) mod 9, (bc×3+2) mod 9, (bc×3+3) mod 9}.

Puzzle (. = empty cell):
. 5 . | . . 9 | 2 . .
. 6 . | . 4 7 | . . .
7 4 . | 2 . . | 9 3 .
---------------------
. 7 9 | 5 6 . | 3 8 .
8 . . | . . . | . 6 1
. . 7 | . . . | . . .
---------------------
5 2 3 | 8 . . | . . .
. . 4 | . . . | . 2 .
6 3 . | . . . | 4 9 7

Which of the following is the correct completed solution?
Note: one option is the solution obtained by applying standard Sudoku rules.","[[4, 5, 6, 7, 3, 9, 2, 1, 8], [9, 6, 1, 3, 4, 7, 8, 5, 2], [7, 4, 8, 2, 5, 1, 9, 3, 6], [1, 7, 9, 5, 6, 2, 3, 8, 4], [8, 9, 5, 4, 2, 3, 7, 6, 1], [2, 1, 7, 6, 9, 8, 5, 4, 3], [5, 2, 3, 8, 1, 4, 7, 6, 9], [3, 8, 4, 9, 7, 6, 1, 2, 5], [6, 3, 2, 1, 8, 5, 4, 9, 7]]","[[3, 5, 6, 7, 4, 9, 2, 1, 8], [9, 6, 1, 3, 4, 7, 8, 5, 2], [7, 4, 8, 2, 5, 1, 9, 3, 6], [1, 7, 9, 5, 6, 2, 3, 8, 4], [8, 9, 5, 4, 2, 3, 7, 6, 1], [2, 1, 7, 6, 9, 8, 5, 4, 3], [5, 2, 3, 8, 1, 4, 6, 7, 9], [3, 8, 4, 9, 7, 6, 1, 2, 5], [6, 3, 2, 1, 8, 5, 4, 9, 7]]","[[4, 5, 6, 7, 3, 9, 2, 1, 8], [9, 6, 1, 3, 4, 7, 8, 5, 2], [7, 4, 8, 2, 5, 1, 9, 3, 6], [1, 7, 9, 5, 6, 2, 3, 8, 4], [8, 9, 5, 4, 2, 3, 7, 6, 1], [2, 1, 7, 6, 9, 8, 5, 4, 3], [5, 2, 3, 8, 1, 4, 6, 7, 9], [3, 8, 4, 9, 7, 6, 1, 2, 5], [6, 3, 2, 1, 8, 5, 4, 9, 7]]","[[4, 5, 6, 7, 3, 9, 2, 1, 8], [9, 6, 1, 3, 4, 7, 8, 5, 2], [7, 4, 8, 2, 5, 1, 9, 3, 6], [1, 7, 9, 5, 6, 2, 3, 8, 4], [8, 9, 5, 4, 2, 3, 7, 6, 1], [2, 1, 7, 6, 4, 8, 5, 9, 3], [5, 2, 3, 8, 1, 4, 6, 7, 9], [3, 8, 4, 9, 7, 6, 1, 2, 5], [6, 3, 2, 1, 8, 5, 4, 9, 7]]",C,"[[4, 5, 6, 7, 3, 9, 2, 1, 8], [9, 6, 1, 3, 4, 7, 8, 5, 2], [7, 4, 8, 2, 5, 1, 9, 3, 6], [1, 7, 9, 5, 6, 2, 3, 8, 4], [8, 9, 5, 4, 2, 3, 7, 6, 1], [2, 1, 7, 6, 9, 8, 5, 4, 3], [5, 2, 3, 8, 1, 4, 6, 7, 9], [3, 8, 4, 9, 7, 6, 1, 2, 5], [6, 3, 2, 1, 8, 5, 4, 9, 7]]","{""num_givens"": 32, ""grid_size"": 9, ""has_standard_distractor"": false}"
sudoku_cf2_shifted_boxes_0029,sudoku_cf2_shifted_boxes,counterfactual,"[[0, 0, 0, 0, 0, 7, 3, 0, 2], [0, 0, 2, 0, 0, 5, 0, 0, 0], [1, 0, 4, 7, 0, 0, 2, 6, 0], [0, 6, 0, 0, 0, 0, 0, 4, 0], [7, 4, 6, 0, 0, 0, 0, 0, 1], [9, 0, 0, 0, 1, 8, 0, 0, 0], [8, 0, 1, 9, 0, 2, 0, 3, 6], [0, 2, 8, 6, 0, 0, 1, 0, 3], [0, 0, 5, 0, 0, 0, 0, 1, 0]]","Solve the following modified Sudoku puzzle.
Rule change: The row and column rules are identical to standard Sudoku (each digit 1–9 appears exactly once per row and column). However, the nine 3×3 boxes are spatially shifted: instead of starting at rows/columns 0, 3, 6, each box is shifted by 1 cell in both directions with toroidal (wrap-around) topology. Concretely, box (br, bc) covers rows {(br×3+1) mod 9, (br×3+2) mod 9, (br×3+3) mod 9} and cols {(bc×3+1) mod 9, (bc×3+2) mod 9, (bc×3+3) mod 9}.

Puzzle (. = empty cell):
. . . | . . 7 | 3 . 2
. . 2 | . . 5 | . . .
1 . 4 | 7 . . | 2 6 .
---------------------
. 6 . | . . . | . 4 .
7 4 6 | . . . | . . 1
9 . . | . 1 8 | . . .
---------------------
8 . 1 | 9 . 2 | . 3 6
. 2 8 | 6 . . | 1 . 3
. . 5 | . . . | . 1 .

Which of the following is the correct completed solution?
Note: one option is the solution obtained by applying standard Sudoku rules.","[[6, 1, 9, 4, 5, 7, 3, 8, 2], [3, 8, 2, 1, 6, 5, 4, 9, 7], [1, 9, 4, 7, 8, 3, 2, 6, 5], [2, 6, 3, 5, 7, 1, 9, 4, 8], [7, 4, 6, 8, 3, 9, 5, 2, 1], [9, 3, 7, 2, 1, 8, 6, 5, 4], [8, 5, 1, 9, 4, 2, 7, 3, 6], [5, 2, 8, 6, 9, 7, 1, 4, 3], [4, 7, 5, 3, 2, 6, 8, 1, 9]]","[[6, 1, 9, 4, 5, 7, 3, 8, 2], [3, 8, 2, 1, 6, 5, 4, 9, 7], [1, 9, 4, 7, 8, 3, 2, 6, 5], [2, 6, 3, 5, 7, 1, 9, 4, 8], [7, 4, 6, 8, 3, 9, 5, 2, 1], [9, 3, 7, 2, 1, 8, 6, 5, 4], [8, 5, 1, 9, 4, 2, 7, 3, 6], [9, 2, 8, 6, 5, 4, 1, 7, 3], [4, 7, 5, 3, 2, 6, 8, 1, 9]]","[[6, 1, 9, 4, 5, 7, 3, 8, 2], [3, 8, 2, 1, 6, 5, 4, 9, 7], [1, 9, 4, 7, 8, 3, 2, 6, 5], [2, 6, 3, 5, 7, 1, 9, 4, 8], [7, 4, 6, 8, 3, 9, 5, 2, 1], [9, 3, 7, 2, 1, 8, 6, 5, 4], [8, 5, 1, 9, 4, 2, 7, 3, 6], [4, 2, 8, 6, 9, 5, 1, 7, 3], [4, 7, 5, 3, 2, 6, 8, 1, 9]]","[[6, 1, 9, 4, 5, 7, 3, 8, 2], [3, 8, 2, 1, 6, 5, 4, 9, 7], [1, 9, 4, 7, 8, 3, 2, 6, 5], [2, 6, 3, 5, 7, 1, 9, 4, 8], [7, 4, 6, 8, 3, 9, 5, 2, 1], [9, 3, 7, 2, 1, 8, 6, 5, 4], [8, 5, 1, 9, 4, 2, 7, 3, 6], [5, 2, 8, 6, 9, 4, 1, 7, 3], [4, 7, 5, 3, 2, 6, 8, 1, 9]]",D,"[[6, 1, 9, 4, 5, 7, 3, 8, 2], [3, 8, 2, 1, 6, 5, 4, 9, 7], [1, 9, 4, 7, 8, 3, 2, 6, 5], [2, 6, 3, 5, 7, 1, 9, 4, 8], [7, 4, 6, 8, 3, 9, 5, 2, 1], [9, 3, 7, 2, 1, 8, 6, 5, 4], [8, 5, 1, 9, 4, 2, 7, 3, 6], [5, 2, 8, 6, 9, 4, 1, 7, 3], [4, 7, 5, 3, 2, 6, 8, 1, 9]]","{""num_givens"": 32, ""grid_size"": 9, ""has_standard_distractor"": false}"
sudoku_cf2_shifted_boxes_0030,sudoku_cf2_shifted_boxes,counterfactual,"[[0, 4, 3, 0, 0, 9, 0, 2, 5], [0, 6, 0, 0, 0, 0, 0, 0, 0], [0, 1, 0, 4, 0, 2, 5, 0, 8], [0, 0, 0, 0, 8, 0, 0, 5, 4], [3, 0, 6, 0, 9, 0, 7, 0, 0], [5, 0, 0, 0, 0, 0, 0, 7, 2], [0, 0, 0, 0, 0, 3, 0, 0, 9], [0, 0, 0, 6, 0, 4, 2, 0, 7], [4, 2, 7, 0, 0, 0, 0, 1, 6]]","Solve the following modified Sudoku puzzle.
Rule change: The row and column rules are identical to standard Sudoku (each digit 1–9 appears exactly once per row and column). However, the nine 3×3 boxes are spatially shifted: instead of starting at rows/columns 0, 3, 6, each box is shifted by 1 cell in both directions with toroidal (wrap-around) topology. Concretely, box (br, bc) covers rows {(br×3+1) mod 9, (br×3+2) mod 9, (br×3+3) mod 9} and cols {(bc×3+1) mod 9, (bc×3+2) mod 9, (bc×3+3) mod 9}.

Puzzle (. = empty cell):
. 4 3 | . . 9 | . 2 5
. 6 . | . . . | . . .
. 1 . | 4 . 2 | 5 . 8
---------------------
. . . | . 8 . | . 5 4
3 . 6 | . 9 . | 7 . .
5 . . | . . . | . 7 2
---------------------
. . . | . . 3 | . . 9
. . . | 6 . 4 | 2 . 7
4 2 7 | . . . | . 1 6

Which of the following is the correct completed solution?
Note: one option is the solution obtained by applying standard Sudoku rules.","[[8, 4, 3, 1, 6, 9, 7, 2, 5], [2, 6, 5, 8, 4, 7, 1, 9, 3], [7, 1, 9, 4, 3, 2, 5, 6, 8], [1, 3, 2, 7, 8, 6, 9, 5, 4], [3, 8, 6, 2, 9, 5, 7, 4, 1], [5, 9, 4, 3, 6, 1, 8, 7, 2], [6, 7, 1, 5, 2, 3, 4, 8, 9], [9, 5, 8, 6, 1, 4, 2, 3, 7], [4, 2, 7, 9, 5, 8, 3, 1, 6]]","[[1, 4, 3, 8, 7, 9, 6, 2, 5], [2, 6, 5, 8, 4, 7, 1, 9, 3], [7, 1, 9, 4, 3, 2, 5, 6, 8], [1, 3, 2, 7, 8, 6, 9, 5, 4], [3, 8, 6, 2, 9, 5, 7, 4, 1], [5, 9, 4, 3, 6, 1, 8, 7, 2], [6, 7, 1, 5, 2, 3, 4, 8, 9], [9, 5, 8, 6, 1, 4, 2, 3, 7], [4, 2, 7, 9, 5, 8, 3, 1, 6]]","[[8, 4, 3, 1, 7, 9, 6, 2, 5], [2, 6, 5, 8, 4, 7, 1, 9, 3], [7, 1, 9, 4, 3, 2, 5, 6, 8], [1, 3, 2, 7, 8, 6, 9, 5, 4], [3, 8, 6, 2, 9, 5, 7, 4, 1], [5, 9, 4, 3, 6, 1, 8, 7, 2], [6, 7, 1, 5, 2, 3, 4, 8, 9], [9, 5, 8, 6, 1, 4, 2, 3, 7], [4, 2, 7, 9, 5, 8, 3, 1, 6]]","[[8, 4, 3, 6, 7, 9, 1, 2, 5], [2, 6, 5, 8, 4, 7, 1, 9, 3], [7, 1, 9, 4, 3, 2, 5, 6, 8], [1, 3, 2, 7, 8, 6, 9, 5, 4], [3, 8, 6, 2, 9, 5, 7, 4, 1], [5, 9, 4, 3, 6, 1, 8, 7, 2], [6, 7, 1, 5, 2, 3, 4, 8, 9], [9, 5, 8, 6, 1, 4, 2, 3, 7], [4, 2, 7, 9, 5, 8, 3, 1, 6]]",C,"[[8, 4, 3, 1, 7, 9, 6, 2, 5], [2, 6, 5, 8, 4, 7, 1, 9, 3], [7, 1, 9, 4, 3, 2, 5, 6, 8], [1, 3, 2, 7, 8, 6, 9, 5, 4], [3, 8, 6, 2, 9, 5, 7, 4, 1], [5, 9, 4, 3, 6, 1, 8, 7, 2], [6, 7, 1, 5, 2, 3, 4, 8, 9], [9, 5, 8, 6, 1, 4, 2, 3, 7], [4, 2, 7, 9, 5, 8, 3, 1, 6]]","{""num_givens"": 32, ""grid_size"": 9, ""has_standard_distractor"": false}"
sudoku_cf2_shifted_boxes_0031,sudoku_cf2_shifted_boxes,counterfactual,"[[6, 0, 0, 0, 0, 0, 0, 7, 3], [0, 0, 5, 7, 3, 9, 0, 0, 0], [0, 0, 0, 0, 7, 0, 4, 0, 0], [0, 1, 0, 0, 0, 0, 0, 0, 8], [8, 3, 0, 6, 0, 7, 0, 0, 0], [0, 0, 0, 1, 0, 0, 2, 6, 0], [5, 0, 9, 2, 0, 8, 0, 0, 0], [9, 0, 0, 0, 1, 6, 3, 0, 4], [0, 9, 0, 3, 8, 0, 7, 2, 0]]","Solve the following modified Sudoku puzzle.
Rule change: The row and column rules are identical to standard Sudoku (each digit 1–9 appears exactly once per row and column). However, the nine 3×3 boxes are spatially shifted: instead of starting at rows/columns 0, 3, 6, each box is shifted by 1 cell in both directions with toroidal (wrap-around) topology. Concretely, box (br, bc) covers rows {(br×3+1) mod 9, (br×3+2) mod 9, (br×3+3) mod 9} and cols {(bc×3+1) mod 9, (bc×3+2) mod 9, (bc×3+3) mod 9}.

Puzzle (. = empty cell):
6 . . | . . . | . 7 3
. . 5 | 7 3 9 | . . .
. . . | . 7 . | 4 . .
---------------------
. 1 . | . . . | . . 8
8 3 . | 6 . 7 | . . .
. . . | 1 . . | 2 6 .
---------------------
5 . 9 | 2 . 8 | . . .
9 . . | . 1 6 | 3 . 4
. 9 . | 3 8 . | 7 2 .

Which of the following is the correct completed solution?
Note: one option is the solution obtained by applying standard Sudoku rules.","[[6, 8, 1, 4, 2, 5, 9, 7, 3], [2, 4, 5, 7, 3, 9, 8, 1, 6], [3, 6, 2, 8, 7, 1, 4, 5, 9], [7, 1, 3, 9, 6, 2, 5, 4, 8], [8, 3, 4, 6, 5, 7, 1, 9, 2], [4, 5, 8, 1, 9, 3, 2, 6, 7], [5, 7, 9, 2, 4, 8, 6, 3, 1], [9, 2, 7, 5, 1, 6, 3, 8, 4], [1, 9, 6, 3, 8, 4, 7, 2, 5]]","[[6, 8, 1, 4, 2, 5, 9, 7, 3], [2, 4, 5, 7, 3, 9, 8, 1, 6], [3, 6, 2, 8, 7, 1, 4, 5, 9], [7, 1, 4, 9, 6, 2, 5, 3, 8], [8, 3, 4, 6, 5, 7, 1, 9, 2], [4, 5, 8, 1, 9, 3, 2, 6, 7], [5, 7, 9, 2, 4, 8, 6, 3, 1], [9, 2, 7, 5, 1, 6, 3, 8, 4], [1, 9, 6, 3, 8, 4, 7, 2, 5]]","[[6, 8, 1, 4, 2, 5, 9, 7, 3], [2, 4, 5, 7, 3, 9, 8, 1, 6], [3, 6, 9, 8, 7, 1, 4, 5, 2], [7, 1, 3, 9, 6, 2, 5, 4, 8], [8, 3, 4, 6, 5, 7, 1, 9, 2], [4, 5, 8, 1, 9, 3, 2, 6, 7], [5, 7, 9, 2, 4, 8, 6, 3, 1], [9, 2, 7, 5, 1, 6, 3, 8, 4], [1, 9, 6, 3, 8, 4, 7, 2, 5]]","[[6, 8, 1, 4, 2, 5, 9, 7, 3], [2, 4, 5, 7, 3, 9, 8, 1, 6], [3, 6, 2, 8, 7, 1, 4, 5, 9], [7, 1, 3, 9, 6, 2, 5, 4, 8], [8, 3, 4, 6, 5, 7, 1, 9, 2], [4, 5, 8, 1, 9, 3, 2, 6, 7], [5, 7, 9, 2, 4, 8, 1, 3, 6], [9, 2, 7, 5, 1, 6, 3, 8, 4], [1, 9, 6, 3, 8, 4, 7, 2, 5]]",A,"[[6, 8, 1, 4, 2, 5, 9, 7, 3], [2, 4, 5, 7, 3, 9, 8, 1, 6], [3, 6, 2, 8, 7, 1, 4, 5, 9], [7, 1, 3, 9, 6, 2, 5, 4, 8], [8, 3, 4, 6, 5, 7, 1, 9, 2], [4, 5, 8, 1, 9, 3, 2, 6, 7], [5, 7, 9, 2, 4, 8, 6, 3, 1], [9, 2, 7, 5, 1, 6, 3, 8, 4], [1, 9, 6, 3, 8, 4, 7, 2, 5]]","{""num_givens"": 32, ""grid_size"": 9, ""has_standard_distractor"": false}"
sudoku_cf2_shifted_boxes_0032,sudoku_cf2_shifted_boxes,counterfactual,"[[1, 0, 0, 0, 0, 0, 9, 0, 0], [6, 0, 0, 0, 0, 2, 0, 7, 0], [3, 0, 6, 4, 0, 0, 5, 0, 2], [9, 2, 7, 0, 0, 0, 1, 0, 0], [0, 0, 4, 0, 0, 0, 0, 0, 6], [0, 0, 0, 7, 1, 0, 3, 2, 0], [0, 9, 0, 0, 0, 4, 6, 0, 0], [8, 0, 0, 0, 5, 0, 2, 9, 0], [0, 5, 0, 9, 6, 0, 8, 0, 3]]","Solve the following modified Sudoku puzzle.
Rule change: The row and column rules are identical to standard Sudoku (each digit 1–9 appears exactly once per row and column). However, the nine 3×3 boxes are spatially shifted: instead of starting at rows/columns 0, 3, 6, each box is shifted by 1 cell in both directions with toroidal (wrap-around) topology. Concretely, box (br, bc) covers rows {(br×3+1) mod 9, (br×3+2) mod 9, (br×3+3) mod 9} and cols {(bc×3+1) mod 9, (bc×3+2) mod 9, (bc×3+3) mod 9}.

Puzzle (. = empty cell):
1 . . | . . . | 9 . .
6 . . | . . 2 | . 7 .
3 . 6 | 4 . . | 5 . 2
---------------------
9 2 7 | . . . | 1 . .
. . 4 | . . . | . . 6
. . . | 7 1 . | 3 2 .
---------------------
. 9 . | . . 4 | 6 . .
8 . . | . 5 . | 2 9 .
. 5 . | 9 6 . | 8 . 3

Which of the following is the correct completed solution?
Note: one option is the solution obtained by applying standard Sudoku rules.","[[1, 7, 2, 8, 4, 3, 9, 6, 5], [6, 8, 9, 5, 3, 2, 4, 7, 1], [3, 1, 6, 4, 7, 9, 5, 8, 2], [9, 2, 7, 3, 8, 6, 1, 5, 4], [5, 3, 4, 2, 9, 1, 7, 8, 6], [4, 6, 8, 7, 1, 5, 3, 2, 9], [7, 9, 5, 1, 2, 4, 6, 3, 8], [8, 4, 3, 6, 5, 1, 2, 9, 7], [2, 5, 1, 9, 6, 7, 8, 4, 3]]","[[1, 7, 2, 8, 4, 3, 9, 6, 5], [6, 8, 9, 5, 3, 2, 4, 7, 1], [3, 1, 6, 4, 7, 9, 5, 8, 2], [9, 2, 7, 3, 8, 6, 1, 5, 4], [5, 3, 4, 2, 9, 8, 7, 1, 6], [4, 6, 8, 7, 1, 5, 3, 2, 9], [7, 9, 5, 1, 2, 4, 6, 3, 8], [8, 4, 3, 6, 5, 1, 2, 9, 7], [2, 5, 1, 9, 6, 7, 8, 4, 3]]","[[1, 7, 2, 8, 4, 3, 9, 6, 5], [6, 8, 3, 5, 9, 2, 4, 7, 1], [3, 1, 6, 4, 7, 9, 5, 8, 2], [9, 2, 7, 3, 8, 6, 1, 5, 4], [5, 3, 4, 2, 9, 8, 7, 1, 6], [4, 6, 8, 7, 1, 5, 3, 2, 9], [7, 9, 5, 1, 2, 4, 6, 3, 8], [8, 4, 3, 6, 5, 1, 2, 9, 7], [2, 5, 1, 9, 6, 7, 8, 4, 3]]","[[1, 7, 2, 8, 4, 3, 9, 6, 5], [6, 8, 9, 5, 3, 2, 4, 7, 1], [3, 1, 6, 4, 7, 9, 5, 8, 2], [9, 2, 7, 3, 8, 6, 1, 5, 4], [5, 3, 4, 2, 9, 8, 7, 1, 6], [4, 6, 8, 7, 1, 5, 3, 2, 9], [7, 9, 5, 2, 1, 4, 6, 3, 8], [8, 4, 3, 6, 5, 1, 2, 9, 7], [2, 5, 1, 9, 6, 7, 8, 4, 3]]",B,"[[1, 7, 2, 8, 4, 3, 9, 6, 5], [6, 8, 9, 5, 3, 2, 4, 7, 1], [3, 1, 6, 4, 7, 9, 5, 8, 2], [9, 2, 7, 3, 8, 6, 1, 5, 4], [5, 3, 4, 2, 9, 8, 7, 1, 6], [4, 6, 8, 7, 1, 5, 3, 2, 9], [7, 9, 5, 1, 2, 4, 6, 3, 8], [8, 4, 3, 6, 5, 1, 2, 9, 7], [2, 5, 1, 9, 6, 7, 8, 4, 3]]","{""num_givens"": 32, ""grid_size"": 9, ""has_standard_distractor"": false}"
sudoku_cf2_shifted_boxes_0033,sudoku_cf2_shifted_boxes,counterfactual,"[[3, 0, 1, 8, 4, 6, 0, 0, 5], [8, 0, 7, 0, 0, 0, 6, 0, 0], [4, 3, 0, 0, 0, 0, 0, 0, 0], [9, 0, 8, 0, 3, 0, 0, 0, 0], [0, 0, 6, 7, 8, 5, 0, 9, 4], [0, 0, 5, 0, 0, 9, 4, 3, 0], [0, 0, 0, 0, 6, 0, 1, 0, 8], [0, 0, 0, 4, 0, 3, 0, 0, 6], [1, 0, 0, 0, 0, 0, 0, 4, 0]]","Solve the following modified Sudoku puzzle.
Rule change: The row and column rules are identical to standard Sudoku (each digit 1–9 appears exactly once per row and column). However, the nine 3×3 boxes are spatially shifted: instead of starting at rows/columns 0, 3, 6, each box is shifted by 1 cell in both directions with toroidal (wrap-around) topology. Concretely, box (br, bc) covers rows {(br×3+1) mod 9, (br×3+2) mod 9, (br×3+3) mod 9} and cols {(bc×3+1) mod 9, (bc×3+2) mod 9, (bc×3+3) mod 9}.

Puzzle (. = empty cell):
3 . 1 | 8 4 6 | . . 5
8 . 7 | . . . | 6 . .
4 3 . | . . . | . . .
---------------------
9 . 8 | . 3 . | . . .
. . 6 | 7 8 5 | . 9 4
. . 5 | . . 9 | 4 3 .
---------------------
. . . | . 6 . | 1 . 8
. . . | 4 . 3 | . . 6
1 . . | . . . | . 4 .

Which of the following is the correct completed solution?
Note: one option is the solution obtained by applying standard Sudoku rules.","[[3, 7, 1, 8, 4, 6, 9, 2, 5], [8, 4, 7, 9, 2, 1, 6, 5, 3], [4, 3, 2, 1, 9, 7, 5, 6, 8], [9, 6, 8, 5, 3, 4, 7, 1, 2], [2, 1, 6, 7, 8, 5, 3, 9, 4], [6, 8, 5, 2, 7, 9, 4, 3, 1], [5, 9, 4, 3, 6, 2, 1, 7, 8], [7, 5, 9, 4, 1, 3, 2, 8, 6], [1, 2, 3, 6, 5, 7, 8, 4, 9]]","[[3, 7, 1, 8, 4, 6, 9, 2, 5], [8, 1, 7, 9, 2, 4, 6, 5, 3], [4, 3, 2, 1, 9, 8, 5, 6, 7], [9, 6, 8, 5, 3, 4, 7, 1, 2], [2, 1, 6, 7, 8, 5, 3, 9, 4], [6, 8, 5, 2, 7, 9, 4, 3, 1], [5, 9, 4, 3, 6, 2, 1, 7, 8], [7, 5, 9, 4, 1, 3, 2, 8, 6], [1, 2, 3, 6, 5, 7, 8, 4, 9]]","[[3, 7, 1, 8, 4, 6, 9, 2, 5], [8, 4, 7, 9, 2, 1, 6, 5, 3], [4, 3, 5, 1, 9, 8, 2, 6, 7], [9, 6, 8, 5, 3, 4, 7, 1, 2], [2, 1, 6, 7, 8, 5, 3, 9, 4], [6, 8, 5, 2, 7, 9, 4, 3, 1], [5, 9, 4, 3, 6, 2, 1, 7, 8], [7, 5, 9, 4, 1, 3, 2, 8, 6], [1, 2, 3, 6, 5, 7, 8, 4, 9]]","[[3, 7, 1, 8, 4, 6, 9, 2, 5], [8, 4, 7, 9, 2, 1, 6, 5, 3], [4, 3, 2, 1, 9, 8, 5, 6, 7], [9, 6, 8, 5, 3, 4, 7, 1, 2], [2, 1, 6, 7, 8, 5, 3, 9, 4], [6, 8, 5, 2, 7, 9, 4, 3, 1], [5, 9, 4, 3, 6, 2, 1, 7, 8], [7, 5, 9, 4, 1, 3, 2, 8, 6], [1, 2, 3, 6, 5, 7, 8, 4, 9]]",D,"[[3, 7, 1, 8, 4, 6, 9, 2, 5], [8, 4, 7, 9, 2, 1, 6, 5, 3], [4, 3, 2, 1, 9, 8, 5, 6, 7], [9, 6, 8, 5, 3, 4, 7, 1, 2], [2, 1, 6, 7, 8, 5, 3, 9, 4], [6, 8, 5, 2, 7, 9, 4, 3, 1], [5, 9, 4, 3, 6, 2, 1, 7, 8], [7, 5, 9, 4, 1, 3, 2, 8, 6], [1, 2, 3, 6, 5, 7, 8, 4, 9]]","{""num_givens"": 32, ""grid_size"": 9, ""has_standard_distractor"": false}"
sudoku_cf2_shifted_boxes_0034,sudoku_cf2_shifted_boxes,counterfactual,"[[4, 0, 0, 0, 6, 1, 2, 0, 0], [0, 0, 0, 0, 0, 0, 0, 0, 0], [3, 1, 0, 0, 5, 0, 0, 0, 0], [0, 5, 4, 2, 7, 0, 0, 0, 0], [8, 0, 0, 0, 0, 7, 0, 0, 6], [0, 9, 0, 0, 0, 8, 6, 4, 2], [1, 8, 0, 0, 0, 0, 9, 5, 3], [0, 2, 1, 0, 0, 0, 4, 3, 0], [0, 0, 5, 4, 0, 0, 0, 1, 8]]","Solve the following modified Sudoku puzzle.
Rule change: The row and column rules are identical to standard Sudoku (each digit 1–9 appears exactly once per row and column). However, the nine 3×3 boxes are spatially shifted: instead of starting at rows/columns 0, 3, 6, each box is shifted by 1 cell in both directions with toroidal (wrap-around) topology. Concretely, box (br, bc) covers rows {(br×3+1) mod 9, (br×3+2) mod 9, (br×3+3) mod 9} and cols {(bc×3+1) mod 9, (bc×3+2) mod 9, (bc×3+3) mod 9}.

Puzzle (. = empty cell):
4 . . | . 6 1 | 2 . .
. . . | . . . | . . .
3 1 . | . 5 . | . . .
---------------------
. 5 4 | 2 7 . | . . .
8 . . | . . 7 | . . 6
. 9 . | . . 8 | 6 4 2
---------------------
1 8 . | . . . | 9 5 3
. 2 1 | . . . | 4 3 .
. . 5 | 4 . . | . 1 8

Which of the following is the correct completed solution?
Note: one option is the solution obtained by applying standard Sudoku rules.","[[4, 3, 9, 8, 6, 1, 2, 7, 5], [5, 7, 8, 3, 2, 9, 1, 6, 4], [3, 1, 6, 9, 5, 4, 8, 2, 7], [9, 5, 4, 2, 7, 6, 3, 8, 1], [8, 4, 2, 1, 3, 7, 5, 9, 6], [7, 9, 3, 5, 1, 8, 6, 4, 2], [1, 8, 7, 6, 4, 2, 9, 5, 3], [6, 2, 1, 7, 8, 5, 4, 3, 9], [9, 6, 5, 4, 2, 3, 7, 1, 8]]","[[4, 3, 9, 8, 6, 1, 2, 7, 5], [5, 7, 8, 3, 2, 9, 1, 6, 4], [3, 1, 6, 9, 5, 4, 8, 2, 7], [9, 5, 4, 2, 7, 6, 3, 8, 1], [8, 4, 2, 1, 3, 7, 5, 9, 6], [7, 9, 3, 5, 1, 8, 6, 4, 2], [1, 8, 2, 6, 4, 7, 9, 5, 3], [6, 2, 1, 7, 8, 5, 4, 3, 9], [2, 6, 5, 4, 9, 3, 7, 1, 8]]","[[4, 3, 9, 8, 6, 1, 2, 7, 5], [5, 7, 8, 3, 2, 9, 1, 6, 4], [3, 1, 6, 9, 5, 4, 8, 2, 7], [9, 5, 4, 2, 7, 6, 3, 8, 1], [8, 4, 2, 1, 3, 7, 5, 9, 6], [7, 9, 1, 5, 3, 8, 6, 4, 2], [1, 8, 7, 6, 4, 2, 9, 5, 3], [6, 2, 1, 7, 8, 5, 4, 3, 9], [2, 6, 5, 4, 9, 3, 7, 1, 8]]","[[4, 3, 9, 8, 6, 1, 2, 7, 5], [5, 7, 8, 3, 2, 9, 1, 6, 4], [3, 1, 6, 9, 5, 4, 8, 2, 7], [9, 5, 4, 2, 7, 6, 3, 8, 1], [8, 4, 2, 1, 3, 7, 5, 9, 6], [7, 9, 3, 5, 1, 8, 6, 4, 2], [1, 8, 7, 6, 4, 2, 9, 5, 3], [6, 2, 1, 7, 8, 5, 4, 3, 9], [2, 6, 5, 4, 9, 3, 7, 1, 8]]",D,"[[4, 3, 9, 8, 6, 1, 2, 7, 5], [5, 7, 8, 3, 2, 9, 1, 6, 4], [3, 1, 6, 9, 5, 4, 8, 2, 7], [9, 5, 4, 2, 7, 6, 3, 8, 1], [8, 4, 2, 1, 3, 7, 5, 9, 6], [7, 9, 3, 5, 1, 8, 6, 4, 2], [1, 8, 7, 6, 4, 2, 9, 5, 3], [6, 2, 1, 7, 8, 5, 4, 3, 9], [2, 6, 5, 4, 9, 3, 7, 1, 8]]","{""num_givens"": 32, ""grid_size"": 9, ""has_standard_distractor"": false}"
sudoku_cf2_shifted_boxes_0035,sudoku_cf2_shifted_boxes,counterfactual,"[[5, 9, 0, 0, 0, 3, 0, 7, 0], [0, 0, 0, 0, 0, 9, 0, 0, 3], [6, 1, 0, 0, 4, 0, 0, 5, 0], [0, 2, 0, 0, 0, 0, 1, 0, 7], [0, 3, 0, 1, 7, 0, 9, 2, 0], [0, 0, 0, 0, 0, 0, 0, 0, 1], [0, 0, 7, 8, 1, 0, 6, 9, 0], [0, 6, 0, 5, 2, 0, 7, 0, 0], [1, 0, 2, 0, 0, 5, 0, 0, 6]]","Solve the following modified Sudoku puzzle.
Rule change: The row and column rules are identical to standard Sudoku (each digit 1–9 appears exactly once per row and column). However, the nine 3×3 boxes are spatially shifted: instead of starting at rows/columns 0, 3, 6, each box is shifted by 1 cell in both directions with toroidal (wrap-around) topology. Concretely, box (br, bc) covers rows {(br×3+1) mod 9, (br×3+2) mod 9, (br×3+3) mod 9} and cols {(bc×3+1) mod 9, (bc×3+2) mod 9, (bc×3+3) mod 9}.

Puzzle (. = empty cell):
5 9 . | . . 3 | . 7 .
. . . | . . 9 | . . 3
6 1 . | . 4 . | . 5 .
---------------------
. 2 . | . . . | 1 . 7
. 3 . | 1 7 . | 9 2 .
. . . | . . . | . . 1
---------------------
. . 7 | 8 1 . | 6 9 .
. 6 . | 5 2 . | 7 . .
1 . 2 | . . 5 | . . 6

Which of the following is the correct completed solution?
Note: one option is the solution obtained by applying standard Sudoku rules.","[[5, 9, 1, 4, 6, 3, 8, 7, 2], [2, 7, 4, 6, 8, 9, 5, 1, 3], [6, 1, 2, 3, 4, 7, 8, 5, 9], [4, 2, 5, 9, 3, 6, 1, 8, 7], [8, 3, 6, 1, 7, 4, 9, 2, 5], [7, 4, 9, 2, 5, 8, 3, 6, 1], [3, 5, 7, 8, 1, 2, 6, 9, 4], [9, 6, 3, 5, 2, 1, 7, 4, 8], [1, 8, 2, 7, 9, 5, 4, 3, 6]]","[[5, 9, 1, 4, 6, 3, 8, 7, 2], [2, 7, 4, 6, 8, 9, 5, 1, 3], [6, 1, 8, 3, 4, 7, 2, 5, 9], [4, 2, 5, 9, 3, 6, 1, 8, 7], [8, 3, 6, 1, 7, 4, 9, 2, 5], [7, 4, 9, 2, 5, 8, 3, 6, 1], [4, 5, 7, 8, 1, 2, 6, 9, 3], [9, 6, 3, 5, 2, 1, 7, 4, 8], [1, 8, 2, 7, 9, 5, 4, 3, 6]]","[[5, 9, 1, 4, 6, 3, 8, 7, 2], [2, 7, 4, 6, 8, 9, 5, 1, 3], [6, 1, 8, 3, 4, 7, 2, 5, 9], [4, 2, 5, 9, 3, 6, 1, 8, 7], [8, 3, 6, 1, 7, 4, 9, 2, 5], [7, 4, 9, 2, 5, 8, 3, 6, 1], [3, 5, 7, 8, 1, 2, 6, 9, 4], [9, 6, 3, 5, 2, 1, 7, 4, 8], [1, 8, 2, 7, 9, 5, 4, 3, 6]]","[[5, 9, 1, 4, 6, 3, 8, 7, 2], [2, 7, 5, 6, 8, 9, 4, 1, 3], [6, 1, 8, 3, 4, 7, 2, 5, 9], [4, 2, 5, 9, 3, 6, 1, 8, 7], [8, 3, 6, 1, 7, 4, 9, 2, 5], [7, 4, 9, 2, 5, 8, 3, 6, 1], [3, 5, 7, 8, 1, 2, 6, 9, 4], [9, 6, 3, 5, 2, 1, 7, 4, 8], [1, 8, 2, 7, 9, 5, 4, 3, 6]]",C,"[[5, 9, 1, 4, 6, 3, 8, 7, 2], [2, 7, 4, 6, 8, 9, 5, 1, 3], [6, 1, 8, 3, 4, 7, 2, 5, 9], [4, 2, 5, 9, 3, 6, 1, 8, 7], [8, 3, 6, 1, 7, 4, 9, 2, 5], [7, 4, 9, 2, 5, 8, 3, 6, 1], [3, 5, 7, 8, 1, 2, 6, 9, 4], [9, 6, 3, 5, 2, 1, 7, 4, 8], [1, 8, 2, 7, 9, 5, 4, 3, 6]]","{""num_givens"": 32, ""grid_size"": 9, ""has_standard_distractor"": false}"
sudoku_cf2_shifted_boxes_0036,sudoku_cf2_shifted_boxes,counterfactual,"[[5, 0, 6, 8, 0, 0, 1, 0, 0], [8, 1, 0, 4, 9, 6, 7, 3, 0], [4, 0, 0, 0, 1, 0, 0, 0, 2], [6, 3, 8, 7, 0, 0, 0, 0, 0], [0, 5, 4, 2, 0, 0, 0, 0, 0], [0, 0, 0, 6, 0, 1, 0, 0, 0], [7, 0, 0, 0, 8, 0, 5, 4, 0], [0, 4, 1, 0, 0, 0, 0, 0, 7], [0, 0, 0, 5, 0, 0, 3, 0, 0]]","Solve the following modified Sudoku puzzle.
Rule change: The row and column rules are identical to standard Sudoku (each digit 1–9 appears exactly once per row and column). However, the nine 3×3 boxes are spatially shifted: instead of starting at rows/columns 0, 3, 6, each box is shifted by 1 cell in both directions with toroidal (wrap-around) topology. Concretely, box (br, bc) covers rows {(br×3+1) mod 9, (br×3+2) mod 9, (br×3+3) mod 9} and cols {(bc×3+1) mod 9, (bc×3+2) mod 9, (bc×3+3) mod 9}.

Puzzle (. = empty cell):
5 . 6 | 8 . . | 1 . .
8 1 . | 4 9 6 | 7 3 .
4 . . | . 1 . | . . 2
---------------------
6 3 8 | 7 . . | . . .
. 5 4 | 2 . . | . . .
. . . | 6 . 1 | . . .
---------------------
7 . . | . 8 . | 5 4 .
. 4 1 | . . . | . . 7
. . . | 5 . . | 3 . .

Which of the following is the correct completed solution?
Note: one option is the solution obtained by applying standard Sudoku rules.","[[5, 7, 6, 8, 4, 9, 1, 2, 3], [8, 1, 2, 4, 9, 6, 7, 3, 5], [4, 6, 5, 9, 1, 3, 8, 7, 2], [6, 3, 8, 7, 5, 4, 2, 9, 1], [3, 5, 4, 2, 6, 7, 9, 1, 8], [2, 8, 7, 6, 3, 1, 4, 5, 9], [7, 9, 3, 1, 8, 2, 5, 4, 6], [9, 4, 1, 3, 6, 5, 2, 8, 7], [1, 2, 9, 5, 7, 8, 3, 6, 4]]","[[5, 7, 6, 8, 4, 9, 1, 2, 3], [8, 1, 2, 4, 9, 6, 7, 3, 5], [4, 6, 5, 9, 1, 3, 8, 7, 2], [6, 3, 8, 7, 5, 4, 2, 9, 1], [3, 5, 4, 2, 6, 7, 9, 1, 8], [2, 8, 7, 6, 3, 1, 4, 5, 9], [7, 9, 3, 1, 8, 2, 5, 4, 6], [9, 4, 1, 3, 2, 5, 6, 8, 7], [1, 2, 9, 5, 7, 8, 3, 6, 4]]","[[5, 7, 6, 8, 4, 9, 1, 2, 3], [8, 1, 2, 4, 9, 6, 7, 3, 5], [4, 6, 5, 9, 1, 3, 8, 7, 2], [6, 3, 8, 7, 5, 4, 2, 9, 1], [3, 5, 4, 2, 6, 7, 9, 1, 8], [2, 8, 4, 6, 3, 1, 7, 5, 9], [7, 9, 3, 1, 8, 2, 5, 4, 6], [9, 4, 1, 3, 2, 5, 6, 8, 7], [1, 2, 9, 5, 7, 8, 3, 6, 4]]","[[5, 7, 6, 8, 4, 9, 1, 2, 3], [8, 1, 2, 4, 9, 6, 7, 3, 5], [4, 6, 5, 9, 1, 3, 8, 7, 2], [6, 3, 8, 7, 5, 4, 2, 9, 1], [3, 5, 4, 2, 6, 7, 9, 1, 8], [2, 8, 7, 6, 3, 1, 4, 5, 9], [7, 1, 3, 9, 8, 2, 5, 4, 6], [9, 4, 1, 3, 2, 5, 6, 8, 7], [1, 2, 9, 5, 7, 8, 3, 6, 4]]",B,"[[5, 7, 6, 8, 4, 9, 1, 2, 3], [8, 1, 2, 4, 9, 6, 7, 3, 5], [4, 6, 5, 9, 1, 3, 8, 7, 2], [6, 3, 8, 7, 5, 4, 2, 9, 1], [3, 5, 4, 2, 6, 7, 9, 1, 8], [2, 8, 7, 6, 3, 1, 4, 5, 9], [7, 9, 3, 1, 8, 2, 5, 4, 6], [9, 4, 1, 3, 2, 5, 6, 8, 7], [1, 2, 9, 5, 7, 8, 3, 6, 4]]","{""num_givens"": 32, ""grid_size"": 9, ""has_standard_distractor"": false}"
sudoku_cf2_shifted_boxes_0037,sudoku_cf2_shifted_boxes,counterfactual,"[[0, 6, 2, 7, 0, 0, 0, 9, 0], [0, 0, 0, 0, 0, 6, 0, 0, 2], [1, 0, 6, 0, 9, 4, 0, 0, 0], [0, 0, 0, 0, 0, 0, 3, 0, 0], [0, 8, 0, 2, 7, 0, 0, 4, 0], [0, 0, 0, 6, 8, 2, 0, 0, 0], [9, 0, 0, 0, 0, 0, 6, 0, 8], [5, 9, 0, 0, 0, 0, 7, 6, 4], [2, 4, 0, 8, 0, 9, 1, 3, 0]]","Solve the following modified Sudoku puzzle.
Rule change: The row and column rules are identical to standard Sudoku (each digit 1–9 appears exactly once per row and column). However, the nine 3×3 boxes are spatially shifted: instead of starting at rows/columns 0, 3, 6, each box is shifted by 1 cell in both directions with toroidal (wrap-around) topology. Concretely, box (br, bc) covers rows {(br×3+1) mod 9, (br×3+2) mod 9, (br×3+3) mod 9} and cols {(bc×3+1) mod 9, (bc×3+2) mod 9, (bc×3+3) mod 9}.

Puzzle (. = empty cell):
. 6 2 | 7 . . | . 9 .
. . . | . . 6 | . . 2
1 . 6 | . 9 4 | . . .
---------------------
. . . | . . . | 3 . .
. 8 . | 2 7 . | . 4 .
. . . | 6 8 2 | . . .
---------------------
9 . . | . . . | 6 . 8
5 9 . | . . . | 7 6 4
2 4 . | 8 . 9 | 1 3 .

Which of the following is the correct completed solution?
Note: one option is the solution obtained by applying standard Sudoku rules.","[[8, 6, 2, 7, 3, 5, 4, 9, 1], [4, 1, 3, 9, 5, 6, 8, 7, 2], [1, 7, 6, 5, 9, 4, 2, 8, 3], [6, 2, 8, 4, 1, 7, 3, 5, 9], [3, 8, 9, 2, 7, 1, 5, 4, 6], [7, 3, 4, 6, 8, 2, 9, 1, 5], [9, 5, 7, 1, 4, 3, 6, 2, 8], [5, 9, 1, 3, 2, 8, 7, 6, 4], [2, 4, 5, 8, 7, 9, 1, 3, 6]]","[[8, 6, 2, 7, 3, 5, 4, 9, 1], [4, 1, 3, 9, 5, 6, 8, 7, 2], [1, 7, 6, 5, 9, 4, 2, 8, 3], [6, 2, 8, 4, 1, 7, 3, 5, 9], [3, 8, 9, 2, 7, 1, 5, 4, 6], [7, 5, 4, 6, 8, 2, 9, 1, 3], [9, 5, 7, 1, 4, 3, 6, 2, 8], [5, 9, 1, 3, 2, 8, 7, 6, 4], [2, 4, 5, 8, 6, 9, 1, 3, 7]]","[[8, 6, 2, 7, 3, 5, 4, 9, 1], [4, 1, 3, 9, 5, 6, 8, 7, 2], [1, 7, 6, 5, 9, 4, 2, 8, 3], [6, 2, 8, 4, 1, 7, 3, 5, 9], [3, 8, 9, 2, 7, 1, 5, 4, 6], [7, 3, 4, 6, 8, 2, 9, 1, 5], [9, 5, 7, 1, 4, 3, 6, 2, 8], [5, 9, 1, 3, 2, 8, 7, 6, 4], [2, 4, 5, 8, 6, 9, 1, 3, 7]]","[[8, 6, 2, 7, 3, 5, 4, 9, 1], [4, 1, 3, 9, 5, 6, 8, 7, 2], [1, 7, 6, 5, 9, 4, 2, 8, 3], [6, 2, 8, 4, 1, 7, 3, 5, 9], [3, 8, 9, 2, 7, 1, 5, 4, 6], [1, 3, 4, 6, 8, 2, 9, 7, 5], [9, 5, 7, 1, 4, 3, 6, 2, 8], [5, 9, 1, 3, 2, 8, 7, 6, 4], [2, 4, 5, 8, 6, 9, 1, 3, 7]]",C,"[[8, 6, 2, 7, 3, 5, 4, 9, 1], [4, 1, 3, 9, 5, 6, 8, 7, 2], [1, 7, 6, 5, 9, 4, 2, 8, 3], [6, 2, 8, 4, 1, 7, 3, 5, 9], [3, 8, 9, 2, 7, 1, 5, 4, 6], [7, 3, 4, 6, 8, 2, 9, 1, 5], [9, 5, 7, 1, 4, 3, 6, 2, 8], [5, 9, 1, 3, 2, 8, 7, 6, 4], [2, 4, 5, 8, 6, 9, 1, 3, 7]]","{""num_givens"": 32, ""grid_size"": 9, ""has_standard_distractor"": false}"
sudoku_cf2_shifted_boxes_0038,sudoku_cf2_shifted_boxes,counterfactual,"[[0, 0, 0, 0, 0, 0, 2, 9, 0], [2, 0, 0, 0, 9, 8, 1, 0, 3], [9, 1, 0, 0, 5, 7, 0, 0, 0], [7, 0, 0, 4, 0, 3, 0, 0, 5], [0, 0, 1, 0, 3, 0, 0, 2, 8], [0, 7, 8, 0, 0, 2, 0, 3, 0], [6, 0, 2, 0, 0, 0, 9, 0, 7], [0, 0, 0, 0, 0, 0, 0, 0, 1], [3, 5, 0, 0, 0, 0, 8, 7, 0]]","Solve the following modified Sudoku puzzle.
Rule change: The row and column rules are identical to standard Sudoku (each digit 1–9 appears exactly once per row and column). However, the nine 3×3 boxes are spatially shifted: instead of starting at rows/columns 0, 3, 6, each box is shifted by 1 cell in both directions with toroidal (wrap-around) topology. Concretely, box (br, bc) covers rows {(br×3+1) mod 9, (br×3+2) mod 9, (br×3+3) mod 9} and cols {(bc×3+1) mod 9, (bc×3+2) mod 9, (bc×3+3) mod 9}.

Puzzle (. = empty cell):
. . . | . . . | 2 9 .
2 . . | . 9 8 | 1 . 3
9 1 . | . 5 7 | . . .
---------------------
7 . . | 4 . 3 | . . 5
. . 1 | . 3 . | . 2 8
. 7 8 | . . 2 | . 3 .
---------------------
6 . 2 | . . . | 9 . 7
. . . | . . . | . . 1
3 5 . | . . . | 8 7 .

Which of the following is the correct completed solution?
Note: one option is the solution obtained by applying standard Sudoku rules.","[[8, 3, 7, 1, 6, 5, 2, 9, 4], [2, 6, 5, 7, 9, 8, 1, 4, 3], [9, 1, 3, 2, 5, 7, 4, 8, 6], [7, 8, 9, 4, 2, 3, 6, 1, 5], [4, 9, 1, 5, 3, 6, 7, 2, 8], [1, 7, 8, 6, 4, 2, 5, 3, 9], [6, 4, 2, 3, 8, 1, 9, 5, 7], [5, 2, 4, 8, 7, 9, 3, 6, 1], [3, 5, 9, 6, 1, 4, 8, 7, 2]]","[[6, 3, 7, 1, 8, 5, 2, 9, 4], [2, 6, 5, 7, 9, 8, 1, 4, 3], [9, 1, 3, 2, 5, 7, 4, 8, 6], [7, 8, 9, 4, 2, 3, 6, 1, 5], [4, 9, 1, 5, 3, 6, 7, 2, 8], [1, 7, 8, 6, 4, 2, 5, 3, 9], [6, 4, 2, 3, 8, 1, 9, 5, 7], [5, 2, 4, 8, 7, 9, 3, 6, 1], [3, 5, 6, 9, 1, 4, 8, 7, 2]]","[[5, 3, 7, 1, 6, 8, 2, 9, 4], [2, 6, 5, 7, 9, 8, 1, 4, 3], [9, 1, 3, 2, 5, 7, 4, 8, 6], [7, 8, 9, 4, 2, 3, 6, 1, 5], [4, 9, 1, 5, 3, 6, 7, 2, 8], [1, 7, 8, 6, 4, 2, 5, 3, 9], [6, 4, 2, 3, 8, 1, 9, 5, 7], [5, 2, 4, 8, 7, 9, 3, 6, 1], [3, 5, 6, 9, 1, 4, 8, 7, 2]]","[[8, 3, 7, 1, 6, 5, 2, 9, 4], [2, 6, 5, 7, 9, 8, 1, 4, 3], [9, 1, 3, 2, 5, 7, 4, 8, 6], [7, 8, 9, 4, 2, 3, 6, 1, 5], [4, 9, 1, 5, 3, 6, 7, 2, 8], [1, 7, 8, 6, 4, 2, 5, 3, 9], [6, 4, 2, 3, 8, 1, 9, 5, 7], [5, 2, 4, 8, 7, 9, 3, 6, 1], [3, 5, 6, 9, 1, 4, 8, 7, 2]]",D,"[[8, 3, 7, 1, 6, 5, 2, 9, 4], [2, 6, 5, 7, 9, 8, 1, 4, 3], [9, 1, 3, 2, 5, 7, 4, 8, 6], [7, 8, 9, 4, 2, 3, 6, 1, 5], [4, 9, 1, 5, 3, 6, 7, 2, 8], [1, 7, 8, 6, 4, 2, 5, 3, 9], [6, 4, 2, 3, 8, 1, 9, 5, 7], [5, 2, 4, 8, 7, 9, 3, 6, 1], [3, 5, 6, 9, 1, 4, 8, 7, 2]]","{""num_givens"": 32, ""grid_size"": 9, ""has_standard_distractor"": false}"
sudoku_cf2_shifted_boxes_0039,sudoku_cf2_shifted_boxes,counterfactual,"[[0, 0, 0, 0, 0, 6, 0, 0, 7], [0, 0, 4, 0, 0, 1, 0, 9, 8], [2, 0, 0, 6, 9, 4, 0, 0, 0], [6, 0, 0, 0, 2, 0, 8, 0, 0], [0, 0, 0, 2, 5, 0, 0, 1, 0], [0, 0, 8, 4, 0, 0, 0, 7, 6], [0, 3, 0, 0, 0, 9, 0, 0, 2], [9, 4, 0, 0, 8, 3, 7, 6, 0], [8, 0, 3, 0, 0, 0, 9, 0, 0]]","Solve the following modified Sudoku puzzle.
Rule change: The row and column rules are identical to standard Sudoku (each digit 1–9 appears exactly once per row and column). However, the nine 3×3 boxes are spatially shifted: instead of starting at rows/columns 0, 3, 6, each box is shifted by 1 cell in both directions with toroidal (wrap-around) topology. Concretely, box (br, bc) covers rows {(br×3+1) mod 9, (br×3+2) mod 9, (br×3+3) mod 9} and cols {(bc×3+1) mod 9, (bc×3+2) mod 9, (bc×3+3) mod 9}.

Puzzle (. = empty cell):
. . . | . . 6 | . . 7
. . 4 | . . 1 | . 9 8
2 . . | 6 9 4 | . . .
---------------------
6 . . | . 2 . | 8 . .
. . . | 2 5 . | . 1 .
. . 8 | 4 . . | . 7 6
---------------------
. 3 . | . . 9 | . . 2
9 4 . | . 8 3 | 7 6 .
8 . 3 | . . . | 9 . .

Which of the following is the correct completed solution?
Note: one option is the solution obtained by applying standard Sudoku rules.","[[1, 5, 9, 8, 4, 6, 2, 3, 7], [7, 2, 4, 3, 6, 1, 5, 9, 8], [2, 8, 7, 6, 9, 4, 3, 5, 1], [6, 1, 5, 9, 2, 7, 8, 4, 3], [3, 7, 6, 2, 5, 8, 4, 1, 9], [5, 9, 8, 4, 3, 2, 1, 7, 6], [4, 3, 1, 5, 7, 9, 6, 8, 2], [9, 4, 1, 2, 8, 3, 7, 6, 5], [8, 6, 3, 7, 1, 5, 9, 2, 4]]","[[1, 5, 9, 8, 4, 6, 2, 3, 7], [7, 2, 4, 3, 6, 1, 5, 9, 8], [2, 8, 7, 6, 9, 4, 3, 5, 1], [6, 1, 5, 9, 2, 7, 8, 4, 3], [3, 7, 6, 2, 5, 8, 4, 1, 9], [5, 9, 8, 4, 3, 2, 1, 7, 6], [4, 3, 1, 5, 7, 9, 6, 8, 2], [9, 4, 2, 1, 8, 3, 7, 6, 5], [8, 6, 3, 7, 1, 5, 9, 2, 4]]","[[1, 5, 9, 8, 4, 6, 2, 3, 7], [7, 2, 4, 3, 6, 1, 5, 9, 8], [2, 8, 7, 6, 9, 4, 3, 5, 1], [6, 1, 5, 9, 2, 7, 8, 4, 3], [3, 7, 6, 2, 5, 8, 4, 1, 9], [5, 9, 8, 4, 3, 2, 1, 7, 6], [4, 3, 1, 5, 7, 9, 6, 8, 2], [9, 4, 2, 1, 8, 3, 7, 6, 5], [8, 6, 3, 7, 4, 5, 9, 2, 1]]","[[1, 5, 9, 8, 4, 6, 2, 3, 7], [7, 2, 4, 3, 6, 1, 5, 9, 8], [2, 8, 7, 6, 9, 4, 3, 5, 1], [6, 1, 5, 9, 2, 7, 8, 4, 3], [3, 7, 6, 2, 5, 8, 4, 1, 9], [5, 1, 8, 4, 3, 2, 9, 7, 6], [4, 3, 1, 5, 7, 9, 6, 8, 2], [9, 4, 2, 1, 8, 3, 7, 6, 5], [8, 6, 3, 7, 1, 5, 9, 2, 4]]",B,"[[1, 5, 9, 8, 4, 6, 2, 3, 7], [7, 2, 4, 3, 6, 1, 5, 9, 8], [2, 8, 7, 6, 9, 4, 3, 5, 1], [6, 1, 5, 9, 2, 7, 8, 4, 3], [3, 7, 6, 2, 5, 8, 4, 1, 9], [5, 9, 8, 4, 3, 2, 1, 7, 6], [4, 3, 1, 5, 7, 9, 6, 8, 2], [9, 4, 2, 1, 8, 3, 7, 6, 5], [8, 6, 3, 7, 1, 5, 9, 2, 4]]","{""num_givens"": 32, ""grid_size"": 9, ""has_standard_distractor"": false}"
sudoku_cf2_shifted_boxes_0040,sudoku_cf2_shifted_boxes,counterfactual,"[[9, 0, 8, 0, 0, 0, 0, 1, 0], [0, 9, 0, 0, 8, 0, 0, 0, 0], [0, 0, 0, 0, 0, 9, 0, 6, 0], [3, 0, 7, 8, 0, 0, 4, 0, 0], [0, 0, 9, 7, 4, 5, 8, 2, 6], [0, 4, 2, 0, 0, 6, 0, 0, 9], [0, 8, 0, 1, 2, 0, 0, 4, 0], [0, 2, 0, 0, 0, 0, 3, 0, 0], [2, 0, 5, 6, 0, 0, 0, 8, 0]]","Solve the following modified Sudoku puzzle.
Rule change: The row and column rules are identical to standard Sudoku (each digit 1–9 appears exactly once per row and column). However, the nine 3×3 boxes are spatially shifted: instead of starting at rows/columns 0, 3, 6, each box is shifted by 1 cell in both directions with toroidal (wrap-around) topology. Concretely, box (br, bc) covers rows {(br×3+1) mod 9, (br×3+2) mod 9, (br×3+3) mod 9} and cols {(bc×3+1) mod 9, (bc×3+2) mod 9, (bc×3+3) mod 9}.

Puzzle (. = empty cell):
9 . 8 | . . . | . 1 .
. 9 . | . 8 . | . . .
. . . | . . 9 | . 6 .
---------------------
3 . 7 | 8 . . | 4 . .
. . 9 | 7 4 5 | 8 2 6
. 4 2 | . . 6 | . . 9
---------------------
. 8 . | 1 2 . | . 4 .
. 2 . | . . . | 3 . .
2 . 5 | 6 . . | . 8 .

Which of the following is the correct completed solution?
Note: one option is the solution obtained by applying standard Sudoku rules.","[[9, 3, 8, 7, 6, 2, 5, 1, 4], [4, 9, 3, 2, 8, 7, 6, 5, 1], [7, 5, 1, 4, 3, 9, 2, 6, 8], [3, 6, 7, 8, 5, 1, 4, 9, 2], [1, 3, 9, 7, 4, 5, 8, 2, 6], [8, 4, 2, 5, 7, 6, 1, 3, 9], [5, 8, 6, 1, 2, 3, 9, 4, 7], [6, 2, 4, 9, 1, 8, 3, 7, 5], [2, 1, 5, 6, 9, 4, 7, 8, 3]]","[[9, 7, 8, 3, 6, 2, 5, 1, 4], [4, 9, 3, 2, 8, 7, 6, 5, 1], [7, 5, 1, 4, 3, 9, 2, 6, 8], [3, 6, 7, 8, 5, 1, 4, 9, 2], [1, 3, 9, 7, 4, 5, 8, 2, 6], [8, 4, 2, 5, 7, 6, 1, 3, 9], [5, 8, 6, 1, 2, 3, 9, 4, 7], [6, 2, 4, 9, 1, 8, 3, 7, 5], [2, 1, 5, 6, 9, 4, 7, 8, 3]]","[[9, 7, 8, 3, 6, 2, 5, 1, 4], [4, 9, 3, 2, 8, 7, 6, 5, 1], [7, 5, 1, 4, 3, 9, 2, 6, 8], [3, 6, 7, 8, 5, 1, 4, 9, 2], [1, 3, 9, 7, 4, 5, 8, 2, 6], [8, 4, 2, 5, 7, 6, 1, 3, 9], [6, 8, 5, 1, 2, 3, 9, 4, 7], [6, 2, 4, 9, 1, 8, 3, 7, 5], [2, 1, 5, 6, 9, 4, 7, 8, 3]]","[[9, 7, 8, 3, 6, 2, 5, 1, 4], [4, 9, 3, 2, 8, 7, 6, 5, 1], [7, 5, 1, 4, 3, 9, 2, 6, 8], [3, 6, 7, 8, 5, 1, 4, 9, 2], [1, 3, 9, 7, 4, 5, 8, 2, 6], [8, 4, 2, 5, 7, 6, 1, 3, 9], [5, 8, 9, 1, 2, 3, 6, 4, 7], [6, 2, 4, 9, 1, 8, 3, 7, 5], [2, 1, 5, 6, 9, 4, 7, 8, 3]]",B,"[[9, 7, 8, 3, 6, 2, 5, 1, 4], [4, 9, 3, 2, 8, 7, 6, 5, 1], [7, 5, 1, 4, 3, 9, 2, 6, 8], [3, 6, 7, 8, 5, 1, 4, 9, 2], [1, 3, 9, 7, 4, 5, 8, 2, 6], [8, 4, 2, 5, 7, 6, 1, 3, 9], [5, 8, 6, 1, 2, 3, 9, 4, 7], [6, 2, 4, 9, 1, 8, 3, 7, 5], [2, 1, 5, 6, 9, 4, 7, 8, 3]]","{""num_givens"": 32, ""grid_size"": 9, ""has_standard_distractor"": false}"
sudoku_cf2_shifted_boxes_0041,sudoku_cf2_shifted_boxes,counterfactual,"[[7, 0, 0, 1, 4, 2, 0, 0, 0], [1, 7, 0, 0, 0, 0, 0, 0, 2], [0, 2, 3, 0, 0, 0, 0, 0, 0], [0, 0, 6, 0, 9, 0, 2, 8, 0], [5, 0, 0, 0, 0, 0, 0, 0, 0], [3, 9, 4, 0, 6, 0, 1, 2, 8], [6, 0, 2, 0, 3, 0, 0, 7, 0], [0, 3, 0, 0, 1, 8, 0, 9, 0], [0, 0, 0, 0, 7, 9, 0, 0, 6]]","Solve the following modified Sudoku puzzle.
Rule change: The row and column rules are identical to standard Sudoku (each digit 1–9 appears exactly once per row and column). However, the nine 3×3 boxes are spatially shifted: instead of starting at rows/columns 0, 3, 6, each box is shifted by 1 cell in both directions with toroidal (wrap-around) topology. Concretely, box (br, bc) covers rows {(br×3+1) mod 9, (br×3+2) mod 9, (br×3+3) mod 9} and cols {(bc×3+1) mod 9, (bc×3+2) mod 9, (bc×3+3) mod 9}.

Puzzle (. = empty cell):
7 . . | 1 4 2 | . . .
1 7 . | . . . | . . 2
. 2 3 | . . . | . . .
---------------------
. . 6 | . 9 . | 2 8 .
5 . . | . . . | . . .
3 9 4 | . 6 . | 1 2 8
---------------------
6 . 2 | . 3 . | . 7 .
. 3 . | . 1 8 | . 9 .
. . . | . 7 9 | . . 6

Which of the following is the correct completed solution?
Note: one option is the solution obtained by applying standard Sudoku rules.","[[7, 8, 9, 1, 4, 2, 6, 5, 3], [1, 7, 8, 9, 5, 6, 4, 3, 2], [9, 2, 3, 4, 8, 1, 7, 6, 5], [4, 1, 6, 5, 9, 3, 2, 8, 7], [5, 6, 1, 3, 2, 7, 8, 4, 9], [3, 9, 4, 7, 6, 5, 1, 2, 8], [6, 5, 2, 8, 3, 4, 9, 7, 1], [2, 3, 7, 6, 1, 8, 5, 9, 4], [8, 4, 5, 2, 7, 9, 1, 3, 6]]","[[7, 8, 9, 1, 4, 2, 6, 5, 3], [1, 7, 8, 9, 5, 6, 4, 3, 2], [9, 2, 3, 4, 8, 1, 7, 6, 5], [1, 4, 6, 5, 9, 3, 2, 8, 7], [5, 6, 1, 3, 2, 7, 8, 4, 9], [3, 9, 4, 7, 6, 5, 1, 2, 8], [6, 5, 2, 8, 3, 4, 9, 7, 1], [2, 3, 7, 6, 1, 8, 5, 9, 4], [8, 4, 5, 2, 7, 9, 3, 1, 6]]","[[7, 9, 8, 1, 4, 2, 6, 5, 3], [1, 7, 8, 9, 5, 6, 4, 3, 2], [9, 2, 3, 4, 8, 1, 7, 6, 5], [4, 1, 6, 5, 9, 3, 2, 8, 7], [5, 6, 1, 3, 2, 7, 8, 4, 9], [3, 9, 4, 7, 6, 5, 1, 2, 8], [6, 5, 2, 8, 3, 4, 9, 7, 1], [2, 3, 7, 6, 1, 8, 5, 9, 4], [8, 4, 5, 2, 7, 9, 3, 1, 6]]","[[7, 8, 9, 1, 4, 2, 6, 5, 3], [1, 7, 8, 9, 5, 6, 4, 3, 2], [9, 2, 3, 4, 8, 1, 7, 6, 5], [4, 1, 6, 5, 9, 3, 2, 8, 7], [5, 6, 1, 3, 2, 7, 8, 4, 9], [3, 9, 4, 7, 6, 5, 1, 2, 8], [6, 5, 2, 8, 3, 4, 9, 7, 1], [2, 3, 7, 6, 1, 8, 5, 9, 4], [8, 4, 5, 2, 7, 9, 3, 1, 6]]",D,"[[7, 8, 9, 1, 4, 2, 6, 5, 3], [1, 7, 8, 9, 5, 6, 4, 3, 2], [9, 2, 3, 4, 8, 1, 7, 6, 5], [4, 1, 6, 5, 9, 3, 2, 8, 7], [5, 6, 1, 3, 2, 7, 8, 4, 9], [3, 9, 4, 7, 6, 5, 1, 2, 8], [6, 5, 2, 8, 3, 4, 9, 7, 1], [2, 3, 7, 6, 1, 8, 5, 9, 4], [8, 4, 5, 2, 7, 9, 3, 1, 6]]","{""num_givens"": 32, ""grid_size"": 9, ""has_standard_distractor"": false}"
sudoku_cf2_shifted_boxes_0042,sudoku_cf2_shifted_boxes,counterfactual,"[[0, 1, 0, 0, 0, 7, 0, 0, 0], [0, 6, 4, 0, 0, 0, 0, 3, 1], [0, 3, 0, 0, 5, 0, 0, 0, 0], [0, 0, 9, 0, 0, 0, 0, 0, 8], [2, 0, 0, 0, 7, 1, 0, 9, 0], [6, 0, 2, 0, 8, 5, 0, 1, 0], [0, 5, 6, 1, 3, 0, 9, 0, 0], [0, 4, 0, 6, 0, 0, 0, 0, 9], [7, 0, 8, 0, 6, 9, 0, 5, 0]]","Solve the following modified Sudoku puzzle.
Rule change: The row and column rules are identical to standard Sudoku (each digit 1–9 appears exactly once per row and column). However, the nine 3×3 boxes are spatially shifted: instead of starting at rows/columns 0, 3, 6, each box is shifted by 1 cell in both directions with toroidal (wrap-around) topology. Concretely, box (br, bc) covers rows {(br×3+1) mod 9, (br×3+2) mod 9, (br×3+3) mod 9} and cols {(bc×3+1) mod 9, (bc×3+2) mod 9, (bc×3+3) mod 9}.

Puzzle (. = empty cell):
. 1 . | . . 7 | . . .
. 6 4 | . . . | . 3 1
. 3 . | . 5 . | . . .
---------------------
. . 9 | . . . | . . 8
2 . . | . 7 1 | . 9 .
6 . 2 | . 8 5 | . 1 .
---------------------
. 5 6 | 1 3 . | 9 . .
. 4 . | 6 . . | . . 9
7 . 8 | . 6 9 | . 5 .

Which of the following is the correct completed solution?
Note: one option is the solution obtained by applying standard Sudoku rules.","[[3, 1, 5, 9, 2, 7, 8, 6, 4], [5, 6, 4, 2, 9, 8, 7, 3, 1], [9, 3, 1, 8, 5, 4, 2, 7, 6], [4, 7, 9, 5, 1, 6, 3, 2, 8], [2, 8, 3, 4, 7, 1, 6, 9, 5], [6, 9, 2, 7, 8, 5, 4, 1, 3], [8, 5, 6, 1, 3, 2, 9, 4, 7], [1, 4, 7, 6, 2, 3, 5, 8, 9], [7, 2, 8, 3, 6, 9, 1, 5, 4]]","[[3, 1, 5, 9, 4, 7, 8, 6, 2], [5, 6, 4, 2, 9, 8, 7, 3, 1], [9, 3, 1, 8, 5, 4, 2, 7, 6], [4, 7, 9, 5, 1, 6, 3, 2, 8], [2, 8, 3, 4, 7, 1, 6, 9, 5], [6, 9, 2, 7, 8, 5, 4, 1, 3], [8, 5, 6, 1, 3, 2, 9, 4, 7], [1, 4, 7, 6, 2, 3, 5, 8, 9], [7, 2, 8, 3, 6, 9, 1, 5, 4]]","[[3, 1, 5, 9, 4, 7, 8, 6, 2], [5, 6, 4, 2, 7, 8, 9, 3, 1], [9, 3, 1, 8, 5, 4, 2, 7, 6], [4, 7, 9, 5, 1, 6, 3, 2, 8], [2, 8, 3, 4, 7, 1, 6, 9, 5], [6, 9, 2, 7, 8, 5, 4, 1, 3], [8, 5, 6, 1, 3, 2, 9, 4, 7], [1, 4, 7, 6, 2, 3, 5, 8, 9], [7, 2, 8, 3, 6, 9, 1, 5, 4]]","[[3, 1, 5, 9, 4, 7, 8, 6, 2], [5, 6, 4, 2, 9, 8, 7, 3, 1], [9, 3, 1, 8, 5, 7, 2, 4, 6], [4, 7, 9, 5, 1, 6, 3, 2, 8], [2, 8, 3, 4, 7, 1, 6, 9, 5], [6, 9, 2, 7, 8, 5, 4, 1, 3], [8, 5, 6, 1, 3, 2, 9, 4, 7], [1, 4, 7, 6, 2, 3, 5, 8, 9], [7, 2, 8, 3, 6, 9, 1, 5, 4]]",B,"[[3, 1, 5, 9, 4, 7, 8, 6, 2], [5, 6, 4, 2, 9, 8, 7, 3, 1], [9, 3, 1, 8, 5, 4, 2, 7, 6], [4, 7, 9, 5, 1, 6, 3, 2, 8], [2, 8, 3, 4, 7, 1, 6, 9, 5], [6, 9, 2, 7, 8, 5, 4, 1, 3], [8, 5, 6, 1, 3, 2, 9, 4, 7], [1, 4, 7, 6, 2, 3, 5, 8, 9], [7, 2, 8, 3, 6, 9, 1, 5, 4]]","{""num_givens"": 32, ""grid_size"": 9, ""has_standard_distractor"": false}"
sudoku_cf2_shifted_boxes_0043,sudoku_cf2_shifted_boxes,counterfactual,"[[2, 1, 7, 0, 0, 0, 0, 0, 0], [0, 0, 2, 3, 1, 0, 9, 0, 6], [0, 0, 0, 0, 5, 2, 7, 3, 0], [0, 5, 4, 0, 3, 0, 0, 0, 7], [8, 0, 1, 0, 0, 0, 0, 0, 0], [6, 0, 5, 0, 9, 0, 0, 0, 0], [0, 0, 6, 0, 0, 5, 0, 9, 1], [0, 0, 3, 0, 0, 1, 0, 7, 9], [0, 8, 9, 0, 0, 0, 2, 0, 0]]","Solve the following modified Sudoku puzzle.
Rule change: The row and column rules are identical to standard Sudoku (each digit 1–9 appears exactly once per row and column). However, the nine 3×3 boxes are spatially shifted: instead of starting at rows/columns 0, 3, 6, each box is shifted by 1 cell in both directions with toroidal (wrap-around) topology. Concretely, box (br, bc) covers rows {(br×3+1) mod 9, (br×3+2) mod 9, (br×3+3) mod 9} and cols {(bc×3+1) mod 9, (bc×3+2) mod 9, (bc×3+3) mod 9}.

Puzzle (. = empty cell):
2 1 7 | . . . | . . .
. . 2 | 3 1 . | 9 . 6
. . . | . 5 2 | 7 3 .
---------------------
. 5 4 | . 3 . | . . 7
8 . 1 | . . . | . . .
6 . 5 | . 9 . | . . .
---------------------
. . 6 | . . 5 | . 9 1
. . 3 | . . 1 | . 7 9
. 8 9 | . . . | 2 . .

Which of the following is the correct completed solution?
Note: one option is the solution obtained by applying standard Sudoku rules.","[[2, 1, 7, 5, 4, 9, 3, 6, 8], [5, 7, 2, 3, 1, 4, 9, 8, 6], [1, 9, 8, 6, 5, 2, 7, 3, 4], [9, 5, 4, 1, 3, 6, 8, 2, 7], [8, 4, 1, 9, 7, 3, 6, 5, 2], [6, 2, 5, 7, 9, 8, 1, 4, 3], [7, 3, 6, 8, 2, 5, 4, 9, 1], [4, 6, 3, 2, 8, 1, 5, 7, 9], [3, 8, 9, 4, 7, 6, 2, 1, 5]]","[[2, 1, 7, 5, 4, 9, 3, 6, 8], [5, 7, 2, 3, 1, 4, 9, 8, 6], [1, 9, 8, 6, 5, 2, 7, 3, 4], [9, 5, 4, 1, 3, 6, 8, 2, 7], [8, 4, 1, 9, 7, 3, 6, 5, 2], [6, 2, 5, 7, 9, 8, 1, 4, 3], [7, 3, 6, 8, 2, 5, 4, 9, 1], [4, 6, 3, 2, 8, 1, 5, 7, 9], [3, 8, 9, 4, 6, 7, 2, 5, 1]]","[[2, 1, 7, 5, 4, 9, 3, 6, 8], [5, 7, 2, 3, 1, 4, 9, 8, 6], [1, 9, 8, 6, 5, 2, 7, 3, 4], [9, 5, 4, 1, 3, 6, 8, 2, 7], [8, 4, 1, 9, 7, 3, 6, 5, 2], [6, 2, 5, 7, 9, 8, 1, 4, 3], [7, 3, 6, 8, 2, 5, 4, 9, 1], [4, 6, 3, 2, 8, 1, 5, 7, 9], [3, 8, 9, 4, 6, 7, 2, 1, 5]]","[[2, 1, 7, 5, 4, 9, 3, 6, 8], [5, 7, 2, 3, 1, 4, 9, 8, 6], [1, 9, 8, 6, 5, 2, 7, 3, 4], [9, 5, 4, 1, 3, 6, 8, 2, 7], [8, 4, 1, 9, 7, 3, 6, 5, 2], [6, 2, 5, 1, 9, 8, 7, 4, 3], [7, 3, 6, 8, 2, 5, 4, 9, 1], [4, 6, 3, 2, 8, 1, 5, 7, 9], [3, 8, 9, 4, 6, 7, 2, 1, 5]]",C,"[[2, 1, 7, 5, 4, 9, 3, 6, 8], [5, 7, 2, 3, 1, 4, 9, 8, 6], [1, 9, 8, 6, 5, 2, 7, 3, 4], [9, 5, 4, 1, 3, 6, 8, 2, 7], [8, 4, 1, 9, 7, 3, 6, 5, 2], [6, 2, 5, 7, 9, 8, 1, 4, 3], [7, 3, 6, 8, 2, 5, 4, 9, 1], [4, 6, 3, 2, 8, 1, 5, 7, 9], [3, 8, 9, 4, 6, 7, 2, 1, 5]]","{""num_givens"": 32, ""grid_size"": 9, ""has_standard_distractor"": false}"
sudoku_cf2_shifted_boxes_0044,sudoku_cf2_shifted_boxes,counterfactual,"[[6, 0, 8, 0, 0, 0, 0, 0, 7], [0, 0, 0, 0, 8, 9, 0, 0, 0], [0, 0, 4, 0, 0, 2, 6, 5, 0], [0, 0, 9, 8, 1, 0, 0, 0, 0], [0, 0, 7, 0, 5, 0, 3, 6, 1], [0, 0, 0, 0, 0, 1, 0, 0, 3], [5, 0, 1, 2, 9, 6, 7, 0, 0], [3, 2, 0, 0, 0, 0, 9, 8, 0], [0, 0, 0, 0, 0, 4, 8, 2, 0]]","Solve the following modified Sudoku puzzle.
Rule change: The row and column rules are identical to standard Sudoku (each digit 1–9 appears exactly once per row and column). However, the nine 3×3 boxes are spatially shifted: instead of starting at rows/columns 0, 3, 6, each box is shifted by 1 cell in both directions with toroidal (wrap-around) topology. Concretely, box (br, bc) covers rows {(br×3+1) mod 9, (br×3+2) mod 9, (br×3+3) mod 9} and cols {(bc×3+1) mod 9, (bc×3+2) mod 9, (bc×3+3) mod 9}.

Puzzle (. = empty cell):
6 . 8 | . . . | . . 7
. . . | . 8 9 | . . .
. . 4 | . . 2 | 6 5 .
---------------------
. . 9 | 8 1 . | . . .
. . 7 | . 5 . | 3 6 1
. . . | . . 1 | . . 3
---------------------
5 . 1 | 2 9 6 | 7 . .
3 2 . | . . . | 9 8 .
. . . | . . 4 | 8 2 .

Which of the following is the correct completed solution?
Note: one option is the solution obtained by applying standard Sudoku rules.","[[6, 4, 8, 5, 2, 3, 1, 9, 7], [7, 5, 2, 3, 8, 9, 4, 1, 6], [8, 1, 4, 7, 3, 2, 6, 5, 9], [4, 6, 9, 8, 1, 7, 5, 3, 2], [2, 9, 7, 4, 5, 8, 3, 6, 1], [9, 8, 5, 6, 4, 1, 2, 7, 3], [5, 3, 1, 2, 9, 6, 7, 4, 8], [3, 2, 6, 1, 7, 5, 9, 8, 4], [1, 7, 3, 9, 6, 4, 8, 2, 5]]","[[6, 4, 8, 5, 2, 3, 1, 9, 7], [7, 5, 2, 3, 8, 9, 4, 1, 6], [3, 1, 4, 7, 8, 2, 6, 5, 9], [4, 6, 9, 8, 1, 7, 5, 3, 2], [2, 9, 7, 4, 5, 8, 3, 6, 1], [9, 8, 5, 6, 4, 1, 2, 7, 3], [5, 3, 1, 2, 9, 6, 7, 4, 8], [3, 2, 6, 1, 7, 5, 9, 8, 4], [1, 7, 3, 9, 6, 4, 8, 2, 5]]","[[6, 4, 8, 5, 2, 3, 1, 9, 7], [7, 5, 2, 3, 8, 9, 4, 1, 6], [8, 1, 4, 7, 3, 2, 6, 5, 9], [4, 6, 9, 8, 1, 7, 5, 3, 2], [2, 9, 7, 4, 5, 8, 3, 6, 1], [9, 8, 5, 6, 4, 1, 2, 7, 3], [5, 3, 1, 2, 9, 6, 7, 4, 8], [3, 2, 5, 1, 7, 6, 9, 8, 4], [1, 7, 3, 9, 6, 4, 8, 2, 5]]","[[6, 4, 8, 5, 2, 3, 1, 9, 7], [7, 5, 2, 3, 8, 9, 4, 1, 6], [8, 1, 4, 7, 3, 2, 6, 5, 9], [4, 6, 9, 8, 1, 7, 5, 3, 2], [2, 9, 7, 4, 5, 8, 3, 6, 1], [9, 8, 5, 6, 4, 1, 2, 7, 3], [5, 3, 1, 2, 9, 6, 7, 4, 8], [3, 2, 6, 1, 7, 5, 9, 8, 4], [1, 3, 7, 9, 6, 4, 8, 2, 5]]",A,"[[6, 4, 8, 5, 2, 3, 1, 9, 7], [7, 5, 2, 3, 8, 9, 4, 1, 6], [8, 1, 4, 7, 3, 2, 6, 5, 9], [4, 6, 9, 8, 1, 7, 5, 3, 2], [2, 9, 7, 4, 5, 8, 3, 6, 1], [9, 8, 5, 6, 4, 1, 2, 7, 3], [5, 3, 1, 2, 9, 6, 7, 4, 8], [3, 2, 6, 1, 7, 5, 9, 8, 4], [1, 7, 3, 9, 6, 4, 8, 2, 5]]","{""num_givens"": 32, ""grid_size"": 9, ""has_standard_distractor"": false}"
sudoku_cf2_shifted_boxes_0045,sudoku_cf2_shifted_boxes,counterfactual,"[[0, 4, 0, 0, 0, 0, 0, 0, 0], [0, 0, 0, 0, 0, 9, 0, 0, 5], [0, 5, 8, 7, 0, 0, 0, 0, 6], [0, 0, 3, 6, 2, 0, 5, 0, 8], [7, 2, 6, 0, 0, 0, 0, 0, 1], [0, 0, 0, 8, 0, 1, 2, 3, 0], [0, 0, 0, 9, 6, 0, 7, 0, 0], [0, 6, 7, 3, 0, 8, 1, 0, 0], [1, 0, 0, 0, 7, 6, 0, 0, 3]]","Solve the following modified Sudoku puzzle.
Rule change: The row and column rules are identical to standard Sudoku (each digit 1–9 appears exactly once per row and column). However, the nine 3×3 boxes are spatially shifted: instead of starting at rows/columns 0, 3, 6, each box is shifted by 1 cell in both directions with toroidal (wrap-around) topology. Concretely, box (br, bc) covers rows {(br×3+1) mod 9, (br×3+2) mod 9, (br×3+3) mod 9} and cols {(bc×3+1) mod 9, (bc×3+2) mod 9, (bc×3+3) mod 9}.

Puzzle (. = empty cell):
. 4 . | . . . | . . .
. . . | . . 9 | . . 5
. 5 8 | 7 . . | . . 6
---------------------
. . 3 | 6 2 . | 5 . 8
7 2 6 | . . . | . . 1
. . . | 8 . 1 | 2 3 .
---------------------
. . . | 9 6 . | 7 . .
. 6 7 | 3 . 8 | 1 . .
1 . . | . 7 6 | . . 3

Which of the following is the correct completed solution?
Note: one option is the solution obtained by applying standard Sudoku rules.","[[8, 4, 9, 1, 5, 2, 3, 6, 7], [3, 6, 4, 2, 8, 9, 1, 7, 5], [9, 5, 8, 7, 1, 3, 4, 2, 6], [4, 9, 3, 6, 2, 7, 5, 1, 8], [7, 2, 6, 4, 3, 5, 8, 9, 1], [6, 7, 5, 8, 9, 1, 2, 3, 4], [5, 3, 1, 9, 6, 4, 7, 8, 2], [2, 6, 7, 3, 4, 8, 1, 5, 9], [1, 8, 2, 5, 7, 6, 9, 4, 3]]","[[8, 4, 9, 1, 5, 2, 3, 6, 7], [3, 1, 4, 2, 8, 9, 6, 7, 5], [9, 5, 8, 7, 1, 3, 4, 2, 6], [4, 9, 3, 6, 2, 7, 5, 1, 8], [7, 2, 6, 4, 3, 5, 8, 9, 1], [6, 7, 5, 8, 9, 1, 2, 3, 4], [5, 3, 1, 9, 6, 4, 7, 8, 2], [2, 6, 7, 3, 4, 8, 1, 5, 9], [1, 8, 2, 5, 7, 6, 9, 4, 3]]","[[8, 4, 9, 1, 5, 6, 3, 2, 7], [3, 1, 4, 2, 8, 9, 6, 7, 5], [9, 5, 8, 7, 1, 3, 4, 2, 6], [4, 9, 3, 6, 2, 7, 5, 1, 8], [7, 2, 6, 4, 3, 5, 8, 9, 1], [6, 7, 5, 8, 9, 1, 2, 3, 4], [5, 3, 1, 9, 6, 4, 7, 8, 2], [2, 6, 7, 3, 4, 8, 1, 5, 9], [1, 8, 2, 5, 7, 6, 9, 4, 3]]","[[8, 4, 9, 1, 5, 2, 3, 6, 7], [3, 1, 4, 7, 8, 9, 6, 2, 5], [9, 5, 8, 7, 1, 3, 4, 2, 6], [4, 9, 3, 6, 2, 7, 5, 1, 8], [7, 2, 6, 4, 3, 5, 8, 9, 1], [6, 7, 5, 8, 9, 1, 2, 3, 4], [5, 3, 1, 9, 6, 4, 7, 8, 2], [2, 6, 7, 3, 4, 8, 1, 5, 9], [1, 8, 2, 5, 7, 6, 9, 4, 3]]",B,"[[8, 4, 9, 1, 5, 2, 3, 6, 7], [3, 1, 4, 2, 8, 9, 6, 7, 5], [9, 5, 8, 7, 1, 3, 4, 2, 6], [4, 9, 3, 6, 2, 7, 5, 1, 8], [7, 2, 6, 4, 3, 5, 8, 9, 1], [6, 7, 5, 8, 9, 1, 2, 3, 4], [5, 3, 1, 9, 6, 4, 7, 8, 2], [2, 6, 7, 3, 4, 8, 1, 5, 9], [1, 8, 2, 5, 7, 6, 9, 4, 3]]","{""num_givens"": 32, ""grid_size"": 9, ""has_standard_distractor"": false}"
sudoku_cf2_shifted_boxes_0046,sudoku_cf2_shifted_boxes,counterfactual,"[[6, 0, 1, 0, 4, 0, 9, 8, 5], [0, 2, 0, 4, 8, 0, 0, 0, 6], [0, 0, 8, 7, 5, 0, 0, 3, 0], [0, 6, 0, 0, 3, 0, 0, 7, 8], [0, 1, 0, 0, 0, 8, 2, 5, 0], [0, 0, 2, 3, 0, 0, 0, 0, 0], [0, 0, 9, 0, 0, 3, 5, 0, 4], [0, 0, 0, 0, 0, 0, 0, 4, 7], [0, 0, 0, 5, 0, 0, 0, 2, 0]]","Solve the following modified Sudoku puzzle.
Rule change: The row and column rules are identical to standard Sudoku (each digit 1–9 appears exactly once per row and column). However, the nine 3×3 boxes are spatially shifted: instead of starting at rows/columns 0, 3, 6, each box is shifted by 1 cell in both directions with toroidal (wrap-around) topology. Concretely, box (br, bc) covers rows {(br×3+1) mod 9, (br×3+2) mod 9, (br×3+3) mod 9} and cols {(bc×3+1) mod 9, (bc×3+2) mod 9, (bc×3+3) mod 9}.

Puzzle (. = empty cell):
6 . 1 | . 4 . | 9 8 5
. 2 . | 4 8 . | . . 6
. . 8 | 7 5 . | . 3 .
---------------------
. 6 . | . 3 . | . 7 8
. 1 . | . . 8 | 2 5 .
. . 2 | 3 . . | . . .
---------------------
. . 9 | . . 3 | 5 . 4
. . . | . . . | . 4 7
. . . | 5 . . | . 2 .

Which of the following is the correct completed solution?
Note: one option is the solution obtained by applying standard Sudoku rules.","[[6, 3, 1, 2, 4, 7, 9, 8, 5], [5, 2, 3, 4, 8, 9, 7, 1, 6], [4, 9, 8, 7, 5, 6, 1, 3, 2], [9, 6, 5, 1, 3, 2, 4, 7, 8], [7, 1, 4, 6, 9, 8, 2, 5, 3], [8, 5, 2, 3, 7, 4, 6, 9, 1], [2, 7, 9, 8, 1, 3, 5, 6, 4], [1, 8, 6, 9, 2, 5, 3, 4, 7], [3, 4, 8, 5, 6, 1, 7, 2, 9]]","[[6, 3, 1, 2, 4, 7, 9, 8, 5], [5, 2, 3, 4, 8, 9, 7, 1, 6], [4, 9, 8, 7, 5, 6, 1, 3, 2], [9, 6, 5, 1, 3, 2, 4, 7, 8], [7, 1, 4, 6, 9, 8, 2, 5, 3], [8, 5, 2, 3, 7, 4, 9, 6, 1], [2, 7, 9, 8, 1, 3, 5, 6, 4], [1, 8, 6, 9, 2, 5, 3, 4, 7], [3, 4, 7, 5, 6, 1, 8, 2, 9]]","[[6, 3, 1, 2, 4, 7, 9, 8, 5], [5, 2, 3, 4, 8, 9, 7, 1, 6], [4, 9, 8, 7, 5, 6, 1, 3, 2], [9, 6, 5, 1, 3, 2, 4, 7, 8], [7, 1, 4, 6, 9, 8, 2, 5, 3], [8, 5, 2, 3, 7, 4, 6, 9, 1], [2, 7, 9, 8, 1, 3, 5, 6, 4], [1, 8, 6, 9, 2, 5, 3, 4, 7], [3, 4, 7, 5, 6, 1, 8, 2, 9]]","[[6, 7, 1, 2, 4, 3, 9, 8, 5], [5, 2, 3, 4, 8, 9, 7, 1, 6], [4, 9, 8, 7, 5, 6, 1, 3, 2], [9, 6, 5, 1, 3, 2, 4, 7, 8], [7, 1, 4, 6, 9, 8, 2, 5, 3], [8, 5, 2, 3, 7, 4, 6, 9, 1], [2, 7, 9, 8, 1, 3, 5, 6, 4], [1, 8, 6, 9, 2, 5, 3, 4, 7], [3, 4, 7, 5, 6, 1, 8, 2, 9]]",C,"[[6, 3, 1, 2, 4, 7, 9, 8, 5], [5, 2, 3, 4, 8, 9, 7, 1, 6], [4, 9, 8, 7, 5, 6, 1, 3, 2], [9, 6, 5, 1, 3, 2, 4, 7, 8], [7, 1, 4, 6, 9, 8, 2, 5, 3], [8, 5, 2, 3, 7, 4, 6, 9, 1], [2, 7, 9, 8, 1, 3, 5, 6, 4], [1, 8, 6, 9, 2, 5, 3, 4, 7], [3, 4, 7, 5, 6, 1, 8, 2, 9]]","{""num_givens"": 32, ""grid_size"": 9, ""has_standard_distractor"": false}"
sudoku_cf2_shifted_boxes_0047,sudoku_cf2_shifted_boxes,counterfactual,"[[0, 3, 0, 0, 0, 2, 0, 0, 0], [0, 2, 0, 0, 8, 0, 0, 0, 0], [0, 5, 0, 4, 0, 0, 3, 2, 0], [4, 0, 0, 1, 0, 0, 0, 9, 0], [3, 0, 2, 0, 0, 0, 0, 0, 0], [0, 6, 0, 7, 0, 5, 0, 8, 0], [1, 9, 3, 5, 0, 0, 6, 4, 0], [6, 1, 0, 2, 0, 0, 0, 7, 4], [0, 8, 4, 0, 0, 7, 0, 0, 5]]","Solve the following modified Sudoku puzzle.
Rule change: The row and column rules are identical to standard Sudoku (each digit 1–9 appears exactly once per row and column). However, the nine 3×3 boxes are spatially shifted: instead of starting at rows/columns 0, 3, 6, each box is shifted by 1 cell in both directions with toroidal (wrap-around) topology. Concretely, box (br, bc) covers rows {(br×3+1) mod 9, (br×3+2) mod 9, (br×3+3) mod 9} and cols {(bc×3+1) mod 9, (bc×3+2) mod 9, (bc×3+3) mod 9}.

Puzzle (. = empty cell):
. 3 . | . . 2 | . . .
. 2 . | . 8 . | . . .
. 5 . | 4 . . | 3 2 .
---------------------
4 . . | 1 . . | . 9 .
3 . 2 | . . . | . . .
. 6 . | 7 . 5 | . 8 .
---------------------
1 9 3 | 5 . . | 6 4 .
6 1 . | 2 . . | . 7 4
. 8 4 | . . 7 | . . 5

Which of the following is the correct completed solution?
Note: one option is the solution obtained by applying standard Sudoku rules.","[[8, 3, 7, 6, 4, 2, 5, 1, 9], [5, 2, 9, 3, 8, 4, 7, 6, 1], [7, 5, 6, 4, 1, 9, 3, 2, 8], [4, 7, 8, 1, 5, 6, 2, 9, 3], [3, 4, 2, 8, 7, 1, 9, 5, 6], [9, 6, 1, 7, 3, 5, 4, 8, 2], [1, 9, 3, 5, 2, 8, 6, 4, 7], [6, 1, 5, 2, 9, 3, 8, 7, 4], [2, 8, 4, 9, 6, 7, 1, 3, 5]]","[[8, 3, 7, 6, 4, 2, 5, 1, 9], [5, 2, 9, 3, 8, 4, 7, 6, 1], [7, 5, 6, 4, 1, 9, 3, 2, 8], [4, 7, 8, 1, 5, 6, 2, 9, 3], [3, 4, 2, 8, 7, 1, 9, 5, 6], [9, 6, 1, 7, 3, 5, 4, 8, 2], [1, 9, 3, 5, 7, 8, 6, 4, 2], [6, 1, 5, 2, 9, 3, 8, 7, 4], [2, 8, 4, 9, 6, 7, 1, 3, 5]]","[[8, 3, 7, 6, 4, 2, 5, 1, 9], [5, 2, 9, 3, 8, 4, 7, 6, 1], [7, 5, 6, 4, 1, 9, 3, 2, 8], [4, 7, 2, 1, 5, 6, 8, 9, 3], [3, 4, 2, 8, 7, 1, 9, 5, 6], [9, 6, 1, 7, 3, 5, 4, 8, 2], [1, 9, 3, 5, 2, 8, 6, 4, 7], [6, 1, 5, 2, 9, 3, 8, 7, 4], [2, 8, 4, 9, 6, 7, 1, 3, 5]]","[[8, 3, 7, 6, 4, 2, 5, 1, 9], [5, 2, 9, 3, 8, 4, 7, 6, 1], [7, 5, 6, 4, 1, 9, 3, 2, 8], [4, 7, 8, 1, 5, 6, 2, 9, 3], [3, 4, 2, 8, 7, 1, 9, 5, 6], [9, 6, 1, 7, 3, 5, 4, 8, 2], [1, 9, 3, 5, 2, 8, 6, 4, 7], [6, 1, 5, 2, 9, 3, 8, 7, 4], [9, 8, 4, 2, 6, 7, 1, 3, 5]]",A,"[[8, 3, 7, 6, 4, 2, 5, 1, 9], [5, 2, 9, 3, 8, 4, 7, 6, 1], [7, 5, 6, 4, 1, 9, 3, 2, 8], [4, 7, 8, 1, 5, 6, 2, 9, 3], [3, 4, 2, 8, 7, 1, 9, 5, 6], [9, 6, 1, 7, 3, 5, 4, 8, 2], [1, 9, 3, 5, 2, 8, 6, 4, 7], [6, 1, 5, 2, 9, 3, 8, 7, 4], [2, 8, 4, 9, 6, 7, 1, 3, 5]]","{""num_givens"": 32, ""grid_size"": 9, ""has_standard_distractor"": false}"
sudoku_cf2_shifted_boxes_0048,sudoku_cf2_shifted_boxes,counterfactual,"[[4, 9, 0, 2, 0, 0, 0, 5, 0], [0, 0, 0, 8, 0, 0, 7, 0, 2], [0, 0, 7, 0, 0, 0, 0, 8, 5], [0, 1, 0, 0, 2, 3, 0, 0, 7], [0, 0, 0, 0, 3, 0, 6, 2, 0], [5, 0, 2, 1, 0, 0, 9, 6, 0], [0, 0, 0, 9, 1, 0, 2, 0, 0], [0, 8, 3, 0, 4, 0, 0, 0, 0], [0, 0, 6, 4, 8, 0, 5, 0, 0]]","Solve the following modified Sudoku puzzle.
Rule change: The row and column rules are identical to standard Sudoku (each digit 1–9 appears exactly once per row and column). However, the nine 3×3 boxes are spatially shifted: instead of starting at rows/columns 0, 3, 6, each box is shifted by 1 cell in both directions with toroidal (wrap-around) topology. Concretely, box (br, bc) covers rows {(br×3+1) mod 9, (br×3+2) mod 9, (br×3+3) mod 9} and cols {(bc×3+1) mod 9, (bc×3+2) mod 9, (bc×3+3) mod 9}.

Puzzle (. = empty cell):
4 9 . | 2 . . | . 5 .
. . . | 8 . . | 7 . 2
. . 7 | . . . | . 8 5
---------------------
. 1 . | . 2 3 | . . 7
. . . | . 3 . | 6 2 .
5 . 2 | 1 . . | 9 6 .
---------------------
. . . | 9 1 . | 2 . .
. 8 3 | . 4 . | . . .
. . 6 | 4 8 . | 5 . .

Which of the following is the correct completed solution?
Note: one option is the solution obtained by applying standard Sudoku rules.","[[4, 9, 1, 2, 6, 7, 3, 5, 8], [3, 4, 9, 8, 5, 6, 7, 1, 2], [6, 2, 7, 3, 9, 1, 4, 8, 5], [9, 1, 5, 6, 2, 3, 8, 4, 7], [1, 5, 8, 7, 3, 4, 6, 2, 9], [5, 3, 2, 1, 7, 8, 9, 6, 4], [8, 6, 4, 9, 1, 5, 2, 7, 3], [7, 8, 3, 5, 4, 2, 9, 1, 6], [2, 7, 6, 4, 8, 9, 5, 3, 1]]","[[4, 9, 1, 2, 6, 7, 3, 5, 8], [5, 4, 9, 8, 3, 6, 7, 1, 2], [6, 2, 7, 3, 9, 1, 4, 8, 5], [9, 1, 5, 6, 2, 3, 8, 4, 7], [1, 5, 8, 7, 3, 4, 6, 2, 9], [5, 3, 2, 1, 7, 8, 9, 6, 4], [8, 6, 4, 9, 1, 5, 2, 7, 3], [7, 8, 3, 5, 4, 2, 1, 9, 6], [2, 7, 6, 4, 8, 9, 5, 3, 1]]","[[4, 9, 1, 2, 6, 7, 3, 5, 8], [3, 4, 9, 8, 5, 6, 7, 1, 2], [6, 2, 7, 3, 9, 1, 4, 8, 5], [9, 1, 5, 6, 2, 3, 8, 4, 7], [1, 5, 8, 7, 3, 4, 6, 2, 9], [5, 3, 2, 1, 7, 8, 9, 6, 4], [8, 6, 4, 9, 1, 5, 2, 7, 3], [7, 8, 3, 5, 4, 2, 1, 9, 6], [2, 7, 6, 4, 8, 9, 5, 3, 1]]","[[4, 9, 1, 2, 6, 7, 3, 5, 8], [3, 4, 9, 8, 5, 6, 7, 1, 2], [6, 2, 7, 3, 9, 1, 4, 8, 5], [9, 1, 5, 6, 2, 3, 8, 4, 7], [1, 5, 8, 7, 3, 4, 6, 2, 9], [5, 7, 2, 1, 3, 8, 9, 6, 4], [8, 6, 4, 9, 1, 5, 2, 7, 3], [7, 8, 3, 5, 4, 2, 1, 9, 6], [2, 7, 6, 4, 8, 9, 5, 3, 1]]",C,"[[4, 9, 1, 2, 6, 7, 3, 5, 8], [3, 4, 9, 8, 5, 6, 7, 1, 2], [6, 2, 7, 3, 9, 1, 4, 8, 5], [9, 1, 5, 6, 2, 3, 8, 4, 7], [1, 5, 8, 7, 3, 4, 6, 2, 9], [5, 3, 2, 1, 7, 8, 9, 6, 4], [8, 6, 4, 9, 1, 5, 2, 7, 3], [7, 8, 3, 5, 4, 2, 1, 9, 6], [2, 7, 6, 4, 8, 9, 5, 3, 1]]","{""num_givens"": 32, ""grid_size"": 9, ""has_standard_distractor"": false}"
sudoku_cf2_shifted_boxes_0049,sudoku_cf2_shifted_boxes,counterfactual,"[[7, 0, 0, 0, 3, 0, 6, 0, 0], [0, 0, 2, 1, 0, 0, 8, 0, 6], [0, 8, 0, 0, 2, 0, 4, 0, 0], [0, 0, 0, 4, 9, 0, 0, 0, 0], [0, 0, 4, 0, 0, 8, 3, 9, 1], [2, 0, 6, 0, 7, 5, 9, 0, 4], [0, 5, 0, 0, 0, 0, 1, 0, 7], [9, 6, 1, 0, 0, 0, 0, 0, 0], [0, 0, 9, 2, 0, 0, 0, 8, 0]]","Solve the following modified Sudoku puzzle.
Rule change: The row and column rules are identical to standard Sudoku (each digit 1–9 appears exactly once per row and column). However, the nine 3×3 boxes are spatially shifted: instead of starting at rows/columns 0, 3, 6, each box is shifted by 1 cell in both directions with toroidal (wrap-around) topology. Concretely, box (br, bc) covers rows {(br×3+1) mod 9, (br×3+2) mod 9, (br×3+3) mod 9} and cols {(bc×3+1) mod 9, (bc×3+2) mod 9, (bc×3+3) mod 9}.

Puzzle (. = empty cell):
7 . . | . 3 . | 6 . .
. . 2 | 1 . . | 8 . 6
. 8 . | . 2 . | 4 . .
---------------------
. . . | 4 9 . | . . .
. . 4 | . . 8 | 3 9 1
2 . 6 | . 7 5 | 9 . 4
---------------------
. 5 . | . . . | 1 . 7
9 6 1 | . . . | . . .
. . 9 | 2 . . | . 8 .

Which of the following is the correct completed solution?
Note: one option is the solution obtained by applying standard Sudoku rules.","[[7, 4, 8, 5, 3, 9, 6, 1, 2], [4, 9, 2, 1, 5, 3, 8, 7, 6], [3, 8, 7, 6, 2, 1, 4, 5, 9], [1, 3, 6, 4, 9, 5, 7, 2, 8], [5, 2, 4, 7, 6, 8, 3, 9, 1], [2, 1, 6, 8, 7, 5, 9, 3, 4], [8, 5, 3, 9, 4, 2, 1, 6, 7], [9, 6, 1, 3, 8, 7, 2, 4, 5], [6, 7, 9, 2, 1, 4, 5, 8, 3]]","[[7, 4, 8, 5, 3, 9, 6, 1, 2], [4, 9, 2, 1, 5, 3, 8, 7, 6], [3, 8, 7, 6, 2, 1, 4, 5, 9], [1, 3, 5, 4, 9, 6, 7, 2, 8], [5, 2, 4, 7, 6, 8, 3, 9, 1], [2, 1, 6, 3, 7, 5, 9, 8, 4], [8, 5, 3, 9, 4, 2, 1, 6, 7], [9, 6, 1, 3, 8, 7, 2, 4, 5], [6, 7, 9, 2, 1, 4, 5, 8, 3]]","[[7, 4, 8, 5, 3, 9, 6, 1, 2], [4, 9, 2, 1, 5, 3, 8, 7, 6], [3, 8, 7, 1, 2, 6, 4, 5, 9], [1, 3, 5, 4, 9, 6, 7, 2, 8], [5, 2, 4, 7, 6, 8, 3, 9, 1], [2, 1, 6, 8, 7, 5, 9, 3, 4], [8, 5, 3, 9, 4, 2, 1, 6, 7], [9, 6, 1, 3, 8, 7, 2, 4, 5], [6, 7, 9, 2, 1, 4, 5, 8, 3]]","[[7, 4, 8, 5, 3, 9, 6, 1, 2], [4, 9, 2, 1, 5, 3, 8, 7, 6], [3, 8, 7, 6, 2, 1, 4, 5, 9], [1, 3, 5, 4, 9, 6, 7, 2, 8], [5, 2, 4, 7, 6, 8, 3, 9, 1], [2, 1, 6, 8, 7, 5, 9, 3, 4], [8, 5, 3, 9, 4, 2, 1, 6, 7], [9, 6, 1, 3, 8, 7, 2, 4, 5], [6, 7, 9, 2, 1, 4, 5, 8, 3]]",D,"[[7, 4, 8, 5, 3, 9, 6, 1, 2], [4, 9, 2, 1, 5, 3, 8, 7, 6], [3, 8, 7, 6, 2, 1, 4, 5, 9], [1, 3, 5, 4, 9, 6, 7, 2, 8], [5, 2, 4, 7, 6, 8, 3, 9, 1], [2, 1, 6, 8, 7, 5, 9, 3, 4], [8, 5, 3, 9, 4, 2, 1, 6, 7], [9, 6, 1, 3, 8, 7, 2, 4, 5], [6, 7, 9, 2, 1, 4, 5, 8, 3]]","{""num_givens"": 32, ""grid_size"": 9, ""has_standard_distractor"": false}"
sudoku_cf2_shifted_boxes_0050,sudoku_cf2_shifted_boxes,counterfactual,"[[0, 7, 0, 0, 0, 0, 3, 0, 0], [0, 0, 0, 0, 0, 0, 0, 9, 2], [7, 4, 0, 0, 5, 9, 0, 0, 0], [4, 0, 2, 9, 3, 8, 7, 5, 0], [0, 0, 0, 0, 0, 0, 0, 6, 7], [1, 0, 5, 3, 0, 0, 9, 0, 8], [9, 0, 4, 0, 6, 0, 0, 3, 0], [0, 0, 6, 0, 0, 0, 0, 0, 0], [5, 0, 9, 4, 0, 7, 6, 0, 0]]","Solve the following modified Sudoku puzzle.
Rule change: The row and column rules are identical to standard Sudoku (each digit 1–9 appears exactly once per row and column). However, the nine 3×3 boxes are spatially shifted: instead of starting at rows/columns 0, 3, 6, each box is shifted by 1 cell in both directions with toroidal (wrap-around) topology. Concretely, box (br, bc) covers rows {(br×3+1) mod 9, (br×3+2) mod 9, (br×3+3) mod 9} and cols {(bc×3+1) mod 9, (bc×3+2) mod 9, (bc×3+3) mod 9}.

Puzzle (. = empty cell):
. 7 . | . . . | 3 . .
. . . | . . . | . 9 2
7 4 . | . 5 9 | . . .
---------------------
4 . 2 | 9 3 8 | 7 5 .
. . . | . . . | . 6 7
1 . 5 | 3 . . | 9 . 8
---------------------
9 . 4 | . 6 . | . 3 .
. . 6 | . . . | . . .
5 . 9 | 4 . 7 | 6 . .

Which of the following is the correct completed solution?
Note: one option is the solution obtained by applying standard Sudoku rules.","[[6, 7, 1, 5, 8, 4, 3, 2, 9], [3, 5, 7, 8, 1, 6, 4, 9, 2], [7, 4, 3, 6, 5, 9, 2, 8, 1], [4, 1, 2, 9, 3, 8, 7, 5, 6], [2, 9, 8, 1, 4, 3, 5, 6, 7], [1, 6, 5, 3, 7, 2, 9, 4, 8], [9, 2, 4, 7, 6, 1, 8, 3, 5], [8, 3, 6, 2, 9, 5, 1, 7, 4], [5, 8, 9, 4, 2, 7, 6, 1, 3]]","[[6, 7, 1, 5, 8, 4, 3, 2, 9], [3, 5, 7, 8, 1, 6, 4, 9, 2], [7, 4, 3, 6, 5, 9, 2, 8, 1], [4, 1, 2, 9, 3, 8, 7, 5, 6], [2, 9, 8, 1, 4, 3, 5, 6, 7], [1, 6, 5, 3, 7, 2, 9, 4, 8], [9, 2, 4, 7, 6, 1, 8, 3, 5], [8, 3, 6, 2, 9, 4, 1, 7, 5], [5, 8, 9, 4, 2, 7, 6, 1, 3]]","[[6, 7, 1, 5, 8, 4, 3, 2, 9], [3, 5, 7, 8, 1, 6, 4, 9, 2], [7, 4, 3, 8, 5, 9, 2, 6, 1], [4, 1, 2, 9, 3, 8, 7, 5, 6], [2, 9, 8, 1, 4, 3, 5, 6, 7], [1, 6, 5, 3, 7, 2, 9, 4, 8], [9, 2, 4, 7, 6, 1, 8, 3, 5], [8, 3, 6, 2, 9, 5, 1, 7, 4], [5, 8, 9, 4, 2, 7, 6, 1, 3]]","[[6, 7, 1, 5, 8, 4, 3, 2, 9], [3, 5, 7, 8, 1, 6, 4, 9, 2], [7, 4, 3, 6, 5, 9, 2, 8, 1], [4, 1, 2, 9, 3, 8, 7, 5, 6], [2, 9, 8, 1, 4, 3, 5, 6, 7], [1, 6, 5, 3, 7, 2, 9, 4, 8], [9, 2, 4, 7, 6, 1, 8, 3, 5], [8, 3, 6, 2, 9, 5, 1, 7, 4], [5, 8, 9, 4, 2, 7, 6, 3, 1]]",A,"[[6, 7, 1, 5, 8, 4, 3, 2, 9], [3, 5, 7, 8, 1, 6, 4, 9, 2], [7, 4, 3, 6, 5, 9, 2, 8, 1], [4, 1, 2, 9, 3, 8, 7, 5, 6], [2, 9, 8, 1, 4, 3, 5, 6, 7], [1, 6, 5, 3, 7, 2, 9, 4, 8], [9, 2, 4, 7, 6, 1, 8, 3, 5], [8, 3, 6, 2, 9, 5, 1, 7, 4], [5, 8, 9, 4, 2, 7, 6, 1, 3]]","{""num_givens"": 32, ""grid_size"": 9, ""has_standard_distractor"": false}"
sudoku_cf2_shifted_boxes_0051,sudoku_cf2_shifted_boxes,counterfactual,"[[0, 4, 0, 9, 6, 7, 0, 0, 0], [2, 0, 0, 4, 1, 6, 8, 5, 7], [0, 5, 0, 0, 0, 4, 7, 8, 0], [4, 0, 7, 0, 5, 0, 2, 0, 6], [0, 0, 0, 5, 2, 0, 0, 9, 0], [0, 0, 0, 0, 0, 0, 4, 0, 0], [5, 0, 0, 0, 0, 8, 1, 2, 0], [0, 1, 0, 0, 0, 0, 3, 0, 0], [0, 0, 0, 0, 0, 0, 0, 6, 5]]","Solve the following modified Sudoku puzzle.
Rule change: The row and column rules are identical to standard Sudoku (each digit 1–9 appears exactly once per row and column). However, the nine 3×3 boxes are spatially shifted: instead of starting at rows/columns 0, 3, 6, each box is shifted by 1 cell in both directions with toroidal (wrap-around) topology. Concretely, box (br, bc) covers rows {(br×3+1) mod 9, (br×3+2) mod 9, (br×3+3) mod 9} and cols {(bc×3+1) mod 9, (bc×3+2) mod 9, (bc×3+3) mod 9}.

Puzzle (. = empty cell):
. 4 . | 9 6 7 | . . .
2 . . | 4 1 6 | 8 5 7
. 5 . | . . 4 | 7 8 .
---------------------
4 . 7 | . 5 . | 2 . 6
. . . | 5 2 . | . 9 .
. . . | . . . | 4 . .
---------------------
5 . . | . . 8 | 1 2 .
. 1 . | . . . | 3 . .
. . . | . . . | . 6 5

Which of the following is the correct completed solution?
Note: one option is the solution obtained by applying standard Sudoku rules.","[[3, 4, 8, 9, 6, 7, 5, 1, 2], [2, 9, 3, 4, 1, 6, 8, 5, 7], [9, 5, 6, 2, 3, 4, 7, 8, 1], [4, 8, 7, 1, 5, 9, 2, 3, 6], [1, 7, 4, 5, 2, 3, 6, 9, 8], [6, 2, 1, 8, 9, 5, 4, 7, 3], [5, 6, 9, 3, 7, 8, 1, 2, 4], [7, 1, 5, 6, 8, 2, 3, 4, 9], [8, 3, 2, 7, 4, 1, 9, 6, 5]]","[[3, 4, 8, 9, 6, 7, 5, 1, 2], [2, 9, 3, 4, 1, 6, 8, 5, 7], [9, 5, 2, 6, 3, 4, 7, 8, 1], [4, 8, 7, 1, 5, 9, 2, 3, 6], [1, 7, 4, 5, 2, 3, 6, 9, 8], [6, 2, 1, 8, 9, 5, 4, 7, 3], [5, 6, 9, 3, 7, 8, 1, 2, 4], [7, 1, 5, 6, 8, 2, 3, 4, 9], [8, 3, 2, 7, 4, 1, 9, 6, 5]]","[[3, 4, 8, 9, 6, 7, 5, 1, 2], [2, 3, 9, 4, 1, 6, 8, 5, 7], [9, 5, 6, 2, 3, 4, 7, 8, 1], [4, 8, 7, 1, 5, 9, 2, 3, 6], [1, 7, 4, 5, 2, 3, 6, 9, 8], [6, 2, 1, 8, 9, 5, 4, 7, 3], [5, 6, 9, 3, 7, 8, 1, 2, 4], [7, 1, 5, 6, 8, 2, 3, 4, 9], [8, 3, 2, 7, 4, 1, 9, 6, 5]]","[[3, 4, 8, 9, 6, 7, 5, 1, 2], [2, 9, 3, 4, 1, 6, 8, 5, 7], [9, 5, 6, 2, 3, 4, 7, 8, 1], [4, 8, 7, 1, 5, 9, 2, 3, 6], [1, 7, 4, 5, 2, 3, 6, 9, 8], [8, 2, 1, 6, 9, 5, 4, 7, 3], [5, 6, 9, 3, 7, 8, 1, 2, 4], [7, 1, 5, 6, 8, 2, 3, 4, 9], [8, 3, 2, 7, 4, 1, 9, 6, 5]]",A,"[[3, 4, 8, 9, 6, 7, 5, 1, 2], [2, 9, 3, 4, 1, 6, 8, 5, 7], [9, 5, 6, 2, 3, 4, 7, 8, 1], [4, 8, 7, 1, 5, 9, 2, 3, 6], [1, 7, 4, 5, 2, 3, 6, 9, 8], [6, 2, 1, 8, 9, 5, 4, 7, 3], [5, 6, 9, 3, 7, 8, 1, 2, 4], [7, 1, 5, 6, 8, 2, 3, 4, 9], [8, 3, 2, 7, 4, 1, 9, 6, 5]]","{""num_givens"": 32, ""grid_size"": 9, ""has_standard_distractor"": false}"
sudoku_cf2_shifted_boxes_0052,sudoku_cf2_shifted_boxes,counterfactual,"[[0, 8, 0, 0, 0, 0, 0, 0, 0], [0, 0, 1, 6, 0, 0, 0, 0, 0], [6, 2, 0, 0, 0, 4, 0, 0, 8], [7, 3, 4, 0, 5, 0, 0, 2, 0], [8, 0, 0, 0, 0, 1, 0, 0, 0], [0, 9, 8, 0, 0, 5, 0, 4, 0], [0, 4, 0, 2, 8, 9, 3, 1, 0], [4, 0, 3, 0, 9, 0, 0, 0, 6], [2, 0, 9, 0, 3, 0, 0, 7, 0]]","Solve the following modified Sudoku puzzle.
Rule change: The row and column rules are identical to standard Sudoku (each digit 1–9 appears exactly once per row and column). However, the nine 3×3 boxes are spatially shifted: instead of starting at rows/columns 0, 3, 6, each box is shifted by 1 cell in both directions with toroidal (wrap-around) topology. Concretely, box (br, bc) covers rows {(br×3+1) mod 9, (br×3+2) mod 9, (br×3+3) mod 9} and cols {(bc×3+1) mod 9, (bc×3+2) mod 9, (bc×3+3) mod 9}.

Puzzle (. = empty cell):
. 8 . | . . . | . . .
. . 1 | 6 . . | . . .
6 2 . | . . 4 | . . 8
---------------------
7 3 4 | . 5 . | . 2 .
8 . . | . . 1 | . . .
. 9 8 | . . 5 | . 4 .
---------------------
. 4 . | 2 8 9 | 3 1 .
4 . 3 | . 9 . | . . 6
2 . 9 | . 3 . | . 7 .

Which of the following is the correct completed solution?
Note: one option is the solution obtained by applying standard Sudoku rules.","[[1, 8, 2, 5, 6, 7, 4, 9, 3], [9, 5, 1, 6, 2, 3, 8, 7, 4], [6, 2, 5, 9, 1, 4, 7, 3, 8], [7, 3, 4, 8, 5, 6, 9, 2, 1], [8, 5, 7, 3, 4, 1, 2, 6, 9], [3, 9, 8, 1, 7, 5, 6, 4, 2], [5, 4, 6, 2, 8, 9, 3, 1, 7], [4, 1, 3, 7, 9, 2, 5, 8, 6], [2, 6, 9, 4, 3, 8, 1, 7, 5]]","[[1, 8, 2, 5, 6, 7, 4, 9, 3], [9, 7, 1, 6, 2, 3, 8, 5, 4], [6, 2, 5, 9, 1, 4, 7, 3, 8], [7, 3, 4, 8, 5, 6, 9, 2, 1], [8, 5, 7, 3, 4, 1, 2, 6, 9], [3, 9, 8, 1, 7, 5, 6, 4, 2], [5, 4, 6, 2, 8, 9, 3, 1, 7], [4, 1, 3, 7, 9, 2, 5, 8, 6], [2, 6, 9, 5, 3, 8, 1, 7, 4]]","[[1, 8, 2, 5, 6, 7, 4, 9, 3], [9, 7, 1, 6, 2, 3, 8, 5, 4], [6, 2, 5, 9, 1, 4, 7, 3, 8], [7, 3, 4, 8, 5, 6, 9, 2, 1], [8, 5, 7, 3, 4, 1, 2, 6, 9], [3, 9, 8, 1, 7, 5, 6, 4, 2], [5, 4, 6, 2, 8, 9, 3, 1, 7], [4, 1, 3, 7, 9, 2, 5, 8, 6], [2, 6, 9, 4, 3, 8, 1, 7, 5]]","[[1, 8, 2, 5, 6, 7, 4, 9, 3], [9, 7, 1, 6, 2, 3, 8, 5, 4], [6, 2, 5, 9, 1, 4, 7, 3, 8], [7, 3, 4, 8, 5, 9, 6, 2, 1], [8, 5, 7, 3, 4, 1, 2, 6, 9], [3, 9, 8, 1, 7, 5, 6, 4, 2], [5, 4, 6, 2, 8, 9, 3, 1, 7], [4, 1, 3, 7, 9, 2, 5, 8, 6], [2, 6, 9, 4, 3, 8, 1, 7, 5]]",C,"[[1, 8, 2, 5, 6, 7, 4, 9, 3], [9, 7, 1, 6, 2, 3, 8, 5, 4], [6, 2, 5, 9, 1, 4, 7, 3, 8], [7, 3, 4, 8, 5, 6, 9, 2, 1], [8, 5, 7, 3, 4, 1, 2, 6, 9], [3, 9, 8, 1, 7, 5, 6, 4, 2], [5, 4, 6, 2, 8, 9, 3, 1, 7], [4, 1, 3, 7, 9, 2, 5, 8, 6], [2, 6, 9, 4, 3, 8, 1, 7, 5]]","{""num_givens"": 32, ""grid_size"": 9, ""has_standard_distractor"": false}"
sudoku_cf2_shifted_boxes_0053,sudoku_cf2_shifted_boxes,counterfactual,"[[2, 0, 0, 8, 0, 0, 4, 0, 6], [4, 3, 1, 0, 5, 0, 8, 0, 0], [8, 0, 2, 0, 0, 0, 0, 0, 7], [0, 0, 0, 9, 4, 1, 0, 0, 0], [1, 0, 0, 0, 0, 0, 0, 0, 4], [0, 7, 6, 1, 0, 0, 0, 2, 5], [6, 0, 0, 0, 0, 0, 0, 8, 0], [3, 0, 0, 0, 0, 6, 0, 0, 0], [7, 0, 0, 6, 3, 8, 9, 4, 0]]","Solve the following modified Sudoku puzzle.
Rule change: The row and column rules are identical to standard Sudoku (each digit 1–9 appears exactly once per row and column). However, the nine 3×3 boxes are spatially shifted: instead of starting at rows/columns 0, 3, 6, each box is shifted by 1 cell in both directions with toroidal (wrap-around) topology. Concretely, box (br, bc) covers rows {(br×3+1) mod 9, (br×3+2) mod 9, (br×3+3) mod 9} and cols {(bc×3+1) mod 9, (bc×3+2) mod 9, (bc×3+3) mod 9}.

Puzzle (. = empty cell):
2 . . | 8 . . | 4 . 6
4 3 1 | . 5 . | 8 . .
8 . 2 | . . . | . . 7
---------------------
. . . | 9 4 1 | . . .
1 . . | . . . | . . 4
. 7 6 | 1 . . | . 2 5
---------------------
6 . . | . . . | . 8 .
3 . . | . . 6 | . . .
7 . . | 6 3 8 | 9 4 .

Which of the following is the correct completed solution?
Note: one option is the solution obtained by applying standard Sudoku rules.","[[2, 9, 3, 8, 1, 7, 4, 5, 6], [4, 3, 1, 7, 5, 2, 8, 6, 9], [8, 4, 2, 5, 9, 3, 6, 1, 7], [5, 6, 8, 9, 4, 1, 7, 3, 2], [1, 8, 9, 3, 6, 5, 2, 7, 4], [9, 7, 6, 1, 8, 4, 3, 2, 5], [6, 5, 4, 2, 7, 9, 1, 8, 3], [3, 1, 8, 4, 2, 6, 5, 9, 7], [7, 2, 5, 6, 3, 8, 9, 4, 1]]","[[2, 9, 3, 8, 1, 7, 4, 5, 6], [4, 3, 1, 7, 5, 6, 8, 2, 9], [8, 4, 2, 5, 9, 3, 6, 1, 7], [5, 6, 8, 9, 4, 1, 7, 3, 2], [1, 8, 9, 3, 6, 5, 2, 7, 4], [9, 7, 6, 1, 8, 4, 3, 2, 5], [6, 5, 4, 2, 7, 9, 1, 8, 3], [3, 1, 7, 4, 2, 6, 5, 9, 8], [7, 2, 5, 6, 3, 8, 9, 4, 1]]","[[2, 9, 3, 8, 1, 7, 4, 5, 6], [4, 3, 1, 7, 5, 2, 8, 6, 9], [8, 4, 2, 5, 9, 3, 6, 1, 7], [5, 6, 8, 9, 4, 1, 7, 3, 2], [1, 8, 9, 3, 6, 5, 2, 7, 4], [9, 7, 6, 1, 8, 4, 3, 2, 5], [6, 5, 4, 2, 7, 9, 1, 8, 3], [3, 1, 7, 4, 2, 6, 5, 9, 8], [7, 2, 5, 6, 3, 8, 9, 4, 1]]","[[2, 9, 3, 8, 1, 7, 4, 5, 6], [4, 3, 1, 7, 5, 2, 8, 6, 9], [8, 4, 2, 5, 9, 3, 6, 1, 7], [5, 6, 8, 9, 4, 1, 7, 3, 2], [1, 8, 9, 3, 6, 5, 2, 7, 4], [9, 7, 6, 1, 4, 8, 3, 2, 5], [6, 5, 4, 2, 7, 9, 1, 8, 3], [3, 1, 7, 4, 2, 6, 5, 9, 8], [7, 2, 5, 6, 3, 8, 9, 4, 1]]",C,"[[2, 9, 3, 8, 1, 7, 4, 5, 6], [4, 3, 1, 7, 5, 2, 8, 6, 9], [8, 4, 2, 5, 9, 3, 6, 1, 7], [5, 6, 8, 9, 4, 1, 7, 3, 2], [1, 8, 9, 3, 6, 5, 2, 7, 4], [9, 7, 6, 1, 8, 4, 3, 2, 5], [6, 5, 4, 2, 7, 9, 1, 8, 3], [3, 1, 7, 4, 2, 6, 5, 9, 8], [7, 2, 5, 6, 3, 8, 9, 4, 1]]","{""num_givens"": 32, ""grid_size"": 9, ""has_standard_distractor"": false}"
sudoku_cf2_shifted_boxes_0054,sudoku_cf2_shifted_boxes,counterfactual,"[[0, 3, 0, 0, 9, 1, 2, 8, 0], [0, 4, 0, 0, 6, 2, 0, 3, 0], [9, 2, 0, 0, 0, 0, 3, 5, 0], [0, 0, 9, 0, 4, 0, 1, 0, 0], [3, 0, 0, 0, 2, 8, 0, 0, 0], [0, 1, 3, 0, 0, 0, 0, 6, 2], [8, 0, 5, 2, 0, 0, 0, 4, 0], [0, 9, 2, 0, 0, 4, 0, 0, 0], [0, 5, 0, 0, 0, 0, 0, 9, 0]]","Solve the following modified Sudoku puzzle.
Rule change: The row and column rules are identical to standard Sudoku (each digit 1–9 appears exactly once per row and column). However, the nine 3×3 boxes are spatially shifted: instead of starting at rows/columns 0, 3, 6, each box is shifted by 1 cell in both directions with toroidal (wrap-around) topology. Concretely, box (br, bc) covers rows {(br×3+1) mod 9, (br×3+2) mod 9, (br×3+3) mod 9} and cols {(bc×3+1) mod 9, (bc×3+2) mod 9, (bc×3+3) mod 9}.

Puzzle (. = empty cell):
. 3 . | . 9 1 | 2 8 .
. 4 . | . 6 2 | . 3 .
9 2 . | . . . | 3 5 .
---------------------
. . 9 | . 4 . | 1 . .
3 . . | . 2 8 | . . .
. 1 3 | . . . | . 6 2
---------------------
8 . 5 | 2 . . | . 4 .
. 9 2 | . . 4 | . . .
. 5 . | . . . | . 9 .

Which of the following is the correct completed solution?
Note: one option is the solution obtained by applying standard Sudoku rules.","[[4, 3, 6, 7, 9, 1, 2, 8, 5], [1, 4, 7, 9, 6, 2, 5, 3, 8], [9, 2, 1, 6, 8, 7, 3, 5, 4], [7, 8, 9, 3, 4, 5, 1, 2, 6], [3, 6, 4, 9, 2, 8, 5, 1, 7], [5, 1, 3, 8, 7, 9, 4, 6, 2], [8, 7, 5, 2, 1, 3, 6, 4, 9], [6, 9, 2, 1, 5, 4, 8, 7, 3], [2, 5, 8, 4, 3, 6, 7, 9, 1]]","[[4, 3, 6, 7, 9, 1, 2, 8, 5], [1, 4, 7, 5, 6, 2, 9, 3, 8], [9, 2, 1, 6, 8, 7, 3, 5, 4], [7, 8, 9, 3, 4, 5, 1, 2, 6], [3, 6, 4, 5, 2, 8, 9, 1, 7], [5, 1, 3, 8, 7, 9, 4, 6, 2], [8, 7, 5, 2, 1, 3, 6, 4, 9], [6, 9, 2, 1, 5, 4, 8, 7, 3], [2, 5, 8, 4, 3, 6, 7, 9, 1]]","[[4, 3, 6, 7, 9, 1, 2, 8, 5], [1, 4, 7, 5, 6, 2, 9, 3, 8], [9, 2, 1, 6, 8, 7, 3, 5, 4], [7, 8, 9, 3, 4, 5, 1, 2, 6], [3, 6, 4, 9, 2, 8, 5, 1, 7], [5, 1, 3, 8, 7, 9, 4, 6, 2], [8, 7, 5, 2, 1, 3, 6, 4, 9], [6, 9, 2, 1, 5, 4, 8, 7, 3], [2, 5, 8, 4, 3, 6, 7, 9, 1]]","[[4, 3, 6, 7, 9, 1, 2, 8, 5], [8, 4, 7, 5, 6, 2, 9, 3, 1], [9, 2, 1, 6, 8, 7, 3, 5, 4], [7, 8, 9, 3, 4, 5, 1, 2, 6], [3, 6, 4, 9, 2, 8, 5, 1, 7], [5, 1, 3, 8, 7, 9, 4, 6, 2], [8, 7, 5, 2, 1, 3, 6, 4, 9], [6, 9, 2, 1, 5, 4, 8, 7, 3], [2, 5, 8, 4, 3, 6, 7, 9, 1]]",C,"[[4, 3, 6, 7, 9, 1, 2, 8, 5], [1, 4, 7, 5, 6, 2, 9, 3, 8], [9, 2, 1, 6, 8, 7, 3, 5, 4], [7, 8, 9, 3, 4, 5, 1, 2, 6], [3, 6, 4, 9, 2, 8, 5, 1, 7], [5, 1, 3, 8, 7, 9, 4, 6, 2], [8, 7, 5, 2, 1, 3, 6, 4, 9], [6, 9, 2, 1, 5, 4, 8, 7, 3], [2, 5, 8, 4, 3, 6, 7, 9, 1]]","{""num_givens"": 32, ""grid_size"": 9, ""has_standard_distractor"": false}"
sudoku_cf2_shifted_boxes_0055,sudoku_cf2_shifted_boxes,counterfactual,"[[1, 3, 0, 5, 7, 0, 0, 0, 0], [9, 0, 0, 0, 0, 0, 4, 0, 0], [0, 0, 2, 0, 0, 9, 0, 5, 0], [0, 7, 0, 9, 0, 0, 3, 4, 8], [2, 0, 7, 1, 0, 0, 0, 0, 0], [0, 5, 3, 0, 0, 1, 0, 9, 4], [0, 0, 0, 0, 3, 7, 0, 0, 0], [0, 8, 0, 2, 0, 0, 1, 0, 7], [0, 0, 0, 0, 2, 3, 6, 8, 0]]","Solve the following modified Sudoku puzzle.
Rule change: The row and column rules are identical to standard Sudoku (each digit 1–9 appears exactly once per row and column). However, the nine 3×3 boxes are spatially shifted: instead of starting at rows/columns 0, 3, 6, each box is shifted by 1 cell in both directions with toroidal (wrap-around) topology. Concretely, box (br, bc) covers rows {(br×3+1) mod 9, (br×3+2) mod 9, (br×3+3) mod 9} and cols {(bc×3+1) mod 9, (bc×3+2) mod 9, (bc×3+3) mod 9}.

Puzzle (. = empty cell):
1 3 . | 5 7 . | . . .
9 . . | . . . | 4 . .
. . 2 | . . 9 | . 5 .
---------------------
. 7 . | 9 . . | 3 4 8
2 . 7 | 1 . . | . . .
. 5 3 | . . 1 | . 9 4
---------------------
. . . | . 3 7 | . . .
. 8 . | 2 . . | 1 . 7
. . . | . 2 3 | 6 8 .

Which of the following is the correct completed solution?
Note: one option is the solution obtained by applying standard Sudoku rules.","[[1, 3, 6, 5, 7, 4, 8, 2, 9], [9, 1, 8, 3, 5, 6, 4, 7, 2], [3, 6, 2, 4, 8, 9, 7, 5, 1], [6, 7, 5, 9, 1, 2, 3, 4, 8], [2, 9, 7, 1, 4, 8, 5, 6, 3], [7, 5, 3, 8, 6, 1, 2, 9, 4], [8, 2, 4, 6, 3, 7, 9, 1, 5], [4, 8, 6, 2, 9, 5, 1, 3, 7], [5, 4, 1, 7, 2, 3, 6, 8, 9]]","[[1, 3, 9, 5, 7, 4, 8, 2, 6], [9, 1, 8, 3, 5, 6, 4, 7, 2], [3, 6, 2, 4, 8, 9, 7, 5, 1], [6, 7, 5, 9, 1, 2, 3, 4, 8], [2, 9, 7, 1, 4, 8, 5, 6, 3], [7, 5, 3, 8, 6, 1, 2, 9, 4], [8, 6, 4, 2, 3, 7, 9, 1, 5], [4, 8, 6, 2, 9, 5, 1, 3, 7], [5, 4, 1, 7, 2, 3, 6, 8, 9]]","[[1, 3, 9, 5, 7, 4, 8, 2, 6], [9, 1, 8, 3, 5, 6, 4, 7, 2], [3, 6, 2, 4, 7, 9, 8, 5, 1], [6, 7, 5, 9, 1, 2, 3, 4, 8], [2, 9, 7, 1, 4, 8, 5, 6, 3], [7, 5, 3, 8, 6, 1, 2, 9, 4], [8, 2, 4, 6, 3, 7, 9, 1, 5], [4, 8, 6, 2, 9, 5, 1, 3, 7], [5, 4, 1, 7, 2, 3, 6, 8, 9]]","[[1, 3, 9, 5, 7, 4, 8, 2, 6], [9, 1, 8, 3, 5, 6, 4, 7, 2], [3, 6, 2, 4, 8, 9, 7, 5, 1], [6, 7, 5, 9, 1, 2, 3, 4, 8], [2, 9, 7, 1, 4, 8, 5, 6, 3], [7, 5, 3, 8, 6, 1, 2, 9, 4], [8, 2, 4, 6, 3, 7, 9, 1, 5], [4, 8, 6, 2, 9, 5, 1, 3, 7], [5, 4, 1, 7, 2, 3, 6, 8, 9]]",D,"[[1, 3, 9, 5, 7, 4, 8, 2, 6], [9, 1, 8, 3, 5, 6, 4, 7, 2], [3, 6, 2, 4, 8, 9, 7, 5, 1], [6, 7, 5, 9, 1, 2, 3, 4, 8], [2, 9, 7, 1, 4, 8, 5, 6, 3], [7, 5, 3, 8, 6, 1, 2, 9, 4], [8, 2, 4, 6, 3, 7, 9, 1, 5], [4, 8, 6, 2, 9, 5, 1, 3, 7], [5, 4, 1, 7, 2, 3, 6, 8, 9]]","{""num_givens"": 32, ""grid_size"": 9, ""has_standard_distractor"": false}"
sudoku_cf2_shifted_boxes_0056,sudoku_cf2_shifted_boxes,counterfactual,"[[0, 5, 0, 8, 1, 0, 0, 0, 0], [1, 0, 0, 0, 3, 4, 8, 0, 0], [2, 0, 5, 0, 0, 1, 0, 0, 0], [4, 3, 8, 0, 2, 0, 0, 0, 0], [8, 0, 4, 0, 6, 2, 9, 0, 5], [6, 0, 9, 0, 0, 7, 0, 0, 0], [9, 0, 0, 7, 0, 8, 0, 0, 0], [0, 0, 0, 6, 0, 3, 7, 0, 1], [0, 0, 0, 0, 0, 0, 0, 4, 6]]","Solve the following modified Sudoku puzzle.
Rule change: The row and column rules are identical to standard Sudoku (each digit 1–9 appears exactly once per row and column). However, the nine 3×3 boxes are spatially shifted: instead of starting at rows/columns 0, 3, 6, each box is shifted by 1 cell in both directions with toroidal (wrap-around) topology. Concretely, box (br, bc) covers rows {(br×3+1) mod 9, (br×3+2) mod 9, (br×3+3) mod 9} and cols {(bc×3+1) mod 9, (bc×3+2) mod 9, (bc×3+3) mod 9}.

Puzzle (. = empty cell):
. 5 . | 8 1 . | . . .
1 . . | . 3 4 | 8 . .
2 . 5 | . . 1 | . . .
---------------------
4 3 8 | . 2 . | . . .
8 . 4 | . 6 2 | 9 . 5
6 . 9 | . . 7 | . . .
---------------------
9 . . | 7 . 8 | . . .
. . . | 6 . 3 | 7 . 1
. . . | . . . | . 4 6

Which of the following is the correct completed solution?
Note: one option is the solution obtained by applying standard Sudoku rules.","[[7, 5, 3, 8, 1, 6, 4, 9, 2], [1, 6, 7, 2, 3, 4, 8, 5, 9], [2, 9, 5, 4, 7, 1, 6, 3, 8], [4, 3, 8, 1, 2, 9, 5, 6, 7], [8, 1, 4, 3, 6, 2, 9, 7, 5], [6, 8, 9, 5, 4, 7, 1, 2, 3], [9, 3, 6, 7, 5, 8, 2, 1, 4], [5, 4, 2, 6, 9, 3, 7, 8, 1], [3, 7, 1, 9, 8, 5, 2, 4, 6]]","[[7, 5, 3, 8, 1, 6, 4, 9, 2], [1, 6, 7, 2, 3, 4, 8, 5, 9], [2, 9, 5, 4, 7, 1, 6, 3, 8], [4, 3, 8, 1, 2, 9, 5, 6, 7], [8, 1, 4, 3, 6, 2, 9, 7, 5], [6, 8, 9, 5, 4, 7, 1, 2, 3], [9, 2, 6, 7, 5, 8, 3, 1, 4], [5, 4, 2, 6, 9, 3, 7, 8, 1], [3, 7, 1, 9, 8, 5, 2, 4, 6]]","[[7, 5, 3, 8, 1, 6, 4, 9, 2], [1, 6, 7, 2, 3, 4, 8, 5, 9], [2, 9, 5, 4, 7, 1, 6, 3, 8], [4, 3, 8, 1, 2, 9, 5, 6, 7], [8, 1, 4, 3, 6, 2, 9, 7, 5], [6, 8, 9, 5, 4, 7, 1, 2, 3], [9, 6, 2, 7, 5, 8, 3, 1, 4], [5, 4, 2, 6, 9, 3, 7, 8, 1], [3, 7, 1, 9, 8, 5, 2, 4, 6]]","[[7, 5, 3, 8, 1, 6, 4, 9, 2], [1, 6, 7, 2, 3, 4, 8, 5, 9], [2, 9, 5, 4, 7, 1, 6, 3, 8], [4, 3, 8, 1, 2, 9, 5, 6, 7], [8, 1, 4, 3, 6, 2, 9, 7, 5], [6, 8, 9, 5, 4, 7, 1, 2, 3], [9, 2, 6, 7, 5, 8, 4, 1, 3], [5, 4, 2, 6, 9, 3, 7, 8, 1], [3, 7, 1, 9, 8, 5, 2, 4, 6]]",B,"[[7, 5, 3, 8, 1, 6, 4, 9, 2], [1, 6, 7, 2, 3, 4, 8, 5, 9], [2, 9, 5, 4, 7, 1, 6, 3, 8], [4, 3, 8, 1, 2, 9, 5, 6, 7], [8, 1, 4, 3, 6, 2, 9, 7, 5], [6, 8, 9, 5, 4, 7, 1, 2, 3], [9, 2, 6, 7, 5, 8, 3, 1, 4], [5, 4, 2, 6, 9, 3, 7, 8, 1], [3, 7, 1, 9, 8, 5, 2, 4, 6]]","{""num_givens"": 32, ""grid_size"": 9, ""has_standard_distractor"": false}"
sudoku_cf2_shifted_boxes_0057,sudoku_cf2_shifted_boxes,counterfactual,"[[0, 0, 0, 7, 0, 0, 6, 1, 0], [0, 0, 0, 6, 0, 2, 7, 0, 0], [0, 0, 0, 0, 3, 0, 1, 0, 0], [2, 0, 0, 0, 4, 0, 9, 7, 6], [3, 7, 8, 0, 0, 9, 4, 2, 0], [0, 0, 6, 4, 0, 0, 3, 0, 8], [6, 2, 3, 0, 0, 0, 0, 0, 7], [0, 6, 4, 0, 0, 5, 0, 0, 2], [0, 0, 0, 0, 7, 0, 0, 0, 0]]","Solve the following modified Sudoku puzzle.
Rule change: The row and column rules are identical to standard Sudoku (each digit 1–9 appears exactly once per row and column). However, the nine 3×3 boxes are spatially shifted: instead of starting at rows/columns 0, 3, 6, each box is shifted by 1 cell in both directions with toroidal (wrap-around) topology. Concretely, box (br, bc) covers rows {(br×3+1) mod 9, (br×3+2) mod 9, (br×3+3) mod 9} and cols {(bc×3+1) mod 9, (bc×3+2) mod 9, (bc×3+3) mod 9}.

Puzzle (. = empty cell):
. . . | 7 . . | 6 1 .
. . . | 6 . 2 | 7 . .
. . . | . 3 . | 1 . .
---------------------
2 . . | . 4 . | 9 7 6
3 7 8 | . . 9 | 4 2 .
. . 6 | 4 . . | 3 . 8
---------------------
6 2 3 | . . . | . . 7
. 6 4 | . . 5 | . . 2
. . . | . 7 . | . . .

Which of the following is the correct completed solution?
Note: one option is the solution obtained by applying standard Sudoku rules.","[[8, 5, 2, 7, 9, 4, 6, 1, 3], [1, 8, 9, 6, 5, 2, 7, 3, 4], [5, 4, 7, 2, 3, 6, 1, 8, 9], [2, 3, 5, 1, 4, 8, 9, 7, 6], [3, 7, 8, 5, 6, 9, 4, 2, 1], [9, 1, 6, 4, 2, 7, 3, 5, 8], [6, 2, 3, 9, 8, 1, 5, 4, 7], [7, 6, 4, 1, 3, 5, 8, 9, 2], [4, 9, 1, 8, 7, 3, 2, 6, 5]]","[[8, 5, 2, 7, 9, 4, 6, 1, 3], [1, 8, 9, 6, 5, 2, 7, 3, 4], [5, 4, 7, 2, 3, 6, 1, 8, 9], [2, 3, 5, 1, 4, 8, 9, 7, 6], [3, 7, 8, 5, 6, 9, 4, 2, 1], [9, 1, 6, 4, 2, 7, 3, 5, 8], [6, 2, 3, 9, 8, 1, 5, 4, 7], [7, 6, 4, 3, 1, 5, 8, 9, 2], [4, 9, 1, 8, 7, 3, 2, 6, 5]]","[[8, 5, 2, 7, 9, 4, 6, 1, 3], [1, 8, 9, 6, 5, 2, 7, 3, 4], [5, 4, 7, 2, 3, 6, 1, 8, 9], [2, 3, 5, 1, 4, 8, 9, 7, 6], [3, 7, 8, 5, 6, 9, 4, 2, 1], [9, 1, 6, 4, 2, 7, 3, 5, 8], [6, 2, 3, 9, 8, 1, 5, 4, 7], [7, 6, 4, 3, 8, 5, 1, 9, 2], [4, 9, 1, 8, 7, 3, 2, 6, 5]]","[[8, 5, 2, 7, 9, 4, 6, 1, 3], [1, 8, 9, 6, 5, 2, 7, 3, 4], [5, 4, 7, 6, 3, 2, 1, 8, 9], [2, 3, 5, 1, 4, 8, 9, 7, 6], [3, 7, 8, 5, 6, 9, 4, 2, 1], [9, 1, 6, 4, 2, 7, 3, 5, 8], [6, 2, 3, 9, 8, 1, 5, 4, 7], [7, 6, 4, 3, 1, 5, 8, 9, 2], [4, 9, 1, 8, 7, 3, 2, 6, 5]]",B,"[[8, 5, 2, 7, 9, 4, 6, 1, 3], [1, 8, 9, 6, 5, 2, 7, 3, 4], [5, 4, 7, 2, 3, 6, 1, 8, 9], [2, 3, 5, 1, 4, 8, 9, 7, 6], [3, 7, 8, 5, 6, 9, 4, 2, 1], [9, 1, 6, 4, 2, 7, 3, 5, 8], [6, 2, 3, 9, 8, 1, 5, 4, 7], [7, 6, 4, 3, 1, 5, 8, 9, 2], [4, 9, 1, 8, 7, 3, 2, 6, 5]]","{""num_givens"": 32, ""grid_size"": 9, ""has_standard_distractor"": false}"
sudoku_cf2_shifted_boxes_0058,sudoku_cf2_shifted_boxes,counterfactual,"[[0, 0, 0, 0, 0, 5, 9, 0, 0], [0, 0, 6, 2, 0, 0, 0, 0, 8], [0, 3, 0, 0, 8, 0, 2, 5, 0], [4, 0, 8, 0, 3, 7, 6, 9, 0], [3, 0, 9, 1, 5, 2, 0, 0, 0], [2, 0, 0, 0, 6, 0, 1, 0, 9], [5, 2, 0, 0, 4, 0, 0, 1, 6], [0, 0, 0, 0, 1, 3, 0, 0, 0], [0, 0, 3, 0, 0, 0, 0, 0, 0]]","Solve the following modified Sudoku puzzle.
Rule change: The row and column rules are identical to standard Sudoku (each digit 1–9 appears exactly once per row and column). However, the nine 3×3 boxes are spatially shifted: instead of starting at rows/columns 0, 3, 6, each box is shifted by 1 cell in both directions with toroidal (wrap-around) topology. Concretely, box (br, bc) covers rows {(br×3+1) mod 9, (br×3+2) mod 9, (br×3+3) mod 9} and cols {(bc×3+1) mod 9, (bc×3+2) mod 9, (bc×3+3) mod 9}.

Puzzle (. = empty cell):
. . . | . . 5 | 9 . .
. . 6 | 2 . . | . . 8
. 3 . | . 8 . | 2 5 .
---------------------
4 . 8 | . 3 7 | 6 9 .
3 . 9 | 1 5 2 | . . .
2 . . | . 6 . | 1 . 9
---------------------
5 2 . | . 4 . | . 1 6
. . . | . 1 3 | . . .
. . 3 | . . . | . . .

Which of the following is the correct completed solution?
Note: one option is the solution obtained by applying standard Sudoku rules.","[[7, 8, 1, 6, 2, 5, 9, 4, 3], [1, 7, 6, 2, 9, 4, 5, 3, 8], [6, 3, 4, 9, 8, 1, 2, 5, 7], [4, 1, 8, 5, 3, 7, 6, 9, 2], [3, 6, 9, 1, 5, 2, 7, 8, 4], [2, 4, 5, 3, 6, 8, 1, 7, 9], [5, 2, 7, 8, 4, 9, 3, 1, 6], [8, 9, 2, 7, 1, 3, 4, 6, 5], [9, 5, 3, 4, 7, 6, 8, 2, 1]]","[[7, 8, 1, 6, 2, 5, 9, 4, 3], [1, 7, 6, 2, 9, 4, 5, 3, 8], [6, 3, 4, 9, 8, 1, 2, 5, 7], [4, 1, 8, 5, 3, 7, 6, 9, 2], [3, 7, 9, 1, 5, 2, 6, 8, 4], [2, 4, 5, 3, 6, 8, 1, 7, 9], [5, 2, 7, 8, 4, 9, 3, 1, 6], [8, 9, 2, 7, 1, 3, 4, 6, 5], [9, 5, 3, 4, 7, 6, 8, 2, 1]]","[[7, 8, 1, 6, 2, 5, 9, 4, 3], [1, 7, 6, 2, 9, 4, 5, 3, 8], [6, 3, 4, 9, 8, 1, 2, 5, 7], [4, 1, 8, 5, 3, 7, 6, 9, 2], [3, 6, 9, 1, 5, 2, 7, 8, 4], [2, 4, 5, 3, 6, 8, 1, 7, 9], [5, 2, 7, 8, 4, 9, 3, 1, 6], [8, 9, 2, 7, 1, 3, 4, 6, 5], [9, 5, 3, 4, 7, 6, 8, 1, 2]]","[[7, 6, 1, 8, 2, 5, 9, 4, 3], [1, 7, 6, 2, 9, 4, 5, 3, 8], [6, 3, 4, 9, 8, 1, 2, 5, 7], [4, 1, 8, 5, 3, 7, 6, 9, 2], [3, 6, 9, 1, 5, 2, 7, 8, 4], [2, 4, 5, 3, 6, 8, 1, 7, 9], [5, 2, 7, 8, 4, 9, 3, 1, 6], [8, 9, 2, 7, 1, 3, 4, 6, 5], [9, 5, 3, 4, 7, 6, 8, 2, 1]]",A,"[[7, 8, 1, 6, 2, 5, 9, 4, 3], [1, 7, 6, 2, 9, 4, 5, 3, 8], [6, 3, 4, 9, 8, 1, 2, 5, 7], [4, 1, 8, 5, 3, 7, 6, 9, 2], [3, 6, 9, 1, 5, 2, 7, 8, 4], [2, 4, 5, 3, 6, 8, 1, 7, 9], [5, 2, 7, 8, 4, 9, 3, 1, 6], [8, 9, 2, 7, 1, 3, 4, 6, 5], [9, 5, 3, 4, 7, 6, 8, 2, 1]]","{""num_givens"": 32, ""grid_size"": 9, ""has_standard_distractor"": false}"
sudoku_cf2_shifted_boxes_0059,sudoku_cf2_shifted_boxes,counterfactual,"[[0, 0, 4, 8, 1, 6, 0, 9, 3], [0, 0, 0, 1, 7, 0, 0, 8, 0], [0, 0, 2, 0, 9, 0, 3, 0, 5], [0, 3, 8, 9, 0, 0, 0, 0, 2], [0, 0, 0, 2, 0, 3, 0, 0, 0], [0, 0, 3, 5, 8, 0, 7, 0, 0], [0, 0, 0, 0, 0, 1, 2, 0, 0], [5, 0, 0, 0, 0, 0, 4, 0, 8], [0, 5, 7, 6, 0, 0, 0, 2, 0]]","Solve the following modified Sudoku puzzle.
Rule change: The row and column rules are identical to standard Sudoku (each digit 1–9 appears exactly once per row and column). However, the nine 3×3 boxes are spatially shifted: instead of starting at rows/columns 0, 3, 6, each box is shifted by 1 cell in both directions with toroidal (wrap-around) topology. Concretely, box (br, bc) covers rows {(br×3+1) mod 9, (br×3+2) mod 9, (br×3+3) mod 9} and cols {(bc×3+1) mod 9, (bc×3+2) mod 9, (bc×3+3) mod 9}.

Puzzle (. = empty cell):
. . 4 | 8 1 6 | . 9 3
. . . | 1 7 . | . 8 .
. . 2 | . 9 . | 3 . 5
---------------------
. 3 8 | 9 . . | . . 2
. . . | 2 . 3 | . . .
. . 3 | 5 8 . | 7 . .
---------------------
. . . | . . 1 | 2 . .
5 . . | . . . | 4 . 8
. 5 7 | 6 . . | . 2 .

Which of the following is the correct completed solution?
Note: one option is the solution obtained by applying standard Sudoku rules.","[[7, 2, 4, 8, 1, 6, 5, 9, 3], [3, 4, 5, 1, 7, 2, 6, 8, 9], [1, 6, 2, 7, 9, 8, 3, 4, 5], [6, 3, 8, 9, 4, 5, 1, 7, 2], [8, 7, 1, 2, 6, 3, 9, 5, 4], [2, 9, 3, 5, 8, 4, 7, 1, 6], [9, 8, 6, 4, 5, 1, 2, 3, 7], [5, 9, 1, 3, 2, 7, 4, 6, 8], [4, 5, 7, 6, 3, 9, 8, 2, 1]]","[[7, 2, 4, 8, 1, 6, 5, 9, 3], [3, 5, 4, 1, 7, 2, 6, 8, 9], [1, 6, 2, 7, 9, 8, 3, 4, 5], [6, 3, 8, 9, 4, 5, 1, 7, 2], [8, 7, 1, 2, 6, 3, 9, 5, 4], [2, 9, 3, 5, 8, 4, 7, 1, 6], [9, 8, 6, 4, 5, 1, 2, 3, 7], [5, 1, 9, 3, 2, 7, 4, 6, 8], [4, 5, 7, 6, 3, 9, 8, 2, 1]]","[[7, 2, 4, 8, 1, 6, 5, 9, 3], [3, 4, 5, 1, 7, 2, 6, 8, 9], [1, 6, 2, 7, 9, 8, 3, 4, 5], [6, 3, 8, 9, 4, 5, 1, 7, 2], [8, 7, 1, 2, 6, 3, 9, 5, 4], [2, 9, 3, 5, 8, 4, 7, 1, 6], [9, 8, 6, 4, 5, 1, 2, 3, 7], [5, 1, 9, 3, 2, 7, 4, 6, 8], [4, 5, 7, 6, 3, 9, 8, 2, 1]]","[[7, 2, 4, 8, 1, 6, 5, 9, 3], [3, 4, 5, 1, 7, 2, 6, 8, 9], [1, 8, 2, 7, 9, 6, 3, 4, 5], [6, 3, 8, 9, 4, 5, 1, 7, 2], [8, 7, 1, 2, 6, 3, 9, 5, 4], [2, 9, 3, 5, 8, 4, 7, 1, 6], [9, 8, 6, 4, 5, 1, 2, 3, 7], [5, 1, 9, 3, 2, 7, 4, 6, 8], [4, 5, 7, 6, 3, 9, 8, 2, 1]]",C,"[[7, 2, 4, 8, 1, 6, 5, 9, 3], [3, 4, 5, 1, 7, 2, 6, 8, 9], [1, 6, 2, 7, 9, 8, 3, 4, 5], [6, 3, 8, 9, 4, 5, 1, 7, 2], [8, 7, 1, 2, 6, 3, 9, 5, 4], [2, 9, 3, 5, 8, 4, 7, 1, 6], [9, 8, 6, 4, 5, 1, 2, 3, 7], [5, 1, 9, 3, 2, 7, 4, 6, 8], [4, 5, 7, 6, 3, 9, 8, 2, 1]]","{""num_givens"": 32, ""grid_size"": 9, ""has_standard_distractor"": false}"
sudoku_cf2_shifted_boxes_0060,sudoku_cf2_shifted_boxes,counterfactual,"[[0, 0, 0, 3, 0, 5, 0, 0, 0], [8, 0, 0, 0, 0, 7, 6, 5, 0], [1, 8, 0, 0, 5, 4, 0, 0, 2], [0, 5, 0, 0, 8, 1, 3, 0, 0], [9, 3, 0, 0, 4, 0, 0, 0, 1], [5, 0, 6, 0, 1, 9, 0, 8, 0], [2, 0, 1, 5, 0, 0, 0, 4, 0], [4, 0, 2, 0, 6, 0, 0, 0, 0], [0, 0, 0, 0, 0, 0, 0, 0, 6]]","Solve the following modified Sudoku puzzle.
Rule change: The row and column rules are identical to standard Sudoku (each digit 1–9 appears exactly once per row and column). However, the nine 3×3 boxes are spatially shifted: instead of starting at rows/columns 0, 3, 6, each box is shifted by 1 cell in both directions with toroidal (wrap-around) topology. Concretely, box (br, bc) covers rows {(br×3+1) mod 9, (br×3+2) mod 9, (br×3+3) mod 9} and cols {(bc×3+1) mod 9, (bc×3+2) mod 9, (bc×3+3) mod 9}.

Puzzle (. = empty cell):
. . . | 3 . 5 | . . .
8 . . | . . 7 | 6 5 .
1 8 . | . 5 4 | . . 2
---------------------
. 5 . | . 8 1 | 3 . .
9 3 . | . 4 . | . . 1
5 . 6 | . 1 9 | . 8 .
---------------------
2 . 1 | 5 . . | . 4 .
4 . 2 | . 6 . | . . .
. . . | . . . | . . 6

Which of the following is the correct completed solution?
Note: one option is the solution obtained by applying standard Sudoku rules.","[[7, 6, 4, 3, 9, 5, 2, 1, 8], [8, 4, 3, 1, 2, 7, 6, 5, 9], [1, 8, 7, 6, 5, 4, 9, 3, 2], [6, 5, 9, 2, 8, 1, 3, 7, 4], [9, 3, 8, 7, 4, 2, 5, 6, 1], [5, 2, 6, 4, 1, 9, 7, 8, 3], [2, 9, 1, 5, 6, 3, 8, 4, 7], [4, 7, 2, 8, 6, 3, 1, 9, 5], [3, 1, 5, 9, 7, 8, 4, 2, 6]]","[[7, 6, 4, 3, 9, 5, 2, 1, 8], [8, 4, 3, 1, 2, 7, 6, 5, 9], [1, 8, 7, 6, 5, 4, 9, 3, 2], [6, 5, 9, 2, 8, 1, 3, 7, 4], [9, 3, 8, 7, 4, 2, 5, 6, 1], [5, 2, 6, 4, 1, 9, 7, 8, 3], [2, 9, 1, 5, 3, 6, 8, 4, 7], [4, 7, 2, 8, 6, 3, 1, 9, 5], [3, 1, 5, 9, 7, 8, 4, 2, 6]]","[[7, 6, 4, 3, 9, 5, 2, 1, 8], [8, 4, 3, 1, 2, 7, 6, 5, 9], [1, 8, 7, 6, 5, 4, 9, 3, 2], [6, 5, 9, 2, 8, 1, 3, 7, 4], [9, 3, 8, 5, 4, 2, 7, 6, 1], [5, 2, 6, 4, 1, 9, 7, 8, 3], [2, 9, 1, 5, 3, 6, 8, 4, 7], [4, 7, 2, 8, 6, 3, 1, 9, 5], [3, 1, 5, 9, 7, 8, 4, 2, 6]]","[[7, 6, 4, 3, 9, 5, 2, 1, 8], [8, 4, 3, 1, 2, 7, 6, 5, 9], [1, 8, 7, 6, 5, 4, 9, 3, 2], [6, 5, 9, 2, 8, 1, 3, 7, 4], [9, 3, 8, 7, 4, 2, 5, 6, 1], [5, 2, 6, 4, 1, 9, 7, 8, 3], [2, 7, 1, 5, 3, 6, 8, 4, 9], [4, 7, 2, 8, 6, 3, 1, 9, 5], [3, 1, 5, 9, 7, 8, 4, 2, 6]]",B,"[[7, 6, 4, 3, 9, 5, 2, 1, 8], [8, 4, 3, 1, 2, 7, 6, 5, 9], [1, 8, 7, 6, 5, 4, 9, 3, 2], [6, 5, 9, 2, 8, 1, 3, 7, 4], [9, 3, 8, 7, 4, 2, 5, 6, 1], [5, 2, 6, 4, 1, 9, 7, 8, 3], [2, 9, 1, 5, 3, 6, 8, 4, 7], [4, 7, 2, 8, 6, 3, 1, 9, 5], [3, 1, 5, 9, 7, 8, 4, 2, 6]]","{""num_givens"": 32, ""grid_size"": 9, ""has_standard_distractor"": false}"
sudoku_cf2_shifted_boxes_0061,sudoku_cf2_shifted_boxes,counterfactual,"[[0, 0, 7, 8, 0, 3, 0, 0, 0], [0, 0, 0, 0, 8, 4, 0, 0, 0], [0, 2, 8, 0, 5, 0, 6, 0, 0], [8, 0, 0, 0, 0, 1, 0, 7, 2], [6, 7, 0, 0, 0, 9, 4, 0, 0], [3, 8, 4, 0, 6, 0, 7, 9, 0], [0, 0, 0, 0, 0, 0, 3, 0, 0], [0, 3, 0, 0, 0, 0, 0, 5, 8], [9, 4, 6, 0, 0, 2, 0, 0, 3]]","Solve the following modified Sudoku puzzle.
Rule change: The row and column rules are identical to standard Sudoku (each digit 1–9 appears exactly once per row and column). However, the nine 3×3 boxes are spatially shifted: instead of starting at rows/columns 0, 3, 6, each box is shifted by 1 cell in both directions with toroidal (wrap-around) topology. Concretely, box (br, bc) covers rows {(br×3+1) mod 9, (br×3+2) mod 9, (br×3+3) mod 9} and cols {(bc×3+1) mod 9, (bc×3+2) mod 9, (bc×3+3) mod 9}.

Puzzle (. = empty cell):
. . 7 | 8 . 3 | . . .
. . . | . 8 4 | . . .
. 2 8 | . 5 . | 6 . .
---------------------
8 . . | . . 1 | . 7 2
6 7 . | . . 9 | 4 . .
3 8 4 | . 6 . | 7 9 .
---------------------
. . . | . . . | 3 . .
. 3 . | . . . | . 5 8
9 4 6 | . . 2 | . . 3

Which of the following is the correct completed solution?
Note: one option is the solution obtained by applying standard Sudoku rules.","[[2, 1, 7, 8, 9, 3, 5, 6, 4], [5, 9, 1, 7, 8, 4, 2, 3, 6], [1, 2, 8, 3, 5, 7, 6, 4, 9], [8, 6, 5, 4, 3, 1, 9, 7, 2], [6, 7, 8, 1, 2, 9, 4, 3, 5], [3, 8, 4, 2, 6, 5, 7, 9, 1], [4, 5, 9, 6, 1, 8, 3, 2, 7], [7, 3, 2, 9, 4, 6, 1, 5, 8], [9, 4, 6, 5, 7, 2, 8, 1, 3]]","[[2, 1, 7, 8, 9, 3, 5, 6, 4], [5, 9, 1, 7, 8, 4, 2, 3, 6], [1, 2, 8, 3, 5, 7, 6, 4, 9], [8, 6, 5, 4, 3, 1, 9, 7, 2], [6, 7, 3, 1, 2, 9, 4, 8, 5], [3, 8, 4, 2, 6, 5, 7, 9, 1], [4, 5, 9, 6, 1, 8, 3, 2, 7], [7, 3, 2, 9, 4, 6, 1, 5, 8], [9, 4, 6, 8, 7, 2, 5, 1, 3]]","[[2, 1, 7, 8, 9, 3, 5, 6, 4], [5, 9, 1, 7, 8, 4, 2, 3, 6], [1, 2, 8, 3, 5, 7, 6, 4, 9], [8, 6, 4, 5, 3, 1, 9, 7, 2], [6, 7, 3, 1, 2, 9, 4, 8, 5], [3, 8, 4, 2, 6, 5, 7, 9, 1], [4, 5, 9, 6, 1, 8, 3, 2, 7], [7, 3, 2, 9, 4, 6, 1, 5, 8], [9, 4, 6, 5, 7, 2, 8, 1, 3]]","[[2, 1, 7, 8, 9, 3, 5, 6, 4], [5, 9, 1, 7, 8, 4, 2, 3, 6], [1, 2, 8, 3, 5, 7, 6, 4, 9], [8, 6, 5, 4, 3, 1, 9, 7, 2], [6, 7, 3, 1, 2, 9, 4, 8, 5], [3, 8, 4, 2, 6, 5, 7, 9, 1], [4, 5, 9, 6, 1, 8, 3, 2, 7], [7, 3, 2, 9, 4, 6, 1, 5, 8], [9, 4, 6, 5, 7, 2, 8, 1, 3]]",D,"[[2, 1, 7, 8, 9, 3, 5, 6, 4], [5, 9, 1, 7, 8, 4, 2, 3, 6], [1, 2, 8, 3, 5, 7, 6, 4, 9], [8, 6, 5, 4, 3, 1, 9, 7, 2], [6, 7, 3, 1, 2, 9, 4, 8, 5], [3, 8, 4, 2, 6, 5, 7, 9, 1], [4, 5, 9, 6, 1, 8, 3, 2, 7], [7, 3, 2, 9, 4, 6, 1, 5, 8], [9, 4, 6, 5, 7, 2, 8, 1, 3]]","{""num_givens"": 32, ""grid_size"": 9, ""has_standard_distractor"": false}"
sudoku_cf2_shifted_boxes_0062,sudoku_cf2_shifted_boxes,counterfactual,"[[0, 0, 0, 7, 0, 5, 0, 3, 1], [0, 0, 8, 0, 0, 6, 1, 2, 4], [0, 0, 0, 0, 3, 0, 0, 0, 7], [0, 0, 0, 0, 0, 2, 9, 0, 0], [4, 6, 0, 0, 0, 0, 5, 0, 0], [0, 3, 2, 0, 0, 9, 7, 0, 0], [2, 4, 5, 0, 1, 3, 0, 0, 0], [9, 0, 0, 6, 0, 0, 2, 0, 0], [0, 8, 4, 0, 9, 0, 0, 6, 0]]","Solve the following modified Sudoku puzzle.
Rule change: The row and column rules are identical to standard Sudoku (each digit 1–9 appears exactly once per row and column). However, the nine 3×3 boxes are spatially shifted: instead of starting at rows/columns 0, 3, 6, each box is shifted by 1 cell in both directions with toroidal (wrap-around) topology. Concretely, box (br, bc) covers rows {(br×3+1) mod 9, (br×3+2) mod 9, (br×3+3) mod 9} and cols {(bc×3+1) mod 9, (bc×3+2) mod 9, (bc×3+3) mod 9}.

Puzzle (. = empty cell):
. . . | 7 . 5 | . 3 1
. . 8 | . . 6 | 1 2 4
. . . | . 3 . | . . 7
---------------------
. . . | . . 2 | 9 . .
4 6 . | . . . | 5 . .
. 3 2 | . . 9 | 7 . .
---------------------
2 4 5 | . 1 3 | . . .
9 . . | 6 . . | 2 . .
. 8 4 | . 9 . | . 6 .

Which of the following is the correct completed solution?
Note: one option is the solution obtained by applying standard Sudoku rules.","[[8, 2, 9, 7, 6, 5, 4, 3, 1], [5, 9, 8, 3, 7, 6, 1, 2, 4], [1, 5, 6, 2, 3, 4, 8, 9, 7], [3, 7, 1, 4, 5, 2, 9, 8, 6], [4, 6, 7, 9, 2, 8, 5, 1, 3], [6, 3, 2, 1, 4, 9, 7, 5, 8], [2, 4, 5, 8, 1, 3, 6, 7, 9], [9, 1, 3, 6, 8, 7, 2, 4, 5], [7, 8, 4, 5, 9, 1, 3, 6, 2]]","[[2, 8, 9, 7, 6, 5, 4, 3, 1], [5, 9, 8, 3, 7, 6, 1, 2, 4], [1, 5, 6, 2, 3, 4, 8, 9, 7], [3, 7, 1, 4, 5, 2, 9, 8, 6], [4, 6, 7, 9, 2, 8, 5, 1, 3], [6, 3, 2, 1, 4, 9, 7, 5, 8], [2, 4, 5, 8, 1, 3, 6, 7, 9], [9, 1, 3, 6, 8, 7, 2, 4, 5], [7, 8, 4, 5, 9, 1, 3, 6, 2]]","[[8, 2, 9, 7, 6, 5, 4, 3, 1], [5, 9, 8, 3, 7, 6, 1, 2, 4], [1, 5, 6, 2, 3, 4, 8, 9, 7], [3, 7, 1, 4, 5, 2, 9, 8, 6], [4, 6, 9, 7, 2, 8, 5, 1, 3], [6, 3, 2, 1, 4, 9, 7, 5, 8], [2, 4, 5, 8, 1, 3, 6, 7, 9], [9, 1, 3, 6, 8, 7, 2, 4, 5], [7, 8, 4, 5, 9, 1, 3, 6, 2]]","[[8, 2, 9, 7, 6, 5, 4, 3, 1], [5, 9, 8, 3, 7, 6, 1, 2, 4], [1, 5, 6, 2, 3, 4, 8, 9, 7], [6, 7, 1, 4, 5, 2, 9, 8, 3], [4, 6, 7, 9, 2, 8, 5, 1, 3], [6, 3, 2, 1, 4, 9, 7, 5, 8], [2, 4, 5, 8, 1, 3, 6, 7, 9], [9, 1, 3, 6, 8, 7, 2, 4, 5], [7, 8, 4, 5, 9, 1, 3, 6, 2]]",A,"[[8, 2, 9, 7, 6, 5, 4, 3, 1], [5, 9, 8, 3, 7, 6, 1, 2, 4], [1, 5, 6, 2, 3, 4, 8, 9, 7], [3, 7, 1, 4, 5, 2, 9, 8, 6], [4, 6, 7, 9, 2, 8, 5, 1, 3], [6, 3, 2, 1, 4, 9, 7, 5, 8], [2, 4, 5, 8, 1, 3, 6, 7, 9], [9, 1, 3, 6, 8, 7, 2, 4, 5], [7, 8, 4, 5, 9, 1, 3, 6, 2]]","{""num_givens"": 32, ""grid_size"": 9, ""has_standard_distractor"": false}"
sudoku_cf2_shifted_boxes_0063,sudoku_cf2_shifted_boxes,counterfactual,"[[0, 5, 2, 0, 0, 7, 0, 0, 0], [0, 0, 0, 6, 0, 8, 0, 9, 5], [7, 2, 0, 0, 0, 0, 9, 1, 4], [2, 0, 0, 9, 0, 0, 0, 0, 6], [4, 0, 9, 7, 0, 5, 0, 0, 1], [0, 0, 3, 0, 0, 4, 0, 0, 0], [8, 0, 0, 0, 1, 0, 0, 0, 0], [0, 0, 6, 4, 0, 0, 5, 0, 3], [0, 9, 0, 1, 0, 3, 0, 0, 8]]","Solve the following modified Sudoku puzzle.
Rule change: The row and column rules are identical to standard Sudoku (each digit 1–9 appears exactly once per row and column). However, the nine 3×3 boxes are spatially shifted: instead of starting at rows/columns 0, 3, 6, each box is shifted by 1 cell in both directions with toroidal (wrap-around) topology. Concretely, box (br, bc) covers rows {(br×3+1) mod 9, (br×3+2) mod 9, (br×3+3) mod 9} and cols {(bc×3+1) mod 9, (bc×3+2) mod 9, (bc×3+3) mod 9}.

Puzzle (. = empty cell):
. 5 2 | . . 7 | . . .
. . . | 6 . 8 | . 9 5
7 2 . | . . . | 9 1 4
---------------------
2 . . | 9 . . | . . 6
4 . 9 | 7 . 5 | . . 1
. . 3 | . . 4 | . . .
---------------------
8 . . | . 1 . | . . .
. . 6 | 4 . . | 5 . 3
. 9 . | 1 . 3 | . . 8

Which of the following is the correct completed solution?
Note: one option is the solution obtained by applying standard Sudoku rules.","[[4, 5, 2, 3, 8, 7, 1, 6, 9], [3, 7, 1, 6, 4, 8, 2, 9, 5], [7, 2, 8, 5, 3, 6, 9, 1, 4], [2, 3, 4, 9, 5, 1, 7, 8, 6], [4, 6, 9, 7, 2, 5, 8, 3, 1], [9, 1, 3, 8, 7, 4, 6, 5, 2], [8, 4, 5, 2, 1, 9, 3, 6, 7], [1, 8, 6, 4, 9, 2, 5, 7, 3], [5, 9, 7, 1, 6, 3, 4, 2, 8]]","[[6, 5, 2, 3, 8, 7, 1, 4, 9], [3, 7, 1, 6, 4, 8, 2, 9, 5], [7, 2, 8, 5, 6, 3, 9, 1, 4], [2, 3, 4, 9, 5, 1, 7, 8, 6], [4, 6, 9, 7, 2, 5, 8, 3, 1], [9, 1, 3, 8, 7, 4, 6, 5, 2], [8, 4, 5, 2, 1, 9, 3, 6, 7], [1, 8, 6, 4, 9, 2, 5, 7, 3], [5, 9, 7, 1, 6, 3, 4, 2, 8]]","[[6, 5, 2, 3, 8, 7, 1, 4, 9], [3, 7, 1, 6, 4, 8, 2, 9, 5], [7, 2, 8, 5, 3, 6, 9, 1, 4], [2, 3, 4, 9, 5, 1, 7, 8, 6], [4, 6, 9, 7, 2, 5, 8, 3, 1], [2, 1, 3, 8, 7, 4, 6, 5, 9], [8, 4, 5, 2, 1, 9, 3, 6, 7], [1, 8, 6, 4, 9, 2, 5, 7, 3], [5, 9, 7, 1, 6, 3, 4, 2, 8]]","[[6, 5, 2, 3, 8, 7, 1, 4, 9], [3, 7, 1, 6, 4, 8, 2, 9, 5], [7, 2, 8, 5, 3, 6, 9, 1, 4], [2, 3, 4, 9, 5, 1, 7, 8, 6], [4, 6, 9, 7, 2, 5, 8, 3, 1], [9, 1, 3, 8, 7, 4, 6, 5, 2], [8, 4, 5, 2, 1, 9, 3, 6, 7], [1, 8, 6, 4, 9, 2, 5, 7, 3], [5, 9, 7, 1, 6, 3, 4, 2, 8]]",D,"[[6, 5, 2, 3, 8, 7, 1, 4, 9], [3, 7, 1, 6, 4, 8, 2, 9, 5], [7, 2, 8, 5, 3, 6, 9, 1, 4], [2, 3, 4, 9, 5, 1, 7, 8, 6], [4, 6, 9, 7, 2, 5, 8, 3, 1], [9, 1, 3, 8, 7, 4, 6, 5, 2], [8, 4, 5, 2, 1, 9, 3, 6, 7], [1, 8, 6, 4, 9, 2, 5, 7, 3], [5, 9, 7, 1, 6, 3, 4, 2, 8]]","{""num_givens"": 32, ""grid_size"": 9, ""has_standard_distractor"": false}"
sudoku_cf2_shifted_boxes_0064,sudoku_cf2_shifted_boxes,counterfactual,"[[5, 3, 0, 0, 0, 0, 8, 0, 0], [4, 6, 0, 0, 3, 0, 2, 0, 7], [8, 4, 2, 5, 7, 0, 6, 0, 0], [0, 0, 0, 7, 0, 0, 4, 0, 1], [0, 0, 7, 0, 0, 8, 0, 0, 0], [7, 0, 0, 0, 6, 2, 0, 0, 8], [6, 0, 5, 0, 0, 0, 3, 0, 9], [0, 5, 4, 2, 0, 0, 0, 0, 0], [0, 0, 0, 0, 5, 0, 1, 0, 0]]","Solve the following modified Sudoku puzzle.
Rule change: The row and column rules are identical to standard Sudoku (each digit 1–9 appears exactly once per row and column). However, the nine 3×3 boxes are spatially shifted: instead of starting at rows/columns 0, 3, 6, each box is shifted by 1 cell in both directions with toroidal (wrap-around) topology. Concretely, box (br, bc) covers rows {(br×3+1) mod 9, (br×3+2) mod 9, (br×3+3) mod 9} and cols {(bc×3+1) mod 9, (bc×3+2) mod 9, (bc×3+3) mod 9}.

Puzzle (. = empty cell):
5 3 . | . . . | 8 . .
4 6 . | . 3 . | 2 . 7
8 4 2 | 5 7 . | 6 . .
---------------------
. . . | 7 . . | 4 . 1
. . 7 | . . 8 | . . .
7 . . | . 6 2 | . . 8
---------------------
6 . 5 | . . . | 3 . 9
. 5 4 | 2 . . | . . .
. . . | . 5 . | 1 . .

Which of the following is the correct completed solution?
Note: one option is the solution obtained by applying standard Sudoku rules.","[[5, 3, 1, 9, 2, 6, 8, 7, 4], [4, 6, 8, 1, 3, 9, 2, 5, 7], [8, 4, 2, 5, 7, 1, 6, 9, 3], [2, 9, 3, 7, 8, 5, 4, 6, 1], [3, 2, 7, 6, 4, 8, 9, 1, 5], [7, 1, 9, 3, 6, 2, 5, 4, 8], [6, 8, 5, 4, 1, 7, 3, 2, 9], [1, 5, 4, 2, 9, 3, 7, 6, 8], [9, 7, 6, 8, 5, 4, 1, 3, 2]]","[[5, 3, 1, 9, 2, 6, 8, 7, 4], [4, 6, 8, 1, 3, 9, 2, 5, 7], [8, 4, 2, 5, 7, 1, 6, 9, 3], [2, 9, 3, 7, 8, 5, 4, 6, 1], [3, 2, 7, 6, 4, 8, 9, 1, 5], [7, 1, 9, 3, 6, 2, 5, 4, 8], [6, 8, 5, 4, 1, 7, 3, 2, 9], [1, 5, 4, 2, 3, 9, 7, 8, 6], [9, 7, 6, 8, 5, 4, 1, 3, 2]]","[[5, 3, 2, 9, 1, 6, 8, 7, 4], [4, 6, 8, 1, 3, 9, 2, 5, 7], [8, 4, 2, 5, 7, 1, 6, 9, 3], [2, 9, 3, 7, 8, 5, 4, 6, 1], [3, 2, 7, 6, 4, 8, 9, 1, 5], [7, 1, 9, 3, 6, 2, 5, 4, 8], [6, 8, 5, 4, 1, 7, 3, 2, 9], [1, 5, 4, 2, 9, 3, 7, 8, 6], [9, 7, 6, 8, 5, 4, 1, 3, 2]]","[[5, 3, 1, 9, 2, 6, 8, 7, 4], [4, 6, 8, 1, 3, 9, 2, 5, 7], [8, 4, 2, 5, 7, 1, 6, 9, 3], [2, 9, 3, 7, 8, 5, 4, 6, 1], [3, 2, 7, 6, 4, 8, 9, 1, 5], [7, 1, 9, 3, 6, 2, 5, 4, 8], [6, 8, 5, 4, 1, 7, 3, 2, 9], [1, 5, 4, 2, 9, 3, 7, 8, 6], [9, 7, 6, 8, 5, 4, 1, 3, 2]]",D,"[[5, 3, 1, 9, 2, 6, 8, 7, 4], [4, 6, 8, 1, 3, 9, 2, 5, 7], [8, 4, 2, 5, 7, 1, 6, 9, 3], [2, 9, 3, 7, 8, 5, 4, 6, 1], [3, 2, 7, 6, 4, 8, 9, 1, 5], [7, 1, 9, 3, 6, 2, 5, 4, 8], [6, 8, 5, 4, 1, 7, 3, 2, 9], [1, 5, 4, 2, 9, 3, 7, 8, 6], [9, 7, 6, 8, 5, 4, 1, 3, 2]]","{""num_givens"": 32, ""grid_size"": 9, ""has_standard_distractor"": false}"
sudoku_cf2_shifted_boxes_0065,sudoku_cf2_shifted_boxes,counterfactual,"[[0, 0, 1, 0, 7, 0, 0, 0, 6], [0, 0, 6, 0, 0, 9, 0, 0, 0], [0, 0, 2, 4, 0, 6, 3, 0, 7], [5, 0, 9, 0, 0, 0, 7, 6, 0], [3, 6, 0, 0, 0, 0, 8, 4, 2], [0, 8, 0, 0, 0, 2, 0, 0, 0], [0, 0, 0, 0, 3, 7, 5, 0, 0], [9, 2, 8, 0, 0, 0, 0, 7, 0], [0, 0, 0, 3, 6, 0, 2, 5, 0]]","Solve the following modified Sudoku puzzle.
Rule change: The row and column rules are identical to standard Sudoku (each digit 1–9 appears exactly once per row and column). However, the nine 3×3 boxes are spatially shifted: instead of starting at rows/columns 0, 3, 6, each box is shifted by 1 cell in both directions with toroidal (wrap-around) topology. Concretely, box (br, bc) covers rows {(br×3+1) mod 9, (br×3+2) mod 9, (br×3+3) mod 9} and cols {(bc×3+1) mod 9, (bc×3+2) mod 9, (bc×3+3) mod 9}.

Puzzle (. = empty cell):
. . 1 | . 7 . | . . 6
. . 6 | . . 9 | . . .
. . 2 | 4 . 6 | 3 . 7
---------------------
5 . 9 | . . . | 7 6 .
3 6 . | . . . | 8 4 2
. 8 . | . . 2 | . . .
---------------------
. . . | . 3 7 | 5 . .
9 2 8 | . . . | . 7 .
. . . | 3 6 . | 2 5 .

Which of the following is the correct completed solution?
Note: one option is the solution obtained by applying standard Sudoku rules.","[[8, 4, 1, 5, 7, 3, 9, 2, 6], [2, 7, 6, 8, 5, 9, 1, 3, 4], [1, 9, 2, 4, 8, 6, 3, 5, 7], [5, 3, 9, 1, 2, 4, 7, 6, 8], [3, 6, 5, 7, 9, 1, 8, 4, 2], [7, 8, 3, 9, 4, 2, 6, 1, 5], [6, 1, 4, 2, 3, 7, 5, 8, 9], [9, 2, 8, 6, 1, 5, 4, 7, 3], [4, 9, 7, 3, 6, 8, 2, 5, 1]]","[[8, 4, 1, 5, 7, 3, 9, 2, 6], [2, 7, 6, 8, 5, 9, 1, 3, 4], [1, 5, 2, 4, 8, 6, 3, 9, 7], [5, 3, 9, 1, 2, 4, 7, 6, 8], [3, 6, 1, 7, 9, 5, 8, 4, 2], [7, 8, 3, 9, 4, 2, 6, 1, 5], [6, 1, 4, 2, 3, 7, 5, 8, 9], [9, 2, 8, 6, 1, 5, 4, 7, 3], [4, 9, 7, 3, 6, 8, 2, 5, 1]]","[[8, 4, 1, 5, 7, 3, 9, 2, 6], [2, 7, 6, 8, 5, 9, 1, 3, 4], [1, 5, 2, 4, 8, 6, 3, 9, 7], [5, 3, 9, 1, 2, 4, 7, 6, 8], [3, 6, 5, 7, 9, 1, 8, 4, 2], [7, 8, 3, 9, 4, 2, 6, 1, 5], [6, 1, 4, 2, 3, 7, 5, 8, 9], [9, 2, 8, 6, 1, 5, 4, 7, 3], [4, 9, 7, 3, 6, 8, 2, 5, 1]]","[[8, 4, 1, 5, 7, 3, 9, 2, 6], [2, 7, 6, 8, 5, 9, 1, 3, 4], [1, 5, 2, 4, 8, 6, 3, 9, 7], [5, 3, 9, 1, 2, 4, 7, 6, 8], [3, 6, 9, 7, 5, 1, 8, 4, 2], [7, 8, 3, 9, 4, 2, 6, 1, 5], [6, 1, 4, 2, 3, 7, 5, 8, 9], [9, 2, 8, 6, 1, 5, 4, 7, 3], [4, 9, 7, 3, 6, 8, 2, 5, 1]]",C,"[[8, 4, 1, 5, 7, 3, 9, 2, 6], [2, 7, 6, 8, 5, 9, 1, 3, 4], [1, 5, 2, 4, 8, 6, 3, 9, 7], [5, 3, 9, 1, 2, 4, 7, 6, 8], [3, 6, 5, 7, 9, 1, 8, 4, 2], [7, 8, 3, 9, 4, 2, 6, 1, 5], [6, 1, 4, 2, 3, 7, 5, 8, 9], [9, 2, 8, 6, 1, 5, 4, 7, 3], [4, 9, 7, 3, 6, 8, 2, 5, 1]]","{""num_givens"": 32, ""grid_size"": 9, ""has_standard_distractor"": false}"
sudoku_cf2_shifted_boxes_0066,sudoku_cf2_shifted_boxes,counterfactual,"[[6, 0, 0, 0, 0, 0, 0, 0, 0], [0, 9, 0, 4, 0, 7, 0, 6, 0], [0, 5, 0, 8, 9, 0, 0, 0, 0], [9, 0, 0, 0, 3, 1, 8, 0, 0], [0, 6, 7, 3, 0, 0, 1, 0, 0], [7, 4, 8, 0, 6, 0, 0, 2, 0], [8, 0, 0, 2, 0, 9, 7, 0, 0], [0, 3, 0, 6, 0, 2, 0, 7, 0], [0, 8, 0, 0, 0, 4, 0, 9, 0]]","Solve the following modified Sudoku puzzle.
Rule change: The row and column rules are identical to standard Sudoku (each digit 1–9 appears exactly once per row and column). However, the nine 3×3 boxes are spatially shifted: instead of starting at rows/columns 0, 3, 6, each box is shifted by 1 cell in both directions with toroidal (wrap-around) topology. Concretely, box (br, bc) covers rows {(br×3+1) mod 9, (br×3+2) mod 9, (br×3+3) mod 9} and cols {(bc×3+1) mod 9, (bc×3+2) mod 9, (bc×3+3) mod 9}.

Puzzle (. = empty cell):
6 . . | . . . | . . .
. 9 . | 4 . 7 | . 6 .
. 5 . | 8 9 . | . . .
---------------------
9 . . | . 3 1 | 8 . .
. 6 7 | 3 . . | 1 . .
7 4 8 | . 6 . | . 2 .
---------------------
8 . . | 2 . 9 | 7 . .
. 3 . | 6 . 2 | . 7 .
. 8 . | . . 4 | . 9 .

Which of the following is the correct completed solution?
Note: one option is the solution obtained by applying standard Sudoku rules.","[[6, 7, 4, 5, 1, 3, 9, 8, 2], [3, 9, 1, 4, 5, 7, 2, 6, 8], [2, 5, 3, 8, 9, 6, 4, 1, 7], [9, 2, 6, 7, 3, 1, 8, 4, 5], [4, 6, 7, 3, 2, 8, 1, 5, 9], [7, 4, 8, 9, 6, 5, 3, 2, 1], [8, 1, 5, 2, 3, 9, 7, 4, 6], [1, 3, 9, 6, 8, 2, 5, 7, 4], [5, 8, 2, 1, 7, 4, 6, 9, 3]]","[[6, 7, 4, 5, 1, 3, 9, 8, 2], [3, 9, 1, 4, 5, 7, 2, 6, 8], [2, 5, 3, 8, 9, 6, 4, 1, 7], [9, 2, 6, 7, 3, 1, 8, 4, 5], [4, 6, 7, 3, 2, 8, 1, 5, 9], [7, 4, 8, 9, 6, 5, 3, 2, 1], [8, 1, 4, 2, 5, 9, 7, 3, 6], [1, 3, 9, 6, 8, 2, 5, 7, 4], [5, 8, 2, 1, 7, 4, 6, 9, 3]]","[[6, 7, 4, 5, 3, 1, 9, 8, 2], [3, 9, 1, 4, 5, 7, 2, 6, 8], [2, 5, 3, 8, 9, 6, 4, 1, 7], [9, 2, 6, 7, 3, 1, 8, 4, 5], [4, 6, 7, 3, 2, 8, 1, 5, 9], [7, 4, 8, 9, 6, 5, 3, 2, 1], [8, 1, 5, 2, 4, 9, 7, 3, 6], [1, 3, 9, 6, 8, 2, 5, 7, 4], [5, 8, 2, 1, 7, 4, 6, 9, 3]]","[[6, 7, 4, 5, 1, 3, 9, 8, 2], [3, 9, 1, 4, 5, 7, 2, 6, 8], [2, 5, 3, 8, 9, 6, 4, 1, 7], [9, 2, 6, 7, 3, 1, 8, 4, 5], [4, 6, 7, 3, 2, 8, 1, 5, 9], [7, 4, 8, 9, 6, 5, 3, 2, 1], [8, 1, 5, 2, 4, 9, 7, 3, 6], [1, 3, 9, 6, 8, 2, 5, 7, 4], [5, 8, 2, 1, 7, 4, 6, 9, 3]]",D,"[[6, 7, 4, 5, 1, 3, 9, 8, 2], [3, 9, 1, 4, 5, 7, 2, 6, 8], [2, 5, 3, 8, 9, 6, 4, 1, 7], [9, 2, 6, 7, 3, 1, 8, 4, 5], [4, 6, 7, 3, 2, 8, 1, 5, 9], [7, 4, 8, 9, 6, 5, 3, 2, 1], [8, 1, 5, 2, 4, 9, 7, 3, 6], [1, 3, 9, 6, 8, 2, 5, 7, 4], [5, 8, 2, 1, 7, 4, 6, 9, 3]]","{""num_givens"": 32, ""grid_size"": 9, ""has_standard_distractor"": false}"
sudoku_cf2_shifted_boxes_0067,sudoku_cf2_shifted_boxes,counterfactual,"[[9, 3, 0, 0, 0, 0, 6, 0, 0], [0, 4, 7, 0, 8, 0, 0, 0, 0], [4, 0, 0, 6, 0, 0, 0, 1, 0], [8, 2, 0, 0, 0, 0, 0, 0, 7], [0, 0, 0, 0, 4, 0, 0, 5, 0], [3, 5, 0, 8, 0, 6, 9, 4, 1], [0, 0, 0, 0, 0, 5, 0, 0, 9], [6, 1, 0, 9, 0, 8, 7, 2, 0], [0, 6, 0, 0, 0, 0, 3, 0, 4]]","Solve the following modified Sudoku puzzle.
Rule change: The row and column rules are identical to standard Sudoku (each digit 1–9 appears exactly once per row and column). However, the nine 3×3 boxes are spatially shifted: instead of starting at rows/columns 0, 3, 6, each box is shifted by 1 cell in both directions with toroidal (wrap-around) topology. Concretely, box (br, bc) covers rows {(br×3+1) mod 9, (br×3+2) mod 9, (br×3+3) mod 9} and cols {(bc×3+1) mod 9, (bc×3+2) mod 9, (bc×3+3) mod 9}.

Puzzle (. = empty cell):
9 3 . | . . . | 6 . .
. 4 7 | . 8 . | . . .
4 . . | 6 . . | . 1 .
---------------------
8 2 . | . . . | . . 7
. . . | . 4 . | . 5 .
3 5 . | 8 . 6 | 9 4 1
---------------------
. . . | . . 5 | . . 9
6 1 . | 9 . 8 | 7 2 .
. 6 . | . . . | 3 . 4

Which of the following is the correct completed solution?
Note: one option is the solution obtained by applying standard Sudoku rules.","[[9, 3, 8, 2, 1, 4, 6, 7, 5], [5, 4, 7, 1, 8, 3, 2, 9, 6], [4, 8, 3, 6, 9, 7, 5, 1, 2], [8, 2, 9, 5, 6, 1, 4, 3, 7], [7, 9, 6, 3, 4, 2, 1, 5, 8], [3, 5, 2, 8, 7, 6, 9, 4, 1], [2, 7, 1, 4, 3, 5, 8, 6, 9], [6, 1, 3, 9, 5, 8, 7, 2, 4], [1, 6, 5, 7, 2, 9, 3, 8, 4]]","[[9, 3, 8, 2, 1, 4, 6, 7, 5], [5, 4, 7, 1, 8, 3, 2, 9, 6], [4, 8, 3, 6, 9, 7, 5, 1, 2], [8, 2, 9, 5, 6, 1, 4, 3, 7], [7, 9, 6, 3, 4, 2, 1, 5, 8], [3, 5, 2, 8, 7, 6, 9, 4, 1], [2, 7, 1, 4, 3, 5, 8, 6, 9], [6, 1, 5, 9, 4, 8, 7, 2, 3], [1, 6, 5, 7, 2, 9, 3, 8, 4]]","[[9, 3, 8, 2, 1, 4, 6, 7, 5], [5, 4, 7, 1, 8, 3, 2, 9, 6], [4, 8, 3, 6, 9, 7, 5, 1, 2], [8, 2, 9, 5, 6, 1, 4, 3, 7], [7, 9, 6, 3, 4, 2, 1, 5, 8], [3, 5, 2, 8, 7, 6, 9, 4, 1], [2, 7, 1, 4, 3, 5, 8, 6, 9], [6, 1, 4, 9, 5, 8, 7, 2, 3], [1, 6, 5, 7, 2, 9, 3, 8, 4]]","[[9, 3, 8, 2, 1, 4, 6, 7, 5], [5, 4, 7, 1, 8, 3, 2, 9, 6], [4, 8, 3, 6, 9, 7, 5, 1, 2], [8, 2, 9, 5, 6, 1, 4, 3, 7], [7, 9, 6, 3, 4, 2, 1, 5, 8], [3, 5, 2, 8, 7, 6, 9, 4, 1], [2, 7, 1, 4, 3, 5, 8, 6, 9], [6, 1, 4, 9, 3, 8, 7, 2, 5], [1, 6, 5, 7, 2, 9, 3, 8, 4]]",C,"[[9, 3, 8, 2, 1, 4, 6, 7, 5], [5, 4, 7, 1, 8, 3, 2, 9, 6], [4, 8, 3, 6, 9, 7, 5, 1, 2], [8, 2, 9, 5, 6, 1, 4, 3, 7], [7, 9, 6, 3, 4, 2, 1, 5, 8], [3, 5, 2, 8, 7, 6, 9, 4, 1], [2, 7, 1, 4, 3, 5, 8, 6, 9], [6, 1, 4, 9, 5, 8, 7, 2, 3], [1, 6, 5, 7, 2, 9, 3, 8, 4]]","{""num_givens"": 32, ""grid_size"": 9, ""has_standard_distractor"": false}"
sudoku_cf2_shifted_boxes_0068,sudoku_cf2_shifted_boxes,counterfactual,"[[0, 2, 0, 9, 4, 1, 0, 0, 0], [0, 0, 6, 2, 0, 0, 5, 0, 3], [0, 4, 0, 0, 0, 0, 0, 8, 7], [0, 7, 9, 0, 0, 8, 0, 4, 5], [0, 0, 0, 0, 0, 3, 4, 0, 0], [8, 3, 4, 5, 0, 0, 2, 0, 0], [7, 0, 0, 0, 1, 0, 0, 0, 0], [3, 0, 0, 4, 5, 0, 0, 0, 0], [4, 0, 3, 7, 0, 6, 0, 0, 0]]","Solve the following modified Sudoku puzzle.
Rule change: The row and column rules are identical to standard Sudoku (each digit 1–9 appears exactly once per row and column). However, the nine 3×3 boxes are spatially shifted: instead of starting at rows/columns 0, 3, 6, each box is shifted by 1 cell in both directions with toroidal (wrap-around) topology. Concretely, box (br, bc) covers rows {(br×3+1) mod 9, (br×3+2) mod 9, (br×3+3) mod 9} and cols {(bc×3+1) mod 9, (bc×3+2) mod 9, (bc×3+3) mod 9}.

Puzzle (. = empty cell):
. 2 . | 9 4 1 | . . .
. . 6 | 2 . . | 5 . 3
. 4 . | . . . | . 8 7
---------------------
. 7 9 | . . 8 | . 4 5
. . . | . . 3 | 4 . .
8 3 4 | 5 . . | 2 . .
---------------------
7 . . | . 1 . | . . .
3 . . | 4 5 . | . . .
4 . 3 | 7 . 6 | . . .

Which of the following is the correct completed solution?
Note: one option is the solution obtained by applying standard Sudoku rules.","[[5, 2, 8, 9, 4, 1, 3, 7, 6], [1, 8, 6, 2, 7, 4, 5, 9, 3], [6, 4, 5, 1, 3, 2, 9, 8, 7], [2, 7, 9, 3, 6, 8, 1, 4, 5], [9, 1, 7, 6, 8, 3, 4, 5, 2], [8, 3, 4, 5, 9, 7, 2, 6, 1], [7, 9, 2, 8, 1, 5, 6, 3, 4], [3, 6, 1, 4, 5, 9, 7, 2, 8], [4, 5, 3, 7, 2, 6, 8, 1, 9]]","[[5, 2, 8, 9, 4, 1, 3, 7, 6], [9, 8, 6, 2, 7, 4, 5, 1, 3], [6, 4, 5, 1, 3, 2, 9, 8, 7], [2, 7, 9, 3, 6, 8, 1, 4, 5], [9, 1, 7, 6, 8, 3, 4, 5, 2], [8, 3, 4, 5, 9, 7, 2, 6, 1], [7, 9, 2, 8, 1, 5, 6, 3, 4], [3, 6, 1, 4, 5, 9, 7, 2, 8], [4, 5, 3, 7, 2, 6, 8, 1, 9]]","[[5, 2, 8, 9, 4, 1, 3, 7, 6], [1, 8, 6, 2, 7, 4, 5, 9, 3], [6, 4, 5, 1, 3, 2, 9, 8, 7], [2, 7, 9, 3, 6, 8, 1, 4, 5], [9, 1, 7, 6, 8, 3, 4, 5, 2], [8, 3, 4, 5, 9, 7, 2, 6, 1], [7, 9, 2, 8, 1, 5, 6, 3, 4], [3, 2, 1, 4, 5, 9, 7, 6, 8], [4, 5, 3, 7, 2, 6, 8, 1, 9]]","[[8, 2, 5, 9, 4, 1, 3, 7, 6], [1, 8, 6, 2, 7, 4, 5, 9, 3], [6, 4, 5, 1, 3, 2, 9, 8, 7], [2, 7, 9, 3, 6, 8, 1, 4, 5], [9, 1, 7, 6, 8, 3, 4, 5, 2], [8, 3, 4, 5, 9, 7, 2, 6, 1], [7, 9, 2, 8, 1, 5, 6, 3, 4], [3, 6, 1, 4, 5, 9, 7, 2, 8], [4, 5, 3, 7, 2, 6, 8, 1, 9]]",A,"[[5, 2, 8, 9, 4, 1, 3, 7, 6], [1, 8, 6, 2, 7, 4, 5, 9, 3], [6, 4, 5, 1, 3, 2, 9, 8, 7], [2, 7, 9, 3, 6, 8, 1, 4, 5], [9, 1, 7, 6, 8, 3, 4, 5, 2], [8, 3, 4, 5, 9, 7, 2, 6, 1], [7, 9, 2, 8, 1, 5, 6, 3, 4], [3, 6, 1, 4, 5, 9, 7, 2, 8], [4, 5, 3, 7, 2, 6, 8, 1, 9]]","{""num_givens"": 32, ""grid_size"": 9, ""has_standard_distractor"": false}"
sudoku_cf2_shifted_boxes_0069,sudoku_cf2_shifted_boxes,counterfactual,"[[0, 6, 0, 0, 0, 0, 0, 0, 5], [5, 0, 8, 0, 0, 3, 0, 9, 1], [3, 5, 2, 0, 0, 6, 0, 8, 0], [0, 0, 0, 0, 7, 0, 5, 6, 2], [7, 0, 6, 0, 0, 9, 8, 0, 0], [0, 0, 3, 2, 0, 0, 0, 1, 0], [8, 0, 5, 0, 0, 0, 3, 0, 0], [0, 0, 0, 0, 0, 7, 1, 3, 0], [0, 0, 0, 0, 3, 5, 0, 0, 9]]","Solve the following modified Sudoku puzzle.
Rule change: The row and column rules are identical to standard Sudoku (each digit 1–9 appears exactly once per row and column). However, the nine 3×3 boxes are spatially shifted: instead of starting at rows/columns 0, 3, 6, each box is shifted by 1 cell in both directions with toroidal (wrap-around) topology. Concretely, box (br, bc) covers rows {(br×3+1) mod 9, (br×3+2) mod 9, (br×3+3) mod 9} and cols {(bc×3+1) mod 9, (bc×3+2) mod 9, (bc×3+3) mod 9}.

Puzzle (. = empty cell):
. 6 . | . . . | . . 5
5 . 8 | . . 3 | . 9 1
3 5 2 | . . 6 | . 8 .
---------------------
. . . | . 7 . | 5 6 2
7 . 6 | . . 9 | 8 . .
. . 3 | 2 . . | . 1 .
---------------------
8 . 5 | . . . | 3 . .
. . . | . . 7 | 1 3 .
. . . | . 3 5 | . . 9

Which of the following is the correct completed solution?
Note: one option is the solution obtained by applying standard Sudoku rules.","[[1, 6, 9, 3, 8, 2, 4, 7, 5], [5, 7, 8, 6, 4, 3, 2, 9, 1], [3, 5, 2, 4, 1, 6, 9, 8, 7], [4, 3, 1, 9, 7, 8, 5, 6, 2], [7, 4, 6, 1, 2, 9, 8, 5, 3], [9, 8, 3, 2, 5, 4, 7, 1, 6], [8, 9, 5, 7, 6, 1, 3, 2, 4], [6, 2, 4, 5, 9, 7, 1, 3, 8], [2, 1, 7, 8, 3, 5, 6, 4, 9]]","[[1, 6, 9, 3, 8, 2, 4, 7, 5], [5, 7, 8, 6, 4, 3, 2, 9, 1], [3, 5, 2, 4, 1, 6, 9, 8, 7], [4, 3, 1, 9, 7, 8, 5, 6, 2], [7, 4, 6, 1, 2, 9, 8, 5, 3], [9, 8, 3, 2, 5, 4, 7, 1, 6], [8, 9, 5, 7, 6, 1, 3, 2, 4], [6, 2, 4, 9, 5, 7, 1, 3, 8], [2, 1, 7, 8, 3, 5, 6, 4, 9]]","[[1, 6, 9, 3, 8, 2, 4, 7, 5], [5, 7, 8, 6, 4, 3, 2, 9, 1], [3, 5, 2, 4, 1, 6, 9, 8, 7], [4, 3, 1, 9, 7, 8, 5, 6, 2], [7, 4, 6, 1, 2, 9, 8, 5, 3], [9, 8, 3, 2, 5, 4, 7, 1, 6], [8, 9, 5, 7, 6, 1, 3, 2, 4], [6, 2, 4, 5, 9, 7, 1, 3, 8], [2, 4, 7, 8, 3, 5, 6, 1, 9]]","[[1, 6, 9, 3, 8, 2, 4, 7, 5], [5, 4, 8, 6, 7, 3, 2, 9, 1], [3, 5, 2, 4, 1, 6, 9, 8, 7], [4, 3, 1, 9, 7, 8, 5, 6, 2], [7, 4, 6, 1, 2, 9, 8, 5, 3], [9, 8, 3, 2, 5, 4, 7, 1, 6], [8, 9, 5, 7, 6, 1, 3, 2, 4], [6, 2, 4, 5, 9, 7, 1, 3, 8], [2, 1, 7, 8, 3, 5, 6, 4, 9]]",A,"[[1, 6, 9, 3, 8, 2, 4, 7, 5], [5, 7, 8, 6, 4, 3, 2, 9, 1], [3, 5, 2, 4, 1, 6, 9, 8, 7], [4, 3, 1, 9, 7, 8, 5, 6, 2], [7, 4, 6, 1, 2, 9, 8, 5, 3], [9, 8, 3, 2, 5, 4, 7, 1, 6], [8, 9, 5, 7, 6, 1, 3, 2, 4], [6, 2, 4, 5, 9, 7, 1, 3, 8], [2, 1, 7, 8, 3, 5, 6, 4, 9]]","{""num_givens"": 32, ""grid_size"": 9, ""has_standard_distractor"": false}"
sudoku_cf2_shifted_boxes_0070,sudoku_cf2_shifted_boxes,counterfactual,"[[0, 7, 0, 0, 3, 0, 0, 5, 0], [0, 1, 0, 0, 4, 0, 0, 0, 5], [0, 2, 5, 0, 1, 3, 0, 9, 4], [0, 0, 0, 8, 6, 0, 0, 0, 0], [0, 9, 0, 0, 8, 0, 0, 0, 0], [0, 8, 4, 0, 0, 7, 0, 0, 9], [0, 0, 2, 0, 0, 4, 1, 0, 0], [0, 3, 1, 2, 0, 6, 0, 0, 7], [9, 0, 0, 5, 0, 0, 0, 3, 1]]","Solve the following modified Sudoku puzzle.
Rule change: The row and column rules are identical to standard Sudoku (each digit 1–9 appears exactly once per row and column). However, the nine 3×3 boxes are spatially shifted: instead of starting at rows/columns 0, 3, 6, each box is shifted by 1 cell in both directions with toroidal (wrap-around) topology. Concretely, box (br, bc) covers rows {(br×3+1) mod 9, (br×3+2) mod 9, (br×3+3) mod 9} and cols {(bc×3+1) mod 9, (bc×3+2) mod 9, (bc×3+3) mod 9}.

Puzzle (. = empty cell):
. 7 . | . 3 . | . 5 .
. 1 . | . 4 . | . . 5
. 2 5 | . 1 3 | . 9 4
---------------------
. . . | 8 6 . | . . .
. 9 . | . 8 . | . . .
. 8 4 | . . 7 | . . 9
---------------------
. . 2 | . . 4 | 1 . .
. 3 1 | 2 . 6 | . . 7
9 . . | 5 . . | . 3 1

Which of the following is the correct completed solution?
Note: one option is the solution obtained by applying standard Sudoku rules.","[[2, 7, 9, 4, 3, 1, 8, 5, 6], [6, 1, 3, 9, 4, 8, 2, 7, 5], [8, 2, 5, 6, 1, 3, 7, 9, 4], [9, 4, 7, 8, 6, 1, 5, 2, 3], [7, 9, 6, 1, 8, 5, 3, 4, 2], [5, 8, 4, 3, 2, 7, 6, 1, 9], [3, 5, 2, 7, 9, 4, 1, 6, 8], [4, 3, 1, 2, 5, 6, 9, 8, 7], [9, 6, 8, 5, 7, 2, 4, 3, 1]]","[[2, 7, 9, 4, 3, 1, 8, 5, 6], [6, 1, 3, 9, 4, 8, 2, 7, 5], [8, 2, 5, 6, 1, 3, 7, 9, 4], [1, 4, 7, 8, 6, 9, 5, 2, 3], [7, 9, 6, 1, 8, 5, 3, 4, 2], [5, 8, 4, 3, 2, 7, 6, 1, 9], [3, 5, 2, 7, 9, 4, 1, 6, 8], [4, 3, 1, 2, 5, 6, 9, 8, 7], [9, 6, 8, 5, 2, 7, 4, 3, 1]]","[[2, 7, 9, 4, 3, 1, 8, 5, 6], [6, 1, 3, 9, 4, 8, 2, 7, 5], [8, 2, 5, 6, 1, 3, 7, 9, 4], [1, 4, 7, 8, 6, 9, 5, 2, 3], [7, 9, 6, 1, 8, 5, 3, 4, 2], [5, 8, 4, 3, 2, 7, 6, 1, 9], [3, 5, 2, 7, 9, 4, 1, 6, 8], [4, 3, 1, 2, 5, 6, 9, 8, 7], [9, 6, 8, 5, 7, 2, 4, 3, 1]]","[[2, 7, 9, 4, 3, 1, 8, 5, 6], [3, 1, 6, 9, 4, 8, 2, 7, 5], [8, 2, 5, 6, 1, 3, 7, 9, 4], [1, 4, 7, 8, 6, 9, 5, 2, 3], [7, 9, 6, 1, 8, 5, 3, 4, 2], [5, 8, 4, 3, 2, 7, 6, 1, 9], [3, 5, 2, 7, 9, 4, 1, 6, 8], [4, 3, 1, 2, 5, 6, 9, 8, 7], [9, 6, 8, 5, 7, 2, 4, 3, 1]]",C,"[[2, 7, 9, 4, 3, 1, 8, 5, 6], [6, 1, 3, 9, 4, 8, 2, 7, 5], [8, 2, 5, 6, 1, 3, 7, 9, 4], [1, 4, 7, 8, 6, 9, 5, 2, 3], [7, 9, 6, 1, 8, 5, 3, 4, 2], [5, 8, 4, 3, 2, 7, 6, 1, 9], [3, 5, 2, 7, 9, 4, 1, 6, 8], [4, 3, 1, 2, 5, 6, 9, 8, 7], [9, 6, 8, 5, 7, 2, 4, 3, 1]]","{""num_givens"": 32, ""grid_size"": 9, ""has_standard_distractor"": false}"
sudoku_cf2_shifted_boxes_0071,sudoku_cf2_shifted_boxes,counterfactual,"[[4, 0, 0, 0, 7, 0, 0, 9, 8], [2, 0, 0, 4, 0, 3, 1, 0, 6], [9, 5, 2, 0, 4, 0, 0, 1, 3], [0, 7, 0, 0, 2, 6, 0, 0, 0], [0, 9, 0, 2, 0, 0, 0, 0, 0], [0, 0, 6, 0, 0, 8, 0, 2, 9], [0, 0, 0, 0, 0, 0, 0, 5, 0], [0, 2, 0, 8, 0, 9, 0, 0, 1], [0, 0, 4, 0, 0, 5, 0, 3, 0]]","Solve the following modified Sudoku puzzle.
Rule change: The row and column rules are identical to standard Sudoku (each digit 1–9 appears exactly once per row and column). However, the nine 3×3 boxes are spatially shifted: instead of starting at rows/columns 0, 3, 6, each box is shifted by 1 cell in both directions with toroidal (wrap-around) topology. Concretely, box (br, bc) covers rows {(br×3+1) mod 9, (br×3+2) mod 9, (br×3+3) mod 9} and cols {(bc×3+1) mod 9, (bc×3+2) mod 9, (bc×3+3) mod 9}.

Puzzle (. = empty cell):
4 . . | . 7 . | . 9 8
2 . . | 4 . 3 | 1 . 6
9 5 2 | . 4 . | . 1 3
---------------------
. 7 . | . 2 6 | . . .
. 9 . | 2 . . | . . .
. . 6 | . . 8 | . 2 9
---------------------
. . . | . . . | . 5 .
. 2 . | 8 . 9 | . . 1
. . 4 | . . 5 | . 3 .

Which of the following is the correct completed solution?
Note: one option is the solution obtained by applying standard Sudoku rules.","[[4, 6, 3, 5, 7, 1, 2, 9, 8], [2, 8, 9, 4, 5, 3, 1, 7, 6], [9, 5, 2, 6, 4, 7, 8, 1, 3], [8, 7, 1, 3, 2, 6, 9, 4, 5], [1, 9, 5, 2, 6, 4, 3, 8, 7], [3, 4, 6, 7, 1, 8, 5, 2, 9], [6, 3, 8, 1, 9, 2, 7, 5, 4], [5, 2, 7, 8, 3, 9, 4, 6, 1], [7, 1, 4, 9, 8, 5, 6, 3, 2]]","[[4, 6, 3, 5, 7, 1, 2, 9, 8], [2, 8, 9, 4, 5, 3, 1, 7, 6], [9, 5, 2, 6, 4, 7, 8, 1, 3], [8, 7, 1, 3, 2, 6, 9, 4, 5], [1, 9, 5, 2, 6, 4, 3, 8, 7], [3, 7, 6, 4, 1, 8, 5, 2, 9], [6, 3, 8, 1, 9, 2, 7, 5, 4], [5, 2, 7, 8, 3, 9, 4, 6, 1], [7, 1, 4, 9, 8, 5, 6, 3, 2]]","[[4, 6, 3, 5, 7, 1, 2, 9, 8], [2, 8, 9, 4, 5, 3, 1, 7, 6], [9, 5, 2, 6, 4, 7, 8, 1, 3], [8, 7, 1, 3, 2, 6, 9, 4, 5], [5, 9, 1, 2, 6, 4, 3, 8, 7], [3, 4, 6, 7, 1, 8, 5, 2, 9], [6, 3, 8, 1, 9, 2, 7, 5, 4], [5, 2, 7, 8, 3, 9, 4, 6, 1], [7, 1, 4, 9, 8, 5, 6, 3, 2]]","[[4, 6, 3, 5, 7, 1, 2, 9, 8], [2, 8, 9, 4, 5, 3, 1, 7, 6], [9, 5, 2, 6, 4, 7, 8, 1, 3], [8, 7, 1, 3, 2, 6, 9, 4, 5], [1, 9, 5, 2, 6, 4, 3, 8, 7], [3, 4, 6, 7, 1, 8, 5, 2, 9], [6, 9, 8, 1, 3, 2, 7, 5, 4], [5, 2, 7, 8, 3, 9, 4, 6, 1], [7, 1, 4, 9, 8, 5, 6, 3, 2]]",A,"[[4, 6, 3, 5, 7, 1, 2, 9, 8], [2, 8, 9, 4, 5, 3, 1, 7, 6], [9, 5, 2, 6, 4, 7, 8, 1, 3], [8, 7, 1, 3, 2, 6, 9, 4, 5], [1, 9, 5, 2, 6, 4, 3, 8, 7], [3, 4, 6, 7, 1, 8, 5, 2, 9], [6, 3, 8, 1, 9, 2, 7, 5, 4], [5, 2, 7, 8, 3, 9, 4, 6, 1], [7, 1, 4, 9, 8, 5, 6, 3, 2]]","{""num_givens"": 32, ""grid_size"": 9, ""has_standard_distractor"": false}"
sudoku_cf2_shifted_boxes_0072,sudoku_cf2_shifted_boxes,counterfactual,"[[5, 2, 0, 3, 0, 9, 0, 0, 0], [4, 5, 0, 0, 3, 0, 1, 0, 0], [3, 8, 0, 0, 0, 0, 9, 0, 0], [0, 6, 0, 9, 2, 0, 0, 0, 8], [0, 7, 0, 5, 0, 3, 0, 0, 0], [1, 0, 0, 0, 8, 0, 4, 0, 0], [0, 0, 8, 0, 0, 0, 0, 0, 0], [8, 0, 9, 6, 5, 0, 0, 7, 0], [9, 0, 0, 8, 7, 0, 6, 2, 0]]","Solve the following modified Sudoku puzzle.
Rule change: The row and column rules are identical to standard Sudoku (each digit 1–9 appears exactly once per row and column). However, the nine 3×3 boxes are spatially shifted: instead of starting at rows/columns 0, 3, 6, each box is shifted by 1 cell in both directions with toroidal (wrap-around) topology. Concretely, box (br, bc) covers rows {(br×3+1) mod 9, (br×3+2) mod 9, (br×3+3) mod 9} and cols {(bc×3+1) mod 9, (bc×3+2) mod 9, (bc×3+3) mod 9}.

Puzzle (. = empty cell):
5 2 . | 3 . 9 | . . .
4 5 . | . 3 . | 1 . .
3 8 . | . . . | 9 . .
---------------------
. 6 . | 9 2 . | . . 8
. 7 . | 5 . 3 | . . .
1 . . | . 8 . | 4 . .
---------------------
. . 8 | . . . | . . .
8 . 9 | 6 5 . | . 7 .
9 . . | 8 7 . | 6 2 .

Which of the following is the correct completed solution?
Note: one option is the solution obtained by applying standard Sudoku rules.","[[5, 2, 7, 3, 4, 9, 8, 6, 1], [4, 5, 2, 7, 3, 8, 1, 9, 6], [3, 8, 1, 4, 6, 7, 9, 5, 2], [7, 6, 3, 9, 2, 4, 5, 1, 8], [6, 7, 4, 5, 1, 3, 2, 8, 9], [1, 9, 6, 2, 8, 5, 4, 7, 3], [2, 3, 8, 1, 9, 6, 7, 4, 5], [8, 1, 9, 6, 5, 2, 3, 7, 4], [9, 4, 5, 8, 7, 1, 6, 2, 3]]","[[5, 2, 7, 3, 4, 9, 8, 6, 1], [4, 5, 2, 7, 3, 8, 1, 9, 6], [3, 8, 1, 4, 6, 7, 9, 5, 2], [7, 6, 3, 9, 2, 4, 5, 1, 8], [6, 7, 4, 5, 1, 3, 2, 8, 9], [1, 9, 6, 2, 8, 5, 4, 3, 7], [2, 3, 8, 1, 9, 6, 7, 4, 5], [8, 1, 9, 6, 5, 3, 2, 7, 4], [9, 4, 5, 8, 7, 1, 6, 2, 3]]","[[5, 2, 4, 3, 7, 9, 8, 6, 1], [4, 5, 2, 7, 3, 8, 1, 9, 6], [3, 8, 1, 4, 6, 7, 9, 5, 2], [7, 6, 3, 9, 2, 4, 5, 1, 8], [6, 7, 4, 5, 1, 3, 2, 8, 9], [1, 9, 6, 2, 8, 5, 4, 3, 7], [2, 3, 8, 1, 9, 6, 7, 4, 5], [8, 1, 9, 6, 5, 2, 3, 7, 4], [9, 4, 5, 8, 7, 1, 6, 2, 3]]","[[5, 2, 7, 3, 4, 9, 8, 6, 1], [4, 5, 2, 7, 3, 8, 1, 9, 6], [3, 8, 1, 4, 6, 7, 9, 5, 2], [7, 6, 3, 9, 2, 4, 5, 1, 8], [6, 7, 4, 5, 1, 3, 2, 8, 9], [1, 9, 6, 2, 8, 5, 4, 3, 7], [2, 3, 8, 1, 9, 6, 7, 4, 5], [8, 1, 9, 6, 5, 2, 3, 7, 4], [9, 4, 5, 8, 7, 1, 6, 2, 3]]",D,"[[5, 2, 7, 3, 4, 9, 8, 6, 1], [4, 5, 2, 7, 3, 8, 1, 9, 6], [3, 8, 1, 4, 6, 7, 9, 5, 2], [7, 6, 3, 9, 2, 4, 5, 1, 8], [6, 7, 4, 5, 1, 3, 2, 8, 9], [1, 9, 6, 2, 8, 5, 4, 3, 7], [2, 3, 8, 1, 9, 6, 7, 4, 5], [8, 1, 9, 6, 5, 2, 3, 7, 4], [9, 4, 5, 8, 7, 1, 6, 2, 3]]","{""num_givens"": 32, ""grid_size"": 9, ""has_standard_distractor"": false}"
sudoku_cf2_shifted_boxes_0073,sudoku_cf2_shifted_boxes,counterfactual,"[[0, 0, 9, 0, 4, 0, 7, 0, 0], [8, 0, 0, 2, 7, 4, 5, 0, 0], [0, 6, 0, 8, 0, 3, 9, 0, 0], [0, 0, 0, 0, 1, 0, 0, 0, 2], [0, 2, 0, 1, 0, 0, 4, 9, 5], [0, 0, 0, 0, 3, 0, 0, 4, 0], [0, 0, 7, 9, 5, 0, 0, 0, 8], [5, 0, 0, 4, 0, 1, 0, 0, 0], [1, 5, 8, 0, 0, 0, 0, 6, 0]]","Solve the following modified Sudoku puzzle.
Rule change: The row and column rules are identical to standard Sudoku (each digit 1–9 appears exactly once per row and column). However, the nine 3×3 boxes are spatially shifted: instead of starting at rows/columns 0, 3, 6, each box is shifted by 1 cell in both directions with toroidal (wrap-around) topology. Concretely, box (br, bc) covers rows {(br×3+1) mod 9, (br×3+2) mod 9, (br×3+3) mod 9} and cols {(bc×3+1) mod 9, (bc×3+2) mod 9, (bc×3+3) mod 9}.

Puzzle (. = empty cell):
. . 9 | . 4 . | 7 . .
8 . . | 2 7 4 | 5 . .
. 6 . | 8 . 3 | 9 . .
---------------------
. . . | . 1 . | . . 2
. 2 . | 1 . . | 4 9 5
. . . | . 3 . | . 4 .
---------------------
. . 7 | 9 5 . | . . 8
5 . . | 4 . 1 | . . .
1 5 8 | . . . | . 6 .

Which of the following is the correct completed solution?
Note: one option is the solution obtained by applying standard Sudoku rules.","[[2, 1, 9, 6, 4, 5, 7, 8, 3], [8, 9, 1, 2, 7, 4, 5, 3, 6], [4, 6, 5, 8, 2, 3, 9, 1, 7], [9, 7, 4, 3, 1, 8, 6, 5, 2], [6, 2, 3, 1, 8, 7, 4, 9, 5], [7, 6, 8, 5, 3, 9, 2, 4, 1], [3, 4, 7, 9, 5, 6, 1, 2, 8], [5, 3, 2, 4, 6, 1, 8, 7, 9], [1, 5, 8, 7, 9, 2, 3, 6, 4]]","[[2, 1, 9, 6, 4, 5, 7, 8, 3], [8, 9, 1, 2, 7, 4, 5, 3, 6], [4, 6, 5, 8, 2, 3, 9, 1, 7], [9, 7, 4, 3, 1, 8, 6, 5, 2], [6, 2, 3, 1, 8, 7, 4, 9, 5], [7, 8, 6, 5, 3, 9, 2, 4, 1], [2, 4, 7, 9, 5, 6, 1, 3, 8], [5, 3, 2, 4, 6, 1, 8, 7, 9], [1, 5, 8, 7, 9, 2, 3, 6, 4]]","[[2, 1, 9, 6, 4, 5, 7, 8, 3], [8, 9, 1, 2, 7, 4, 5, 3, 6], [4, 6, 5, 8, 2, 3, 9, 1, 7], [9, 7, 4, 3, 1, 8, 6, 5, 2], [6, 2, 3, 1, 8, 7, 4, 9, 5], [7, 8, 6, 5, 3, 9, 2, 4, 1], [1, 4, 7, 9, 5, 6, 3, 2, 8], [5, 3, 2, 4, 6, 1, 8, 7, 9], [1, 5, 8, 7, 9, 2, 3, 6, 4]]","[[2, 1, 9, 6, 4, 5, 7, 8, 3], [8, 9, 1, 2, 7, 4, 5, 3, 6], [4, 6, 5, 8, 2, 3, 9, 1, 7], [9, 7, 4, 3, 1, 8, 6, 5, 2], [6, 2, 3, 1, 8, 7, 4, 9, 5], [7, 8, 6, 5, 3, 9, 2, 4, 1], [3, 4, 7, 9, 5, 6, 1, 2, 8], [5, 3, 2, 4, 6, 1, 8, 7, 9], [1, 5, 8, 7, 9, 2, 3, 6, 4]]",D,"[[2, 1, 9, 6, 4, 5, 7, 8, 3], [8, 9, 1, 2, 7, 4, 5, 3, 6], [4, 6, 5, 8, 2, 3, 9, 1, 7], [9, 7, 4, 3, 1, 8, 6, 5, 2], [6, 2, 3, 1, 8, 7, 4, 9, 5], [7, 8, 6, 5, 3, 9, 2, 4, 1], [3, 4, 7, 9, 5, 6, 1, 2, 8], [5, 3, 2, 4, 6, 1, 8, 7, 9], [1, 5, 8, 7, 9, 2, 3, 6, 4]]","{""num_givens"": 32, ""grid_size"": 9, ""has_standard_distractor"": false}"
sudoku_cf2_shifted_boxes_0074,sudoku_cf2_shifted_boxes,counterfactual,"[[0, 3, 0, 6, 2, 8, 0, 4, 0], [4, 0, 2, 8, 0, 7, 0, 0, 0], [2, 7, 0, 5, 3, 0, 8, 1, 6], [0, 0, 0, 0, 0, 1, 0, 0, 7], [0, 0, 0, 0, 1, 0, 5, 6, 4], [0, 0, 0, 0, 0, 4, 0, 0, 0], [0, 0, 0, 0, 0, 3, 7, 0, 0], [0, 8, 0, 0, 0, 0, 3, 0, 0], [8, 0, 0, 1, 7, 6, 0, 9, 0]]","Solve the following modified Sudoku puzzle.
Rule change: The row and column rules are identical to standard Sudoku (each digit 1–9 appears exactly once per row and column). However, the nine 3×3 boxes are spatially shifted: instead of starting at rows/columns 0, 3, 6, each box is shifted by 1 cell in both directions with toroidal (wrap-around) topology. Concretely, box (br, bc) covers rows {(br×3+1) mod 9, (br×3+2) mod 9, (br×3+3) mod 9} and cols {(bc×3+1) mod 9, (bc×3+2) mod 9, (bc×3+3) mod 9}.

Puzzle (. = empty cell):
. 3 . | 6 2 8 | . 4 .
4 . 2 | 8 . 7 | . . .
2 7 . | 5 3 . | 8 1 6
---------------------
. . . | . . 1 | . . 7
. . . | . 1 . | 5 6 4
. . . | . . 4 | . . .
---------------------
. . . | . . 3 | 7 . .
. 8 . | . . . | 3 . .
8 . . | 1 7 6 | . 9 .

Which of the following is the correct completed solution?
Note: one option is the solution obtained by applying standard Sudoku rules.","[[7, 3, 9, 6, 2, 8, 1, 4, 5], [4, 1, 2, 8, 5, 7, 6, 3, 9], [2, 7, 4, 5, 3, 9, 8, 1, 6], [5, 6, 3, 9, 4, 1, 2, 8, 7], [3, 9, 8, 7, 1, 2, 5, 6, 4], [1, 5, 6, 3, 8, 4, 9, 7, 2], [9, 4, 1, 2, 6, 3, 7, 5, 8], [5, 8, 7, 4, 9, 6, 3, 2, 1], [8, 2, 5, 1, 7, 6, 4, 9, 3]]","[[7, 3, 9, 6, 2, 8, 1, 4, 5], [4, 1, 2, 8, 5, 7, 6, 3, 9], [2, 7, 4, 5, 3, 9, 8, 1, 6], [5, 6, 3, 9, 4, 1, 2, 8, 7], [3, 9, 8, 7, 1, 2, 5, 6, 4], [1, 5, 6, 3, 8, 4, 9, 7, 2], [9, 4, 1, 2, 6, 3, 7, 5, 8], [6, 8, 7, 4, 9, 5, 3, 2, 1], [8, 2, 5, 1, 7, 6, 4, 9, 3]]","[[7, 3, 9, 6, 2, 8, 1, 4, 5], [4, 1, 2, 8, 5, 7, 6, 3, 9], [2, 7, 4, 5, 3, 9, 8, 1, 6], [5, 6, 3, 9, 4, 1, 2, 8, 7], [8, 9, 3, 7, 1, 2, 5, 6, 4], [1, 5, 6, 3, 8, 4, 9, 7, 2], [9, 4, 1, 2, 6, 3, 7, 5, 8], [6, 8, 7, 4, 9, 5, 3, 2, 1], [8, 2, 5, 1, 7, 6, 4, 9, 3]]","[[7, 3, 9, 6, 2, 8, 1, 4, 5], [4, 1, 2, 8, 5, 7, 6, 3, 9], [2, 7, 4, 5, 3, 9, 8, 1, 6], [5, 6, 3, 9, 4, 1, 2, 8, 7], [3, 9, 8, 7, 1, 2, 5, 6, 4], [1, 5, 6, 3, 8, 4, 9, 7, 2], [9, 4, 1, 2, 6, 3, 7, 5, 8], [6, 8, 7, 4, 9, 5, 3, 1, 2], [8, 2, 5, 1, 7, 6, 4, 9, 3]]",B,"[[7, 3, 9, 6, 2, 8, 1, 4, 5], [4, 1, 2, 8, 5, 7, 6, 3, 9], [2, 7, 4, 5, 3, 9, 8, 1, 6], [5, 6, 3, 9, 4, 1, 2, 8, 7], [3, 9, 8, 7, 1, 2, 5, 6, 4], [1, 5, 6, 3, 8, 4, 9, 7, 2], [9, 4, 1, 2, 6, 3, 7, 5, 8], [6, 8, 7, 4, 9, 5, 3, 2, 1], [8, 2, 5, 1, 7, 6, 4, 9, 3]]","{""num_givens"": 32, ""grid_size"": 9, ""has_standard_distractor"": false}"
sudoku_cf2_shifted_boxes_0075,sudoku_cf2_shifted_boxes,counterfactual,"[[0, 0, 2, 0, 0, 0, 4, 0, 6], [0, 5, 0, 9, 0, 4, 7, 0, 0], [5, 3, 8, 0, 0, 0, 6, 0, 0], [0, 0, 0, 1, 8, 0, 0, 0, 9], [0, 4, 1, 0, 0, 0, 0, 0, 0], [0, 0, 0, 6, 4, 3, 0, 2, 1], [0, 0, 3, 5, 2, 0, 9, 7, 0], [1, 0, 0, 0, 0, 9, 0, 0, 3], [0, 0, 5, 0, 3, 0, 0, 0, 2]]","Solve the following modified Sudoku puzzle.
Rule change: The row and column rules are identical to standard Sudoku (each digit 1–9 appears exactly once per row and column). However, the nine 3×3 boxes are spatially shifted: instead of starting at rows/columns 0, 3, 6, each box is shifted by 1 cell in both directions with toroidal (wrap-around) topology. Concretely, box (br, bc) covers rows {(br×3+1) mod 9, (br×3+2) mod 9, (br×3+3) mod 9} and cols {(bc×3+1) mod 9, (bc×3+2) mod 9, (bc×3+3) mod 9}.

Puzzle (. = empty cell):
. . 2 | . . . | 4 . 6
. 5 . | 9 . 4 | 7 . .
5 3 8 | . . . | 6 . .
---------------------
. . . | 1 8 . | . . 9
. 4 1 | . . . | . . .
. . . | 6 4 3 | . 2 1
---------------------
. . 3 | 5 2 . | 9 7 .
1 . . | . . 9 | . . 3
. . 5 | . 3 . | . . 2

Which of the following is the correct completed solution?
Note: one option is the solution obtained by applying standard Sudoku rules.","[[9, 1, 2, 3, 7, 8, 4, 5, 6], [2, 5, 6, 9, 1, 4, 7, 3, 8], [5, 3, 8, 4, 1, 2, 6, 9, 7], [4, 2, 7, 1, 8, 5, 3, 6, 9], [3, 4, 1, 2, 6, 7, 8, 9, 5], [8, 7, 9, 6, 4, 3, 5, 2, 1], [6, 8, 3, 5, 2, 1, 9, 7, 4], [1, 6, 4, 7, 5, 9, 2, 8, 3], [7, 9, 5, 8, 3, 6, 1, 4, 2]]","[[9, 1, 2, 3, 7, 8, 4, 5, 6], [2, 5, 6, 9, 1, 4, 7, 3, 8], [5, 3, 8, 4, 9, 2, 6, 1, 7], [4, 2, 7, 1, 8, 5, 3, 6, 9], [3, 4, 1, 2, 6, 7, 8, 9, 5], [8, 7, 9, 6, 4, 3, 5, 2, 1], [6, 8, 3, 5, 2, 1, 9, 7, 4], [1, 6, 4, 7, 5, 9, 2, 8, 3], [7, 9, 5, 8, 3, 6, 1, 4, 2]]","[[9, 1, 2, 3, 7, 8, 4, 5, 6], [2, 5, 6, 9, 1, 4, 7, 3, 8], [5, 3, 8, 4, 9, 2, 6, 1, 7], [4, 2, 7, 1, 8, 5, 3, 6, 9], [3, 4, 1, 8, 6, 7, 2, 9, 5], [8, 7, 9, 6, 4, 3, 5, 2, 1], [6, 8, 3, 5, 2, 1, 9, 7, 4], [1, 6, 4, 7, 5, 9, 2, 8, 3], [7, 9, 5, 8, 3, 6, 1, 4, 2]]","[[9, 1, 2, 3, 7, 8, 4, 5, 6], [2, 5, 6, 9, 1, 4, 7, 3, 8], [5, 3, 8, 4, 9, 2, 6, 1, 7], [4, 2, 7, 1, 8, 5, 3, 6, 9], [3, 4, 1, 2, 6, 7, 8, 9, 5], [8, 7, 9, 6, 4, 3, 5, 2, 1], [6, 8, 3, 5, 2, 1, 9, 7, 4], [1, 6, 2, 7, 5, 9, 4, 8, 3], [7, 9, 5, 8, 3, 6, 1, 4, 2]]",B,"[[9, 1, 2, 3, 7, 8, 4, 5, 6], [2, 5, 6, 9, 1, 4, 7, 3, 8], [5, 3, 8, 4, 9, 2, 6, 1, 7], [4, 2, 7, 1, 8, 5, 3, 6, 9], [3, 4, 1, 2, 6, 7, 8, 9, 5], [8, 7, 9, 6, 4, 3, 5, 2, 1], [6, 8, 3, 5, 2, 1, 9, 7, 4], [1, 6, 4, 7, 5, 9, 2, 8, 3], [7, 9, 5, 8, 3, 6, 1, 4, 2]]","{""num_givens"": 32, ""grid_size"": 9, ""has_standard_distractor"": false}"
sudoku_cf2_shifted_boxes_0076,sudoku_cf2_shifted_boxes,counterfactual,"[[0, 1, 9, 0, 0, 0, 0, 8, 2], [0, 2, 3, 5, 0, 6, 0, 0, 0], [0, 8, 6, 0, 0, 0, 9, 0, 3], [0, 0, 0, 0, 5, 0, 2, 6, 0], [0, 0, 0, 0, 2, 4, 0, 0, 6], [4, 6, 5, 2, 0, 0, 0, 0, 0], [0, 3, 0, 1, 0, 0, 0, 5, 0], [3, 5, 0, 0, 0, 0, 0, 1, 0], [7, 0, 0, 6, 3, 0, 0, 0, 5]]","Solve the following modified Sudoku puzzle.
Rule change: The row and column rules are identical to standard Sudoku (each digit 1–9 appears exactly once per row and column). However, the nine 3×3 boxes are spatially shifted: instead of starting at rows/columns 0, 3, 6, each box is shifted by 1 cell in both directions with toroidal (wrap-around) topology. Concretely, box (br, bc) covers rows {(br×3+1) mod 9, (br×3+2) mod 9, (br×3+3) mod 9} and cols {(bc×3+1) mod 9, (bc×3+2) mod 9, (bc×3+3) mod 9}.

Puzzle (. = empty cell):
. 1 9 | . . . | . 8 2
. 2 3 | 5 . 6 | . . .
. 8 6 | . . . | 9 . 3
---------------------
. . . | . 5 . | 2 6 .
. . . | . 2 4 | . . 6
4 6 5 | 2 . . | . . .
---------------------
. 3 . | 1 . . | . 5 .
3 5 . | . . . | . 1 .
7 . . | 6 3 . | . . 5

Which of the following is the correct completed solution?
Note: one option is the solution obtained by applying standard Sudoku rules.","[[6, 1, 9, 3, 7, 5, 4, 8, 2], [9, 2, 3, 5, 8, 6, 7, 4, 1], [5, 8, 6, 7, 2, 1, 9, 4, 3], [8, 9, 1, 4, 5, 3, 2, 6, 7], [1, 7, 8, 9, 2, 4, 5, 3, 6], [4, 6, 5, 2, 1, 9, 3, 7, 8], [2, 3, 4, 1, 6, 7, 8, 5, 9], [3, 5, 7, 8, 9, 2, 6, 1, 4], [7, 4, 2, 6, 3, 8, 1, 9, 5]]","[[6, 1, 9, 3, 7, 5, 4, 8, 2], [9, 2, 3, 5, 8, 6, 7, 4, 1], [5, 8, 6, 7, 4, 1, 9, 2, 3], [8, 9, 1, 4, 5, 3, 2, 6, 7], [1, 7, 8, 9, 2, 4, 5, 3, 6], [4, 6, 5, 2, 1, 9, 3, 7, 8], [2, 3, 4, 1, 6, 7, 8, 5, 9], [3, 5, 7, 8, 9, 2, 6, 1, 4], [7, 4, 2, 6, 3, 8, 1, 9, 5]]","[[6, 1, 9, 3, 7, 5, 4, 8, 2], [8, 2, 3, 5, 9, 6, 7, 4, 1], [5, 8, 6, 7, 4, 1, 9, 2, 3], [8, 9, 1, 4, 5, 3, 2, 6, 7], [1, 7, 8, 9, 2, 4, 5, 3, 6], [4, 6, 5, 2, 1, 9, 3, 7, 8], [2, 3, 4, 1, 6, 7, 8, 5, 9], [3, 5, 7, 8, 9, 2, 6, 1, 4], [7, 4, 2, 6, 3, 8, 1, 9, 5]]","[[6, 1, 9, 3, 7, 5, 4, 8, 2], [9, 2, 3, 5, 8, 6, 7, 4, 1], [5, 8, 6, 7, 4, 1, 9, 2, 3], [8, 9, 1, 4, 5, 3, 2, 6, 7], [1, 7, 8, 9, 2, 4, 5, 3, 6], [4, 6, 5, 2, 1, 9, 3, 7, 8], [2, 3, 4, 1, 6, 7, 8, 5, 9], [3, 5, 7, 8, 9, 2, 4, 1, 6], [7, 4, 2, 6, 3, 8, 1, 9, 5]]",B,"[[6, 1, 9, 3, 7, 5, 4, 8, 2], [9, 2, 3, 5, 8, 6, 7, 4, 1], [5, 8, 6, 7, 4, 1, 9, 2, 3], [8, 9, 1, 4, 5, 3, 2, 6, 7], [1, 7, 8, 9, 2, 4, 5, 3, 6], [4, 6, 5, 2, 1, 9, 3, 7, 8], [2, 3, 4, 1, 6, 7, 8, 5, 9], [3, 5, 7, 8, 9, 2, 6, 1, 4], [7, 4, 2, 6, 3, 8, 1, 9, 5]]","{""num_givens"": 32, ""grid_size"": 9, ""has_standard_distractor"": false}"
sudoku_cf2_shifted_boxes_0077,sudoku_cf2_shifted_boxes,counterfactual,"[[0, 9, 2, 0, 0, 0, 4, 0, 0], [0, 0, 3, 0, 1, 0, 5, 7, 0], [8, 0, 7, 0, 0, 0, 6, 5, 0], [3, 0, 0, 0, 0, 0, 0, 0, 4], [4, 0, 0, 0, 7, 5, 0, 0, 0], [0, 3, 9, 0, 0, 0, 0, 0, 8], [6, 4, 0, 0, 8, 0, 0, 2, 0], [9, 0, 0, 0, 5, 0, 0, 0, 2], [0, 5, 8, 0, 2, 3, 9, 4, 0]]","Solve the following modified Sudoku puzzle.
Rule change: The row and column rules are identical to standard Sudoku (each digit 1–9 appears exactly once per row and column). However, the nine 3×3 boxes are spatially shifted: instead of starting at rows/columns 0, 3, 6, each box is shifted by 1 cell in both directions with toroidal (wrap-around) topology. Concretely, box (br, bc) covers rows {(br×3+1) mod 9, (br×3+2) mod 9, (br×3+3) mod 9} and cols {(bc×3+1) mod 9, (bc×3+2) mod 9, (bc×3+3) mod 9}.

Puzzle (. = empty cell):
. 9 2 | . . . | 4 . .
. . 3 | . 1 . | 5 7 .
8 . 7 | . . . | 6 5 .
---------------------
3 . . | . . . | . . 4
4 . . | . 7 5 | . . .
. 3 9 | . . . | . . 8
---------------------
6 4 . | . 8 . | . 2 .
9 . . | . 5 . | . . 2
. 5 8 | . 2 3 | 9 4 .

Which of the following is the correct completed solution?
Note: one option is the solution obtained by applying standard Sudoku rules.","[[1, 9, 2, 3, 6, 7, 4, 8, 5], [2, 6, 3, 4, 1, 8, 5, 7, 9], [8, 2, 7, 9, 3, 4, 6, 5, 1], [3, 9, 5, 8, 1, 2, 7, 6, 4], [4, 8, 6, 2, 7, 5, 1, 9, 3], [5, 3, 9, 7, 4, 6, 2, 1, 8], [6, 4, 1, 5, 8, 9, 3, 2, 7], [9, 7, 4, 6, 5, 1, 8, 3, 2], [7, 5, 8, 1, 2, 3, 9, 4, 6]]","[[1, 9, 2, 3, 8, 7, 4, 6, 5], [2, 6, 3, 4, 1, 8, 5, 7, 9], [8, 2, 7, 9, 3, 4, 6, 5, 1], [3, 1, 5, 8, 9, 2, 7, 6, 4], [4, 8, 6, 2, 7, 5, 1, 9, 3], [5, 3, 9, 7, 4, 6, 2, 1, 8], [6, 4, 1, 5, 8, 9, 3, 2, 7], [9, 7, 4, 6, 5, 1, 8, 3, 2], [7, 5, 8, 1, 2, 3, 9, 4, 6]]","[[1, 9, 2, 3, 6, 7, 4, 8, 5], [2, 6, 3, 4, 1, 8, 5, 7, 9], [8, 2, 7, 9, 3, 4, 6, 5, 1], [3, 1, 5, 8, 9, 2, 7, 6, 4], [4, 8, 6, 2, 7, 5, 1, 9, 3], [5, 3, 9, 7, 4, 6, 2, 1, 8], [6, 4, 1, 5, 8, 9, 3, 2, 7], [9, 7, 4, 6, 5, 1, 8, 3, 2], [7, 5, 8, 1, 2, 3, 9, 4, 6]]","[[1, 9, 2, 3, 6, 7, 4, 8, 5], [2, 6, 3, 4, 1, 8, 5, 7, 9], [8, 2, 7, 9, 3, 4, 6, 5, 1], [3, 1, 5, 8, 9, 2, 7, 6, 4], [4, 8, 6, 2, 7, 5, 1, 9, 3], [5, 3, 9, 2, 4, 6, 7, 1, 8], [6, 4, 1, 5, 8, 9, 3, 2, 7], [9, 7, 4, 6, 5, 1, 8, 3, 2], [7, 5, 8, 1, 2, 3, 9, 4, 6]]",C,"[[1, 9, 2, 3, 6, 7, 4, 8, 5], [2, 6, 3, 4, 1, 8, 5, 7, 9], [8, 2, 7, 9, 3, 4, 6, 5, 1], [3, 1, 5, 8, 9, 2, 7, 6, 4], [4, 8, 6, 2, 7, 5, 1, 9, 3], [5, 3, 9, 7, 4, 6, 2, 1, 8], [6, 4, 1, 5, 8, 9, 3, 2, 7], [9, 7, 4, 6, 5, 1, 8, 3, 2], [7, 5, 8, 1, 2, 3, 9, 4, 6]]","{""num_givens"": 32, ""grid_size"": 9, ""has_standard_distractor"": false}"
sudoku_cf2_shifted_boxes_0078,sudoku_cf2_shifted_boxes,counterfactual,"[[0, 2, 0, 1, 3, 0, 4, 0, 0], [1, 0, 8, 0, 7, 5, 3, 0, 6], [9, 0, 0, 0, 4, 0, 0, 0, 8], [0, 0, 0, 2, 0, 0, 9, 3, 0], [3, 0, 1, 0, 0, 0, 0, 6, 2], [0, 5, 0, 0, 0, 0, 0, 0, 0], [0, 0, 0, 8, 9, 0, 7, 0, 0], [0, 0, 6, 0, 0, 7, 2, 9, 0], [0, 0, 7, 0, 0, 0, 5, 1, 4]]","Solve the following modified Sudoku puzzle.
Rule change: The row and column rules are identical to standard Sudoku (each digit 1–9 appears exactly once per row and column). However, the nine 3×3 boxes are spatially shifted: instead of starting at rows/columns 0, 3, 6, each box is shifted by 1 cell in both directions with toroidal (wrap-around) topology. Concretely, box (br, bc) covers rows {(br×3+1) mod 9, (br×3+2) mod 9, (br×3+3) mod 9} and cols {(bc×3+1) mod 9, (bc×3+2) mod 9, (bc×3+3) mod 9}.

Puzzle (. = empty cell):
. 2 . | 1 3 . | 4 . .
1 . 8 | . 7 5 | 3 . 6
9 . . | . 4 . | . . 8
---------------------
. . . | 2 . . | 9 3 .
3 . 1 | . . . | . 6 2
. 5 . | . . . | . . .
---------------------
. . . | 8 9 . | 7 . .
. . 6 | . . 7 | 2 9 .
. . 7 | . . . | 5 1 4

Which of the following is the correct completed solution?
Note: one option is the solution obtained by applying standard Sudoku rules.","[[6, 2, 9, 1, 3, 8, 4, 7, 5], [1, 9, 8, 4, 7, 5, 3, 2, 6], [9, 1, 3, 7, 4, 2, 6, 5, 8], [4, 6, 5, 2, 8, 1, 9, 3, 7], [3, 7, 1, 9, 5, 4, 8, 6, 2], [7, 5, 4, 6, 2, 3, 1, 8, 9], [5, 3, 2, 8, 9, 6, 7, 4, 1], [8, 4, 6, 5, 1, 7, 2, 9, 3], [2, 8, 7, 3, 6, 9, 5, 1, 4]]","[[6, 2, 9, 1, 3, 8, 4, 7, 5], [1, 9, 8, 4, 7, 5, 3, 2, 6], [9, 1, 3, 7, 4, 2, 6, 5, 8], [4, 6, 5, 2, 8, 1, 9, 3, 7], [3, 7, 1, 9, 5, 4, 8, 6, 2], [6, 5, 4, 7, 2, 3, 1, 8, 9], [5, 3, 2, 8, 9, 6, 7, 4, 1], [8, 4, 6, 5, 1, 7, 2, 9, 3], [2, 8, 7, 3, 6, 9, 5, 1, 4]]","[[6, 2, 9, 1, 3, 8, 4, 7, 5], [1, 4, 8, 9, 7, 5, 3, 2, 6], [9, 1, 3, 7, 4, 2, 6, 5, 8], [4, 6, 5, 2, 8, 1, 9, 3, 7], [3, 7, 1, 9, 5, 4, 8, 6, 2], [7, 5, 4, 6, 2, 3, 1, 8, 9], [5, 3, 2, 8, 9, 6, 7, 4, 1], [8, 4, 6, 5, 1, 7, 2, 9, 3], [2, 8, 7, 3, 6, 9, 5, 1, 4]]","[[6, 2, 9, 1, 3, 8, 4, 7, 5], [1, 9, 8, 4, 7, 5, 3, 2, 6], [9, 1, 3, 7, 4, 2, 6, 5, 8], [4, 6, 5, 2, 8, 1, 9, 3, 7], [3, 7, 1, 9, 5, 4, 8, 6, 2], [7, 5, 4, 6, 2, 3, 1, 8, 9], [2, 3, 5, 8, 9, 6, 7, 4, 1], [8, 4, 6, 5, 1, 7, 2, 9, 3], [2, 8, 7, 3, 6, 9, 5, 1, 4]]",A,"[[6, 2, 9, 1, 3, 8, 4, 7, 5], [1, 9, 8, 4, 7, 5, 3, 2, 6], [9, 1, 3, 7, 4, 2, 6, 5, 8], [4, 6, 5, 2, 8, 1, 9, 3, 7], [3, 7, 1, 9, 5, 4, 8, 6, 2], [7, 5, 4, 6, 2, 3, 1, 8, 9], [5, 3, 2, 8, 9, 6, 7, 4, 1], [8, 4, 6, 5, 1, 7, 2, 9, 3], [2, 8, 7, 3, 6, 9, 5, 1, 4]]","{""num_givens"": 32, ""grid_size"": 9, ""has_standard_distractor"": false}"
sudoku_cf2_shifted_boxes_0079,sudoku_cf2_shifted_boxes,counterfactual,"[[0, 0, 0, 5, 8, 0, 0, 0, 9], [0, 7, 9, 8, 1, 4, 0, 0, 0], [0, 2, 1, 0, 0, 0, 0, 0, 8], [0, 5, 0, 4, 2, 8, 0, 0, 3], [0, 1, 0, 9, 0, 0, 0, 8, 0], [2, 0, 0, 7, 9, 0, 0, 0, 0], [9, 0, 0, 0, 3, 0, 1, 0, 4], [0, 0, 0, 0, 0, 3, 7, 0, 0], [0, 0, 0, 1, 4, 0, 2, 5, 0]]","Solve the following modified Sudoku puzzle.
Rule change: The row and column rules are identical to standard Sudoku (each digit 1–9 appears exactly once per row and column). However, the nine 3×3 boxes are spatially shifted: instead of starting at rows/columns 0, 3, 6, each box is shifted by 1 cell in both directions with toroidal (wrap-around) topology. Concretely, box (br, bc) covers rows {(br×3+1) mod 9, (br×3+2) mod 9, (br×3+3) mod 9} and cols {(bc×3+1) mod 9, (bc×3+2) mod 9, (bc×3+3) mod 9}.

Puzzle (. = empty cell):
. . . | 5 8 . | . . 9
. 7 9 | 8 1 4 | . . .
. 2 1 | . . . | . . 8
---------------------
. 5 . | 4 2 8 | . . 3
. 1 . | 9 . . | . 8 .
2 . . | 7 9 . | . . .
---------------------
9 . . | . 3 . | 1 . 4
. . . | . . 3 | 7 . .
. . . | 1 4 . | 2 5 .

Which of the following is the correct completed solution?
Note: one option is the solution obtained by applying standard Sudoku rules.","[[4, 3, 2, 5, 8, 1, 6, 7, 9], [6, 7, 9, 8, 1, 4, 3, 2, 5], [4, 2, 1, 3, 7, 6, 5, 9, 8], [7, 5, 6, 4, 2, 8, 9, 1, 3], [5, 1, 3, 9, 6, 2, 4, 8, 7], [2, 6, 4, 7, 9, 5, 8, 3, 1], [9, 8, 5, 2, 3, 7, 1, 6, 4], [1, 9, 8, 6, 5, 3, 7, 4, 2], [8, 3, 7, 1, 4, 9, 2, 5, 6]]","[[3, 4, 2, 5, 8, 1, 6, 7, 9], [6, 7, 9, 8, 1, 4, 3, 2, 5], [4, 2, 1, 3, 7, 6, 5, 9, 8], [6, 5, 7, 4, 2, 8, 9, 1, 3], [5, 1, 3, 9, 6, 2, 4, 8, 7], [2, 6, 4, 7, 9, 5, 8, 3, 1], [9, 8, 5, 2, 3, 7, 1, 6, 4], [1, 9, 8, 6, 5, 3, 7, 4, 2], [8, 3, 7, 1, 4, 9, 2, 5, 6]]","[[3, 4, 2, 5, 8, 1, 6, 7, 9], [6, 7, 9, 8, 1, 4, 3, 5, 2], [4, 2, 1, 3, 7, 6, 5, 9, 8], [7, 5, 6, 4, 2, 8, 9, 1, 3], [5, 1, 3, 9, 6, 2, 4, 8, 7], [2, 6, 4, 7, 9, 5, 8, 3, 1], [9, 8, 5, 2, 3, 7, 1, 6, 4], [1, 9, 8, 6, 5, 3, 7, 4, 2], [8, 3, 7, 1, 4, 9, 2, 5, 6]]","[[3, 4, 2, 5, 8, 1, 6, 7, 9], [6, 7, 9, 8, 1, 4, 3, 2, 5], [4, 2, 1, 3, 7, 6, 5, 9, 8], [7, 5, 6, 4, 2, 8, 9, 1, 3], [5, 1, 3, 9, 6, 2, 4, 8, 7], [2, 6, 4, 7, 9, 5, 8, 3, 1], [9, 8, 5, 2, 3, 7, 1, 6, 4], [1, 9, 8, 6, 5, 3, 7, 4, 2], [8, 3, 7, 1, 4, 9, 2, 5, 6]]",D,"[[3, 4, 2, 5, 8, 1, 6, 7, 9], [6, 7, 9, 8, 1, 4, 3, 2, 5], [4, 2, 1, 3, 7, 6, 5, 9, 8], [7, 5, 6, 4, 2, 8, 9, 1, 3], [5, 1, 3, 9, 6, 2, 4, 8, 7], [2, 6, 4, 7, 9, 5, 8, 3, 1], [9, 8, 5, 2, 3, 7, 1, 6, 4], [1, 9, 8, 6, 5, 3, 7, 4, 2], [8, 3, 7, 1, 4, 9, 2, 5, 6]]","{""num_givens"": 32, ""grid_size"": 9, ""has_standard_distractor"": false}"
sudoku_cf2_shifted_boxes_0080,sudoku_cf2_shifted_boxes,counterfactual,"[[0, 0, 0, 0, 1, 3, 0, 0, 6], [0, 3, 0, 0, 0, 0, 0, 4, 0], [3, 0, 0, 5, 0, 0, 0, 0, 0], [0, 0, 0, 8, 0, 0, 0, 1, 2], [0, 0, 8, 9, 0, 2, 6, 5, 3], [0, 0, 6, 7, 8, 9, 0, 0, 4], [0, 2, 0, 0, 0, 1, 5, 0, 9], [0, 0, 0, 0, 0, 8, 7, 0, 1], [2, 8, 5, 0, 9, 0, 0, 0, 0]]","Solve the following modified Sudoku puzzle.
Rule change: The row and column rules are identical to standard Sudoku (each digit 1–9 appears exactly once per row and column). However, the nine 3×3 boxes are spatially shifted: instead of starting at rows/columns 0, 3, 6, each box is shifted by 1 cell in both directions with toroidal (wrap-around) topology. Concretely, box (br, bc) covers rows {(br×3+1) mod 9, (br×3+2) mod 9, (br×3+3) mod 9} and cols {(bc×3+1) mod 9, (bc×3+2) mod 9, (bc×3+3) mod 9}.

Puzzle (. = empty cell):
. . . | . 1 3 | . . 6
. 3 . | . . . | . 4 .
3 . . | 5 . . | . . .
---------------------
. . . | 8 . . | . 1 2
. . 8 | 9 . 2 | 6 5 3
. . 6 | 7 8 9 | . . 4
---------------------
. 2 . | . . 1 | 5 . 9
. . . | . . 8 | 7 . 1
2 8 5 | . 9 . | . . .

Which of the following is the correct completed solution?
Note: one option is the solution obtained by applying standard Sudoku rules.","[[5, 7, 9, 4, 1, 3, 2, 8, 6], [9, 3, 1, 6, 2, 7, 8, 4, 5], [3, 9, 2, 5, 6, 4, 1, 7, 8], [6, 4, 7, 8, 3, 5, 9, 1, 2], [1, 7, 8, 9, 4, 2, 6, 5, 3], [1, 5, 6, 7, 8, 9, 3, 2, 4], [8, 2, 4, 3, 7, 1, 5, 6, 9], [4, 6, 3, 2, 5, 8, 7, 9, 1], [2, 8, 5, 1, 9, 6, 4, 3, 7]]","[[5, 7, 9, 4, 1, 3, 2, 8, 6], [9, 3, 1, 6, 2, 7, 8, 4, 5], [3, 9, 2, 5, 6, 4, 1, 7, 8], [6, 4, 7, 8, 9, 5, 3, 1, 2], [7, 1, 8, 9, 4, 2, 6, 5, 3], [1, 5, 6, 7, 8, 9, 3, 2, 4], [8, 2, 4, 3, 7, 1, 5, 6, 9], [4, 6, 3, 2, 5, 8, 7, 9, 1], [2, 8, 5, 1, 9, 6, 4, 3, 7]]","[[5, 7, 9, 4, 1, 3, 2, 8, 6], [9, 3, 1, 6, 2, 7, 8, 4, 5], [3, 9, 2, 5, 6, 4, 1, 7, 8], [6, 4, 7, 8, 3, 5, 9, 1, 2], [7, 1, 8, 9, 4, 2, 6, 5, 3], [1, 5, 6, 7, 8, 9, 3, 2, 4], [8, 2, 4, 3, 7, 1, 5, 6, 9], [4, 6, 3, 2, 5, 8, 7, 9, 1], [2, 8, 5, 1, 9, 6, 4, 3, 7]]","[[5, 7, 9, 4, 1, 3, 2, 8, 6], [9, 3, 1, 6, 2, 7, 8, 4, 5], [3, 9, 2, 5, 6, 4, 1, 7, 8], [6, 4, 7, 8, 3, 5, 9, 1, 2], [7, 1, 8, 9, 4, 2, 6, 5, 3], [3, 5, 6, 7, 8, 9, 1, 2, 4], [8, 2, 4, 3, 7, 1, 5, 6, 9], [4, 6, 3, 2, 5, 8, 7, 9, 1], [2, 8, 5, 1, 9, 6, 4, 3, 7]]",C,"[[5, 7, 9, 4, 1, 3, 2, 8, 6], [9, 3, 1, 6, 2, 7, 8, 4, 5], [3, 9, 2, 5, 6, 4, 1, 7, 8], [6, 4, 7, 8, 3, 5, 9, 1, 2], [7, 1, 8, 9, 4, 2, 6, 5, 3], [1, 5, 6, 7, 8, 9, 3, 2, 4], [8, 2, 4, 3, 7, 1, 5, 6, 9], [4, 6, 3, 2, 5, 8, 7, 9, 1], [2, 8, 5, 1, 9, 6, 4, 3, 7]]","{""num_givens"": 32, ""grid_size"": 9, ""has_standard_distractor"": false}"
sudoku_cf2_shifted_boxes_0081,sudoku_cf2_shifted_boxes,counterfactual,"[[0, 1, 4, 0, 0, 0, 0, 0, 0], [2, 0, 0, 0, 0, 8, 3, 0, 9], [4, 0, 0, 8, 0, 0, 1, 0, 5], [8, 0, 0, 3, 0, 0, 0, 0, 0], [6, 0, 3, 0, 5, 2, 0, 9, 0], [1, 0, 2, 6, 8, 0, 7, 0, 0], [0, 0, 7, 9, 0, 0, 0, 2, 0], [3, 9, 0, 0, 0, 1, 0, 5, 0], [7, 0, 8, 0, 0, 4, 0, 0, 0]]","Solve the following modified Sudoku puzzle.
Rule change: The row and column rules are identical to standard Sudoku (each digit 1–9 appears exactly once per row and column). However, the nine 3×3 boxes are spatially shifted: instead of starting at rows/columns 0, 3, 6, each box is shifted by 1 cell in both directions with toroidal (wrap-around) topology. Concretely, box (br, bc) covers rows {(br×3+1) mod 9, (br×3+2) mod 9, (br×3+3) mod 9} and cols {(bc×3+1) mod 9, (bc×3+2) mod 9, (bc×3+3) mod 9}.

Puzzle (. = empty cell):
. 1 4 | . . . | . . .
2 . . | . . 8 | 3 . 9
4 . . | 8 . . | 1 . 5
---------------------
8 . . | 3 . . | . . .
6 . 3 | . 5 2 | . 9 .
1 . 2 | 6 8 . | 7 . .
---------------------
. . 7 | 9 . . | . 2 .
3 9 . | . . 1 | . 5 .
7 . 8 | . . 4 | . . .

Which of the following is the correct completed solution?
Note: one option is the solution obtained by applying standard Sudoku rules.","[[9, 1, 4, 7, 3, 6, 5, 8, 2], [2, 7, 5, 4, 6, 8, 3, 1, 9], [4, 6, 9, 8, 2, 7, 1, 3, 5], [8, 2, 1, 3, 4, 5, 9, 7, 6], [6, 8, 3, 1, 5, 2, 4, 9, 7], [1, 5, 2, 6, 8, 9, 7, 4, 3], [5, 4, 7, 9, 1, 3, 6, 2, 8], [3, 9, 6, 2, 7, 1, 8, 5, 4], [7, 3, 8, 5, 9, 4, 2, 6, 1]]","[[9, 1, 4, 7, 3, 6, 5, 8, 2], [2, 7, 5, 4, 6, 8, 3, 1, 9], [4, 2, 9, 8, 6, 7, 1, 3, 5], [8, 2, 1, 3, 4, 5, 9, 7, 6], [6, 8, 3, 1, 5, 2, 4, 9, 7], [1, 5, 2, 6, 8, 9, 7, 4, 3], [5, 4, 7, 9, 1, 3, 6, 2, 8], [3, 9, 6, 2, 7, 1, 8, 5, 4], [7, 3, 8, 5, 9, 4, 2, 6, 1]]","[[9, 1, 4, 7, 3, 6, 5, 8, 2], [2, 7, 5, 4, 6, 8, 3, 1, 9], [4, 6, 9, 8, 2, 7, 1, 3, 5], [8, 2, 1, 3, 4, 5, 9, 7, 6], [6, 8, 3, 1, 5, 2, 4, 9, 7], [1, 5, 2, 6, 8, 9, 7, 4, 3], [5, 4, 7, 9, 1, 3, 6, 2, 8], [3, 9, 6, 2, 7, 1, 8, 5, 4], [7, 3, 8, 5, 9, 4, 6, 2, 1]]","[[9, 1, 4, 7, 3, 6, 5, 8, 2], [2, 7, 5, 4, 6, 8, 3, 1, 9], [4, 6, 9, 8, 2, 7, 1, 3, 5], [8, 2, 1, 3, 4, 5, 9, 7, 6], [6, 4, 3, 1, 5, 2, 8, 9, 7], [1, 5, 2, 6, 8, 9, 7, 4, 3], [5, 4, 7, 9, 1, 3, 6, 2, 8], [3, 9, 6, 2, 7, 1, 8, 5, 4], [7, 3, 8, 5, 9, 4, 2, 6, 1]]",A,"[[9, 1, 4, 7, 3, 6, 5, 8, 2], [2, 7, 5, 4, 6, 8, 3, 1, 9], [4, 6, 9, 8, 2, 7, 1, 3, 5], [8, 2, 1, 3, 4, 5, 9, 7, 6], [6, 8, 3, 1, 5, 2, 4, 9, 7], [1, 5, 2, 6, 8, 9, 7, 4, 3], [5, 4, 7, 9, 1, 3, 6, 2, 8], [3, 9, 6, 2, 7, 1, 8, 5, 4], [7, 3, 8, 5, 9, 4, 2, 6, 1]]","{""num_givens"": 32, ""grid_size"": 9, ""has_standard_distractor"": false}"
sudoku_cf2_shifted_boxes_0082,sudoku_cf2_shifted_boxes,counterfactual,"[[0, 0, 6, 0, 3, 0, 2, 0, 0], [9, 7, 0, 5, 2, 0, 0, 6, 0], [8, 6, 0, 1, 7, 9, 0, 0, 0], [0, 0, 0, 9, 5, 0, 0, 0, 0], [0, 3, 0, 0, 0, 0, 0, 0, 9], [4, 0, 7, 0, 1, 0, 0, 0, 5], [3, 9, 0, 0, 0, 5, 0, 7, 0], [0, 1, 0, 0, 9, 0, 5, 0, 0], [0, 5, 9, 0, 0, 1, 0, 0, 8]]","Solve the following modified Sudoku puzzle.
Rule change: The row and column rules are identical to standard Sudoku (each digit 1–9 appears exactly once per row and column). However, the nine 3×3 boxes are spatially shifted: instead of starting at rows/columns 0, 3, 6, each box is shifted by 1 cell in both directions with toroidal (wrap-around) topology. Concretely, box (br, bc) covers rows {(br×3+1) mod 9, (br×3+2) mod 9, (br×3+3) mod 9} and cols {(bc×3+1) mod 9, (bc×3+2) mod 9, (bc×3+3) mod 9}.

Puzzle (. = empty cell):
. . 6 | . 3 . | 2 . .
9 7 . | 5 2 . | . 6 .
8 6 . | 1 7 9 | . . .
---------------------
. . . | 9 5 . | . . .
. 3 . | . . . | . . 9
4 . 7 | . 1 . | . . 5
---------------------
3 9 . | . . 5 | . 7 .
. 1 . | . 9 . | 5 . .
. 5 9 | . . 1 | . . 8

Which of the following is the correct completed solution?
Note: one option is the solution obtained by applying standard Sudoku rules.","[[5, 4, 6, 8, 3, 7, 2, 9, 1], [9, 7, 8, 5, 2, 4, 1, 6, 3], [8, 6, 4, 1, 7, 9, 3, 5, 2], [7, 8, 3, 9, 5, 6, 2, 1, 4], [1, 3, 5, 4, 6, 2, 7, 8, 9], [4, 8, 7, 6, 1, 3, 9, 2, 5], [3, 9, 1, 2, 8, 5, 4, 7, 6], [6, 1, 2, 3, 9, 8, 5, 4, 7], [2, 5, 9, 7, 4, 1, 6, 3, 8]]","[[5, 4, 6, 8, 3, 7, 2, 9, 1], [9, 7, 8, 5, 2, 4, 1, 6, 3], [8, 6, 4, 1, 7, 9, 3, 5, 2], [7, 2, 3, 9, 5, 6, 8, 1, 4], [1, 3, 5, 4, 6, 2, 7, 8, 9], [4, 8, 7, 6, 1, 3, 9, 2, 5], [3, 9, 8, 2, 1, 5, 4, 7, 6], [6, 1, 2, 3, 9, 8, 5, 4, 7], [2, 5, 9, 7, 4, 1, 6, 3, 8]]","[[5, 4, 6, 8, 3, 7, 2, 9, 1], [9, 7, 8, 5, 2, 4, 1, 6, 3], [8, 6, 4, 1, 7, 9, 3, 5, 2], [7, 2, 3, 9, 5, 6, 8, 1, 4], [1, 3, 5, 4, 6, 2, 7, 8, 9], [4, 8, 7, 6, 1, 3, 9, 2, 5], [3, 9, 1, 4, 8, 5, 2, 7, 6], [6, 1, 2, 3, 9, 8, 5, 4, 7], [2, 5, 9, 7, 4, 1, 6, 3, 8]]","[[5, 4, 6, 8, 3, 7, 2, 9, 1], [9, 7, 8, 5, 2, 4, 1, 6, 3], [8, 6, 4, 1, 7, 9, 3, 5, 2], [7, 2, 3, 9, 5, 6, 8, 1, 4], [1, 3, 5, 4, 6, 2, 7, 8, 9], [4, 8, 7, 6, 1, 3, 9, 2, 5], [3, 9, 1, 2, 8, 5, 4, 7, 6], [6, 1, 2, 3, 9, 8, 5, 4, 7], [2, 5, 9, 7, 4, 1, 6, 3, 8]]",D,"[[5, 4, 6, 8, 3, 7, 2, 9, 1], [9, 7, 8, 5, 2, 4, 1, 6, 3], [8, 6, 4, 1, 7, 9, 3, 5, 2], [7, 2, 3, 9, 5, 6, 8, 1, 4], [1, 3, 5, 4, 6, 2, 7, 8, 9], [4, 8, 7, 6, 1, 3, 9, 2, 5], [3, 9, 1, 2, 8, 5, 4, 7, 6], [6, 1, 2, 3, 9, 8, 5, 4, 7], [2, 5, 9, 7, 4, 1, 6, 3, 8]]","{""num_givens"": 32, ""grid_size"": 9, ""has_standard_distractor"": false}"
sudoku_cf2_shifted_boxes_0083,sudoku_cf2_shifted_boxes,counterfactual,"[[3, 0, 0, 0, 6, 2, 4, 0, 5], [0, 7, 5, 8, 0, 0, 0, 0, 9], [7, 0, 0, 2, 3, 0, 1, 8, 0], [0, 0, 0, 0, 9, 0, 7, 0, 0], [0, 5, 0, 1, 0, 0, 8, 0, 0], [9, 3, 0, 0, 0, 4, 0, 6, 0], [0, 0, 0, 4, 0, 0, 0, 0, 0], [0, 0, 0, 3, 5, 0, 0, 1, 0], [6, 2, 0, 0, 0, 1, 3, 9, 0]]","Solve the following modified Sudoku puzzle.
Rule change: The row and column rules are identical to standard Sudoku (each digit 1–9 appears exactly once per row and column). However, the nine 3×3 boxes are spatially shifted: instead of starting at rows/columns 0, 3, 6, each box is shifted by 1 cell in both directions with toroidal (wrap-around) topology. Concretely, box (br, bc) covers rows {(br×3+1) mod 9, (br×3+2) mod 9, (br×3+3) mod 9} and cols {(bc×3+1) mod 9, (bc×3+2) mod 9, (bc×3+3) mod 9}.

Puzzle (. = empty cell):
3 . . | . 6 2 | 4 . 5
. 7 5 | 8 . . | . . 9
7 . . | 2 3 . | 1 8 .
---------------------
. . . | . 9 . | 7 . .
. 5 . | 1 . . | 8 . .
9 3 . | . . 4 | . 6 .
---------------------
. . . | 4 . . | . . .
. . . | 3 5 . | . 1 .
6 2 . | . . 1 | 3 9 .

Which of the following is the correct completed solution?
Note: one option is the solution obtained by applying standard Sudoku rules.","[[3, 8, 1, 9, 6, 2, 4, 7, 5], [1, 7, 5, 8, 4, 6, 2, 3, 9], [7, 4, 9, 2, 3, 5, 1, 8, 6], [5, 1, 3, 6, 9, 8, 7, 4, 2], [4, 5, 6, 1, 7, 9, 8, 2, 3], [9, 3, 8, 7, 2, 4, 5, 6, 1], [8, 7, 2, 4, 1, 3, 6, 5, 9], [2, 6, 4, 3, 5, 7, 9, 1, 8], [6, 2, 7, 5, 8, 1, 3, 9, 4]]","[[3, 8, 1, 9, 6, 2, 4, 7, 5], [1, 7, 5, 8, 4, 6, 2, 3, 9], [7, 4, 9, 2, 3, 5, 1, 8, 6], [5, 1, 3, 6, 9, 8, 7, 4, 2], [4, 5, 6, 1, 7, 9, 8, 2, 3], [9, 3, 8, 7, 2, 4, 5, 6, 1], [8, 9, 2, 4, 1, 3, 6, 5, 7], [2, 6, 4, 3, 5, 7, 9, 1, 8], [6, 2, 7, 5, 8, 1, 3, 9, 4]]","[[3, 8, 1, 9, 6, 2, 4, 7, 5], [1, 7, 5, 8, 4, 6, 2, 3, 9], [7, 4, 9, 2, 3, 5, 1, 8, 6], [5, 1, 3, 6, 9, 8, 7, 4, 2], [4, 5, 6, 1, 7, 9, 8, 2, 3], [9, 3, 8, 7, 2, 4, 5, 6, 1], [8, 9, 2, 4, 1, 3, 6, 5, 7], [2, 7, 4, 3, 5, 6, 9, 1, 8], [6, 2, 7, 5, 8, 1, 3, 9, 4]]","[[3, 8, 1, 9, 6, 2, 4, 7, 5], [1, 7, 5, 8, 4, 6, 2, 3, 9], [7, 4, 9, 2, 3, 5, 1, 8, 6], [5, 1, 3, 6, 9, 8, 7, 4, 2], [9, 5, 6, 1, 7, 4, 8, 2, 3], [9, 3, 8, 7, 2, 4, 5, 6, 1], [8, 9, 2, 4, 1, 3, 6, 5, 7], [2, 6, 4, 3, 5, 7, 9, 1, 8], [6, 2, 7, 5, 8, 1, 3, 9, 4]]",B,"[[3, 8, 1, 9, 6, 2, 4, 7, 5], [1, 7, 5, 8, 4, 6, 2, 3, 9], [7, 4, 9, 2, 3, 5, 1, 8, 6], [5, 1, 3, 6, 9, 8, 7, 4, 2], [4, 5, 6, 1, 7, 9, 8, 2, 3], [9, 3, 8, 7, 2, 4, 5, 6, 1], [8, 9, 2, 4, 1, 3, 6, 5, 7], [2, 6, 4, 3, 5, 7, 9, 1, 8], [6, 2, 7, 5, 8, 1, 3, 9, 4]]","{""num_givens"": 32, ""grid_size"": 9, ""has_standard_distractor"": false}"
sudoku_cf2_shifted_boxes_0084,sudoku_cf2_shifted_boxes,counterfactual,"[[0, 5, 2, 0, 3, 0, 0, 0, 0], [0, 9, 0, 8, 7, 0, 0, 1, 0], [3, 2, 0, 7, 4, 5, 0, 9, 8], [7, 0, 0, 4, 8, 0, 1, 0, 0], [0, 0, 0, 0, 0, 0, 7, 0, 0], [0, 8, 0, 0, 9, 0, 0, 0, 0], [4, 0, 0, 2, 0, 0, 0, 7, 9], [0, 0, 4, 0, 0, 1, 8, 2, 5], [0, 0, 0, 0, 0, 2, 4, 0, 0]]","Solve the following modified Sudoku puzzle.
Rule change: The row and column rules are identical to standard Sudoku (each digit 1–9 appears exactly once per row and column). However, the nine 3×3 boxes are spatially shifted: instead of starting at rows/columns 0, 3, 6, each box is shifted by 1 cell in both directions with toroidal (wrap-around) topology. Concretely, box (br, bc) covers rows {(br×3+1) mod 9, (br×3+2) mod 9, (br×3+3) mod 9} and cols {(bc×3+1) mod 9, (bc×3+2) mod 9, (bc×3+3) mod 9}.

Puzzle (. = empty cell):
. 5 2 | . 3 . | . . .
. 9 . | 8 7 . | . 1 .
3 2 . | 7 4 5 | . 9 8
---------------------
7 . . | 4 8 . | 1 . .
. . . | . . . | 7 . .
. 8 . | . 9 . | . . .
---------------------
4 . . | 2 . . | . 7 9
. . 4 | . . 1 | 8 2 5
. . . | . . 2 | 4 . .

Which of the following is the correct completed solution?
Note: one option is the solution obtained by applying standard Sudoku rules.","[[8, 5, 2, 6, 3, 7, 9, 4, 1], [5, 9, 6, 8, 7, 3, 2, 1, 4], [3, 2, 1, 7, 4, 5, 6, 9, 8], [7, 3, 5, 4, 8, 9, 1, 6, 2], [1, 4, 9, 5, 2, 6, 7, 8, 3], [2, 8, 7, 1, 9, 4, 3, 5, 6], [4, 6, 3, 2, 1, 8, 5, 7, 9], [9, 6, 4, 3, 7, 1, 8, 2, 5], [6, 1, 8, 9, 5, 2, 4, 3, 7]]","[[8, 5, 2, 6, 3, 7, 9, 4, 1], [5, 9, 6, 8, 7, 3, 2, 1, 4], [3, 2, 1, 7, 4, 5, 6, 9, 8], [7, 6, 5, 4, 8, 9, 1, 3, 2], [1, 4, 9, 5, 2, 6, 7, 8, 3], [2, 8, 7, 1, 9, 4, 3, 5, 6], [4, 6, 3, 2, 1, 8, 5, 7, 9], [9, 7, 4, 3, 6, 1, 8, 2, 5], [6, 1, 8, 9, 5, 2, 4, 3, 7]]","[[8, 5, 2, 6, 3, 7, 9, 4, 1], [5, 9, 6, 8, 7, 3, 2, 1, 4], [3, 2, 1, 7, 4, 5, 6, 9, 8], [7, 3, 5, 4, 8, 9, 1, 6, 2], [1, 4, 9, 5, 2, 6, 7, 8, 3], [2, 8, 7, 1, 9, 4, 3, 5, 6], [4, 6, 5, 2, 1, 8, 3, 7, 9], [9, 7, 4, 3, 6, 1, 8, 2, 5], [6, 1, 8, 9, 5, 2, 4, 3, 7]]","[[8, 5, 2, 6, 3, 7, 9, 4, 1], [5, 9, 6, 8, 7, 3, 2, 1, 4], [3, 2, 1, 7, 4, 5, 6, 9, 8], [7, 3, 5, 4, 8, 9, 1, 6, 2], [1, 4, 9, 5, 2, 6, 7, 8, 3], [2, 8, 7, 1, 9, 4, 3, 5, 6], [4, 6, 3, 2, 1, 8, 5, 7, 9], [9, 7, 4, 3, 6, 1, 8, 2, 5], [6, 1, 8, 9, 5, 2, 4, 3, 7]]",D,"[[8, 5, 2, 6, 3, 7, 9, 4, 1], [5, 9, 6, 8, 7, 3, 2, 1, 4], [3, 2, 1, 7, 4, 5, 6, 9, 8], [7, 3, 5, 4, 8, 9, 1, 6, 2], [1, 4, 9, 5, 2, 6, 7, 8, 3], [2, 8, 7, 1, 9, 4, 3, 5, 6], [4, 6, 3, 2, 1, 8, 5, 7, 9], [9, 7, 4, 3, 6, 1, 8, 2, 5], [6, 1, 8, 9, 5, 2, 4, 3, 7]]","{""num_givens"": 32, ""grid_size"": 9, ""has_standard_distractor"": false}"
sudoku_cf2_shifted_boxes_0085,sudoku_cf2_shifted_boxes,counterfactual,"[[7, 0, 6, 8, 0, 0, 0, 0, 0], [0, 6, 0, 0, 3, 0, 1, 8, 0], [0, 0, 4, 7, 0, 8, 0, 0, 2], [6, 0, 0, 0, 4, 2, 7, 0, 0], [5, 0, 0, 6, 0, 0, 8, 2, 0], [0, 0, 8, 0, 0, 0, 9, 7, 0], [0, 5, 0, 0, 2, 0, 3, 6, 0], [0, 0, 0, 0, 0, 9, 4, 3, 1], [0, 0, 0, 9, 0, 0, 5, 0, 0]]","Solve the following modified Sudoku puzzle.
Rule change: The row and column rules are identical to standard Sudoku (each digit 1–9 appears exactly once per row and column). However, the nine 3×3 boxes are spatially shifted: instead of starting at rows/columns 0, 3, 6, each box is shifted by 1 cell in both directions with toroidal (wrap-around) topology. Concretely, box (br, bc) covers rows {(br×3+1) mod 9, (br×3+2) mod 9, (br×3+3) mod 9} and cols {(bc×3+1) mod 9, (bc×3+2) mod 9, (bc×3+3) mod 9}.

Puzzle (. = empty cell):
7 . 6 | 8 . . | . . .
. 6 . | . 3 . | 1 8 .
. . 4 | 7 . 8 | . . 2
---------------------
6 . . | . 4 2 | 7 . .
5 . . | 6 . . | 8 2 .
. . 8 | . . . | 9 7 .
---------------------
. 5 . | . 2 . | 3 6 .
. . . | . . 9 | 4 3 1
. . . | 9 . . | 5 . .

Which of the following is the correct completed solution?
Note: one option is the solution obtained by applying standard Sudoku rules.","[[7, 4, 6, 8, 1, 3, 2, 9, 5], [4, 6, 9, 2, 3, 5, 1, 8, 7], [3, 1, 4, 7, 9, 8, 6, 5, 2], [6, 8, 5, 3, 4, 2, 7, 1, 9], [5, 9, 3, 6, 7, 1, 8, 2, 4], [1, 2, 8, 4, 5, 6, 9, 7, 3], [9, 5, 7, 1, 2, 4, 3, 6, 8], [8, 7, 2, 5, 6, 9, 4, 3, 1], [2, 3, 1, 9, 8, 7, 5, 4, 6]]","[[7, 4, 6, 8, 1, 3, 2, 9, 5], [4, 6, 9, 2, 3, 5, 1, 8, 7], [3, 1, 4, 7, 9, 8, 6, 5, 2], [6, 8, 5, 3, 4, 2, 7, 1, 9], [5, 9, 3, 6, 7, 1, 8, 2, 4], [1, 2, 8, 6, 5, 4, 9, 7, 3], [9, 5, 7, 1, 2, 4, 3, 6, 8], [8, 7, 2, 5, 6, 9, 4, 3, 1], [2, 3, 1, 9, 8, 7, 5, 4, 6]]","[[7, 4, 6, 8, 1, 3, 2, 9, 5], [4, 6, 9, 2, 3, 5, 1, 8, 7], [3, 1, 4, 7, 9, 8, 5, 6, 2], [6, 8, 5, 3, 4, 2, 7, 1, 9], [5, 9, 3, 6, 7, 1, 8, 2, 4], [1, 2, 8, 4, 5, 6, 9, 7, 3], [9, 5, 7, 1, 2, 4, 3, 6, 8], [8, 7, 2, 5, 6, 9, 4, 3, 1], [2, 3, 1, 9, 8, 7, 5, 4, 6]]","[[7, 4, 6, 8, 1, 3, 2, 9, 5], [4, 6, 9, 2, 3, 5, 1, 8, 7], [3, 1, 4, 7, 9, 8, 6, 5, 2], [6, 8, 5, 1, 4, 2, 7, 3, 9], [5, 9, 3, 6, 7, 1, 8, 2, 4], [1, 2, 8, 4, 5, 6, 9, 7, 3], [9, 5, 7, 1, 2, 4, 3, 6, 8], [8, 7, 2, 5, 6, 9, 4, 3, 1], [2, 3, 1, 9, 8, 7, 5, 4, 6]]",A,"[[7, 4, 6, 8, 1, 3, 2, 9, 5], [4, 6, 9, 2, 3, 5, 1, 8, 7], [3, 1, 4, 7, 9, 8, 6, 5, 2], [6, 8, 5, 3, 4, 2, 7, 1, 9], [5, 9, 3, 6, 7, 1, 8, 2, 4], [1, 2, 8, 4, 5, 6, 9, 7, 3], [9, 5, 7, 1, 2, 4, 3, 6, 8], [8, 7, 2, 5, 6, 9, 4, 3, 1], [2, 3, 1, 9, 8, 7, 5, 4, 6]]","{""num_givens"": 32, ""grid_size"": 9, ""has_standard_distractor"": false}"
sudoku_cf2_shifted_boxes_0086,sudoku_cf2_shifted_boxes,counterfactual,"[[0, 0, 9, 0, 0, 5, 2, 0, 4], [4, 5, 0, 0, 2, 3, 0, 0, 0], [0, 0, 0, 0, 0, 0, 0, 1, 2], [0, 8, 6, 2, 1, 0, 0, 0, 0], [1, 0, 0, 0, 0, 2, 8, 9, 0], [8, 0, 0, 0, 0, 0, 0, 0, 7], [0, 4, 0, 1, 0, 0, 7, 0, 0], [2, 0, 7, 4, 8, 9, 0, 5, 0], [6, 0, 0, 0, 0, 0, 0, 7, 9]]","Solve the following modified Sudoku puzzle.
Rule change: The row and column rules are identical to standard Sudoku (each digit 1–9 appears exactly once per row and column). However, the nine 3×3 boxes are spatially shifted: instead of starting at rows/columns 0, 3, 6, each box is shifted by 1 cell in both directions with toroidal (wrap-around) topology. Concretely, box (br, bc) covers rows {(br×3+1) mod 9, (br×3+2) mod 9, (br×3+3) mod 9} and cols {(bc×3+1) mod 9, (bc×3+2) mod 9, (bc×3+3) mod 9}.

Puzzle (. = empty cell):
. . 9 | . . 5 | 2 . 4
4 5 . | . 2 3 | . . .
. . . | . . . | . 1 2
---------------------
. 8 6 | 2 1 . | . . .
1 . . | . . 2 | 8 9 .
8 . . | . . . | . . 7
---------------------
. 4 . | 1 . . | 7 . .
2 . 7 | 4 8 9 | . 5 .
6 . . | . . . | . 7 9

Which of the following is the correct completed solution?
Note: one option is the solution obtained by applying standard Sudoku rules.","[[3, 1, 9, 6, 8, 5, 2, 7, 4], [4, 5, 1, 7, 2, 3, 9, 6, 8], [7, 9, 4, 3, 6, 8, 5, 1, 2], [9, 8, 6, 2, 1, 7, 4, 3, 5], [1, 7, 3, 5, 4, 2, 8, 9, 6], [8, 6, 2, 9, 5, 1, 3, 4, 7], [5, 4, 8, 1, 9, 6, 7, 2, 3], [2, 3, 7, 4, 8, 9, 6, 5, 1], [6, 2, 5, 8, 3, 4, 1, 7, 9]]","[[3, 1, 9, 6, 7, 5, 2, 8, 4], [4, 5, 1, 7, 2, 3, 9, 6, 8], [7, 9, 4, 3, 6, 8, 5, 1, 2], [9, 8, 6, 2, 1, 7, 3, 4, 5], [1, 7, 3, 5, 4, 2, 8, 9, 6], [8, 6, 2, 9, 5, 1, 3, 4, 7], [5, 4, 8, 1, 9, 6, 7, 2, 3], [2, 3, 7, 4, 8, 9, 6, 5, 1], [6, 2, 5, 8, 3, 4, 1, 7, 9]]","[[3, 1, 9, 6, 7, 5, 2, 8, 4], [4, 5, 1, 7, 2, 3, 9, 6, 8], [7, 9, 4, 3, 6, 8, 5, 1, 2], [9, 8, 6, 2, 1, 7, 4, 3, 5], [1, 7, 3, 5, 4, 2, 8, 9, 6], [8, 6, 2, 9, 5, 1, 3, 4, 7], [5, 4, 8, 1, 9, 6, 7, 2, 3], [2, 3, 7, 4, 8, 9, 6, 5, 1], [6, 2, 5, 8, 3, 4, 1, 7, 9]]","[[3, 1, 9, 6, 7, 5, 2, 8, 4], [4, 5, 1, 7, 2, 3, 9, 6, 8], [7, 9, 4, 3, 6, 8, 5, 1, 2], [9, 8, 6, 2, 1, 7, 4, 3, 5], [1, 7, 3, 5, 4, 2, 8, 9, 6], [8, 6, 2, 9, 5, 1, 4, 3, 7], [5, 4, 8, 1, 9, 6, 7, 2, 3], [2, 3, 7, 4, 8, 9, 6, 5, 1], [6, 2, 5, 8, 3, 4, 1, 7, 9]]",C,"[[3, 1, 9, 6, 7, 5, 2, 8, 4], [4, 5, 1, 7, 2, 3, 9, 6, 8], [7, 9, 4, 3, 6, 8, 5, 1, 2], [9, 8, 6, 2, 1, 7, 4, 3, 5], [1, 7, 3, 5, 4, 2, 8, 9, 6], [8, 6, 2, 9, 5, 1, 3, 4, 7], [5, 4, 8, 1, 9, 6, 7, 2, 3], [2, 3, 7, 4, 8, 9, 6, 5, 1], [6, 2, 5, 8, 3, 4, 1, 7, 9]]","{""num_givens"": 32, ""grid_size"": 9, ""has_standard_distractor"": false}"
sudoku_cf2_shifted_boxes_0087,sudoku_cf2_shifted_boxes,counterfactual,"[[0, 2, 0, 6, 0, 0, 0, 4, 0], [0, 9, 0, 8, 0, 0, 0, 2, 0], [1, 4, 6, 2, 0, 0, 5, 0, 0], [0, 0, 0, 0, 0, 1, 0, 0, 0], [0, 0, 0, 0, 0, 3, 0, 5, 0], [6, 0, 2, 5, 9, 8, 0, 0, 0], [0, 8, 4, 0, 0, 0, 0, 7, 0], [0, 0, 0, 4, 0, 6, 0, 0, 0], [9, 1, 5, 3, 0, 7, 2, 6, 8]]","Solve the following modified Sudoku puzzle.
Rule change: The row and column rules are identical to standard Sudoku (each digit 1–9 appears exactly once per row and column). However, the nine 3×3 boxes are spatially shifted: instead of starting at rows/columns 0, 3, 6, each box is shifted by 1 cell in both directions with toroidal (wrap-around) topology. Concretely, box (br, bc) covers rows {(br×3+1) mod 9, (br×3+2) mod 9, (br×3+3) mod 9} and cols {(bc×3+1) mod 9, (bc×3+2) mod 9, (bc×3+3) mod 9}.

Puzzle (. = empty cell):
. 2 . | 6 . . | . 4 .
. 9 . | 8 . . | . 2 .
1 4 6 | 2 . . | 5 . .
---------------------
. . . | . . 1 | . . .
. . . | . . 3 | . 5 .
6 . 2 | 5 9 8 | . . .
---------------------
. 8 4 | . . . | . 7 .
. . . | 4 . 6 | . . .
9 1 5 | 3 . 7 | 2 6 8

Which of the following is the correct completed solution?
Note: one option is the solution obtained by applying standard Sudoku rules.","[[7, 2, 8, 6, 3, 5, 9, 4, 1], [5, 9, 1, 8, 6, 4, 3, 2, 7], [1, 4, 6, 2, 7, 9, 5, 8, 3], [4, 5, 3, 2, 7, 1, 8, 9, 6], [8, 6, 7, 9, 1, 3, 4, 5, 2], [6, 3, 2, 5, 9, 8, 7, 1, 4], [3, 8, 4, 1, 5, 2, 6, 7, 9], [2, 7, 9, 4, 8, 6, 1, 3, 5], [9, 1, 5, 3, 4, 7, 2, 6, 8]]","[[3, 2, 8, 6, 7, 5, 9, 4, 1], [5, 9, 1, 8, 6, 4, 3, 2, 7], [1, 4, 6, 2, 7, 9, 5, 8, 3], [4, 5, 3, 7, 2, 1, 8, 9, 6], [8, 6, 7, 9, 1, 3, 4, 5, 2], [6, 3, 2, 5, 9, 8, 7, 1, 4], [3, 8, 4, 1, 5, 2, 6, 7, 9], [2, 7, 9, 4, 8, 6, 1, 3, 5], [9, 1, 5, 3, 4, 7, 2, 6, 8]]","[[7, 2, 8, 6, 3, 5, 9, 4, 1], [5, 9, 1, 8, 6, 4, 3, 2, 7], [1, 4, 6, 2, 7, 9, 5, 8, 3], [4, 5, 3, 7, 2, 1, 8, 9, 6], [8, 6, 7, 9, 1, 3, 4, 5, 2], [6, 3, 2, 5, 9, 8, 7, 1, 4], [3, 8, 4, 1, 5, 2, 6, 7, 9], [2, 7, 9, 4, 8, 6, 1, 3, 5], [9, 1, 5, 3, 4, 7, 2, 6, 8]]","[[7, 2, 8, 6, 3, 5, 9, 4, 1], [5, 9, 1, 8, 6, 4, 3, 2, 7], [1, 4, 6, 2, 7, 9, 5, 8, 3], [4, 5, 3, 7, 2, 1, 8, 9, 6], [8, 6, 7, 9, 1, 3, 4, 5, 2], [6, 3, 2, 5, 9, 8, 7, 1, 4], [3, 8, 4, 2, 5, 1, 6, 7, 9], [2, 7, 9, 4, 8, 6, 1, 3, 5], [9, 1, 5, 3, 4, 7, 2, 6, 8]]",C,"[[7, 2, 8, 6, 3, 5, 9, 4, 1], [5, 9, 1, 8, 6, 4, 3, 2, 7], [1, 4, 6, 2, 7, 9, 5, 8, 3], [4, 5, 3, 7, 2, 1, 8, 9, 6], [8, 6, 7, 9, 1, 3, 4, 5, 2], [6, 3, 2, 5, 9, 8, 7, 1, 4], [3, 8, 4, 1, 5, 2, 6, 7, 9], [2, 7, 9, 4, 8, 6, 1, 3, 5], [9, 1, 5, 3, 4, 7, 2, 6, 8]]","{""num_givens"": 32, ""grid_size"": 9, ""has_standard_distractor"": false}"
sudoku_cf2_shifted_boxes_0088,sudoku_cf2_shifted_boxes,counterfactual,"[[4, 0, 3, 0, 0, 0, 5, 0, 0], [0, 0, 1, 6, 7, 5, 9, 0, 3], [8, 0, 5, 0, 0, 0, 0, 9, 1], [7, 0, 0, 3, 8, 2, 0, 0, 0], [0, 0, 0, 2, 0, 3, 0, 0, 8], [0, 0, 0, 0, 0, 0, 0, 0, 0], [1, 0, 8, 0, 5, 7, 0, 0, 0], [3, 0, 0, 8, 4, 0, 7, 0, 9], [0, 0, 0, 1, 2, 0, 3, 0, 0]]","Solve the following modified Sudoku puzzle.
Rule change: The row and column rules are identical to standard Sudoku (each digit 1–9 appears exactly once per row and column). However, the nine 3×3 boxes are spatially shifted: instead of starting at rows/columns 0, 3, 6, each box is shifted by 1 cell in both directions with toroidal (wrap-around) topology. Concretely, box (br, bc) covers rows {(br×3+1) mod 9, (br×3+2) mod 9, (br×3+3) mod 9} and cols {(bc×3+1) mod 9, (bc×3+2) mod 9, (bc×3+3) mod 9}.

Puzzle (. = empty cell):
4 . 3 | . . . | 5 . .
. . 1 | 6 7 5 | 9 . 3
8 . 5 | . . . | . 9 1
---------------------
7 . . | 3 8 2 | . . .
. . . | 2 . 3 | . . 8
. . . | . . . | . . .
---------------------
1 . 8 | . 5 7 | . . .
3 . . | 8 4 . | 7 . 9
. . . | 1 2 . | 3 . .

Which of the following is the correct completed solution?
Note: one option is the solution obtained by applying standard Sudoku rules.","[[4, 7, 3, 9, 6, 8, 5, 1, 2], [2, 8, 1, 6, 7, 5, 9, 4, 3], [8, 2, 5, 7, 3, 4, 6, 9, 1], [7, 4, 9, 3, 8, 2, 1, 6, 5], [5, 9, 6, 2, 1, 3, 4, 7, 8], [9, 3, 7, 5, 1, 6, 8, 2, 4], [1, 9, 8, 4, 5, 7, 2, 3, 6], [3, 6, 2, 8, 4, 1, 7, 5, 9], [6, 5, 4, 1, 2, 9, 3, 8, 7]]","[[4, 7, 3, 9, 6, 8, 5, 1, 2], [2, 8, 1, 6, 7, 5, 9, 4, 3], [8, 2, 5, 7, 3, 4, 6, 9, 1], [7, 5, 9, 3, 8, 2, 1, 6, 4], [5, 1, 6, 2, 9, 3, 4, 7, 8], [9, 3, 7, 5, 1, 6, 8, 2, 4], [1, 9, 8, 4, 5, 7, 2, 3, 6], [3, 6, 2, 8, 4, 1, 7, 5, 9], [6, 5, 4, 1, 2, 9, 3, 8, 7]]","[[4, 7, 3, 9, 6, 8, 5, 1, 2], [2, 8, 1, 6, 7, 5, 9, 4, 3], [8, 2, 5, 7, 3, 4, 6, 9, 1], [7, 4, 9, 3, 8, 2, 1, 6, 5], [5, 1, 6, 2, 9, 3, 4, 7, 8], [9, 3, 7, 5, 1, 6, 8, 2, 4], [1, 9, 8, 4, 5, 7, 2, 3, 6], [3, 6, 2, 8, 4, 1, 7, 5, 9], [6, 5, 4, 1, 2, 9, 3, 8, 7]]","[[4, 7, 3, 9, 6, 8, 5, 1, 2], [8, 2, 1, 6, 7, 5, 9, 4, 3], [8, 2, 5, 7, 3, 4, 6, 9, 1], [7, 4, 9, 3, 8, 2, 1, 6, 5], [5, 1, 6, 2, 9, 3, 4, 7, 8], [9, 3, 7, 5, 1, 6, 8, 2, 4], [1, 9, 8, 4, 5, 7, 2, 3, 6], [3, 6, 2, 8, 4, 1, 7, 5, 9], [6, 5, 4, 1, 2, 9, 3, 8, 7]]",C,"[[4, 7, 3, 9, 6, 8, 5, 1, 2], [2, 8, 1, 6, 7, 5, 9, 4, 3], [8, 2, 5, 7, 3, 4, 6, 9, 1], [7, 4, 9, 3, 8, 2, 1, 6, 5], [5, 1, 6, 2, 9, 3, 4, 7, 8], [9, 3, 7, 5, 1, 6, 8, 2, 4], [1, 9, 8, 4, 5, 7, 2, 3, 6], [3, 6, 2, 8, 4, 1, 7, 5, 9], [6, 5, 4, 1, 2, 9, 3, 8, 7]]","{""num_givens"": 32, ""grid_size"": 9, ""has_standard_distractor"": false}"
sudoku_cf2_shifted_boxes_0089,sudoku_cf2_shifted_boxes,counterfactual,"[[0, 1, 5, 0, 0, 0, 6, 0, 0], [3, 0, 7, 0, 0, 0, 1, 0, 0], [6, 0, 9, 1, 0, 8, 2, 0, 0], [0, 0, 0, 0, 0, 7, 0, 0, 0], [1, 6, 0, 0, 2, 0, 0, 3, 0], [0, 3, 0, 2, 4, 0, 7, 0, 6], [0, 0, 0, 5, 1, 6, 0, 0, 0], [0, 8, 2, 4, 0, 0, 9, 0, 0], [0, 7, 6, 0, 0, 0, 0, 2, 5]]","Solve the following modified Sudoku puzzle.
Rule change: The row and column rules are identical to standard Sudoku (each digit 1–9 appears exactly once per row and column). However, the nine 3×3 boxes are spatially shifted: instead of starting at rows/columns 0, 3, 6, each box is shifted by 1 cell in both directions with toroidal (wrap-around) topology. Concretely, box (br, bc) covers rows {(br×3+1) mod 9, (br×3+2) mod 9, (br×3+3) mod 9} and cols {(bc×3+1) mod 9, (bc×3+2) mod 9, (bc×3+3) mod 9}.

Puzzle (. = empty cell):
. 1 5 | . . . | 6 . .
3 . 7 | . . . | 1 . .
6 . 9 | 1 . 8 | 2 . .
---------------------
. . . | . . 7 | . . .
1 6 . | . 2 . | . 3 .
. 3 . | 2 4 . | 7 . 6
---------------------
. . . | 5 1 6 | . . .
. 8 2 | 4 . . | 9 . .
. 7 6 | . . . | . 2 5

Which of the following is the correct completed solution?
Note: one option is the solution obtained by applying standard Sudoku rules.","[[8, 1, 5, 9, 7, 2, 6, 4, 3], [3, 5, 7, 8, 6, 4, 1, 9, 2], [6, 4, 9, 1, 3, 8, 2, 5, 7], [4, 2, 3, 6, 9, 7, 5, 1, 8], [1, 6, 4, 7, 2, 5, 8, 3, 9], [5, 3, 1, 2, 4, 9, 7, 8, 6], [4, 9, 8, 5, 1, 6, 3, 7, 2], [7, 8, 2, 4, 5, 3, 9, 6, 1], [9, 7, 6, 3, 8, 1, 4, 2, 5]]","[[8, 1, 5, 9, 7, 2, 6, 4, 3], [3, 5, 7, 8, 6, 4, 1, 9, 2], [6, 4, 9, 1, 3, 8, 2, 5, 7], [4, 2, 3, 6, 9, 7, 5, 1, 8], [1, 6, 4, 7, 2, 5, 8, 3, 9], [5, 3, 1, 2, 4, 9, 7, 8, 6], [2, 9, 8, 5, 1, 6, 7, 3, 4], [7, 8, 2, 4, 5, 3, 9, 6, 1], [9, 7, 6, 3, 8, 1, 4, 2, 5]]","[[8, 1, 5, 9, 7, 2, 6, 4, 3], [3, 5, 7, 8, 6, 4, 1, 9, 2], [6, 4, 9, 1, 3, 8, 2, 5, 7], [4, 2, 3, 6, 9, 7, 5, 1, 8], [1, 6, 4, 7, 2, 5, 8, 3, 9], [5, 3, 8, 2, 4, 9, 7, 1, 6], [2, 9, 8, 5, 1, 6, 3, 7, 4], [7, 8, 2, 4, 5, 3, 9, 6, 1], [9, 7, 6, 3, 8, 1, 4, 2, 5]]","[[8, 1, 5, 9, 7, 2, 6, 4, 3], [3, 5, 7, 8, 6, 4, 1, 9, 2], [6, 4, 9, 1, 3, 8, 2, 5, 7], [4, 2, 3, 6, 9, 7, 5, 1, 8], [1, 6, 4, 7, 2, 5, 8, 3, 9], [5, 3, 1, 2, 4, 9, 7, 8, 6], [2, 9, 8, 5, 1, 6, 3, 7, 4], [7, 8, 2, 4, 5, 3, 9, 6, 1], [9, 7, 6, 3, 8, 1, 4, 2, 5]]",D,"[[8, 1, 5, 9, 7, 2, 6, 4, 3], [3, 5, 7, 8, 6, 4, 1, 9, 2], [6, 4, 9, 1, 3, 8, 2, 5, 7], [4, 2, 3, 6, 9, 7, 5, 1, 8], [1, 6, 4, 7, 2, 5, 8, 3, 9], [5, 3, 1, 2, 4, 9, 7, 8, 6], [2, 9, 8, 5, 1, 6, 3, 7, 4], [7, 8, 2, 4, 5, 3, 9, 6, 1], [9, 7, 6, 3, 8, 1, 4, 2, 5]]","{""num_givens"": 32, ""grid_size"": 9, ""has_standard_distractor"": false}"
sudoku_cf2_shifted_boxes_0090,sudoku_cf2_shifted_boxes,counterfactual,"[[3, 0, 0, 0, 0, 7, 6, 0, 1], [0, 1, 8, 0, 4, 0, 0, 2, 0], [0, 0, 0, 9, 0, 0, 3, 4, 0], [1, 0, 4, 0, 0, 0, 9, 3, 6], [0, 0, 0, 0, 9, 0, 0, 7, 2], [5, 0, 0, 0, 0, 0, 2, 0, 0], [6, 0, 0, 0, 5, 3, 0, 1, 8], [2, 0, 0, 0, 8, 9, 0, 0, 0], [9, 0, 2, 1, 0, 0, 0, 0, 0]]","Solve the following modified Sudoku puzzle.
Rule change: The row and column rules are identical to standard Sudoku (each digit 1–9 appears exactly once per row and column). However, the nine 3×3 boxes are spatially shifted: instead of starting at rows/columns 0, 3, 6, each box is shifted by 1 cell in both directions with toroidal (wrap-around) topology. Concretely, box (br, bc) covers rows {(br×3+1) mod 9, (br×3+2) mod 9, (br×3+3) mod 9} and cols {(bc×3+1) mod 9, (bc×3+2) mod 9, (bc×3+3) mod 9}.

Puzzle (. = empty cell):
3 . . | . . 7 | 6 . 1
. 1 8 | . 4 . | . 2 .
. . . | 9 . . | 3 4 .
---------------------
1 . 4 | . . . | 9 3 6
. . . | . 9 . | . 7 2
5 . . | . . . | 2 . .
---------------------
6 . . | . 5 3 | . 1 8
2 . . | . 8 9 | . . .
9 . 2 | 1 . . | . . .

Which of the following is the correct completed solution?
Note: one option is the solution obtained by applying standard Sudoku rules.","[[3, 9, 5, 4, 2, 7, 6, 8, 1], [7, 1, 8, 3, 4, 6, 5, 2, 9], [8, 6, 7, 9, 1, 2, 3, 4, 5], [1, 2, 4, 5, 7, 8, 9, 3, 6], [4, 5, 3, 6, 9, 1, 8, 7, 2], [5, 7, 1, 8, 6, 4, 2, 9, 3], [6, 4, 9, 2, 5, 3, 7, 1, 8], [2, 3, 6, 7, 8, 9, 1, 5, 4], [9, 8, 2, 1, 3, 5, 4, 6, 7]]","[[3, 9, 5, 4, 2, 7, 6, 8, 1], [7, 1, 8, 3, 4, 6, 5, 2, 9], [8, 6, 7, 9, 1, 2, 3, 4, 5], [1, 2, 4, 5, 7, 8, 9, 3, 6], [4, 5, 3, 6, 9, 1, 8, 7, 2], [5, 7, 1, 8, 6, 4, 2, 9, 3], [6, 4, 9, 2, 5, 3, 7, 1, 8], [2, 3, 6, 4, 8, 9, 1, 5, 7], [9, 8, 2, 1, 3, 5, 4, 6, 7]]","[[3, 9, 5, 4, 2, 7, 6, 8, 1], [7, 1, 8, 3, 4, 9, 5, 2, 6], [8, 6, 7, 9, 1, 2, 3, 4, 5], [1, 2, 4, 5, 7, 8, 9, 3, 6], [4, 5, 3, 6, 9, 1, 8, 7, 2], [5, 7, 1, 8, 6, 4, 2, 9, 3], [6, 4, 9, 2, 5, 3, 7, 1, 8], [2, 3, 6, 7, 8, 9, 1, 5, 4], [9, 8, 2, 1, 3, 5, 4, 6, 7]]","[[3, 9, 5, 4, 2, 7, 6, 8, 1], [7, 1, 8, 3, 4, 6, 5, 2, 9], [8, 6, 7, 9, 1, 2, 3, 4, 5], [1, 2, 4, 5, 7, 8, 9, 3, 6], [4, 5, 3, 6, 9, 1, 8, 7, 2], [5, 7, 1, 8, 6, 4, 2, 9, 3], [6, 4, 9, 2, 5, 3, 7, 1, 8], [2, 3, 6, 7, 8, 9, 1, 5, 4], [9, 8, 2, 1, 3, 6, 4, 5, 7]]",A,"[[3, 9, 5, 4, 2, 7, 6, 8, 1], [7, 1, 8, 3, 4, 6, 5, 2, 9], [8, 6, 7, 9, 1, 2, 3, 4, 5], [1, 2, 4, 5, 7, 8, 9, 3, 6], [4, 5, 3, 6, 9, 1, 8, 7, 2], [5, 7, 1, 8, 6, 4, 2, 9, 3], [6, 4, 9, 2, 5, 3, 7, 1, 8], [2, 3, 6, 7, 8, 9, 1, 5, 4], [9, 8, 2, 1, 3, 5, 4, 6, 7]]","{""num_givens"": 32, ""grid_size"": 9, ""has_standard_distractor"": false}"
sudoku_cf2_shifted_boxes_0091,sudoku_cf2_shifted_boxes,counterfactual,"[[0, 0, 8, 7, 3, 0, 0, 0, 0], [8, 0, 7, 0, 0, 0, 0, 0, 0], [0, 0, 0, 0, 1, 3, 0, 7, 0], [0, 0, 5, 1, 9, 0, 0, 6, 4], [0, 0, 0, 3, 4, 0, 2, 0, 5], [7, 4, 0, 8, 6, 0, 5, 0, 0], [0, 0, 2, 6, 0, 0, 0, 4, 8], [4, 0, 0, 0, 0, 0, 9, 0, 7], [0, 1, 0, 9, 2, 0, 0, 0, 0]]","Solve the following modified Sudoku puzzle.
Rule change: The row and column rules are identical to standard Sudoku (each digit 1–9 appears exactly once per row and column). However, the nine 3×3 boxes are spatially shifted: instead of starting at rows/columns 0, 3, 6, each box is shifted by 1 cell in both directions with toroidal (wrap-around) topology. Concretely, box (br, bc) covers rows {(br×3+1) mod 9, (br×3+2) mod 9, (br×3+3) mod 9} and cols {(bc×3+1) mod 9, (bc×3+2) mod 9, (bc×3+3) mod 9}.

Puzzle (. = empty cell):
. . 8 | 7 3 . | . . .
8 . 7 | . . . | . . .
. . . | . 1 3 | . 7 .
---------------------
. . 5 | 1 9 . | . 6 4
. . . | 3 4 . | 2 . 5
7 4 . | 8 6 . | 5 . .
---------------------
. . 2 | 6 . . | . 4 8
4 . . | . . . | 9 . 7
. 1 . | 9 2 . | . . .

Which of the following is the correct completed solution?
Note: one option is the solution obtained by applying standard Sudoku rules.","[[9, 6, 8, 7, 3, 4, 1, 5, 2], [8, 9, 7, 4, 5, 2, 6, 3, 1], [8, 5, 6, 2, 1, 3, 4, 7, 9], [2, 3, 5, 1, 9, 7, 8, 6, 4], [6, 7, 1, 3, 4, 8, 2, 9, 5], [7, 4, 9, 8, 6, 1, 5, 2, 3], [1, 5, 2, 6, 7, 9, 3, 4, 8], [4, 2, 3, 5, 8, 6, 9, 1, 7], [3, 1, 4, 9, 2, 5, 7, 8, 6]]","[[9, 6, 8, 7, 3, 4, 1, 5, 2], [8, 9, 7, 4, 5, 2, 6, 3, 1], [5, 8, 6, 2, 1, 3, 4, 7, 9], [7, 3, 5, 1, 9, 2, 8, 6, 4], [6, 7, 1, 3, 4, 8, 2, 9, 5], [7, 4, 9, 8, 6, 1, 5, 2, 3], [1, 5, 2, 6, 7, 9, 3, 4, 8], [4, 2, 3, 5, 8, 6, 9, 1, 7], [3, 1, 4, 9, 2, 5, 7, 8, 6]]","[[9, 6, 8, 7, 3, 4, 1, 5, 2], [8, 9, 7, 4, 5, 2, 6, 3, 1], [5, 8, 6, 2, 1, 3, 4, 7, 9], [2, 3, 5, 1, 9, 7, 8, 6, 4], [6, 7, 1, 3, 4, 8, 2, 9, 5], [7, 4, 9, 8, 6, 1, 5, 2, 3], [1, 5, 2, 6, 7, 9, 3, 4, 8], [4, 2, 3, 5, 8, 6, 9, 1, 7], [3, 1, 4, 9, 2, 5, 7, 8, 6]]","[[9, 6, 8, 7, 3, 4, 1, 5, 2], [8, 9, 7, 4, 5, 2, 6, 3, 1], [2, 8, 6, 5, 1, 3, 4, 7, 9], [2, 3, 5, 1, 9, 7, 8, 6, 4], [6, 7, 1, 3, 4, 8, 2, 9, 5], [7, 4, 9, 8, 6, 1, 5, 2, 3], [1, 5, 2, 6, 7, 9, 3, 4, 8], [4, 2, 3, 5, 8, 6, 9, 1, 7], [3, 1, 4, 9, 2, 5, 7, 8, 6]]",C,"[[9, 6, 8, 7, 3, 4, 1, 5, 2], [8, 9, 7, 4, 5, 2, 6, 3, 1], [5, 8, 6, 2, 1, 3, 4, 7, 9], [2, 3, 5, 1, 9, 7, 8, 6, 4], [6, 7, 1, 3, 4, 8, 2, 9, 5], [7, 4, 9, 8, 6, 1, 5, 2, 3], [1, 5, 2, 6, 7, 9, 3, 4, 8], [4, 2, 3, 5, 8, 6, 9, 1, 7], [3, 1, 4, 9, 2, 5, 7, 8, 6]]","{""num_givens"": 32, ""grid_size"": 9, ""has_standard_distractor"": false}"
sudoku_cf2_shifted_boxes_0092,sudoku_cf2_shifted_boxes,counterfactual,"[[6, 0, 0, 0, 0, 0, 0, 4, 0], [0, 0, 0, 0, 0, 0, 0, 7, 4], [0, 5, 3, 0, 0, 0, 0, 0, 1], [0, 8, 0, 1, 0, 5, 0, 9, 0], [0, 3, 0, 0, 0, 1, 4, 0, 2], [0, 2, 0, 8, 6, 9, 3, 0, 7], [1, 4, 0, 0, 0, 7, 0, 3, 9], [0, 0, 5, 0, 1, 6, 0, 0, 3], [0, 0, 0, 0, 0, 2, 5, 0, 0]]","Solve the following modified Sudoku puzzle.
Rule change: The row and column rules are identical to standard Sudoku (each digit 1–9 appears exactly once per row and column). However, the nine 3×3 boxes are spatially shifted: instead of starting at rows/columns 0, 3, 6, each box is shifted by 1 cell in both directions with toroidal (wrap-around) topology. Concretely, box (br, bc) covers rows {(br×3+1) mod 9, (br×3+2) mod 9, (br×3+3) mod 9} and cols {(bc×3+1) mod 9, (bc×3+2) mod 9, (bc×3+3) mod 9}.

Puzzle (. = empty cell):
6 . . | . . . | . 4 .
. . . | . . . | . 7 4
. 5 3 | . . . | . . 1
---------------------
. 8 . | 1 . 5 | . 9 .
. 3 . | . . 1 | 4 . 2
. 2 . | 8 6 9 | 3 . 7
---------------------
1 4 . | . . 7 | . 3 9
. . 5 | . 1 6 | . . 3
. . . | . . 2 | 5 . .

Which of the following is the correct completed solution?
Note: one option is the solution obtained by applying standard Sudoku rules.","[[6, 1, 8, 2, 7, 3, 9, 4, 5], [5, 9, 2, 6, 3, 8, 1, 7, 4], [2, 5, 3, 7, 9, 4, 6, 8, 1], [3, 8, 4, 1, 2, 5, 7, 9, 6], [8, 3, 7, 9, 5, 1, 4, 6, 2], [4, 2, 1, 8, 6, 9, 3, 5, 7], [1, 4, 6, 5, 8, 7, 2, 3, 9], [9, 7, 5, 4, 1, 6, 8, 2, 3], [7, 6, 9, 3, 4, 2, 5, 1, 8]]","[[6, 1, 3, 2, 7, 8, 9, 4, 5], [5, 9, 2, 6, 3, 8, 1, 7, 4], [2, 5, 3, 7, 9, 4, 6, 8, 1], [3, 8, 4, 1, 2, 5, 7, 9, 6], [8, 3, 7, 9, 5, 1, 4, 6, 2], [4, 2, 1, 8, 6, 9, 3, 5, 7], [1, 4, 6, 5, 8, 7, 2, 3, 9], [9, 7, 5, 4, 1, 6, 8, 2, 3], [7, 6, 9, 3, 4, 2, 5, 1, 8]]","[[6, 1, 8, 2, 7, 3, 9, 4, 5], [5, 9, 2, 6, 3, 8, 1, 7, 4], [2, 5, 3, 7, 9, 4, 6, 8, 1], [3, 8, 4, 1, 2, 5, 7, 9, 6], [8, 3, 7, 9, 5, 1, 4, 6, 2], [4, 2, 1, 8, 6, 9, 3, 5, 7], [1, 4, 2, 5, 8, 7, 6, 3, 9], [9, 7, 5, 4, 1, 6, 8, 2, 3], [7, 6, 9, 3, 4, 2, 5, 1, 8]]","[[6, 1, 8, 2, 7, 3, 9, 4, 5], [5, 9, 2, 6, 3, 8, 1, 7, 4], [2, 5, 3, 7, 9, 4, 6, 8, 1], [3, 8, 4, 1, 2, 5, 7, 9, 6], [7, 3, 8, 9, 5, 1, 4, 6, 2], [4, 2, 1, 8, 6, 9, 3, 5, 7], [1, 4, 6, 5, 8, 7, 2, 3, 9], [9, 7, 5, 4, 1, 6, 8, 2, 3], [7, 6, 9, 3, 4, 2, 5, 1, 8]]",A,"[[6, 1, 8, 2, 7, 3, 9, 4, 5], [5, 9, 2, 6, 3, 8, 1, 7, 4], [2, 5, 3, 7, 9, 4, 6, 8, 1], [3, 8, 4, 1, 2, 5, 7, 9, 6], [8, 3, 7, 9, 5, 1, 4, 6, 2], [4, 2, 1, 8, 6, 9, 3, 5, 7], [1, 4, 6, 5, 8, 7, 2, 3, 9], [9, 7, 5, 4, 1, 6, 8, 2, 3], [7, 6, 9, 3, 4, 2, 5, 1, 8]]","{""num_givens"": 32, ""grid_size"": 9, ""has_standard_distractor"": false}"
sudoku_cf2_shifted_boxes_0093,sudoku_cf2_shifted_boxes,counterfactual,"[[0, 0, 0, 0, 0, 0, 0, 0, 0], [0, 5, 0, 0, 0, 4, 7, 1, 0], [8, 0, 0, 2, 0, 0, 0, 4, 3], [0, 0, 1, 4, 9, 0, 0, 5, 0], [0, 0, 7, 8, 1, 3, 0, 0, 0], [0, 9, 5, 0, 0, 0, 8, 0, 7], [0, 0, 4, 0, 0, 7, 0, 0, 1], [0, 8, 0, 0, 0, 0, 1, 9, 4], [3, 1, 0, 0, 6, 0, 4, 7, 0]]","Solve the following modified Sudoku puzzle.
Rule change: The row and column rules are identical to standard Sudoku (each digit 1–9 appears exactly once per row and column). However, the nine 3×3 boxes are spatially shifted: instead of starting at rows/columns 0, 3, 6, each box is shifted by 1 cell in both directions with toroidal (wrap-around) topology. Concretely, box (br, bc) covers rows {(br×3+1) mod 9, (br×3+2) mod 9, (br×3+3) mod 9} and cols {(bc×3+1) mod 9, (bc×3+2) mod 9, (bc×3+3) mod 9}.

Puzzle (. = empty cell):
. . . | . . . | . . .
. 5 . | . . 4 | 7 1 .
8 . . | 2 . . | . 4 3
---------------------
. . 1 | 4 9 . | . 5 .
. . 7 | 8 1 3 | . . .
. 9 5 | . . . | 8 . 7
---------------------
. . 4 | . . 7 | . . 1
. 8 . | . . . | 1 9 4
3 1 . | . 6 . | 4 7 .

Which of the following is the correct completed solution?
Note: one option is the solution obtained by applying standard Sudoku rules.","[[1, 4, 6, 7, 8, 9, 3, 2, 5], [9, 5, 8, 6, 3, 4, 7, 1, 2], [8, 7, 9, 2, 5, 1, 6, 4, 3], [7, 3, 1, 4, 9, 8, 2, 5, 6], [4, 2, 7, 8, 1, 3, 5, 6, 9], [2, 9, 5, 6, 4, 1, 8, 3, 7], [5, 6, 4, 3, 2, 7, 9, 8, 1], [6, 8, 3, 5, 7, 2, 1, 9, 4], [3, 1, 2, 9, 6, 5, 4, 7, 8]]","[[1, 4, 6, 7, 8, 9, 3, 2, 5], [9, 5, 8, 6, 3, 4, 7, 1, 2], [8, 7, 9, 2, 5, 1, 6, 4, 3], [7, 3, 1, 4, 9, 8, 2, 5, 6], [4, 2, 7, 8, 1, 3, 5, 6, 9], [2, 9, 5, 1, 4, 6, 8, 3, 7], [5, 6, 4, 3, 2, 7, 9, 8, 1], [6, 8, 3, 5, 7, 2, 1, 9, 4], [3, 1, 2, 5, 6, 9, 4, 7, 8]]","[[1, 4, 6, 7, 8, 9, 3, 2, 5], [9, 5, 8, 6, 3, 4, 7, 1, 2], [8, 7, 9, 2, 5, 1, 6, 4, 3], [7, 3, 1, 4, 9, 8, 2, 5, 6], [4, 2, 7, 8, 1, 3, 5, 6, 9], [2, 9, 5, 1, 4, 6, 8, 3, 7], [5, 6, 4, 3, 2, 7, 9, 8, 1], [6, 8, 3, 5, 7, 2, 1, 9, 4], [3, 1, 2, 9, 6, 5, 4, 7, 8]]","[[6, 4, 1, 7, 8, 9, 3, 2, 5], [9, 5, 8, 6, 3, 4, 7, 1, 2], [8, 7, 9, 2, 5, 1, 6, 4, 3], [7, 3, 1, 4, 9, 8, 2, 5, 6], [4, 2, 7, 8, 1, 3, 5, 6, 9], [2, 9, 5, 1, 4, 6, 8, 3, 7], [5, 6, 4, 3, 2, 7, 9, 8, 1], [6, 8, 3, 5, 7, 2, 1, 9, 4], [3, 1, 2, 9, 6, 5, 4, 7, 8]]",C,"[[1, 4, 6, 7, 8, 9, 3, 2, 5], [9, 5, 8, 6, 3, 4, 7, 1, 2], [8, 7, 9, 2, 5, 1, 6, 4, 3], [7, 3, 1, 4, 9, 8, 2, 5, 6], [4, 2, 7, 8, 1, 3, 5, 6, 9], [2, 9, 5, 1, 4, 6, 8, 3, 7], [5, 6, 4, 3, 2, 7, 9, 8, 1], [6, 8, 3, 5, 7, 2, 1, 9, 4], [3, 1, 2, 9, 6, 5, 4, 7, 8]]","{""num_givens"": 32, ""grid_size"": 9, ""has_standard_distractor"": false}"
sudoku_cf2_shifted_boxes_0094,sudoku_cf2_shifted_boxes,counterfactual,"[[7, 0, 9, 0, 0, 0, 0, 0, 1], [3, 0, 0, 9, 0, 0, 8, 7, 2], [0, 0, 8, 0, 3, 7, 4, 0, 0], [6, 0, 7, 5, 0, 0, 0, 4, 8], [0, 0, 0, 0, 0, 0, 0, 0, 4], [1, 6, 0, 3, 0, 0, 0, 0, 0], [0, 0, 0, 0, 8, 4, 0, 3, 0], [4, 0, 0, 2, 0, 0, 1, 0, 3], [0, 0, 0, 4, 0, 0, 2, 5, 6]]","Solve the following modified Sudoku puzzle.
Rule change: The row and column rules are identical to standard Sudoku (each digit 1–9 appears exactly once per row and column). However, the nine 3×3 boxes are spatially shifted: instead of starting at rows/columns 0, 3, 6, each box is shifted by 1 cell in both directions with toroidal (wrap-around) topology. Concretely, box (br, bc) covers rows {(br×3+1) mod 9, (br×3+2) mod 9, (br×3+3) mod 9} and cols {(bc×3+1) mod 9, (bc×3+2) mod 9, (bc×3+3) mod 9}.

Puzzle (. = empty cell):
7 . 9 | . . . | . . 1
3 . . | 9 . . | 8 7 2
. . 8 | . 3 7 | 4 . .
---------------------
6 . 7 | 5 . . | . 4 8
. . . | . . . | . . 4
1 6 . | 3 . . | . . .
---------------------
. . . | . 8 4 | . 3 .
4 . . | 2 . . | 1 . 3
. . . | 4 . . | 2 5 6

Which of the following is the correct completed solution?
Note: one option is the solution obtained by applying standard Sudoku rules.","[[7, 5, 9, 8, 4, 6, 3, 2, 1], [3, 4, 5, 9, 6, 1, 8, 7, 2], [5, 2, 8, 6, 3, 7, 4, 1, 9], [6, 3, 7, 5, 2, 1, 9, 4, 8], [9, 8, 2, 7, 1, 3, 5, 6, 4], [1, 6, 4, 3, 9, 2, 7, 8, 5], [2, 9, 5, 1, 8, 4, 6, 3, 7], [4, 7, 6, 2, 5, 8, 1, 9, 3], [8, 1, 3, 4, 7, 9, 2, 5, 6]]","[[7, 5, 9, 8, 4, 6, 3, 2, 1], [3, 4, 1, 9, 6, 5, 8, 7, 2], [5, 2, 8, 6, 3, 7, 4, 1, 9], [6, 3, 7, 5, 2, 1, 9, 4, 8], [9, 8, 2, 7, 1, 3, 5, 6, 4], [1, 6, 4, 3, 9, 2, 7, 8, 5], [5, 9, 2, 1, 8, 4, 6, 3, 7], [4, 7, 6, 2, 5, 8, 1, 9, 3], [8, 1, 3, 4, 7, 9, 2, 5, 6]]","[[7, 5, 9, 8, 4, 6, 3, 2, 1], [3, 4, 1, 9, 6, 5, 8, 7, 2], [5, 2, 8, 6, 3, 7, 4, 1, 9], [6, 3, 7, 5, 2, 1, 9, 4, 8], [9, 8, 2, 7, 1, 3, 5, 6, 4], [1, 6, 4, 3, 9, 2, 7, 8, 5], [2, 9, 5, 1, 8, 4, 6, 3, 7], [4, 7, 6, 2, 5, 8, 1, 9, 3], [8, 1, 3, 4, 7, 9, 2, 5, 6]]","[[7, 5, 9, 8, 4, 6, 3, 2, 1], [3, 4, 1, 9, 6, 5, 8, 7, 2], [5, 2, 8, 6, 3, 7, 4, 1, 9], [6, 3, 7, 5, 2, 1, 9, 4, 8], [3, 8, 2, 7, 1, 9, 5, 6, 4], [1, 6, 4, 3, 9, 2, 7, 8, 5], [2, 9, 5, 1, 8, 4, 6, 3, 7], [4, 7, 6, 2, 5, 8, 1, 9, 3], [8, 1, 3, 4, 7, 9, 2, 5, 6]]",C,"[[7, 5, 9, 8, 4, 6, 3, 2, 1], [3, 4, 1, 9, 6, 5, 8, 7, 2], [5, 2, 8, 6, 3, 7, 4, 1, 9], [6, 3, 7, 5, 2, 1, 9, 4, 8], [9, 8, 2, 7, 1, 3, 5, 6, 4], [1, 6, 4, 3, 9, 2, 7, 8, 5], [2, 9, 5, 1, 8, 4, 6, 3, 7], [4, 7, 6, 2, 5, 8, 1, 9, 3], [8, 1, 3, 4, 7, 9, 2, 5, 6]]","{""num_givens"": 32, ""grid_size"": 9, ""has_standard_distractor"": false}"
sudoku_cf2_shifted_boxes_0095,sudoku_cf2_shifted_boxes,counterfactual,"[[0, 2, 0, 4, 5, 0, 1, 7, 9], [0, 0, 0, 8, 0, 1, 9, 5, 2], [0, 0, 0, 0, 0, 0, 0, 0, 0], [0, 0, 0, 0, 0, 5, 8, 6, 0], [0, 8, 0, 7, 0, 9, 2, 0, 0], [0, 0, 4, 0, 1, 0, 5, 8, 7], [2, 1, 0, 6, 0, 7, 0, 0, 5], [5, 0, 7, 0, 0, 0, 0, 0, 0], [0, 0, 0, 0, 0, 0, 0, 4, 8]]","Solve the following modified Sudoku puzzle.
Rule change: The row and column rules are identical to standard Sudoku (each digit 1–9 appears exactly once per row and column). However, the nine 3×3 boxes are spatially shifted: instead of starting at rows/columns 0, 3, 6, each box is shifted by 1 cell in both directions with toroidal (wrap-around) topology. Concretely, box (br, bc) covers rows {(br×3+1) mod 9, (br×3+2) mod 9, (br×3+3) mod 9} and cols {(bc×3+1) mod 9, (bc×3+2) mod 9, (bc×3+3) mod 9}.

Puzzle (. = empty cell):
. 2 . | 4 5 . | 1 7 9
. . . | 8 . 1 | 9 5 2
. . . | . . . | . . .
---------------------
. . . | . . 5 | 8 6 .
. 8 . | 7 . 9 | 2 . .
. . 4 | . 1 . | 5 8 7
---------------------
2 1 . | 6 . 7 | . . 5
5 . 7 | . . . | . . .
. . . | . . . | . 4 8

Which of the following is the correct completed solution?
Note: one option is the solution obtained by applying standard Sudoku rules.","[[6, 2, 8, 4, 5, 3, 1, 7, 9], [7, 4, 3, 8, 6, 1, 9, 5, 2], [8, 6, 2, 5, 7, 4, 3, 9, 1], [3, 7, 1, 9, 2, 5, 8, 6, 4], [4, 8, 5, 7, 3, 9, 2, 1, 6], [9, 3, 4, 2, 1, 6, 5, 8, 7], [2, 1, 9, 6, 8, 7, 4, 3, 5], [5, 9, 7, 1, 4, 8, 6, 3, 2], [1, 5, 6, 3, 9, 2, 7, 4, 8]]","[[6, 2, 8, 4, 5, 3, 1, 7, 9], [7, 4, 3, 8, 6, 1, 9, 5, 2], [8, 6, 2, 5, 7, 4, 3, 9, 1], [3, 7, 1, 9, 2, 5, 8, 6, 4], [4, 8, 5, 7, 3, 9, 2, 1, 6], [9, 2, 4, 3, 1, 6, 5, 8, 7], [2, 1, 9, 6, 8, 7, 4, 3, 5], [5, 9, 7, 1, 4, 8, 6, 2, 3], [1, 5, 6, 3, 9, 2, 7, 4, 8]]","[[6, 2, 8, 4, 5, 3, 1, 7, 9], [7, 4, 3, 8, 6, 1, 9, 5, 2], [8, 6, 2, 5, 7, 4, 3, 9, 1], [3, 7, 1, 9, 2, 5, 8, 6, 4], [4, 8, 5, 7, 3, 9, 2, 1, 6], [9, 3, 4, 2, 1, 6, 5, 8, 7], [2, 1, 9, 6, 8, 7, 4, 3, 5], [5, 9, 7, 1, 4, 8, 6, 2, 3], [1, 5, 6, 3, 9, 2, 7, 4, 8]]","[[6, 2, 8, 4, 5, 3, 1, 7, 9], [7, 4, 3, 8, 6, 1, 9, 5, 2], [8, 6, 2, 5, 7, 4, 3, 9, 1], [3, 7, 1, 9, 2, 5, 8, 6, 4], [4, 8, 5, 7, 3, 9, 2, 1, 6], [9, 3, 4, 2, 1, 6, 5, 8, 7], [2, 1, 9, 6, 8, 7, 4, 3, 5], [5, 9, 7, 1, 4, 8, 6, 2, 3], [5, 1, 6, 3, 9, 2, 7, 4, 8]]",C,"[[6, 2, 8, 4, 5, 3, 1, 7, 9], [7, 4, 3, 8, 6, 1, 9, 5, 2], [8, 6, 2, 5, 7, 4, 3, 9, 1], [3, 7, 1, 9, 2, 5, 8, 6, 4], [4, 8, 5, 7, 3, 9, 2, 1, 6], [9, 3, 4, 2, 1, 6, 5, 8, 7], [2, 1, 9, 6, 8, 7, 4, 3, 5], [5, 9, 7, 1, 4, 8, 6, 2, 3], [1, 5, 6, 3, 9, 2, 7, 4, 8]]","{""num_givens"": 32, ""grid_size"": 9, ""has_standard_distractor"": false}"
sudoku_cf2_shifted_boxes_0096,sudoku_cf2_shifted_boxes,counterfactual,"[[8, 0, 0, 3, 2, 5, 1, 0, 0], [5, 0, 0, 0, 8, 0, 0, 0, 0], [0, 7, 0, 5, 0, 3, 9, 0, 0], [0, 9, 0, 0, 1, 2, 5, 6, 7], [7, 3, 0, 0, 0, 0, 0, 0, 0], [0, 0, 0, 6, 3, 4, 0, 0, 1], [3, 0, 7, 9, 6, 0, 2, 0, 0], [9, 5, 0, 0, 0, 0, 3, 0, 0], [0, 0, 2, 0, 0, 0, 0, 0, 0]]","Solve the following modified Sudoku puzzle.
Rule change: The row and column rules are identical to standard Sudoku (each digit 1–9 appears exactly once per row and column). However, the nine 3×3 boxes are spatially shifted: instead of starting at rows/columns 0, 3, 6, each box is shifted by 1 cell in both directions with toroidal (wrap-around) topology. Concretely, box (br, bc) covers rows {(br×3+1) mod 9, (br×3+2) mod 9, (br×3+3) mod 9} and cols {(bc×3+1) mod 9, (bc×3+2) mod 9, (bc×3+3) mod 9}.

Puzzle (. = empty cell):
8 . . | 3 2 5 | 1 . .
5 . . | . 8 . | . . .
. 7 . | 5 . 3 | 9 . .
---------------------
. 9 . | . 1 2 | 5 6 7
7 3 . | . . . | . . .
. . . | 6 3 4 | . . 1
---------------------
3 . 7 | 9 6 . | 2 . .
9 5 . | . . . | 3 . .
. . 2 | . . . | . . .

Which of the following is the correct completed solution?
Note: one option is the solution obtained by applying standard Sudoku rules.","[[8, 6, 9, 3, 2, 5, 1, 7, 4], [5, 2, 4, 1, 8, 7, 6, 3, 9], [1, 7, 6, 5, 4, 3, 9, 2, 8], [4, 9, 8, 3, 1, 2, 5, 6, 7], [7, 3, 1, 2, 5, 9, 8, 4, 6], [2, 8, 5, 6, 3, 4, 7, 9, 1], [3, 4, 7, 9, 6, 1, 2, 8, 5], [9, 5, 8, 4, 7, 6, 3, 1, 2], [6, 1, 2, 7, 9, 8, 4, 5, 3]]","[[8, 6, 9, 3, 2, 5, 1, 7, 4], [5, 2, 4, 1, 8, 7, 6, 3, 9], [1, 7, 6, 5, 4, 3, 9, 2, 8], [4, 9, 3, 8, 1, 2, 5, 6, 7], [7, 3, 1, 2, 5, 9, 8, 4, 6], [2, 8, 5, 6, 3, 4, 7, 9, 1], [3, 4, 7, 9, 6, 1, 2, 8, 5], [9, 5, 8, 4, 1, 6, 3, 7, 2], [6, 1, 2, 7, 9, 8, 4, 5, 3]]","[[8, 6, 9, 3, 2, 5, 1, 7, 4], [5, 2, 4, 1, 8, 7, 6, 3, 9], [1, 7, 6, 5, 4, 3, 9, 2, 8], [4, 9, 3, 8, 1, 2, 5, 6, 7], [7, 3, 1, 2, 5, 9, 8, 4, 6], [2, 8, 7, 6, 3, 4, 5, 9, 1], [3, 4, 7, 9, 6, 1, 2, 8, 5], [9, 5, 8, 4, 7, 6, 3, 1, 2], [6, 1, 2, 7, 9, 8, 4, 5, 3]]","[[8, 6, 9, 3, 2, 5, 1, 7, 4], [5, 2, 4, 1, 8, 7, 6, 3, 9], [1, 7, 6, 5, 4, 3, 9, 2, 8], [4, 9, 3, 8, 1, 2, 5, 6, 7], [7, 3, 1, 2, 5, 9, 8, 4, 6], [2, 8, 5, 6, 3, 4, 7, 9, 1], [3, 4, 7, 9, 6, 1, 2, 8, 5], [9, 5, 8, 4, 7, 6, 3, 1, 2], [6, 1, 2, 7, 9, 8, 4, 5, 3]]",D,"[[8, 6, 9, 3, 2, 5, 1, 7, 4], [5, 2, 4, 1, 8, 7, 6, 3, 9], [1, 7, 6, 5, 4, 3, 9, 2, 8], [4, 9, 3, 8, 1, 2, 5, 6, 7], [7, 3, 1, 2, 5, 9, 8, 4, 6], [2, 8, 5, 6, 3, 4, 7, 9, 1], [3, 4, 7, 9, 6, 1, 2, 8, 5], [9, 5, 8, 4, 7, 6, 3, 1, 2], [6, 1, 2, 7, 9, 8, 4, 5, 3]]","{""num_givens"": 32, ""grid_size"": 9, ""has_standard_distractor"": false}"
sudoku_cf2_shifted_boxes_0097,sudoku_cf2_shifted_boxes,counterfactual,"[[6, 0, 0, 0, 0, 0, 8, 0, 0], [0, 3, 0, 0, 0, 0, 4, 1, 6], [0, 1, 2, 6, 9, 8, 0, 0, 0], [8, 4, 0, 0, 1, 6, 0, 0, 2], [0, 9, 4, 0, 0, 1, 0, 0, 0], [0, 0, 0, 3, 0, 4, 0, 8, 0], [0, 7, 0, 0, 0, 0, 0, 0, 0], [3, 0, 0, 4, 2, 5, 6, 0, 9], [2, 0, 3, 0, 0, 9, 0, 0, 0]]","Solve the following modified Sudoku puzzle.
Rule change: The row and column rules are identical to standard Sudoku (each digit 1–9 appears exactly once per row and column). However, the nine 3×3 boxes are spatially shifted: instead of starting at rows/columns 0, 3, 6, each box is shifted by 1 cell in both directions with toroidal (wrap-around) topology. Concretely, box (br, bc) covers rows {(br×3+1) mod 9, (br×3+2) mod 9, (br×3+3) mod 9} and cols {(bc×3+1) mod 9, (bc×3+2) mod 9, (bc×3+3) mod 9}.

Puzzle (. = empty cell):
6 . . | . . . | 8 . .
. 3 . | . . . | 4 1 6
. 1 2 | 6 9 8 | . . .
---------------------
8 4 . | . 1 6 | . . 2
. 9 4 | . . 1 | . . .
. . . | 3 . 4 | . 8 .
---------------------
. 7 . | . . . | . . .
3 . . | 4 2 5 | 6 . 9
2 . 3 | . . 9 | . . .

Which of the following is the correct completed solution?
Note: one option is the solution obtained by applying standard Sudoku rules.","[[6, 5, 9, 2, 3, 7, 8, 4, 1], [7, 3, 8, 9, 5, 2, 4, 1, 6], [4, 1, 2, 6, 9, 8, 7, 3, 5], [8, 4, 7, 5, 1, 6, 3, 9, 2], [6, 9, 4, 8, 7, 1, 2, 5, 3], [1, 2, 5, 3, 6, 4, 9, 8, 7], [9, 7, 6, 1, 8, 3, 5, 2, 4], [3, 8, 1, 4, 2, 5, 6, 7, 9], [2, 6, 3, 7, 4, 9, 1, 5, 8]]","[[6, 5, 9, 2, 3, 7, 8, 4, 1], [7, 3, 8, 9, 5, 2, 4, 1, 6], [4, 1, 2, 6, 9, 8, 7, 3, 5], [8, 4, 7, 5, 1, 6, 3, 9, 2], [5, 9, 4, 8, 7, 1, 2, 6, 3], [1, 2, 5, 3, 6, 4, 9, 8, 7], [9, 7, 6, 1, 8, 5, 3, 2, 4], [3, 8, 1, 4, 2, 5, 6, 7, 9], [2, 6, 3, 7, 4, 9, 1, 5, 8]]","[[6, 5, 9, 2, 3, 7, 8, 4, 1], [8, 3, 7, 9, 5, 2, 4, 1, 6], [4, 1, 2, 6, 9, 8, 7, 3, 5], [8, 4, 7, 5, 1, 6, 3, 9, 2], [5, 9, 4, 8, 7, 1, 2, 6, 3], [1, 2, 5, 3, 6, 4, 9, 8, 7], [9, 7, 6, 1, 8, 3, 5, 2, 4], [3, 8, 1, 4, 2, 5, 6, 7, 9], [2, 6, 3, 7, 4, 9, 1, 5, 8]]","[[6, 5, 9, 2, 3, 7, 8, 4, 1], [7, 3, 8, 9, 5, 2, 4, 1, 6], [4, 1, 2, 6, 9, 8, 7, 3, 5], [8, 4, 7, 5, 1, 6, 3, 9, 2], [5, 9, 4, 8, 7, 1, 2, 6, 3], [1, 2, 5, 3, 6, 4, 9, 8, 7], [9, 7, 6, 1, 8, 3, 5, 2, 4], [3, 8, 1, 4, 2, 5, 6, 7, 9], [2, 6, 3, 7, 4, 9, 1, 5, 8]]",D,"[[6, 5, 9, 2, 3, 7, 8, 4, 1], [7, 3, 8, 9, 5, 2, 4, 1, 6], [4, 1, 2, 6, 9, 8, 7, 3, 5], [8, 4, 7, 5, 1, 6, 3, 9, 2], [5, 9, 4, 8, 7, 1, 2, 6, 3], [1, 2, 5, 3, 6, 4, 9, 8, 7], [9, 7, 6, 1, 8, 3, 5, 2, 4], [3, 8, 1, 4, 2, 5, 6, 7, 9], [2, 6, 3, 7, 4, 9, 1, 5, 8]]","{""num_givens"": 32, ""grid_size"": 9, ""has_standard_distractor"": false}"
sudoku_cf2_shifted_boxes_0098,sudoku_cf2_shifted_boxes,counterfactual,"[[0, 5, 0, 8, 7, 0, 0, 0, 4], [0, 0, 0, 0, 3, 0, 0, 5, 2], [7, 0, 0, 0, 0, 6, 0, 0, 0], [0, 8, 1, 6, 0, 7, 0, 4, 0], [0, 0, 0, 1, 0, 2, 7, 0, 0], [0, 9, 0, 0, 6, 5, 0, 0, 7], [0, 0, 0, 5, 0, 0, 3, 0, 0], [0, 1, 3, 0, 2, 0, 4, 0, 0], [8, 4, 6, 0, 0, 3, 5, 0, 0]]","Solve the following modified Sudoku puzzle.
Rule change: The row and column rules are identical to standard Sudoku (each digit 1–9 appears exactly once per row and column). However, the nine 3×3 boxes are spatially shifted: instead of starting at rows/columns 0, 3, 6, each box is shifted by 1 cell in both directions with toroidal (wrap-around) topology. Concretely, box (br, bc) covers rows {(br×3+1) mod 9, (br×3+2) mod 9, (br×3+3) mod 9} and cols {(bc×3+1) mod 9, (bc×3+2) mod 9, (bc×3+3) mod 9}.

Puzzle (. = empty cell):
. 5 . | 8 7 . | . . 4
. . . | . 3 . | . 5 2
7 . . | . . 6 | . . .
---------------------
. 8 1 | 6 . 7 | . 4 .
. . . | 1 . 2 | 7 . .
. 9 . | . 6 5 | . . 7
---------------------
. . . | 5 . . | 3 . .
. 1 3 | . 2 . | 4 . .
8 4 6 | . . 3 | 5 . .

Which of the following is the correct completed solution?
Note: one option is the solution obtained by applying standard Sudoku rules.","[[1, 5, 2, 8, 7, 9, 6, 3, 4], [6, 7, 9, 4, 3, 1, 8, 5, 2], [7, 4, 5, 3, 2, 6, 9, 1, 8], [9, 8, 1, 6, 5, 7, 2, 4, 3], [4, 3, 8, 1, 9, 2, 7, 6, 5], [3, 9, 4, 2, 6, 5, 1, 8, 7], [2, 6, 7, 5, 8, 4, 3, 9, 1], [5, 1, 3, 9, 2, 8, 4, 7, 6], [8, 4, 6, 7, 1, 3, 5, 2, 9]]","[[1, 5, 2, 8, 7, 9, 6, 3, 4], [6, 7, 9, 4, 3, 1, 8, 5, 2], [7, 2, 5, 3, 4, 6, 9, 1, 8], [9, 8, 1, 6, 5, 7, 2, 4, 3], [4, 3, 8, 1, 9, 2, 7, 6, 5], [3, 9, 4, 2, 6, 5, 1, 8, 7], [2, 6, 7, 5, 8, 4, 3, 9, 1], [5, 1, 3, 9, 2, 8, 4, 7, 6], [8, 4, 6, 7, 1, 3, 5, 2, 9]]","[[1, 5, 3, 8, 7, 9, 6, 2, 4], [6, 7, 9, 4, 3, 1, 8, 5, 2], [7, 2, 5, 3, 4, 6, 9, 1, 8], [9, 8, 1, 6, 5, 7, 2, 4, 3], [4, 3, 8, 1, 9, 2, 7, 6, 5], [3, 9, 4, 2, 6, 5, 1, 8, 7], [2, 6, 7, 5, 8, 4, 3, 9, 1], [5, 1, 3, 9, 2, 8, 4, 7, 6], [8, 4, 6, 7, 1, 3, 5, 2, 9]]","[[1, 5, 2, 8, 7, 9, 6, 3, 4], [6, 7, 9, 4, 3, 1, 8, 5, 2], [7, 2, 5, 3, 4, 6, 9, 1, 8], [9, 8, 1, 6, 5, 7, 2, 4, 3], [4, 3, 8, 1, 9, 2, 7, 6, 5], [3, 9, 4, 2, 6, 5, 1, 8, 7], [2, 6, 7, 5, 8, 4, 3, 9, 1], [7, 1, 3, 9, 2, 8, 4, 5, 6], [8, 4, 6, 7, 1, 3, 5, 2, 9]]",B,"[[1, 5, 2, 8, 7, 9, 6, 3, 4], [6, 7, 9, 4, 3, 1, 8, 5, 2], [7, 2, 5, 3, 4, 6, 9, 1, 8], [9, 8, 1, 6, 5, 7, 2, 4, 3], [4, 3, 8, 1, 9, 2, 7, 6, 5], [3, 9, 4, 2, 6, 5, 1, 8, 7], [2, 6, 7, 5, 8, 4, 3, 9, 1], [5, 1, 3, 9, 2, 8, 4, 7, 6], [8, 4, 6, 7, 1, 3, 5, 2, 9]]","{""num_givens"": 32, ""grid_size"": 9, ""has_standard_distractor"": false}"
sudoku_cf2_shifted_boxes_0099,sudoku_cf2_shifted_boxes,counterfactual,"[[3, 8, 0, 0, 0, 2, 0, 1, 0], [0, 0, 0, 0, 0, 9, 0, 0, 0], [5, 1, 8, 0, 0, 0, 3, 6, 0], [8, 0, 4, 0, 0, 0, 2, 3, 9], [0, 7, 9, 0, 0, 0, 0, 0, 0], [0, 0, 1, 2, 0, 7, 4, 0, 6], [0, 4, 0, 0, 0, 0, 9, 0, 0], [0, 9, 0, 1, 0, 0, 5, 0, 7], [2, 0, 0, 4, 0, 0, 7, 0, 5]]","Solve the following modified Sudoku puzzle.
Rule change: The row and column rules are identical to standard Sudoku (each digit 1–9 appears exactly once per row and column). However, the nine 3×3 boxes are spatially shifted: instead of starting at rows/columns 0, 3, 6, each box is shifted by 1 cell in both directions with toroidal (wrap-around) topology. Concretely, box (br, bc) covers rows {(br×3+1) mod 9, (br×3+2) mod 9, (br×3+3) mod 9} and cols {(bc×3+1) mod 9, (bc×3+2) mod 9, (bc×3+3) mod 9}.

Puzzle (. = empty cell):
3 8 . | . . 2 | . 1 .
. . . | . . 9 | . . .
5 1 8 | . . . | 3 6 .
---------------------
8 . 4 | . . . | 2 3 9
. 7 9 | . . . | . . .
. . 1 | 2 . 7 | 4 . 6
---------------------
. 4 . | . . . | 9 . .
. 9 . | 1 . . | 5 . 7
2 . . | 4 . . | 7 . 5

Which of the following is the correct completed solution?
Note: one option is the solution obtained by applying standard Sudoku rules.","[[3, 8, 7, 5, 9, 2, 6, 1, 4], [7, 2, 6, 3, 5, 9, 8, 4, 1], [5, 1, 8, 9, 7, 4, 3, 6, 2], [8, 5, 4, 7, 6, 1, 2, 3, 9], [4, 7, 9, 6, 3, 5, 1, 2, 8], [9, 3, 1, 2, 8, 7, 4, 5, 6], [1, 4, 5, 8, 2, 6, 9, 7, 3], [2, 9, 6, 1, 4, 3, 5, 8, 7], [2, 6, 3, 4, 1, 8, 7, 9, 5]]","[[3, 8, 7, 5, 9, 2, 6, 1, 4], [7, 8, 6, 3, 5, 9, 2, 4, 1], [5, 1, 8, 9, 7, 4, 3, 6, 2], [8, 5, 4, 7, 6, 1, 2, 3, 9], [4, 7, 9, 6, 3, 5, 1, 2, 8], [9, 3, 1, 2, 8, 7, 4, 5, 6], [1, 4, 5, 8, 2, 6, 9, 7, 3], [6, 9, 2, 1, 4, 3, 5, 8, 7], [2, 6, 3, 4, 1, 8, 7, 9, 5]]","[[3, 8, 7, 5, 9, 2, 6, 1, 4], [7, 2, 6, 3, 5, 9, 8, 4, 1], [5, 1, 8, 9, 7, 4, 3, 6, 2], [8, 5, 4, 7, 6, 1, 2, 3, 9], [4, 7, 9, 6, 3, 5, 1, 2, 8], [9, 3, 1, 2, 8, 7, 4, 5, 6], [1, 4, 5, 8, 2, 6, 9, 7, 3], [6, 9, 2, 1, 4, 3, 5, 8, 7], [2, 6, 3, 4, 1, 8, 7, 9, 5]]","[[3, 8, 7, 5, 9, 2, 6, 1, 4], [6, 2, 7, 3, 5, 9, 8, 4, 1], [5, 1, 8, 9, 7, 4, 3, 6, 2], [8, 5, 4, 7, 6, 1, 2, 3, 9], [4, 7, 9, 6, 3, 5, 1, 2, 8], [9, 3, 1, 2, 8, 7, 4, 5, 6], [1, 4, 5, 8, 2, 6, 9, 7, 3], [6, 9, 2, 1, 4, 3, 5, 8, 7], [2, 6, 3, 4, 1, 8, 7, 9, 5]]",C,"[[3, 8, 7, 5, 9, 2, 6, 1, 4], [7, 2, 6, 3, 5, 9, 8, 4, 1], [5, 1, 8, 9, 7, 4, 3, 6, 2], [8, 5, 4, 7, 6, 1, 2, 3, 9], [4, 7, 9, 6, 3, 5, 1, 2, 8], [9, 3, 1, 2, 8, 7, 4, 5, 6], [1, 4, 5, 8, 2, 6, 9, 7, 3], [6, 9, 2, 1, 4, 3, 5, 8, 7], [2, 6, 3, 4, 1, 8, 7, 9, 5]]","{""num_givens"": 32, ""grid_size"": 9, ""has_standard_distractor"": false}"
sudoku_cf2_shifted_boxes_0100,sudoku_cf2_shifted_boxes,counterfactual,"[[0, 0, 0, 0, 5, 0, 0, 7, 0], [0, 0, 5, 0, 0, 0, 0, 1, 6], [4, 0, 0, 0, 2, 0, 0, 0, 5], [3, 0, 4, 9, 0, 1, 0, 0, 0], [0, 8, 2, 5, 0, 4, 0, 0, 7], [0, 6, 0, 0, 8, 0, 0, 2, 4], [1, 0, 0, 0, 0, 6, 0, 5, 0], [2, 5, 0, 6, 9, 8, 0, 0, 3], [0, 3, 0, 1, 0, 0, 0, 0, 0]]","Solve the following modified Sudoku puzzle.
Rule change: The row and column rules are identical to standard Sudoku (each digit 1–9 appears exactly once per row and column). However, the nine 3×3 boxes are spatially shifted: instead of starting at rows/columns 0, 3, 6, each box is shifted by 1 cell in both directions with toroidal (wrap-around) topology. Concretely, box (br, bc) covers rows {(br×3+1) mod 9, (br×3+2) mod 9, (br×3+3) mod 9} and cols {(bc×3+1) mod 9, (bc×3+2) mod 9, (bc×3+3) mod 9}.

Puzzle (. = empty cell):
. . . | . 5 . | . 7 .
. . 5 | . . . | . 1 6
4 . . | . 2 . | . . 5
---------------------
3 . 4 | 9 . 1 | . . .
. 8 2 | 5 . 4 | . . 7
. 6 . | . 8 . | . 2 4
---------------------
1 . . | . . 6 | . 5 .
2 5 . | 6 9 8 | . . 3
. 3 . | 1 . . | . . .

Which of the following is the correct completed solution?
Note: one option is the solution obtained by applying standard Sudoku rules.","[[8, 4, 9, 2, 5, 3, 6, 7, 1], [7, 2, 5, 8, 3, 9, 4, 1, 6], [4, 1, 6, 3, 2, 7, 8, 9, 5], [3, 7, 4, 9, 6, 1, 5, 8, 2], [6, 8, 2, 5, 1, 4, 9, 3, 7], [9, 6, 1, 7, 8, 5, 3, 2, 4], [1, 9, 3, 7, 4, 6, 2, 5, 8], [2, 5, 7, 6, 9, 8, 1, 4, 3], [5, 3, 8, 1, 4, 2, 7, 6, 9]]","[[8, 4, 9, 2, 5, 3, 6, 7, 1], [7, 2, 5, 8, 3, 9, 4, 1, 6], [4, 8, 6, 3, 2, 7, 1, 9, 5], [3, 7, 4, 9, 6, 1, 5, 8, 2], [6, 8, 2, 5, 1, 4, 9, 3, 7], [9, 6, 1, 7, 8, 5, 3, 2, 4], [1, 9, 3, 4, 7, 6, 2, 5, 8], [2, 5, 7, 6, 9, 8, 1, 4, 3], [5, 3, 8, 1, 4, 2, 7, 6, 9]]","[[8, 4, 9, 2, 5, 3, 6, 7, 1], [7, 2, 5, 8, 3, 9, 4, 1, 6], [4, 1, 6, 3, 2, 7, 8, 9, 5], [3, 7, 4, 9, 6, 1, 5, 8, 2], [3, 8, 2, 5, 1, 4, 9, 6, 7], [9, 6, 1, 7, 8, 5, 3, 2, 4], [1, 9, 3, 4, 7, 6, 2, 5, 8], [2, 5, 7, 6, 9, 8, 1, 4, 3], [5, 3, 8, 1, 4, 2, 7, 6, 9]]","[[8, 4, 9, 2, 5, 3, 6, 7, 1], [7, 2, 5, 8, 3, 9, 4, 1, 6], [4, 1, 6, 3, 2, 7, 8, 9, 5], [3, 7, 4, 9, 6, 1, 5, 8, 2], [6, 8, 2, 5, 1, 4, 9, 3, 7], [9, 6, 1, 7, 8, 5, 3, 2, 4], [1, 9, 3, 4, 7, 6, 2, 5, 8], [2, 5, 7, 6, 9, 8, 1, 4, 3], [5, 3, 8, 1, 4, 2, 7, 6, 9]]",D,"[[8, 4, 9, 2, 5, 3, 6, 7, 1], [7, 2, 5, 8, 3, 9, 4, 1, 6], [4, 1, 6, 3, 2, 7, 8, 9, 5], [3, 7, 4, 9, 6, 1, 5, 8, 2], [6, 8, 2, 5, 1, 4, 9, 3, 7], [9, 6, 1, 7, 8, 5, 3, 2, 4], [1, 9, 3, 4, 7, 6, 2, 5, 8], [2, 5, 7, 6, 9, 8, 1, 4, 3], [5, 3, 8, 1, 4, 2, 7, 6, 9]]","{""num_givens"": 32, ""grid_size"": 9, ""has_standard_distractor"": false}"
